reading_time,yhat,ds,yhat_lower,yhat_upper
2025-07-30 02:00:00,556.1996079062526,2025-07-30 00:00:00,452.54551265967706,620.5558292425648
2025-07-30 02:05:00,560.7484493592127,2025-07-30 00:05:00,456.24662599754265,625.6310037658995
2025-07-30 02:10:00,565.8379857416808,2025-07-30 00:10:00,460.38766964206155,631.3094354393268
2025-07-30 02:15:00,571.7492420127672,2025-07-30 00:15:00,465.1972963689334,637.904665793728
2025-07-30 02:20:00,578.7473568643683,2025-07-30 00:20:00,470.8912332724324,645.7125119394987
2025-07-30 02:25:00,587.0707256797118,2025-07-30 00:25:00,477.6634480565717,654.9989532887486
2025-07-30 02:30:00,596.9211325528324,2025-07-30 00:30:00,485.67812006449253,665.9891217797632
2025-07-30 02:35:00,608.4552469456634,2025-07-30 00:35:00,495.0627216297975,678.8578146372889
2025-07-30 02:40:00,621.7778042709549,2025-07-30 00:40:00,505.90246953506426,693.7218859007505
2025-07-30 02:45:00,636.9367203653121,2025-07-30 00:45:00,518.2363499581554,710.634795607328
2025-07-30 02:50:00,653.9203123930907,2025-07-30 00:50:00,532.0548572921435,729.583509134814
2025-07-30 02:55:00,672.65671403729,2025-07-30 00:55:00,547.2995183220035,750.4878447259631
2025-07-30 03:00:00,693.0154867910294,2025-07-30 01:00:00,563.8642032336759,773.2022712177686
2025-07-30 03:05:00,714.8113431465998,2025-07-30 01:05:00,581.598154944679,797.5200620297725
2025-07-30 03:10:00,737.8098166655777,2025-07-30 01:10:00,600.3106024924488,823.1796213013209
2025-07-30 03:15:00,761.7346405935696,2025-07-30 01:15:00,619.7767645606724,849.8727162641275
2025-07-30 03:20:00,786.2765332703866,2025-07-30 01:20:00,639.7449976287922,877.2542791864284
2025-07-30 03:25:00,811.1030398181267,2025-07-30 01:25:00,659.9448035500678,904.9533878138577
2025-07-30 03:30:00,835.869043393122,2025-07-30 01:30:00,680.0953819126953,932.5849928474519
2025-07-30 03:35:00,860.2275410763873,2025-07-30 01:35:00,699.9143977210467,959.761940680701
2025-07-30 03:40:00,883.8402766938113,2025-07-30 01:40:00,719.1266326694138,986.1068365121014
2025-07-30 03:45:00,906.3878363923236,2025-07-30 01:45:00,737.4721992932359,1011.2633080507596
2025-07-30 03:50:00,927.5788427492545,2025-07-30 01:50:00,754.7140216520681,1034.906263449114
2025-07-30 03:55:00,947.1579259353584,2025-07-30 01:55:00,770.6443209761111,1056.7507847857953
2025-07-30 04:00:00,964.9122061374284,2025-07-30 02:00:00,785.0898900159647,1076.5593605503027
2025-07-30 04:05:00,980.6760859017807,2025-07-30 02:05:00,797.9159922786379,1094.1472324944637
2025-07-30 04:10:00,994.3342232012517,2025-07-30 02:10:00,809.0287810298431,1109.385712704271
2025-07-30 04:15:00,1005.8226301568279,2025-07-30 02:15:00,818.3761932564094,1122.2034094513629
2025-07-30 04:20:00,1015.1279186882971,2025-07-30 02:20:00,825.9473358984762,1132.5853855601279
2025-07-30 04:25:00,1022.2847865616379,2025-07-30 02:25:00,831.7704404004206,1140.5703535730306
2025-07-30 04:30:00,1027.3719046896836,2025-07-30 02:30:00,835.9095164596126,1146.2460871829262
2025-07-30 04:35:00,1030.5064253692408,2025-07-30 02:35:00,838.4598837157357,1149.7432940344427
2025-07-30 04:40:00,1031.8373793269259,2025-07-30 02:40:00,839.5427993319016,1151.228248761405
2025-07-30 04:45:00,1031.5382656864858,2025-07-30 02:45:00,839.2994289054714,1150.8945255610602
2025-07-30 04:50:00,1029.7991611417856,2025-07-30 02:50:00,837.8844261860111,1148.9541943426716
2025-07-30 04:55:00,1026.818683465869,2025-07-30 02:55:00,835.4593942754425,1145.6288543578416
2025-07-30 05:00:00,1022.7961382770764,2025-07-30 03:00:00,832.186495933224,1141.1408722920262
2025-07-30 05:05:00,1017.9241592655926,2025-07-30 03:05:00,828.2224653800225,1135.7051709133345
2025-07-30 05:10:00,1012.3821200968821,2025-07-30 03:10:00,823.7132479675449,1129.5218786866822
2025-07-30 05:15:00,1006.3305542770345,2025-07-30 03:15:00,818.7894599651659,1122.7701039781598
2025-07-30 05:20:00,999.9067681254137,2025-07-30 03:20:00,813.5628191048016,1115.6030404176477
2025-07-30 05:25:00,993.2217750169038,2025-07-30 03:25:00,808.1236501618295,1108.1445464112453
2025-07-30 05:30:00,986.3586181246567,2025-07-30 03:30:00,802.5395202737169,1100.4872738135125
2025-07-30 05:35:00,979.372087465297,2025-07-30 03:35:00,796.8550087170576,1092.6923522328086
2025-07-30 05:40:00,972.2897765698024,2025-07-30 03:40:00,791.0925666558668,1084.790567966452
2025-07-30 05:45:00,965.1143687704977,2025-07-30 03:45:00,785.2543773531049,1076.7849148272617
2025-07-30 05:50:00,957.8269935801951,2025-07-30 03:50:00,779.3250870505582,1068.654338879459
2025-07-30 05:55:00,950.3914528512581,2025-07-30 03:55:00,773.2752435353037,1060.3584535941711
2025-07-30 06:00:00,942.7590856551261,2025-07-30 04:00:00,767.0652543938468,1051.8429676298629
2025-07-30 06:05:00,934.8740208892577,2025-07-30 04:05:00,760.6496607362797,1043.0455452029857
2025-07-30 06:10:00,926.6785584808886,2025-07-30 04:10:00,753.9815155517839,1033.9018099350008
2025-07-30 06:15:00,918.1184232312478,2025-07-30 04:15:00,747.0166584394829,1024.3512066034632
2025-07-30 06:20:00,909.1476500529989,2025-07-30 04:20:00,739.7176904265666,1014.3424516359237
2025-07-30 06:25:00,899.7328836562126,2025-07-30 04:25:00,732.0574723590938,1003.838330299924
2025-07-30 06:30:00,889.8569092292541,2025-07-30 04:30:00,724.0219976005156,992.8196359085886
2025-07-30 06:35:00,879.5212712395037,2025-07-30 04:35:00,715.6125227892267,981.2880916350773
2025-07-30 06:40:00,868.7478825934484,2025-07-30 04:40:00,706.8468771134519,969.2681458638604
2025-07-30 06:45:00,857.5795752615873,2025-07-30 04:45:00,697.7599103209658,956.807586526812
2025-07-30 06:50:00,846.0795920674482,2025-07-30 04:50:00,688.4030792189803,943.9769740886289
2025-07-30 06:55:00,834.3300673016113,2025-07-30 04:55:00,678.8432114429509,930.8679463571694
2025-07-30 07:00:00,822.4295874471615,2025-07-30 05:00:00,669.1605207684621,917.59049696762
2025-07-30 07:05:00,810.4899624016518,2025-07-30 05:05:00,659.4459800525412,904.2693730120448
2025-07-30 07:10:00,798.6323683977843,2025-07-30 05:10:00,649.7981829647465,891.0397716687587
2025-07-30 07:15:00,786.9830478949034,2025-07-30 05:15:00,640.3198452525745,878.0425425409092
2025-07-30 07:20:00,775.6687660169603,2025-07-30 05:20:00,631.1141079236605,865.4191183722346
2025-07-30 07:25:00,764.8122276860105,2025-07-30 05:25:00,622.2808084483448,853.3064019105542
2025-07-30 07:30:00,754.5276563556527,2025-07-30 05:30:00,613.9128834462002,841.8318330694517
2025-07-30 07:35:00,744.9167210910905,2025-07-30 05:35:00,606.0930548008457,831.1088447427461
2025-07-30 07:40:00,736.0649789346975,2025-07-30 05:40:00,598.8909350309747,821.2328935266358
2025-07-30 07:45:00,728.038970740796,2025-07-30 05:45:00,592.3606643492087,812.2782195220586
2025-07-30 07:50:00,720.8840764981159,2025-07-30 05:50:00,586.5391656695023,804.2954535028175
2025-07-30 07:55:00,714.6231988957965,2025-07-30 05:55:00,581.4450735055275,797.3101481608757
2025-07-30 08:00:00,709.2563058257854,2025-07-30 06:00:00,577.0783617329308,791.3222676730522
2025-07-30 08:05:00,704.7608237653096,2025-07-30 06:05:00,573.4206636605272,786.3066266006231
2025-07-30 08:10:00,701.0928373110255,2025-07-30 06:10:00,570.4362480176767,782.2142282180401
2025-07-30 08:15:00,698.1890167070699,2025-07-30 06:15:00,568.073587265657,778.9744150695867
2025-07-30 08:20:00,695.9691663912515,2025-07-30 06:20:00,566.2674311934127,776.4977124003551
2025-07-30 08:25:00,694.3392651387824,2025-07-30 06:25:00,564.9412804960759,774.6792200660707
2025-07-30 08:30:00,693.1948521522595,2025-07-30 06:30:00,564.0101418287368,773.4023904175907
2025-07-30 08:35:00,692.4246051315249,2025-07-30 06:35:00,563.3834390624672,772.5430203787068
2025-07-30 08:40:00,691.9139548500832,2025-07-30 06:40:00,562.9679542434923,771.9732842545735
2025-07-30 08:45:00,691.548587046868,2025-07-30 06:45:00,562.6706768677714,771.565640817074
2025-07-30 08:50:00,691.2176952089245,2025-07-30 06:50:00,562.4014504707936,771.1964624574243
2025-07-30 08:55:00,690.8168664320827,2025-07-30 06:55:00,562.0753206754357,770.7492549612996
2025-07-30 09:00:00,690.250505960685,2025-07-30 07:00:00,561.6145078912562,770.1173625849252
2025-07-30 09:05:00,689.433733147074,2025-07-30 07:05:00,560.9499499404632,769.2060833904627
2025-07-30 09:10:00,688.2937103223585,2025-07-30 07:10:00,560.022383278565,767.9341518765051
2025-07-30 09:15:00,686.7703961553977,2025-07-30 07:15:00,558.7829559563776,766.2345795060144
2025-07-30 09:20:00,684.8167433742226,2025-07-30 07:20:00,557.1933884938185,764.0548753055064
2025-07-30 09:25:00,682.398387762249,2025-07-30 07:25:00,555.2257208351989,761.356698875931
2025-07-30 09:30:00,679.4928980936256,2025-07-30 07:30:00,552.8617020676126,758.1150235402444
2025-07-30 09:35:00,676.0886754245033,2025-07-30 07:35:00,550.091894841741,754.3169082749067
2025-07-30 09:40:00,672.1836033524571,2025-07-30 07:40:00,546.914577170717,749.9599917947911
2025-07-30 09:45:00,667.7835582260138,2025-07-30 07:45:00,543.3345302789767,745.0508303834351
2025-07-30 09:50:00,662.900889730859,2025-07-30 07:50:00,539.3618023484321,739.6032026723453
2025-07-30 09:55:00,657.5529776101985,2025-07-30 07:55:00,535.0105342103375,733.6364993637155
2025-07-30 10:00:00,651.760960001112,2025-07-30 08:00:00,530.2979246705629,727.1743044263181
2025-07-30 10:05:00,645.5487138848953,2025-07-30 08:05:00,525.2434009645605,720.2432575767534
2025-07-30 10:10:00,638.9421485003573,2025-07-30 08:10:00,519.8680438510953,712.8722659356766
2025-07-30 10:15:00,631.9688505243597,2025-07-30 08:15:00,514.1942989174088,705.0921081532208
2025-07-30 10:20:00,624.6580955718682,2025-07-30 08:20:00,508.2459859361055,696.9354472396856
2025-07-30 10:25:00,617.0412155498072,2025-07-30 08:25:00,502.0485977584572,688.437240424826
2025-07-30 10:30:00,609.1522875538477,2025-07-30 08:30:00,495.62986082747307,679.6355077648622
2025-07-30 10:35:00,601.0290876221702,2025-07-30 08:35:00,489.02051118884896,670.5723962522864
2025-07-30 10:40:00,592.7142334094144,2025-07-30 08:40:00,482.2552242146872,661.2954547052557
2025-07-30 10:45:00,584.2564247835546,2025-07-30 08:45:00,475.3736240010957,651.859017910284
2025-07-30 10:50:00,575.711680722146,2025-07-30 08:50:00,468.42128975481256,642.325586636117
2025-07-30 10:55:00,567.1444658003728,2025-07-30 08:55:00,461.45067234745017,632.7670844643997
2025-07-30 11:00:00,558.6285998631054,2025-07-30 09:00:00,454.5218344598633,623.265872717213
2025-07-30 11:05:00,550.2478504217312,2025-07-30 09:05:00,447.702932579123,613.9154113984005
2025-07-30 11:10:00,542.0961187059764,2025-07-30 09:10:00,441.0703683774737,604.8204667728988
2025-07-30 11:15:00,534.2771461208957,2025-07-30 09:15:00,434.7085498743875,596.0967838587292
2025-07-30 11:20:00,526.9036884297083,2025-07-30 09:20:00,428.7092195197798,587.8701650569571
2025-07-30 11:25:00,520.0961280876812,2025-07-30 09:25:00,423.1703251351876,580.2749219228099
2025-07-30 11:30:00,513.9805208524118,2025-07-30 09:30:00,418.19443056034515,573.4516957549768
2025-07-30 11:35:00,508.68609964200937,2025-07-30 09:35:00,413.88668469565965,567.5446726325612
2025-07-30 11:40:00,504.3422847698258,2025-07-30 09:40:00,410.35238891355556,562.6982477128615
2025-07-30 11:45:00,501.0752749359995,2025-07-30 09:45:00,407.69422335734697,559.0532217765696
2025-07-30 11:50:00,499.004316496957,2025-07-30 09:50:00,406.0092114746141,556.7426388254153
2025-07-30 11:55:00,498.23776725450773,2025-07-30 09:55:00,405.3855173637733,555.8873944238702
2025-07-30 12:00:00,498.86908660465826,2025-07-30 10:00:00,405.8991832040664,556.591761879871
2025-07-30 12:05:00,500.9728937847477,2025-07-30 10:05:00,407.61092209297834,558.9389944033195
2025-07-30 12:10:00,504.60124076537517,2025-07-30 10:10:00,410.563085526959,562.9871667452937
2025-07-30 12:15:00,509.78024552632695,2025-07-30 10:15:00,414.77692410450595,568.7654189202311
2025-07-30 12:20:00,516.5072248254226,2025-07-30 10:20:00,420.2502546360035,576.2707572158874
2025-07-30 12:25:00,524.7484539753498,2025-07-30 10:25:00,426.9556374115129,585.4655547605364
2025-07-30 12:30:00,534.437663865397,2025-07-30 10:30:00,434.83915331952426,596.275874639505
2025-07-30 12:35:00,545.4753647351768,2025-07-30 10:35:00,443.81985364310407,608.5907154247434
2025-07-30 12:40:00,557.7290609825139,2025-07-30 10:40:00,453.789934835901,622.2622508375022
2025-07-30 12:45:00,571.0343942373826,2025-07-30 10:45:00,464.6156685713108,637.1071050839929
2025-07-30 12:50:00,585.1972223628293,2025-07-30 10:50:00,476.1390932980349,652.9086724113972
2025-07-30 12:55:00,599.9966127797395,2025-07-30 10:55:00,488.1804497248812,669.4204567814396
2025-07-30 13:00:00,615.1886986422327,2025-07-30 11:00:00,500.5413183542072,686.370374232501
2025-07-30 13:05:00,630.5113184302161,2025-07-30 11:05:00,513.0083944338635,703.4659293057855
2025-07-30 13:10:00,645.6893342514825,2025-07-30 11:10:00,525.3578151334722,720.4001487125174
2025-07-30 13:15:00,660.4405007390375,2025-07-30 11:15:00,537.3599347062784,736.8581293041232
2025-07-30 13:20:00,674.4817384621558,2025-07-30 11:20:00,548.7844287790178,752.5240373612362
2025-07-30 13:25:00,687.5356505909721,2025-07-30 11:25:00,559.4055965622667,767.0883792823878
2025-07-30 13:30:00,699.337112513145,2025-07-30 11:30:00,569.0077224174212,780.2553536658415
2025-07-30 13:35:00,709.6397589935204,2025-07-30 11:35:00,577.3903540606976,791.750089079427
2025-07-30 13:40:00,718.2221939320685,2025-07-30 11:40:00,584.37335506236,801.3255723313115
2025-07-30 13:45:00,724.8937530396814,2025-07-30 11:45:00,589.8015935826269,808.7690779280708
2025-07-30 13:50:00,729.499659770858,2025-07-30 11:50:00,593.5491374379153,813.9079205851856
2025-07-30 13:55:00,731.9254291624102,2025-07-30 11:55:00,595.5228372343365,816.6143686209771
2025-07-30 14:00:00,732.1003923141872,2025-07-30 12:00:00,595.6651940215258,816.8095762446333
2025-07-30 14:05:00,730.0002359545997,2025-07-30 12:05:00,593.9564255813741,814.4664169673931
2025-07-30 14:10:00,725.6484755894508,2025-07-30 12:10:00,590.4156650388921,809.6111272050978
2025-07-30 14:15:00,719.1168070287354,2025-07-30 12:15:00,585.1012468780108,802.3236984791223
2025-07-30 14:20:00,710.5243088569648,2025-07-30 12:20:00,578.1100580405914,792.7369876068863
2025-07-30 14:25:00,700.0354963931961,2025-07-30 12:25:00,569.5759545530401,781.0345454913197
2025-07-30 14:30:00,687.857256451258,2025-07-30 12:30:00,559.6672675286762,767.447197211207
2025-07-30 14:35:00,674.2347196498188,2025-07-30 12:35:00,548.5834447195604,752.248436728389
2025-07-30 14:40:00,659.4461535286247,2025-07-30 12:40:00,536.550895358351,735.7487291014953
2025-07-30 14:45:00,643.7969846032643,2025-07-30 12:45:00,523.8181262708569,718.2888408502421
2025-07-30 14:50:00,627.6130797080866,2025-07-30 12:50:00,510.65027531678334,700.2323439022929
2025-07-30 14:55:00,611.2334370148626,2025-07-30 12:55:00,497.32316451983223,681.9574609111784
2025-07-30 15:00:00,595.0024529811443,2025-07-30 13:00:00,484.11700815780165,663.8484374359864
2025-07-30 15:05:00,579.2619451850558,2025-07-30 13:05:00,471.30992223244596,646.2866417618205
2025-07-30 15:10:00,564.3431194636454,2025-07-30 13:10:00,459.1713886225589,629.6416025793486
2025-07-30 15:15:00,550.5586754437226,2025-07-30 13:15:00,447.95583183853466,614.262201069823
2025-07-30 15:20:00,538.1952447091369,2025-07-30 13:20:00,437.8964664228033,600.4682341149291
2025-07-30 15:25:00,527.5063525635122,2025-07-30 13:25:00,429.1995703677795,588.5425616857776
2025-07-30 15:30:00,518.7060862212929,2025-07-30 13:30:00,422.03933331120714,578.724042398954
2025-07-30 15:35:00,511.9636392568202,2025-07-30 13:35:00,416.55341768892885,571.2014467198366
2025-07-30 15:40:00,507.3988856173237,2025-07-30 13:40:00,412.8393575806749,566.108518857645
2025-07-30 15:45:00,505.07911479590365,2025-07-30 13:45:00,410.95190232053125,563.5203341748869
2025-07-30 15:50:00,505.01703497060566,2025-07-30 13:50:00,410.9013917736593,563.4510712755259
2025-07-30 15:55:00,507.17012180830864,2025-07-30 13:55:00,412.6532264979537,565.8532854608823
2025-07-30 16:00:00,511.441359187527,2025-07-30 14:00:00,416.1284704247623,570.6187351592923
2025-07-30 16:05:00,517.6813834661639,2025-07-30 14:05:00,421.2055955180625,577.5807743007797
2025-07-30 16:10:00,525.6920072723464,2025-07-30 14:10:00,427.7233488669712,586.5182838353669
2025-07-30 16:15:00,535.2310615664437,2025-07-30 14:15:00,435.4846923746754,597.161074055854
2025-07-30 16:20:00,546.0184580852865,2025-07-30 14:20:00,444.26173539752074,609.1966485096339
2025-07-30 16:25:00,557.7433381203969,2025-07-30 14:25:00,453.8015512674675,622.2781799410329
2025-07-30 16:30:00,570.0721400100559,2025-07-30 14:30:00,463.83274131565565,636.0335112491668
2025-07-30 16:35:00,582.6573867889077,2025-07-30 14:35:00,474.07258484399557,650.0749599306428
2025-07-30 16:40:00,595.1469690970214,2025-07-30 14:40:00,484.2345920590082,664.0096750867367
2025-07-30 16:45:00,607.193677129396,2025-07-30 14:45:00,494.03625963460144,677.45027228675
2025-07-30 16:50:00,618.4647202106481,2025-07-30 14:50:00,503.20681620621684,690.0254546246958
2025-07-30 16:55:00,628.6509646802153,2025-07-30 14:55:00,511.4947386715165,701.3903194930385
2025-07-30 17:00:00,637.475620183118,2025-07-30 15:00:00,518.6748196925,711.2360499386212
2025-07-30 17:05:00,644.7021119298194,2025-07-30 15:05:00,524.5545728705948,719.2986977985684
2025-07-30 17:10:00,650.1408926875467,2025-07-30 15:10:00,528.9797752462573,725.3667838870953
2025-07-30 17:15:00,653.6549720179174,2025-07-30 15:15:00,531.8389661005548,729.2874670049623
2025-07-30 17:20:00,655.1639724623973,2025-07-30 15:20:00,533.0667472245319,730.9710694542281
2025-07-30 17:25:00,654.6465616066047,2025-07-30 15:25:00,532.6457617407921,730.3937905095626
2025-07-30 17:30:00,652.1411542626875,2025-07-30 15:30:00,530.6072654262362,727.5984898480831
2025-07-30 17:35:00,647.7448299184692,2025-07-30 15:35:00,527.0302459068197,722.6934797397239
2025-07-30 17:40:00,641.6104647397775,2025-07-30 15:40:00,522.0390891437236,715.8493252019857
2025-07-30 17:45:00,633.9421336771558,2025-07-30 15:45:00,515.7998384095462,707.2937140979343
2025-07-30 17:50:00,624.9888949194741,2025-07-30 15:50:00,508.51513707936743,697.3045224072126
2025-07-30 17:55:00,615.0371234035092,2025-07-30 15:55:00,500.417990877633,686.2012606685545
2025-07-30 18:00:00,604.4016113488663,2025-07-30 16:00:00,491.764526929169,674.3351447837683
2025-07-30 18:05:00,593.415699090532,2025-07-30 16:05:00,482.82596382284606,662.0780849179409
2025-07-30 18:10:00,582.42073752589,2025-07-30 16:10:00,473.8800378509187,649.8109286771789
2025-07-30 18:15:00,571.7552123704459,2025-07-30 16:15:00,465.2021540828512,637.91132696394
2025-07-30 18:20:00,561.7438793027735,2025-07-30 16:20:00,457.0565462990353,626.7416119815446
2025-07-30 18:25:00,552.6872655903605,2025-07-30 16:25:00,449.6877351075405,616.6370841240146
2025-07-30 18:30:00,544.8518896086829,2025-07-30 16:30:00,443.3125701665625,607.8950998244557
2025-07-30 18:35:00,538.4615318325481,2025-07-30 16:35:00,438.11312792537507,600.7653325384737
2025-07-30 18:40:00,533.689861827316,2025-07-30 16:40:00,434.2307126592275,595.4415466262266
2025-07-30 18:45:00,530.6546850452171,2025-07-30 16:45:00,431.76117544031734,592.05517846246
2025-07-30 18:50:00,529.4140220348004,2025-07-30 16:50:00,430.7517240309565,590.6709619828082
2025-07-30 18:55:00,529.9641731630379,2025-07-30 16:55:00,431.1993482666257,591.2847694805829
2025-07-30 19:00:00,532.2398552236134,2025-07-30 17:00:00,433.0509312057621,593.8237640216054
2025-07-30 19:05:00,536.1164254117574,2025-07-30 17:05:00,436.2050586416997,598.1488807486315
2025-07-30 19:10:00,541.4141349359,2025-07-30 17:10:00,440.51548000562354,604.0595726659021
2025-07-30 19:15:00,547.9042821526958,2025-07-30 17:15:00,445.79611479520554,611.3006757353309
2025-07-30 19:20:00,555.317065934262,2025-07-30 17:20:00,451.8274423779277,619.5711709337759
2025-07-30 19:25:00,563.3508767326996,2025-07-30 17:25:00,458.36406156051896,628.5345503593194
2025-07-30 19:30:00,571.6827081044198,2025-07-30 17:30:00,465.1431618078256,637.8304334424635
2025-07-30 19:35:00,579.9793276523791,2025-07-30 17:35:00,471.893612353462,647.0870304452461
2025-07-30 19:40:00,587.908814289225,2025-07-30 17:40:00,478.345349363324,655.934014667186
2025-07-30 19:45:00,595.152052246284,2025-07-30 17:45:00,484.238727905845,664.0153463922554
2025-07-30 19:50:00,601.413768586231,2025-07-30 17:50:00,489.3335024991928,671.0015875196897
2025-07-30 19:55:00,606.4327150053132,2025-07-30 17:55:00,493.41711141935195,676.6012614726109
2025-07-30 20:00:00,609.99062164939,2025-07-30 18:00:00,496.3119618711531,680.5708430337954
2025-07-30 20:05:00,611.91959356105,2025-07-30 18:05:00,497.88144802371323,682.7230106139414
2025-07-30 20:10:00,612.1076752017195,2025-07-30 18:10:00,498.0344785208384,682.9328546282699
2025-07-30 20:15:00,610.5023747855408,2025-07-30 18:15:00,496.7283440153735,681.1418096207137
2025-07-30 20:20:00,607.112014941604,2025-07-30 18:20:00,493.96981612023376,677.3591612073054
2025-07-30 20:25:00,602.0048568379647,2025-07-30 18:25:00,489.8144347618294,671.6610688551601
2025-07-30 20:30:00,595.3060285719793,2025-07-30 18:30:00,484.3640089996442,664.1871388658877
2025-07-30 20:35:00,587.1923716337965,2025-07-30 18:35:00,477.76242390961386,655.1346745385264
2025-07-30 20:40:00,577.8853987982782,2025-07-30 18:40:00,470.18991085263013,644.7508192398428
2025-07-30 20:45:00,567.6426297555047,2025-07-30 18:45:00,461.8559978084162,633.3228895061172
2025-07-30 20:50:00,556.7476338313911,2025-07-30 18:50:00,452.9914077479102,621.1672656362381
2025-07-30 20:55:00,545.49916006401,2025-07-30 18:55:00,443.8392144429548,608.6172640411148
2025-07-30 21:00:00,534.1997714909911,2025-07-30 19:00:00,434.6455948829432,596.0104564378892
2025-07-30 21:05:00,523.1444208989725,2025-07-30 19:05:00,425.6505340627263,583.6759237329438
2025-07-30 21:10:00,512.6094092163914,2025-07-30 19:10:00,417.07884110394076,571.9219368227875
2025-07-30 21:15:00,502.84215369401375,2025-07-30 19:15:00,409.1318242509596,561.0245408808352
2025-07-30 21:20:00,494.052163201717,2025-07-30 19:20:00,401.97994802331476,551.2174864323163
2025-07-30 21:25:00,486.40357082471655,2025-07-30 19:25:00,395.75675744717546,542.6838979191652
2025-07-30 21:30:00,480.0095145393868,2025-07-30 19:30:00,390.55430595586284,535.5500041803635
2025-07-30 21:35:00,474.9285838740683,2025-07-30 19:35:00,386.42026425565297,529.8811739663153
2025-07-30 21:40:00,471.163469734601,2025-07-30 19:40:00,383.3568217716111,525.680409539664
2025-07-30 21:45:00,468.66186739898563,2025-07-30 19:45:00,381.3214213589727,522.8893541528097
2025-07-30 21:50:00,467.31959328886114,2025-07-30 19:50:00,380.22929522896203,521.3917694518519
2025-07-30 21:55:00,466.9857880784371,2025-07-30 19:55:00,379.9576983994561,521.0193406219577
2025-07-30 22:00:00,467.4699950057852,2025-07-30 20:00:00,380.35166788281293,521.5595737092419
2025-07-30 22:05:00,468.5508270079701,2025-07-30 20:05:00,381.2310746022261,522.765465604622
2025-07-30 22:10:00,469.9858721588195,2025-07-30 20:10:00,382.3986828389985,524.3665556106689
2025-07-30 22:15:00,471.52243635372395,2025-07-30 20:15:00,383.6488908963813,526.08091113088
2025-07-30 22:20:00,472.9086881702526,2025-07-30 20:20:00,384.7767989892114,527.6275620693502
2025-07-30 22:25:00,473.904753518801,2025-07-30 20:25:00,385.58723628077695,528.7388792108259
2025-07-30 22:30:00,474.2933092270459,2025-07-30 20:30:00,385.9033802328492,529.1723935576707
2025-07-30 22:35:00,473.88924413110476,2025-07-30 20:35:00,385.57461724310366,528.7215752774788
2025-07-30 22:40:00,472.5479932108517,2025-07-30 20:40:00,384.48332361994545,527.2251321566841
2025-07-30 22:45:00,470.17220345432025,2025-07-30 20:45:00,382.5502891875976,524.5744467525353
2025-07-30 22:50:00,466.7164575233172,2025-07-30 20:50:00,379.7385606431379,520.7188466201694
2025-07-30 22:55:00,462.18985907299634,2025-07-30 20:55:00,376.0555450724936,515.6684887719122
2025-07-30 23:00:00,456.65637117003376,2025-07-30 21:00:00,371.5532853005586,509.4947372528255
2025-07-30 23:05:00,450.2328895222347,2025-07-30 21:05:00,366.3268921962808,502.32801342937717
2025-07-30 23:10:00,443.08512520149367,2025-07-30 21:10:00,360.51119469682214,494.35320231438
2025-07-30 23:15:00,435.42146063288965,2025-07-30 21:15:00,354.2757408026596,485.80279765064904
2025-07-30 23:20:00,427.48502547477415,2025-07-30 21:20:00,347.81835020715056,476.948060914473
2025-07-30 23:25:00,419.5443124746904,2025-07-30 21:25:00,341.35747899396563,468.08855135981196
2025-07-30 23:30:00,411.88271286188075,2025-07-30 21:30:00,335.1237052277019,459.54045058183914
2025-07-30 23:35:00,404.787396484918,2025-07-30 21:35:00,329.35068140378655,451.6241560079915
2025-07-30 23:40:00,398.53798839319796,2025-07-30 21:40:00,324.265921277232,444.65164727999866
2025-07-30 23:45:00,393.3955035288647,2025-07-30 21:45:00,320.0817967000234,438.9141406115446
2025-07-30 23:50:00,389.5919908164235,2025-07-30 21:50:00,316.98711165190053,434.67053462593697
2025-07-30 23:55:00,387.3213100843816,2025-07-30 21:55:00,315.13959798709124,432.13712010246815
2025-07-31 00:00:00,386.7314194687101,2025-07-30 22:00:00,314.65964016747483,431.47897497800744
2025-07-31 00:05:00,387.91849006938895,2025-07-30 22:05:00,315.6254867195242,432.8033980277589
2025-07-31 00:10:00,390.92309047264763,2025-07-30 22:10:00,318.07014581403286,436.1556519097879
2025-07-31 00:15:00,395.7285998590162,2025-07-30 22:15:00,321.98009410945053,441.51719265847083
2025-07-31 00:20:00,402.26191766281283,2025-07-30 22:20:00,327.2958541582891,448.8064614565955
2025-07-31 00:25:00,410.3964445498997,2025-07-30 22:25:00,333.91441984591745,457.8822105332884
2025-07-31 00:30:00,419.95721699302106,2025-07-30 22:30:00,341.6934340796422,468.54923184596913
2025-07-31 00:35:00,430.7279899755787,2025-07-30 22:35:00,350.4569515504314,480.5662593029554
2025-07-31 00:40:00,442.4599832770658,2025-07-30 22:40:00,360.00255504901617,493.6557270558699
2025-07-31 00:45:00,454.8819390943104,2025-07-30 22:45:00,370.10953873552444,507.51499085866635
2025-07-31 00:50:00,467.7110852162367,2025-07-30 22:50:00,380.54782820248073,521.8285597591102
2025-07-31 00:55:00,480.6645615735297,2025-07-30 22:55:00,391.0872775575479,536.280844780909
2025-07-31 01:00:00,493.47084902881863,2025-07-30 23:00:00,401.50696832924245,550.5689101056062
2025-07-31 01:05:00,505.8807390966242,2025-07-30 23:05:00,411.6041348553503,564.4147120665708
2025-07-31 01:10:00,517.6774024855688,2025-07-30 23:10:00,421.2023564382813,577.5763326926245
2025-07-31 01:15:00,528.6851505086609,2025-07-30 23:15:00,430.1586859673348,589.8577548753501
2025-07-31 01:20:00,538.7765366076169,2025-07-30 23:20:00,438.36942799354733,601.1167855899133
2025-07-31 01:25:00,547.8775125278015,2025-07-30 23:25:00,445.77433399304516,611.2708086758461
2025-07-31 01:30:00,555.9704319122336,2025-07-30 23:30:00,452.35904620729497,620.300135968083
2025-07-31 01:35:00,563.0947811014664,2025-07-30 23:35:00,458.1556922501511,628.2488226555486
2025-07-31 01:40:00,569.345608005444,2025-07-30 23:40:00,463.24160677723256,635.2229143623938
2025-07-31 01:45:00,574.8697120421278,2025-07-30 23:45:00,467.73623147263123,641.3861962356243
2025-07-31 01:50:00,579.8597473143709,2025-07-30 23:50:00,471.7963171655498,646.9536138179078
2025-07-31 01:55:00,584.546473926975,2025-07-30 23:55:00,475.6096192021707,652.1826277873098
2025-07-31 02:00:00,589.1894651957756,2025-07-31 00:00:00,479.38733647155783,657.3628459248641
2025-07-31 02:05:00,594.0666382578322,2025-07-31 00:05:00,483.35559310519136,662.8043423424491
2025-07-31 02:10:00,599.4630210736688,2025-07-31 00:10:00,487.7462988755418,668.825124747884
2025-07-31 02:15:00,605.6591963867462,2025-07-31 00:15:00,492.78774675455304,675.7382412889283
2025-07-31 02:20:00,612.9198738419686,2025-07-31 00:20:00,498.6953147472727,683.8390303852194
2025-07-31 02:25:00,621.4830334619211,2025-07-31 00:25:00,505.6626326042302,693.3930080280654
2025-07-31 02:30:00,631.5500581106251,2025-07-31 00:30:00,513.8535532123103,704.6248585005935
2025-07-31 02:35:00,643.2772307072175,2025-07-31 00:35:00,523.3952343989464,717.7089477590234
2025-07-31 02:40:00,656.7689151724562,2025-07-31 00:40:00,534.3725906864631,732.761715366541
2025-07-31 02:45:00,672.0726714627891,2025-07-31 00:45:00,546.8243186948632,749.8362243023229
2025-07-31 02:50:00,689.1764768369403,2025-07-31 00:50:00,560.7406362568512,768.9190607090483
2025-07-31 02:55:00,708.0081415688202,2025-07-31 00:55:00,576.0628070192587,789.9296819996683
2025-07-31 03:00:00,728.4369205896312,2025-07-31 01:00:00,592.6844517373945,812.7222149778815
2025-07-31 03:05:00,750.2772370862136,2025-07-31 01:05:00,610.4545779386726,837.0896102830957
2025-07-31 03:10:00,773.294353036935,2025-07-31 01:10:00,629.1821936899266,862.7699690473537
2025-07-31 03:15:00,797.2117481320788,2025-07-31 01:15:00,648.6423113724264,889.4547756089049
2025-07-31 03:20:00,821.7199056520408,2025-07-31 01:20:00,668.5830962121826,916.7986999785367
2025-07-31 03:25:00,846.4861543583726,2025-07-31 01:25:00,688.7338740231462,944.4305785068935
2025-07-31 03:30:00,871.1651802956023,2025-07-31 01:30:00,708.8136840157263,971.9651419759813
2025-07-31 03:35:00,895.4098028342819,2025-07-31 01:35:00,728.5400466021889,999.0150385064712
2025-07-31 03:40:00,918.8816078187551,2025-07-31 01:40:00,747.637614936931,1025.2026970357354
2025-07-31 03:45:00,941.2610435552958,2025-07-31 01:45:00,765.8463894029031,1050.1715914830872
2025-07-31 03:50:00,962.2566150911434,2025-07-31 01:50:00,782.9291984326329,1073.5964988718129
2025-07-31 03:55:00,981.6128557204465,2025-07-31 01:55:00,798.6781844337673,1095.19239319463
2025-07-31 04:00:00,999.1168095242292,2025-07-31 02:00:00,812.9200782343097,1114.7216780292947
2025-07-31 04:05:00,1014.6028241259407,2025-07-31 02:05:00,825.5200986538998,1131.9995338498031
2025-07-31 04:10:00,1027.9555237855648,2025-07-31 02:10:00,836.3843715281694,1146.8972351284806
2025-07-31 04:15:00,1039.110908440351,2025-07-31 02:15:00,845.4608239307878,1159.343376543484
2025-07-31 04:20:00,1048.0555994896622,2025-07-31 02:20:00,852.7385705148437,1169.3230314956309
2025-07-31 04:25:00,1054.8243259758265,2025-07-31 02:25:00,858.2458681723614,1176.87494742263
2025-07-31 04:30:00,1059.4958120738193,2025-07-31 02:30:00,862.0467699368498,1182.0869574422838
2025-07-31 04:35:00,1062.187285386022,2025-07-31 02:35:00,864.2366567195207,1185.0898532181827
2025-07-31 04:40:00,1063.0478741331303,2025-07-31 02:40:00,864.9368650084394,1186.0500181589832
2025-07-31 04:45:00,1062.251197170012,2025-07-31 02:45:00,864.2886578188376,1185.1611600467895
2025-07-31 04:50:00,1059.987473283149,2025-07-31 02:50:00,862.44680451233,1182.6355073246013
2025-07-31 04:55:00,1056.4554846400563,2025-07-31 02:55:00,859.5730419485384,1178.6948426600927
2025-07-31 05:00:00,1051.854723653612,2025-07-31 03:00:00,855.8296848701817,1173.561741146704
2025-07-31 05:05:00,1046.3780331874163,2025-07-31 03:05:00,851.3736376895073,1167.4513589288013
2025-07-31 05:10:00,1040.2050184307495,2025-07-31 03:10:00,846.3510341349532,1160.564082784055
2025-07-31 05:15:00,1033.4964667524973,2025-07-31 03:15:00,840.8926970284836,1153.0793043150704
2025-07-31 05:20:00,1026.3899605862784,2025-07-31 03:20:00,835.1105687592512,1145.150525214351
2025-07-31 05:25:00,1018.9968115832646,2025-07-31 03:25:00,829.0952167917573,1136.9019366769562
2025-07-31 05:30:00,1011.4003833153934,2025-07-31 03:30:00,822.9144689523131,1128.4265480286329
2025-07-31 05:35:00,1003.6558081199239,2025-07-31 03:35:00,816.6131830428202,1119.785870807289
2025-07-31 05:40:00,995.791043695731,2025-07-31 03:40:00,810.2141065283796,1111.0110976149372
2025-07-31 05:45:00,987.8091591964646,2025-07-31 03:45:00,803.719736591104,1102.1056527279723
2025-07-31 05:50:00,979.6916914336492,2025-07-31 03:50:00,797.1150508667644,1093.0489366366644
2025-07-31 05:55:00,971.4028708514114,2025-07-31 03:55:00,790.3709458612731,1083.8010409949968
2025-07-31 06:00:00,962.894486138527,2025-07-31 04:00:00,783.4481949871894,1074.3081761026708
2025-07-31 06:05:00,954.1111366629932,2025-07-31 04:05:00,776.3017221476318,1064.508531083439
2025-07-31 06:10:00,944.9956133601443,2025-07-31 04:10:00,768.8849798349614,1054.3382773799651
2025-07-31 06:15:00,935.4941522889571,2025-07-31 04:15:00,761.1542236273787,1043.7374301836826
2025-07-31 06:20:00,925.5613196421793,2025-07-31 04:20:00,753.0724868220976,1032.6552986750826
2025-07-31 06:25:00,915.164311017598,2025-07-31 04:25:00,744.6130784887296,1021.0552827510213
2025-07-31 06:30:00,904.2864818311024,2025-07-31 04:30:00,735.7624559498931,1008.9188119314975
2025-07-31 06:35:00,892.9299657073041,2025-07-31 04:35:00,726.5223552050928,996.2482667165538
2025-07-31 06:40:00,881.11728329982,2025-07-31 04:40:00,716.9110999291239,983.0687735584232
2025-07-31 06:45:00,868.8918925214653,2025-07-31 04:45:00,706.964049160638,969.4288187572414
2025-07-31 06:50:00,856.3176798683477,2025-07-31 04:50:00,696.7331834237531,955.3996809277467
2025-07-31 06:55:00,843.4774406450858,2025-07-31 04:55:00,686.2858681805117,941.0737353758268
2025-07-31 07:00:00,830.4704392753476,2025-07-31 05:00:00,675.7028688051769,926.5617321197628
2025-07-31 07:05:00,817.4091799355481,2025-07-31 05:05:00,665.0757230469101,911.9891928634466
2025-07-31 07:10:00,804.4155491112119,2025-07-31 05:10:00,654.5036024644359,897.4921072192822
2025-07-31 07:15:00,791.6165149549684,2025-07-31 05:15:00,644.0898132573744,883.2121344515373
2025-07-31 07:20:00,779.1395831375792,2025-07-31 05:20:00,633.9380989708876,869.2915335372556
2025-07-31 07:25:00,767.108213581607,2025-07-31 05:25:00,624.1489113729288,855.8680495836522
2025-07-31 07:30:00,755.6373984777223,2025-07-31 05:30:00,614.8158125572842,843.0699801896892
2025-07-31 07:35:00,744.8295889454635,2025-07-31 05:35:00,606.0221607172264,831.0116307927277
2025-07-31 07:40:00,734.77113676264,2025-07-31 05:40:00,597.8382149989369,819.789344680903
2025-07-31 07:45:00,725.529389569951,2025-07-31 05:45:00,590.3187720476368,809.4782620924092
2025-07-31 07:50:00,717.1505456452617,2025-07-31 05:50:00,583.5014205689693,800.1299267720145
2025-07-31 07:55:00,709.6583368083503,2025-07-31 05:55:00,577.4054696893619,791.7708164785897
2025-07-31 08:00:00,703.0535703230364,2025-07-31 06:00:00,572.0315762298799,784.4018318820773
2025-07-31 08:05:00,697.3145215876549,2025-07-31 06:05:00,567.3620642143844,777.9987346910264
2025-07-31 08:10:00,692.3981330739607,2025-07-31 06:10:00,563.3619003725953,772.5134853171929
2025-07-31 08:15:00,688.241941111589,2025-07-31 06:15:00,559.9802618464485,767.8763926025653
2025-07-31 08:20:00,684.7666238166504,2025-07-31 06:20:00,557.1526092833454,763.998956561285
2025-07-31 08:25:00,681.8790404968577,2025-07-31 06:25:00,554.8031598137165,760.7772594654053
2025-07-31 08:30:00,679.4756170941542,2025-07-31 06:30:00,552.8476415780799,758.0957430071323
2025-07-31 08:35:00,677.4459234891597,2025-07-31 06:35:00,551.1962043602939,755.8311995226501
2025-07-31 08:40:00,675.6762873958987,2025-07-31 06:40:00,549.7563599920813,753.8568040399833
2025-07-31 08:45:00,674.0532955105352,2025-07-31 06:45:00,548.4358310230496,752.046020535358
2025-07-31 08:50:00,672.4670455810605,2025-07-31 06:50:00,547.1451967303668,750.2762302903114
2025-07-31 08:55:00,670.8140315075351,2025-07-31 06:55:00,545.8002405479034,748.431950818401
2025-07-31 09:00:00,668.9995671543104,2025-07-31 07:00:00,544.3239221735993,746.4075401296107
2025-07-31 09:05:00,666.9396815340464,2025-07-31 07:05:00,542.6479195644788,744.1093112005402
2025-07-31 09:10:00,664.5624469674922,2025-07-31 07:10:00,540.7137095788167,741.457013811649
2025-07-31 09:15:00,661.8087316175577,2025-07-31 07:15:00,538.473180266964,738.3846741548316
2025-07-31 09:20:00,658.6323965144459,2025-07-31 07:20:00,535.8887911786155,734.8408146557505
2025-07-31 09:25:00,654.9999837436487,2025-07-31 07:25:00,532.9333196605036,730.7881060829799
2025-07-31 09:30:00,650.889965637454,2025-07-31 07:30:00,529.58924996957,726.2025298656706
2025-07-31 09:35:00,646.2916432747988,2025-07-31 07:35:00,525.8478770498448,721.0721491420599
2025-07-31 09:40:00,641.2037959973145,2025-07-31 07:40:00,521.7082077264687,715.3956020149878
2025-07-31 09:45:00,635.6331908384512,2025-07-31 07:45:00,517.1757479195799,709.1804385114496
2025-07-31 09:50:00,629.5930623338701,2025-07-31 07:50:00,512.2612657592532,702.441424496316
2025-07-31 09:55:00,623.101668461006,2025-07-31 07:55:00,506.97961664207816,695.1989305239107
2025-07-31 10:00:00,616.1810182711715,2025-07-31 08:00:00,501.3487079834283,687.477512248164
2025-07-31 10:05:00,608.8558515074151,2025-07-31 08:05:00,495.38866899508633,679.3047719750548
2025-07-31 10:10:00,601.1529312778808,2025-07-31 08:10:00,489.1212751769326,670.7105694932839
2025-07-31 10:15:00,593.1006885362515,2025-07-31 08:15:00,482.56965905248364,661.7266254185939
2025-07-31 10:20:00,584.7292327343634,2025-07-31 08:20:00,475.75831883627154,652.386533078968
2025-07-31 10:25:00,576.0707185278802,2025-07-31 08:25:00,468.7134167997629,642.7261676507379
2025-07-31 10:30:00,567.1600338590804,2025-07-31 08:30:00,461.4633391221274,632.7844538574084
2025-07-31 10:35:00,558.0357530305164,2025-07-31 08:35:00,454.0394713478277,622.604429320667
2025-07-31 10:40:00,548.7412786527838,2025-07-31 08:40:00,446.47712751949086,612.2345186395725
2025-07-31 10:45:00,539.3260814687204,2025-07-31 08:45:00,438.81655894682825,601.7299166711664
2025-07-31 10:50:00,529.8469366253773,2025-07-31 08:50:00,431.1039600853255,591.1539678478392
2025-07-31 10:55:00,520.3690494190636,2025-07-31 08:55:00,423.3923844859504,580.5794221790245
2025-07-31 11:00:00,510.9669642724648,2025-07-31 09:00:00,415.7424843740923,570.0894494033871
2025-07-31 11:05:00,501.7251564804816,2025-07-31 09:05:00,408.22299211686266,559.7782992038328
2025-07-31 11:10:00,492.73821759067766,2025-07-31 09:10:00,400.9108710557975,549.7515080377835
2025-07-31 11:15:00,484.1105612186776,2025-07-31 09:15:00,393.89107614688703,540.1255709133388
2025-07-31 11:20:00,475.9555965830481,2025-07-31 09:20:00,387.25588151659065,531.0270192963088
2025-07-31 11:25:00,468.3943401762835,2025-07-31 09:25:00,381.10375086365553,522.5908721417313
2025-07-31 11:30:00,461.55346184219957,2025-07-31 09:30:00,375.53774767211377,514.9584558886252
2025-07-31 11:35:00,455.5627880032349,2025-07-31 09:35:00,370.66350374044936,508.2746187930639
2025-07-31 11:40:00,450.552311256032,2025-07-31 09:40:00,366.5867860729056,502.68439451285343
2025-07-31 11:45:00,446.648780896336,2025-07-31 09:45:00,363.4107227986773,498.32919813209116
2025-07-31 11:50:00,443.97197158814345,2025-07-31 09:50:00,361.2327672168165,495.3426630889927
2025-07-31 11:55:00,442.6307465943552,2025-07-31 09:55:00,360.14149468843283,493.8462488945379
2025-07-31 12:00:00,442.71904749027226,2025-07-31 10:00:00,360.2133397124909,493.94476682750616
2025-07-31 12:05:00,444.3119518290499,2025-07-31 10:05:00,361.5093882899495,495.7219814439912
2025-07-31 12:10:00,447.46194560781464,2025-07-31 10:10:00,364.0723450580279,499.2364517415318
2025-07-31 12:15:00,452.19555607696736,2025-07-31 10:15:00,367.9237936136245,504.5177743606795
2025-07-31 12:20:00,458.5104840701217,2025-07-31 10:20:00,373.06186326604444,511.5633841052651
2025-07-31 12:25:00,466.37336333079634,2025-07-31 10:25:00,379.45940593853567,520.3360540073706
2025-07-31 12:30:00,475.71825718340267,2025-07-31 10:30:00,387.0627730016617,530.7622180525372
2025-07-31 12:35:00,486.4459819160835,2025-07-31 10:35:00,395.7912647514099,542.7312162732205
2025-07-31 12:40:00,498.42432121075115,2025-07-31 10:40:00,405.5373048777643,556.0955339898992
2025-07-31 12:45:00,511.48916888961463,2025-07-31 10:45:00,416.16737024747675,570.6720767814422
2025-07-31 12:50:00,525.4466076327909,2025-07-31 10:50:00,427.52368222911224,586.2444897250233
2025-07-31 12:55:00,540.0759019601303,2025-07-31 10:55:00,439.42664189881947,602.5664966870738
2025-07-31 13:00:00,555.1333541959818,2025-07-31 11:00:00,451.67796740239766,619.3662024503942
2025-07-31 13:05:00,570.3569437785088,2025-07-31 11:05:00,464.06446867678613,636.3512688243097
2025-07-31 13:10:00,585.4716453753582,2025-07-31 11:10:00,476.3623744746578,653.2148481038688
2025-07-31 13:15:00,600.1952975502589,2025-07-31 11:15:00,488.34210733854053,669.6421307825985
2025-07-31 13:20:00,614.2448759991204,2025-07-31 11:20:00,499.77338774833186,685.3173446463077
2025-07-31 13:25:00,627.3430100922491,2025-07-31 11:25:00,510.43053623208124,699.9310253252444
2025-07-31 13:30:00,639.2245723691065,2025-07-31 11:30:00,520.0978348337813,713.1873682399182
2025-07-31 13:35:00,649.6431655960807,2025-07-31 11:35:00,528.574805234466,724.8114662572539
2025-07-31 13:40:00,658.377332385133,2025-07-31 11:40:00,535.6812611381044,734.5562378059543
2025-07-31 13:45:00,665.2363179321223,2025-07-31 11:45:00,541.2619970583837,742.2088564043338
2025-07-31 13:50:00,670.065225850548,2025-07-31 11:50:00,545.1909833044485,747.5965030604237
2025-07-31 13:55:00,672.7494220119376,2025-07-31 11:55:00,547.3749491157655,750.5912796677843
2025-07-31 14:00:00,673.2180590776555,2025-07-31 12:00:00,547.7562503575176,751.1141413505266
2025-07-31 14:05:00,671.4466161296623,2025-07-31 12:05:00,546.3149358624127,749.1377299472788
2025-07-31 14:10:00,667.4583718297823,2025-07-31 12:10:00,543.0699460500404,744.6880176253832
2025-07-31 14:15:00,661.3247561418508,2025-07-31 12:15:00,538.0793991016142,737.8446992997775
2025-07-31 14:20:00,653.1645528376497,2025-07-31 12:20:00,531.4399420879564,728.7403028632378
2025-07-31 14:25:00,643.1419536811201,2025-07-31 12:25:00,523.285167778517,717.5580182259672
2025-07-31 14:30:00,631.4634933372608,2025-07-31 12:30:00,513.7831207647077,704.5282775718143
2025-07-31 14:35:00,618.373921896783,2025-07-31 12:35:00,503.1329391863257,689.9241503048916
2025-07-31 14:40:00,604.1510981801418,2025-07-31 12:40:00,491.56069972620645,674.05564547283
2025-07-31 14:45:00,589.1000121038686,2025-07-31 12:45:00,479.31455397627985,657.2630424786955
2025-07-31 14:50:00,573.5460663152857,2025-07-31 12:50:00,466.65926211573344,639.9093953534087
2025-07-31 14:55:00,557.8277674309826,2025-07-31 12:55:00,453.8702462199619,622.3723783189141
2025-07-31 15:00:00,542.2889934015634,2025-07-31 13:00:00,441.2272986894566,605.0356584324371
2025-07-31 15:05:00,527.2710166131006,2025-07-31 13:05:00,429.0080919366328,588.2799957044602
2025-07-31 15:10:00,513.1044715269821,2025-07-31 13:10:00,417.48164294694834,572.4742813377932
2025-07-31 15:15:00,500.10146048140587,2025-07-31 13:15:00,406.9018902536822,557.9667301145679
2025-07-31 15:20:00,488.5479923587054,2025-07-31 13:20:00,397.5015417452273,545.0764441639917
2025-07-31 15:25:00,478.69694482491377,2025-07-31 13:25:00,389.4863484710063,534.0855608833434
2025-07-31 15:30:00,470.7617328780771,2025-07-31 13:30:00,383.0299531275028,525.2321888926269
2025-07-31 15:35:00,464.9108539337663,2025-07-31 13:35:00,378.269451728859,518.7043219479658
2025-07-31 15:40:00,461.26346222643593,2025-07-31 13:40:00,375.30179276865584,514.6349012699557
2025-07-31 15:45:00,459.8861046363469,2025-07-31 13:45:00,374.1811213624516,513.0981736827164
2025-07-31 15:50:00,460.79072430759004,2025-07-31 13:50:00,374.91715491419365,514.1074642364272
2025-07-31 15:55:00,463.9340100695059,2025-07-31 13:55:00,377.4746537803234,517.6144503522117
2025-07-31 16:00:00,469.2181377525906,2025-07-31 14:00:00,381.77402443306903,523.5099889135279
2025-07-31 16:05:00,476.4929151064493,2025-07-31 14:05:00,387.6930646486491,531.626509366271
2025-07-31 16:10:00,485.5593061747712,2025-07-31 14:10:00,395.06983107506204,541.7419458888155
2025-07-31 16:15:00,496.17427411340486,2025-07-31 14:15:00,403.70657953617325,553.5851405583312
2025-07-31 16:20:00,508.0568442060972,2025-07-31 14:20:00,413.3746981358152,566.8426079002471
2025-07-31 16:25:00,520.8952534349705,2025-07-31 14:25:00,423.820524424845,581.1665117145083
2025-07-31 16:30:00,534.355018625677,2025-07-31 14:30:00,434.77190995608726,596.183666762084
2025-07-31 16:35:00,548.0877249037773,2025-07-31 14:35:00,445.9453709123473,611.505344107796
2025-07-31 16:40:00,561.7403092749403,2025-07-31 14:40:00,457.05364158631517,626.7376288762871
2025-07-31 16:45:00,574.9645933928578,2025-07-31 14:45:00,467.8134306092317,641.4920560284845
2025-07-31 16:50:00,587.4268039124054,2025-07-31 14:50:00,477.95316707843125,655.3962322868338
2025-07-31 16:55:00,598.8168111464728,2025-07-31 14:55:00,487.22051748585415,668.104143769948
2025-07-31 17:00:00,608.8568161968097,2025-07-31 15:00:00,495.3894539036883,679.305848285823
2025-07-31 17:05:00,617.3092240264608,2025-07-31 15:05:00,502.2666598206023,688.7362593743355
2025-07-31 17:10:00,623.9834563135247,2025-07-31 15:10:00,507.6970733430588,696.1827474562806
2025-07-31 17:15:00,628.7414814727653,2025-07-31 15:15:00,511.56838663477737,701.491309717524
2025-07-31 17:20:00,631.5018717999958,2025-07-31 15:20:00,513.8143469663206,704.571096693635
2025-07-31 17:25:00,632.2422363059286,2025-07-31 15:25:00,514.4167361628065,705.3971265997876
2025-07-31 17:30:00,630.999923862632,2025-07-31 15:30:00,513.4059427110609,704.011069836227
2025-07-31 17:35:00,627.8709415093805,2025-07-31 15:35:00,510.8600816514213,700.5200421344695
2025-07-31 17:40:00,623.0070873356029,2025-07-31 15:40:00,506.9026617804151,695.0934056945672
2025-07-31 17:45:00,616.6113535227126,2025-07-31 15:45:00,501.6988453877989,687.9576403264228
2025-07-31 17:50:00,608.9317117217372,2025-07-31 15:50:00,495.4503917994409,679.3894097517378
2025-07-31 17:55:00,600.2534474391755,2025-07-31 15:55:00,488.3894203371777,669.7070090241938
2025-07-31 18:00:00,590.8902615531014,2025-07-31 16:00:00,480.7711701681566,659.2604364281478
2025-07-31 18:05:00,581.1744020034753,2025-07-31 16:05:00,472.8659710664052,648.4203833358437
2025-07-31 18:10:00,571.4461272323472,2025-07-31 16:10:00,464.95067046026674,637.5664784932599
2025-07-31 18:15:00,562.0428313775385,2025-07-31 16:15:00,457.2997852693835,627.0751549219251
2025-07-31 18:20:00,553.2881802950585,2025-07-31 16:20:00,450.1766625523583,617.3075289024308
2025-07-31 18:25:00,545.4816142046164,2025-07-31 16:25:00,443.8249384531457,608.5976880019177
2025-07-31 18:30:00,538.8885680774742,2025-07-31 16:30:00,438.46058113037077,601.2417798917618
2025-07-31 18:35:00,533.7317436092796,2025-07-31 16:35:00,434.26478929685976,595.4882744260437
2025-07-31 18:40:00,530.1837371287442,2025-07-31 16:40:00,431.3779940010162,591.5297385472162
2025-07-31 18:45:00,528.3612873443494,2025-07-31 16:45:00,429.89517837106627,589.4964184564933
2025-07-31 18:50:00,528.3213554862125,2025-07-31 16:50:00,429.86268826687495,589.4518662004558
2025-07-31 18:55:00,530.0591909319479,2025-07-31 16:55:00,431.27665839833367,591.3907814761696
2025-07-31 19:00:00,533.5084687847926,2025-07-31 17:00:00,434.0831242642434,595.2391651280705
2025-07-31 19:05:00,538.5435147174888,2025-07-31 17:05:00,438.1798323713464,600.8568014219913
2025-07-31 19:10:00,544.9835595264065,2025-07-31 17:10:00,443.41970190410973,608.0420048812334
2025-07-31 19:15:00,552.5988931897218,2025-07-31 17:15:00,449.61583190447544,616.5384864127235
2025-07-31 19:20:00,561.1187190769815,2025-07-31 17:20:00,456.54789176053157,626.0441163040733
2025-07-31 19:25:00,570.2404459502828,2025-07-31 17:25:00,463.9696815380524,636.2212913748974
2025-07-31 19:30:00,579.6401003769429,2025-07-31 17:30:00,471.61760392215746,646.7085521791387
2025-07-31 19:35:00,588.9834984575335,2025-07-31 17:35:00,479.21975396732074,657.1330473809073
2025-07-31 19:40:00,597.9377840859092,2025-07-31 17:40:00,486.50530707198504,667.1234070726531
2025-07-31 19:45:00,606.1829236573315,2025-07-31 17:45:00,493.21387151766294,676.3225675021711
2025-07-31 19:50:00,613.4227445495652,2025-07-31 17:50:00,499.1044698040831,684.400086783891
2025-07-31 19:55:00,619.3951176187427,2025-07-31 17:55:00,503.9638235216451,691.0635055813995
2025-07-31 20:00:00,623.880911922424,2025-07-31 18:00:00,507.6136392604356,696.0683379551788
2025-07-31 20:05:00,626.7113919150036,2025-07-31 18:05:00,509.9166272545062,699.226324465744
2025-07-31 20:10:00,627.7737827443873,2025-07-31 18:10:00,510.7810295224945,700.4116414144374
2025-07-31 20:15:00,627.0147953547179,2025-07-31 18:15:00,510.1634880275389,699.5648338254247
2025-07-31 20:20:00,624.4419778684912,2025-07-31 18:20:00,508.0701442140343,696.6943231922631
2025-07-31 20:25:00,620.122840491969,2025-07-31 18:25:00,504.5559269968311,691.875431128693
2025-07-31 20:30:00,614.1817845475615,2025-07-31 18:30:00,499.7220541032082,685.2469530683854
2025-07-31 20:35:00,606.7949496566221,2025-07-31 18:35:00,493.7118395415036,677.0054092304088
2025-07-31 20:40:00,598.1831722793496,2025-07-31 18:40:00,486.7049643968421,667.3971884124853
2025-07-31 20:45:00,588.603322008369,2025-07-31 18:45:00,478.91042770451384,656.708881832575
2025-07-31 20:50:00,578.3383449178989,2025-07-31 18:50:00,470.5584453337719,645.2561744232481
2025-07-31 20:55:00,567.6863942488859,2025-07-31 18:55:00,461.89160629287386,633.3717178603547
2025-07-31 21:00:00,556.9494652360287,2025-07-31 19:00:00,453.15562558478786,621.3924503592974
2025-07-31 21:05:00,546.4219714669822,2025-07-31 19:05:00,444.59004949121805,609.6468512383472
2025-07-31 21:10:00,536.3797037481625,2025-07-31 19:10:00,436.4192720787949,598.4426222472716
2025-07-31 21:15:00,527.0695989029482,2025-07-31 19:15:00,428.84421069758844,588.0552725432586
2025-07-31 21:20:00,518.7007154156227,2025-07-31 19:20:00,422.0349634159917,578.7180501531504
2025-07-31 21:25:00,511.43676661063915,2025-07-31 19:25:00,416.12473372658314,570.6136111888355
2025-07-31 21:30:00,505.39050169446466,2025-07-31 19:30:00,411.2052587444512,563.867750735965
2025-07-31 21:35:00,500.62015285194406,2025-07-31 19:35:00,407.32391842738315,558.5454388542823
2025-07-31 21:40:00,497.128085452178,2025-07-31 19:40:00,404.4826373311627,554.6493146027924
2025-07-31 21:45:00,494.86170138630615,2025-07-31 19:45:00,402.6386196001279,552.1206939001034
2025-07-31 21:50:00,493.71655619688397,2025-07-31 19:50:00,401.7068851841911,550.8430473276794
2025-07-31 21:55:00,493.54156245889294,2025-07-31 19:55:00,401.5645035108751,550.6478055787683
2025-07-31 22:00:00,494.1460683833174,2025-07-31 20:00:00,402.05635291095706,551.3222571063869
2025-07-31 22:05:00,495.30852523598236,2025-07-31 20:05:00,403.0021727656569,552.6192184237092
2025-07-31 22:10:00,496.78639285936737,2025-07-31 20:10:00,404.2046230222933,554.2680857646855
2025-07-31 22:15:00,498.3268827335498,2025-07-31 20:15:00,405.45802516416677,555.9868211929819
2025-07-31 22:20:00,499.67810285834804,2025-07-31 20:20:00,406.5574301177136,557.494387025669
2025-07-31 22:25:00,500.6001525701645,2025-07-31 20:25:00,407.3076454245931,558.5231243987014
2025-07-31 22:30:00,500.8757162797912,2025-07-31 20:30:00,407.5318547164926,558.8305727749781
2025-07-31 22:35:00,500.3197245462231,2025-07-31 20:35:00,407.0794783384342,558.2102488726022
2025-07-31 22:40:00,498.78768831749784,2025-07-31 20:40:00,405.8329544094592,556.5009452362241
2025-07-31 22:45:00,496.1823648133405,2025-07-31 20:45:00,403.71316244255814,553.5941674093688
2025-07-31 22:50:00,492.45848111008644,2025-07-31 20:50:00,400.6832666360545,549.4394040714824
2025-07-31 22:55:00,487.62531947296486,2025-07-31 20:55:00,396.7508193999411,544.0470115114127
2025-07-31 23:00:00,481.7470556970432,2025-07-31 21:00:00,391.96803664315854,537.4885911167898
2025-07-31 23:05:00,474.9408321546872,2025-07-31 21:05:00,386.430229930481,529.8948394594732
2025-07-31 23:10:00,467.3726405082833,2025-07-31 21:10:00,380.2724564983469,521.4509546090682
2025-07-31 23:15:00,459.2511773793991,2025-07-31 21:15:00,373.6645199896483,512.3897808596305
2025-07-31 23:20:00,450.81992017689515,2025-07-31 21:20:00,366.80452304100635,502.9829676751468
2025-07-31 23:25:00,442.34774260841255,2025-07-31 21:25:00,359.9112316999614,493.530499349448
2025-07-31 23:30:00,434.11844990366535,2025-07-31 21:30:00,353.2155608779063,484.3490193809563
2025-07-31 23:35:00,426.4196585962692,2025-07-31 21:35:00,346.951526510495,475.7594235667645
2025-07-31 23:40:00,419.53147283636514,2025-07-31 21:40:00,341.3470321676362,468.0742260846862
2025-07-31 23:45:00,413.71541871357215,2025-07-31 21:45:00,336.6148655906698,461.58521343925156
2025-07-31 23:50:00,409.2040879803066,2025-07-31 21:50:00,332.9442724251185,456.55188989070115
2025-07-31 23:55:00,406.1919145697284,2025-07-31 21:55:00,330.4934516389598,453.1911867509412
2025-08-01 00:00:00,404.8274615693804,2025-07-31 22:00:00,329.3832799060689,451.66885690558075
2025-08-01 00:05:00,405.20753540206056,2025-07-31 22:05:00,329.6925226761353,452.09290796397704
2025-08-01 00:10:00,407.3733698897149,2025-07-31 22:10:00,331.4547293814603,454.509344792381
2025-08-01 00:15:00,411.3090388083551,2025-07-31 22:15:00,334.6569418302418,458.9003983902516
2025-08-01 00:20:00,416.94216504780144,2025-07-31 22:20:00,339.24027120636856,465.1853171047877
2025-08-01 00:25:00,424.1469009901275,2025-07-31 22:25:00,345.1023230205926,473.22369186020006
2025-08-01 00:30:00,432.7490624873355,2025-07-31 22:30:00,352.1013743133283,482.8211841728485
2025-08-01 00:35:00,442.53321096248413,2025-07-31 22:35:00,360.0621359260385,493.73742770146964
2025-08-01 00:40:00,453.25139905317053,2025-07-31 22:40:00,368.78286829501934,505.6957858233523
2025-08-01 00:45:00,464.63322753854385,2025-07-31 22:45:00,378.0435641561821,518.3945722188076
2025-08-01 00:50:00,476.3968078138442,2025-07-31 22:50:00,387.61486803832423,531.5192817814057
2025-08-01 00:55:00,488.26018776035136,2025-07-31 22:55:00,397.26737279282867,544.7553385417427
2025-08-01 01:00:00,499.9527797479953,2025-07-31 23:00:00,406.78091785857896,557.8008459706339
2025-08-01 01:05:00,511.2263296224286,2025-07-31 23:05:00,415.9535140540796,570.3788251554295
2025-08-01 01:10:00,521.8649844420539,2025-07-31 23:10:00,424.60953507768335,582.2484474452941
2025-08-01 01:15:00,531.6940530732229,2025-07-31 23:15:00,432.606845466671,593.214808709118
2025-08-01 01:20:00,540.5871069299054,2025-07-31 23:20:00,439.8425780336757,603.1368516808968
2025-08-01 01:25:00,548.4711352299073,2025-07-31 23:25:00,446.25732838252725,611.9331177154895
2025-08-01 01:30:00,555.3295477528545,2025-07-31 23:30:00,451.8375980682834,619.5850969868997
2025-08-01 01:35:00,561.2029047861819,2025-07-31 23:35:00,456.6163885095173,626.1380428941691
2025-08-01 01:40:00,566.1873450260766,2025-07-31 23:40:00,460.6719218677229,631.6992180593612
2025-08-01 01:45:00,570.4307746565632,2025-07-31 23:45:00,464.12454033466634,636.433642456192
2025-08-01 01:50:00,574.1269695077278,2025-07-31 23:50:00,467.13190742021146,640.5575131463223
2025-08-01 01:55:00,577.5078255432761,2025-07-31 23:55:00,469.88270264927536,644.3295580936158
2025-08-01 02:00:00,580.8340649299528,2025-08-01 00:00:00,472.58905966045495,648.0406668601763
2025-08-01 02:05:00,584.3847658318602,2025-08-01 00:05:00,475.4780472417366,652.0022089239508
2025-08-01 02:10:00,588.4461283054072,2025-08-01 00:10:00,478.7825288281348,656.5334997084121
2025-08-01 02:15:00,593.2999172842427,2025-08-01 00:15:00,482.731759267253,661.9489063392584
2025-08-01 02:20:00,599.2120336896473,2025-08-01 00:20:00,487.5420858326728,668.5450963515909
2025-08-01 02:25:00,606.421656826878,2025-08-01 00:25:00,493.40811405768915,676.5889237848613
2025-08-01 02:30:00,615.1313758874286,2025-08-01 00:30:00,500.4946783438743,686.3064188302744
2025-08-01 02:35:00,625.4986860314986,2025-08-01 00:35:00,508.9299228448751,697.8732999499615
2025-08-01 02:40:00,637.6291683114313,2025-08-01 00:40:00,518.7997523883482,711.4073646694114
2025-08-01 02:45:00,651.5716036428655,2025-08-01 00:45:00,530.143857013916,726.9630382005897
2025-08-01 02:50:00,667.3151930139898,2025-08-01 00:50:00,542.9534502279042,744.5282720097784
2025-08-01 02:55:00,684.7889720637919,2025-08-01 00:55:00,557.1707926815643,764.0238906583967
2025-08-01 03:00:00,703.863421683408,2025-08-01 01:00:00,572.6905026186221,785.3053887622959
2025-08-01 03:05:00,724.3541905479947,2025-08-01 01:05:00,589.3625846711832,808.1670842468503
2025-08-01 03:10:00,746.027764515026,2025-08-01 01:10:00,606.9970427014571,832.3484437346623
2025-08-01 03:15:00,768.6088445081272,2025-08-01 01:15:00,625.3698827333932,857.5423141026426
2025-08-01 03:20:00,791.7891312188328,2025-08-01 01:20:00,644.2302605257894,883.4047236357808
2025-08-01 03:25:00,815.2371660695875,2025-08-01 01:25:00,663.3084885604005,909.5658616590408
2025-08-01 03:30:00,838.6088416991222,2025-08-01 01:30:00,682.3245877793452,935.641805160099
2025-08-01 03:35:00,861.5581771084028,2025-08-01 01:35:00,700.9970546605916,961.2465406957491
2025-08-01 03:40:00,883.7479496621052,2025-08-01 01:40:00,719.0515118255622,986.0038265910092
2025-08-01 03:45:00,904.8597899832212,2025-08-01 01:45:00,736.228921635817,1009.5584558843024
2025-08-01 03:50:00,924.6033751808623,2025-08-01 01:50:00,752.2930661587532,1031.5865132766198
2025-08-01 03:55:00,942.7243992076142,2025-08-01 01:55:00,767.0370321586123,1051.8042677154917
2025-08-01 04:00:00,959.0110545127535,2025-08-01 02:00:00,780.2884848202223,1069.9754040212406
2025-08-01 04:05:00,973.2988235511725,2025-08-01 02:05:00,791.9135663059759,1085.9163688073156
2025-08-01 04:10:00,985.4734509398489,2025-08-01 02:10:00,801.8193140172863,1099.49968653625
2025-08-01 04:15:00,995.4720414675724,2025-08-01 02:15:00,809.9545539777673,1110.6551845768636
2025-08-01 04:20:00,1003.2823048033525,2025-08-01 02:20:00,816.3092862987822,1119.3691505201025
2025-08-01 04:25:00,1008.9400407003359,2025-08-01 02:25:00,820.9126390440883,1125.6815264032937
2025-08-01 04:30:00,1012.5250254697416,2025-08-01 02:30:00,823.829521305935,1129.6813192200761
2025-08-01 04:35:00,1014.1555192778021,2025-08-01 02:35:00,825.1561541294186,1131.500472672817
2025-08-01 04:40:00,1013.9816624157645,2025-08-01 02:40:00,825.0146974623484,1131.3064993444334
2025-08-01 04:45:00,1012.1780643172003,2025-08-01 02:45:00,823.5472202931011,1129.2942122126822
2025-08-01 04:50:00,1008.93591186971,2025-08-01 02:50:00,820.9092796678037,1125.6769198378154
2025-08-01 04:55:00,1004.4549320408295,2025-08-01 02:55:00,817.2633811719166,1120.677459007561
2025-08-01 05:00:00,998.9355377741072,2025-08-01 03:00:00,812.7725885275145,1114.519431857927
2025-08-01 05:05:00,992.5714672826139,2025-08-01 03:05:00,807.5945346378027,1107.4189934810045
2025-08-01 05:10:00,985.5431951367426,2025-08-01 03:10:00,801.876060593317,1099.5775006291099
2025-08-01 05:15:00,978.0123511803397,2025-08-01 03:15:00,795.748674686233,1091.175284860109
2025-08-01 05:20:00,970.1173326277908,2025-08-01 03:20:00,789.3249822428484,1082.3667569231598
2025-08-01 05:25:00,961.9702374449596,2025-08-01 03:25:00,782.696190503709,1073.2769853101743
2025-08-01 05:30:00,953.6551861841566,2025-08-01 03:30:00,775.930743203635,1063.9998239152462
2025-08-01 05:35:00,945.2280381548007,2025-08-01 03:35:00,769.0740896371934,1054.5975953642542
2025-08-01 05:40:00,936.7174472240548,2025-08-01 03:40:00,762.1495436989295,1045.1022689790843
2025-08-01 05:45:00,928.1271472389258,2025-08-01 03:45:00,755.1601433911791,1035.518010639203
2025-08-01 05:50:00,919.4393074920249,2025-08-01 03:50:00,748.0913809607872,1025.8249264984943
2025-08-01 05:55:00,910.6187580805398,2025-08-01 03:55:00,740.914640814589,1015.9837772480948
2025-08-01 06:00:00,901.6178538946417,2025-08-01 04:00:00,733.5911570484975,1005.9414049025999
2025-08-01 06:05:00,892.3817263663514,2025-08-01 04:05:00,726.0762864734992,995.6365922133498
2025-08-01 06:10:00,882.8536638697914,2025-08-01 04:10:00,718.323886317392,985.0060656189759
2025-08-01 06:15:00,872.9803646810665,2025-08-01 04:15:00,710.2905882361085,973.9903560098245
2025-08-01 06:20:00,862.7168214741008,2025-08-01 04:20:00,701.9397725284429,962.5392483944466
2025-08-01 06:25:00,852.0306200742332,2025-08-01 04:25:00,693.2450657682347,950.6165780493326
2025-08-01 06:30:00,840.9054694562924,2025-08-01 04:30:00,684.1932129473303,938.2041689626864
2025-08-01 06:35:00,829.3438196679422,2025-08-01 04:35:00,674.7862075192674,925.3047546699831
2025-08-01 06:40:00,817.3684702779403,2025-08-01 04:40:00,665.042600094987,911.9437728110485
2025-08-01 06:45:00,805.0231201857922,2025-08-01 04:45:00,654.9979457892327,898.1699785565693
2025-08-01 06:50:00,792.3718586442229,2025-08-01 04:50:00,644.7043900967482,884.0548767382732
2025-08-01 06:55:00,779.4976452061386,2025-08-01 04:55:00,634.2294321183348,869.691025915022
2025-08-01 07:00:00,766.4998696645732,2025-08-01 05:00:00,623.6539392336211,855.1893159805837
2025-08-01 07:05:00,753.4911225664123,2025-08-01 05:05:00,613.0695194661236,840.6753650029938
2025-08-01 07:10:00,740.593337457095,2025-08-01 05:10:00,602.5753826643332,826.285215099735
2025-08-01 07:15:00,727.9334901310583,2025-08-01 05:15:00,592.2748412455408,812.1605340610939
2025-08-01 07:20:00,715.6390543075834,2025-08-01 05:20:00,582.2716127579477,798.443545215622
2025-08-01 07:25:00,703.8334182323068,2025-08-01 05:25:00,572.6660906503878,785.2719137000817
2025-08-01 07:30:00,692.6314626945746,2025-08-01 05:30:00,563.5517463762214,772.7738128221906
2025-08-01 07:35:00,682.135487589484,2025-08-01 05:35:00,555.0118150866672,761.0633792971339
2025-08-01 07:40:00,672.4316536244726,2025-08-01 05:40:00,547.1164004656617,750.2367432344835
2025-08-01 07:45:00,663.587077615813,2025-08-01 05:45:00,539.9201113507457,740.3687873399915
2025-08-01 07:50:00,655.647687278279,2025-08-01 05:50:00,533.4603163069668,731.5107534892751
2025-08-01 07:55:00,648.6369042200968,2025-08-01 05:55:00,527.7560720606357,723.6887733359857
2025-08-01 08:00:00,642.5551859949521,2025-08-01 06:00:00,522.8077508951276,716.9033573760012
2025-08-01 08:05:00,637.3804189874774,2025-08-01 06:05:00,518.5973603177097,711.1298332925361
2025-08-01 08:10:00,633.0691174699282,2025-08-01 06:10:00,515.0895186584279,706.3196837521423
2025-08-01 08:15:00,629.558350677565,2025-08-01 06:15:00,512.2330230131697,702.4026964563163
2025-08-01 08:20:00,626.7682910078554,2025-08-01 06:20:00,509.9629225570891,699.2898071853396
2025-08-01 08:25:00,624.6052536922766,2025-08-01 06:25:00,508.2029917391486,696.876491181568
2025-08-01 08:30:00,622.9650825968895,2025-08-01 06:30:00,506.8684851004157,695.0465407110362
2025-08-01 08:35:00,621.7367278853432,2025-08-01 06:35:00,505.8690481990535,693.6760566873292
2025-08-01 08:40:00,620.8058603059467,2025-08-01 06:40:00,505.11165833406955,692.6374811571847
2025-08-01 08:45:00,620.0583727861313,2025-08-01 06:45:00,504.50347357799797,691.8035040541556
2025-08-01 08:50:00,619.3836329814088,2025-08-01 06:50:00,503.9544791765286,691.0506920904459
2025-08-01 08:55:00,618.6773688379191,2025-08-01 06:55:00,503.3798353537976,690.2627081994154
2025-08-01 09:00:00,617.8440929585499,2025-08-01 07:00:00,502.7018498704285,689.333016417977
2025-08-01 09:05:00,616.7989983327827,2025-08-01 07:05:00,501.8515204626533,688.1669969657677
2025-08-01 09:10:00,615.4692871111481,2025-08-01 07:10:00,500.76961598460235,686.6834287681904
2025-08-01 09:15:00,613.7949237617883,2025-08-01 07:15:00,499.40728920561196,684.8153297585081
2025-08-01 09:20:00,611.7288327058077,2025-08-01 07:20:00,497.72623761399007,682.5101773809992
2025-08-01 09:25:00,609.2365872569841,2025-08-01 07:25:00,495.6984503263339,679.729561538797
2025-08-01 09:30:00,606.2956594529088,2025-08-01 07:30:00,493.30559772113276,676.4483476251977
2025-08-01 09:35:00,602.894319371687,2025-08-01 07:35:00,490.53813588026446,672.6534484835314
2025-08-01 09:40:00,599.0302853535678,2025-08-01 07:40:00,487.3942083571101,668.3423184499059
2025-08-01 09:45:00,594.7092342503624,2025-08-01 07:45:00,483.87843405786185,663.5212912279645
2025-08-01 09:50:00,589.9432820615713,2025-08-01 07:50:00,480.0006710283138,658.2038847238877
2025-08-01 09:55:00,584.7495407413548,2025-08-01 07:55:00,475.77484221619557,652.4091908657405
2025-08-01 10:00:00,579.1488466721867,2025-08-01 08:00:00,471.21790090815904,646.1604569525508
2025-08-01 10:05:00,573.1647411986279,2025-08-01 08:05:00,466.349001252628,639.4839482286447
2025-08-01 10:10:00,566.8227642381803,2025-08-01 08:10:00,461.188923514268,632.4081597602876
2025-08-01 10:15:00,560.1500996724328,2025-08-01 08:15:00,455.759785550508,624.9634207960831
2025-08-01 10:20:00,553.1755870388629,2025-08-01 08:20:00,450.08505232444236,617.1819078115986
2025-08-01 10:25:00,545.9300891275112,2025-08-01 08:25:00,444.1898349957025,609.0980546395699
2025-08-01 10:30:00,538.4471811922384,2025-08-01 08:30:00,438.1014516893914,600.7493214277664
2025-08-01 10:35:00,530.7641049736188,2025-08-01 08:35:00,431.8502037260081,592.1772590490692
2025-08-01 10:40:00,522.9229117238273,2025-08-01 08:40:00,425.470305630703,583.4287843824065
2025-08-01 10:45:00,514.9717031248293,2025-08-01 08:45:00,419.000894792312,574.5575648139393
2025-08-01 10:50:00,506.9658686360022,2025-08-01 08:50:00,412.48703821723603,565.6253987545374
2025-08-01 10:55:00,498.96921233324736,2025-08-01 08:55:00,405.9806493693256,556.7034728621333
2025-08-01 11:00:00,491.05486300640297,2025-08-01 09:00:00,399.5412286603339,547.8733774438297
2025-08-01 11:05:00,483.305867109634,2025-08-01 09:05:00,393.23634589728795,539.2277680148363
2025-08-01 11:10:00,475.81537518278367,2025-08-01 09:10:00,387.1417919621097,530.8705732900878
2025-08-01 11:15:00,468.68634893288925,2025-08-01 09:15:00,381.3413404818085,522.9166683730226
2025-08-01 11:20:00,462.0307358714745,2025-08-01 09:20:00,375.92607628146044,515.4909538925838
2025-08-01 11:25:00,455.96808222844743,2025-08-01 09:25:00,370.99326679730814,508.72680842146144
2025-08-01 11:30:00,450.6235802148721,2025-08-01 09:30:00,366.64477325422786,502.7639097933815
2025-08-01 11:35:00,446.12557243334516,2025-08-01 09:35:00,362.9850201574917,497.7454507561442
2025-08-01 11:40:00,442.6025627113114,2025-08-01 09:40:00,360.11856319114395,493.81480393725116
2025-08-01 11:45:00,440.1798078705514,2025-08-01 09:45:00,358.14731614983845,491.11171925706077
2025-08-01 11:50:00,438.9755875733093,2025-08-01 09:50:00,357.1675159413808,489.7681621697791
2025-08-01 11:55:00,439.0972688326099,2025-08-01 09:55:00,357.2665205201121,489.90392280983565
2025-08-01 12:00:00,440.6372969536809,2025-08-01 10:00:00,358.51954696179536,491.62214305692567
2025-08-01 12:05:00,443.66925442861384,2025-08-01 10:05:00,360.9864648278848,495.00491941695924
2025-08-01 12:10:00,448.24413468434136,2025-08-01 10:10:00,364.7087643427629,500.1091456163724
2025-08-01 12:15:00,454.386976079575,2025-08-01 10:15:00,369.7068176834651,506.9627571287474
2025-08-01 12:20:00,462.0939955371753,2025-08-01 10:20:00,375.9775467921158,515.5615331482118
2025-08-01 12:25:00,471.3303490751806,2025-08-01 10:25:00,383.4926012573594,525.8665979980964
2025-08-01 12:30:00,482.0286297673207,2025-08-01 10:30:00,392.1971361969412,537.8027452948771
2025-08-01 12:35:00,494.08819230520464,2025-08-01 10:35:00,402.00926269537985,551.2576843574385
2025-08-01 12:40:00,507.37536871603385,2025-08-01 10:40:00,412.820223320242,566.0822808848494
2025-08-01 12:45:00,521.7246123036484,2025-08-01 10:45:00,424.49532287682086,582.0918332594649
2025-08-01 12:50:00,536.9405776027733,2025-08-01 10:50:00,436.8756207393553,599.0683931665621
2025-08-01 12:55:00,552.8011146324017,2025-08-01 10:55:00,449.7803670913894,616.7641063039802
2025-08-01 13:00:00,569.0611259299465,2025-08-01 11:00:00,463.0101411579324,634.9055157023523
2025-08-01 13:05:00,585.4572072436475,2025-08-01 11:05:00,476.3506270522864,653.1987393783878
2025-08-01 13:10:00,601.7129666557986,2025-08-01 11:10:00,489.57694162042657,671.3354049182083
2025-08-01 13:15:00,617.5448945746954,2025-08-01 11:15:00,502.4584104934787,688.9991986688062
2025-08-01 13:20:00,632.6686380282212,2025-08-01 11:20:00,514.7636730956466,705.8728660116936
2025-08-01 13:25:00,646.8055184531379,2025-08-01 11:25:00,526.265985769662,721.645483306429
2025-08-01 13:30:00,659.6891222513885,2025-08-01 11:30:00,536.7485841082898,736.0198110208125
2025-08-01 13:35:00,671.071788963394,2025-08-01 11:35:00,546.0099619830598,748.7195326316391
2025-08-01 13:40:00,680.730822086686,2025-08-01 11:40:00,553.8689249065176,759.4961840788945
2025-08-01 13:45:00,688.4742528081298,2025-08-01 11:45:00,560.1692796276793,768.1355844024881
2025-08-01 13:50:00,694.1459969399174,2025-08-01 11:50:00,564.7840300146069,774.4635893721471
2025-08-01 13:55:00,697.6302598182365,2025-08-01 11:55:00,567.6189610503292,778.3510060639596
2025-08-01 14:00:00,698.8550618729806,2025-08-01 12:00:00,568.615507372714,779.7175263633912
2025-08-01 14:05:00,697.7947792166476,2025-08-01 12:05:00,567.7528203958557,778.5345615182539
2025-08-01 14:10:00,694.471617891921,2025-08-01 12:10:00,565.0489678149263,774.8268869671418
2025-08-01 14:15:00,688.955966448194,2025-08-01 12:15:00,560.5612204760712,768.6730357115474
2025-08-01 14:20:00,681.3655994588989,2025-08-01 12:20:00,554.3854043273037,760.2044096745236
2025-08-01 14:25:00,671.8637325900489,2025-08-01 12:25:00,546.6543179470477,749.6031097269237
2025-08-01 14:30:00,660.6559584609364,2025-08-01 12:30:00,537.5352394418935,737.0985170055511
2025-08-01 14:35:00,647.9861199182594,2025-08-01 12:35:00,527.2265687828206,722.9626886959678
2025-08-01 14:40:00,634.1312043314023,2025-08-01 12:40:00,515.9536736063686,707.504661561693
2025-08-01 14:45:00,619.395366630212,2025-08-01 12:45:00,503.9640261270074,691.0637834052537
2025-08-01 14:50:00,604.103211827585,2025-08-01 12:50:00,491.5217375377058,674.0022183312105
2025-08-01 14:55:00,588.5924869512899,2025-08-01 12:55:00,478.90161188301585,656.6967930828976
2025-08-01 15:00:00,573.2063491397782,2025-08-01 13:00:00,466.38285508278346,639.5303705023332
2025-08-01 15:05:00,558.285389493445,2025-08-01 13:05:00,454.24258522904717,622.8829504847595
2025-08-01 15:10:00,544.1596013274298,2025-08-01 13:10:00,442.74929764588,607.1227089015905
2025-08-01 15:15:00,531.1404866110297,2025-08-01 13:15:00,432.15644238320345,592.5971906991372
2025-08-01 15:20:00,519.5134952365595,2025-08-01 13:20:00,422.69627251351136,579.6248743374963
2025-08-01 15:25:00,509.5309878639963,2025-08-01 13:25:00,414.5741184301035,568.48732038664
2025-08-01 15:30:00,501.40590495601435,2025-08-01 13:30:00,407.96323672913184,559.4221080241078
2025-08-01 15:35:00,495.30631239408154,2025-08-01 13:35:00,403.0003723119022,552.6167495403781
2025-08-01 15:40:00,491.3509763572318,2025-08-01 13:40:00,399.7821579350967,548.2037531998736
2025-08-01 15:45:00,489.60609955448587,2025-08-01 13:45:00,398.3624586832415,546.2569818324321
2025-08-01 15:50:00,490.0833252392353,2025-08-01 13:50:00,398.7507479576125,546.7894258980623
2025-08-01 15:55:00,492.73908704407,2025-08-01 13:55:00,400.9115784767046,549.7524780930715
2025-08-01 16:00:00,497.47535056299967,2025-08-01 14:00:00,404.7651856562095,555.0367607385856
2025-08-01 16:05:00,504.14175860839157,2025-08-01 14:05:00,410.18923307303,562.474519258859
2025-08-01 16:10:00,512.5391558190119,2025-08-01 14:10:00,417.0216802227008,571.8435546113507
2025-08-01 16:15:00,522.4244316985514,2025-08-01 14:15:00,425.0647230028435,582.8726266989979
2025-08-01 16:20:00,533.5165838138092,2025-08-01 14:20:00,434.08972696570953,595.2482191232355
2025-08-01 16:25:00,545.5038675208909,2025-08-01 14:25:00,443.84304461193955,608.6225161839909
2025-08-01 16:30:00,558.0518642408247,2025-08-01 14:30:00,454.05258005165433,622.6224047117511
2025-08-01 16:35:00,570.8122699114659,2025-08-01 14:35:00,464.43493962882815,636.859279405397
2025-08-01 16:40:00,583.4321786740599,2025-08-01 14:40:00,474.7029854877332,650.9394007068435
2025-08-01 16:45:00,595.5636156469769,2025-08-01 14:45:00,484.5735918063423,664.474530583996
2025-08-01 16:50:00,606.8730571509046,2025-08-01 14:50:00,493.7753908197501,677.0925543132091
2025-08-01 16:55:00,617.0506693853523,2025-08-01 14:55:00,502.0562897646948,688.4477881358865
2025-08-01 17:00:00,625.818995396104,2025-08-01 15:00:00,509.19053893225555,698.230671369397
2025-08-01 17:05:00,632.9408280047033,2025-08-01 15:05:00,514.9851373877766,706.1765502900829
2025-08-01 17:10:00,638.2260224557525,2025-08-01 15:10:00,519.2853760041966,712.0732790519482
2025-08-01 17:15:00,641.5370262460947,2025-08-01 15:15:00,521.979336744944,715.767389356117
2025-08-01 17:20:00,642.7929359680759,2025-08-01 15:20:00,523.0011934685181,717.1686166995012
2025-08-01 17:25:00,641.9719298741285,2025-08-01 15:25:00,522.3331911571163,716.252614404281
2025-08-01 17:30:00,639.1119706742357,2025-08-01 15:30:00,520.006217739833,713.0617377339967
2025-08-01 17:35:00,634.309723444443,2025-08-01 15:35:00,516.098923661173,707.7038365964357
2025-08-01 17:40:00,627.7176881320752,2025-08-01 15:40:00,510.735388776393,700.3490562594598
2025-08-01 17:45:00,619.5396021659848,2025-08-01 15:45:00,504.0813817373893,691.2247080108008
2025-08-01 17:50:00,610.0242252848628,2025-08-01 15:50:00,496.33930308863347,680.60833484713
2025-08-01 17:55:00,599.457673483879,2025-08-01 15:55:00,487.7419478696646,668.8191584042023
2025-08-01 18:00:00,588.1545199122714,2025-08-01 16:00:00,478.5452649611855,656.2081501654707
2025-08-01 18:05:00,576.447926029567,2025-08-01 16:05:00,469.02032741207444,643.147020723409
2025-08-01 18:10:00,564.6791044272414,2025-08-01 16:10:00,459.4447589835501,630.0164633752457
2025-08-01 18:15:00,553.1864433000302,2025-08-01 16:15:00,450.0938853984066,617.1940202188268
2025-08-01 18:20:00,542.2946418699775,2025-08-01 16:20:00,441.23189450181934,605.0419604685242
2025-08-01 18:25:00,532.3042122678988,2025-08-01 16:25:00,433.1032945860763,593.8955676302676
2025-08-01 18:30:00,523.4816991802213,2025-08-01 16:30:00,425.92495671698043,584.0522274924768
2025-08-01 18:35:00,516.0509510139484,2025-08-01 16:35:00,419.8790126160674,575.7616893031882
2025-08-01 18:40:00,510.18574705600065,2025-08-01 16:40:00,415.106855832292,569.2178398396795
2025-08-01 18:45:00,506.00404431802383,2025-08-01 16:45:00,411.704460752454,564.5522845726063
2025-08-01 18:50:00,503.56405683006693,2025-08-01 16:50:00,409.71919256289647,561.8299733062779
2025-08-01 18:55:00,502.86232038424316,2025-08-01 16:55:00,409.1482326501005,561.0470409994984
2025-08-01 19:00:00,503.83382913142077,2025-08-01 17:00:00,409.93868974103566,562.130960167458
2025-08-01 19:05:00,506.3542595325948,2025-08-01 17:05:00,411.98940939600993,564.9430221599799
2025-08-01 19:10:00,510.2442239082055,2025-08-01 17:10:00,415.15443486090624,569.283082876524
2025-08-01 19:15:00,515.275423467842,2025-08-01 17:15:00,419.2480134101248,574.8964277448671
2025-08-01 19:20:00,521.1785015154829,2025-08-01 17:20:00,424.0509860180991,581.4825335976329
2025-08-01 19:25:00,527.6523343694611,2025-08-01 17:25:00,429.3183468111157,588.7054346172886
2025-08-01 19:30:00,534.3744427437624,2025-08-01 17:30:00,434.7877141698119,596.2053383877638
2025-08-01 19:35:00,541.0121623179543,2025-08-01 17:35:00,440.1884195369041,603.6110889781824
2025-08-01 19:40:00,547.2341809012056,2025-08-01 17:40:00,445.2508945000473,610.5530390382099
2025-08-01 19:45:00,552.7220320075266,2025-08-01 17:45:00,449.7160224091785,616.6758732610934
2025-08-01 19:50:00,557.1811321370859,2025-08-01 17:50:00,453.34411873547504,621.6509227563471
2025-08-01 19:55:00,560.3509621491241,2025-08-01 17:55:00,455.92321503013414,625.1875244793923
2025-08-01 20:00:00,562.0140207242316,2025-08-01 18:00:00,457.27634380756746,627.043010672631
2025-08-01 20:05:00,562.0032203973709,2025-08-01 18:05:00,457.26755624391836,627.0309606717035
2025-08-01 20:10:00,560.2074515772499,2025-08-01 18:10:00,455.8064492784189,625.0274087211851
2025-08-01 20:15:00,556.5751064216325,2025-08-01 18:15:00,452.8510327746323,620.974775587148
2025-08-01 20:20:00,551.11542898455,2025-08-01 18:20:00,448.408828052443,614.8833749259366
2025-08-01 20:25:00,543.8976388195941,2025-08-01 18:25:00,442.5361548178001,606.830435482175
2025-08-01 20:30:00,535.0478587266543,2025-08-01 18:30:00,435.3356314586397,596.9566733541112
2025-08-01 20:35:00,524.7439606386145,2025-08-01 18:35:00,426.95198145896,585.4605415130184
2025-08-01 20:40:00,513.2085228769561,2025-08-01 18:40:00,417.5663031495942,572.590372163549
2025-08-01 20:45:00,500.7001651427854,2025-08-01 18:45:00,407.38901952178014,558.6347091320511
2025-08-01 20:50:00,487.5035904994641,2025-08-01 18:50:00,396.6517759990912,543.9111976362861
2025-08-01 20:55:00,473.91871477510375,2025-08-01 18:55:00,385.5985956988727,528.7544558830476
2025-08-01 21:00:00,460.2493000179958,2025-08-01 19:00:00,374.4766311719652,513.5033933341372
2025-08-01 21:05:00,446.7915295431577,2025-08-01 19:05:00,363.5268686187015,498.4884638051382
2025-08-01 21:10:00,433.822965494692,2025-08-01 19:10:00,352.9751433345622,484.0193453397808
2025-08-01 21:15:00,421.5923162139278,2025-08-01 19:15:00,343.02381404513727,470.37352359033633
2025-08-01 21:20:00,410.310410636921,2025-08-01 19:20:00,333.84441932685627,457.78622188918916
2025-08-01 21:25:00,400.142730066169,2025-08-01 19:25:00,325.57160116761304,446.4420688938134
2025-08-01 21:30:00,391.20378790718297,2025-08-01 19:30:00,318.2985321030707,436.46882801918866
2025-08-01 21:35:00,383.55357538837615,2025-08-01 19:35:00,312.0740233168969,427.9334319023863
2025-08-01 21:40:00,377.19621048841213,2025-08-01 19:40:00,306.90142535579986,420.8404750012738
2025-08-01 21:45:00,372.08083989401376,2025-08-01 19:45:00,302.73936199728627,415.1332199152095
2025-08-01 21:50:00,368.1047548332549,2025-08-01 19:50:00,299.5042654121357,410.6970737422441
2025-08-01 21:55:00,365.118593149968,2025-08-01 19:55:00,297.074608773335,407.3653920702627
2025-08-01 22:00:00,362.9334165418727,2025-08-01 20:00:00,295.29666457074023,404.92737510152983
2025-08-01 22:05:00,361.32937671420314,2025-08-01 20:05:00,293.99155572884115,403.13773654147286
2025-08-01 22:10:00,360.06561965118686,2025-08-01 20:10:00,292.9633141050959,401.7277538642945
2025-08-01 22:15:00,358.8910273413177,2025-08-01 20:15:00,292.00762037306174,400.4172529316947
2025-08-01 22:20:00,357.5553613687214,2025-08-01 20:20:00,290.9208708793214,398.92704097642974
2025-08-01 22:25:00,355.8203566010906,2025-08-01 20:25:00,289.50920389704845,396.99128390826155
2025-08-01 22:30:00,353.4703134915035,2025-08-01 20:30:00,287.59711793243605,394.3693242198767
2025-08-01 22:35:00,350.3217581244379,2025-08-01 20:35:00,285.0353315117483,390.85645876842386
2025-08-01 22:40:00,346.2317751257376,2025-08-01 20:40:00,281.7075631591533,386.2932358619916
2025-08-01 22:45:00,341.10467238104536,2025-08-01 20:45:00,277.53595406940605,380.5728911330169
2025-08-01 22:50:00,334.89670343740517,2025-08-01 20:50:00,272.48491043643656,373.64661635509214
2025-08-01 22:55:00,327.61865176027885,2025-08-01 20:55:00,266.56320610480765,365.526442716763
2025-08-01 23:00:00,319.33616779222774,2025-08-01 21:00:00,259.8242568136945,356.2856168802793
2025-08-01 23:05:00,310.1678410229578,2025-08-01 21:05:00,252.36455155850845,346.0564499765334
2025-08-01 23:10:00,300.28108153701976,2025-08-01 21:10:00,244.32030165881974,335.0257226187532
2025-08-01 23:15:00,289.88597461971784,2025-08-01 21:15:00,235.86244062804488,323.4278284429294
2025-08-01 23:20:00,279.22735558766215,2025-08-01 21:20:00,227.19017594906865,311.53593194031134
2025-08-01 23:25:00,268.575424207632,2025-08-01 21:25:00,218.5233526024331,299.6514968982722
2025-08-01 23:30:00,258.2152789853786,2025-08-01 21:30:00,210.09393775893392,288.0926097324393
2025-08-01 23:35:00,248.4357959269471,2025-08-01 21:35:00,202.13697210970528,277.1815714421868
2025-08-01 23:40:00,239.51830394095572,2025-08-01 21:40:00,194.88135573552182,267.2322626770078
2025-08-01 23:45:00,231.7255182413332,2025-08-01 21:45:00,188.5408438952526,258.53779665582005
2025-08-01 23:50:00,225.2911831882085,2025-08-01 21:50:00,183.30562004063378,251.35896361142622
2025-08-01 23:55:00,220.4108479249365,2025-08-01 21:55:00,179.33479051778957,245.91393910362046
2025-08-02 00:00:00,217.23415253655793,2025-08-01 22:00:00,176.75010828741355,242.3696776317236
2025-08-02 00:05:00,215.85894144496393,2025-08-01 22:05:00,175.6311833554032,240.83534490800918
2025-08-02 00:10:00,216.32744669225707,2025-08-01 22:10:00,176.01237734458658,241.35805952000416
2025-08-02 00:15:00,218.62469976015797,2025-08-01 22:15:00,177.88151128956676,243.92112098618836
2025-08-02 00:20:00,222.67924003138472,2025-08-01 22:20:00,181.18044206830058,248.44480019135705
2025-08-02 00:25:00,228.36609450092453,2025-08-01 22:25:00,185.80748681043323,254.78966387152323
2025-08-02 00:30:00,235.51191111491175,2025-08-01 22:30:00,191.62159958034718,262.76230191634465
2025-08-02 00:35:00,243.90204025852165,2025-08-01 22:35:00,198.4481331495974,272.12322823516115
2025-08-02 00:40:00,253.2892798774534,2025-08-01 22:40:00,206.08595436597756,282.59663775077286
2025-08-02 00:45:00,263.4039317751126,2025-08-01 22:45:00,214.31562634584682,293.88162628120295
2025-08-02 00:50:00,273.9647637114438,2025-08-01 22:50:00,222.9083276617119,305.6644210307562
2025-08-02 00:55:00,284.6904347116593,2025-08-01 22:55:00,231.63514841529584,317.6311278876289
2025-08-02 01:00:00,295.3109227060127,2025-08-01 23:00:00,240.27638820723527,329.48048132228206
2025-08-02 01:05:00,305.57849306683,2025-08-01 23:05:00,248.6304805630295,340.93608206164333
2025-08-02 01:10:00,315.27776607767777,2025-08-01 23:10:00,256.5221842153271,351.75762943553354
2025-08-02 01:15:00,324.23447713313016,2025-08-01 23:15:00,263.8097107412672,361.75069519339206
2025-08-02 01:20:00,332.32257722373436,2025-08-01 23:20:00,270.39050179166685,370.77464556548176
2025-08-02 01:25:00,339.4693879581229,2025-08-01 23:25:00,276.2054234163881,378.7483927574533
2025-08-02 01:30:00,345.6586041355746,2025-08-01 23:30:00,281.2412090735016,385.65374494174927
2025-08-02 01:35:00,350.931023490976,2025-08-01 23:35:00,285.5310533780108,391.5362204392097
2025-08-02 01:40:00,355.38297448002885,2025-08-01 23:40:00,289.15333288709,396.50329358792834
2025-08-02 01:45:00,359.162505273324,2025-08-01 23:45:00,292.228505318267,400.7201427770353
2025-08-02 01:50:00,362.46348585840343,2025-08-01 23:50:00,294.91431079155353,404.40307012032974
2025-08-02 01:55:00,365.51785849829696,2025-08-01 23:55:00,297.3994665027875,407.8108552381581
2025-08-02 02:00:00,368.5863438697349,2025-08-02 00:00:00,299.8961048782323,411.2343860302048
2025-08-02 02:05:00,371.9479708608404,2025-08-02 00:05:00,302.63125461303196,414.9849769968588
2025-08-02 02:10:00,375.88884260298295,2025-08-02 00:10:00,305.8377002802402,419.3818354216422
2025-08-02 02:15:00,380.6905795847116,2025-08-02 00:15:00,309.74457920134074,424.73916727183575
2025-08-02 02:20:00,386.6188909107963,2025-08-02 00:20:00,314.5680825805833,431.35342607150517
2025-08-02 02:25:00,393.9127169705371,2025-08-02 00:25:00,320.50262155999985,439.49119929988245
2025-08-02 02:30:00,402.7743611345951,2025-08-02 00:30:00,327.7127979862788,449.37819825585154
2025-08-02 02:35:00,413.36098612656593,2025-08-02 00:35:00,336.3264855297888,461.18977049967776
2025-08-02 02:40:00,425.7777943012615,2025-08-02 00:40:00,346.42928089522815,475.0432910413406
2025-08-02 02:45:00,440.07314198234315,2025-08-02 00:45:00,358.06052865776485,490.9927113725387
2025-08-02 02:50:00,456.23575998379323,2025-08-02 00:50:00,371.21105977180616,509.0254583828731
2025-08-02 02:55:00,474.1941687342036,2025-08-02 00:55:00,385.82271569349876,529.0617818098867
2025-08-02 03:00:00,493.81828923950457,2025-08-02 01:00:00,401.78965912231104,550.9565516015541
2025-08-02 03:05:00,514.9231662369857,2025-08-02 01:05:00,418.96140330314176,574.5034118655076
2025-08-02 03:10:00,537.2746379924563,2025-08-02 01:10:00,437.1474251925758,599.4411067017572
2025-08-02 03:15:00,560.5967148616581,2025-08-02 01:15:00,456.12316894182396,625.4617125157508
2025-08-02 03:20:00,584.580364553247,2025-08-02 01:20:00,475.63719392646505,652.2204397983052
2025-08-02 03:25:00,608.8933536900605,2025-08-02 01:25:00,495.4191822213272,679.3466134249932
2025-08-02 03:30:00,633.190759058416,2025-08-02 01:30:00,515.1884909594517,706.455400131193
2025-08-02 03:35:00,657.1257433692218,2025-08-02 01:35:00,534.6629199080974,733.1598311048361
2025-08-02 03:40:00,680.3601880786664,2025-08-02 01:40:00,553.5673627428912,759.0826650995161
2025-08-02 03:45:00,702.5747889150301,2025-08-02 01:45:00,571.6420211588978,783.8676520850262
2025-08-02 03:50:00,723.4782500279042,2025-08-02 01:50:00,588.6498855860185,807.1897912245519
2025-08-02 03:55:00,742.8152551055864,2025-08-02 01:55:00,604.3832207983968,828.764224306625
2025-08-02 04:00:00,760.3729499180199,2025-08-02 02:00:00,618.6688403620735,848.3534683640462
2025-08-02 04:05:00,775.9857346431406,2025-08-02 02:05:00,631.3720058570515,865.7727625062239
2025-08-02 04:10:00,789.5382369949184,2025-08-02 02:10:00,642.3988459292589,880.8933850591201
2025-08-02 04:15:00,800.9664111372133,2025-08-02 02:15:00,651.6972504093653,893.6438796311975
2025-08-02 04:20:00,810.2567833259938,2025-08-02 02:20:00,659.2562565381137,904.009213471117
2025-08-02 04:25:00,817.4439381617607,2025-08-02 02:25:00,665.1040036840715,912.0279728618209
2025-08-02 04:30:00,822.6064059841747,2025-08-02 02:30:00,669.3043871688387,917.7877746576829
2025-08-02 04:35:00,825.8611713116874,2025-08-02 02:35:00,671.95259012114,921.419139311836
2025-08-02 04:40:00,827.357070047357,2025-08-02 02:40:00,673.1697111881053,923.0881240920856
2025-08-02 04:45:00,827.2673796294519,2025-08-02 02:45:00,673.0967355952165,922.9880558596255
2025-08-02 04:50:00,825.7819284597632,2025-08-02 02:50:00,671.888115072005,921.3307275024994
2025-08-02 04:55:00,823.0990595952296,2025-08-02 02:55:00,669.7052292007448,918.3374317696115
2025-08-02 05:00:00,819.4177777905463,2025-08-02 03:00:00,666.7099959465963,914.2301996707247
2025-08-02 05:05:00,814.9303899774458,2025-08-02 03:05:00,663.0588836669116,909.2235894072364
2025-08-02 05:10:00,809.8159174480405,2025-08-02 03:10:00,658.8975510088101,903.5173362986252
2025-08-02 05:15:00,804.2345160182313,2025-08-02 03:15:00,654.3563069383213,897.290127319372
2025-08-02 05:20:00,798.3230893128845,2025-08-02 03:20:00,649.5465415395435,890.6947068102633
2025-08-02 05:25:00,792.1922233124947,2025-08-02 03:25:00,644.5582318432486,883.8544563304604
2025-08-02 05:30:00,785.9245094739952,2025-08-02 03:30:00,639.4585774531182,876.8615237515494
2025-08-02 05:35:00,779.5742620909605,2025-08-02 03:35:00,634.291770579073,869.7765079143237
2025-08-02 05:40:00,773.1685753541293,2025-08-02 03:40:00,629.0798561025977,862.6296379986721
2025-08-02 05:45:00,766.709610022368,2025-08-02 03:45:00,623.8245921006754,855.4233247785168
2025-08-02 05:50:00,760.1779501880651,2025-08-02 03:50:00,618.5101810399408,848.1359057886613
2025-08-02 05:55:00,753.5368298540909,2025-08-02 03:55:00,613.1067086831615,840.7263609465447
2025-08-02 06:00:00,746.7369982217389,2025-08-02 04:00:00,607.5741026756778,833.1397407883455
2025-08-02 06:05:00,739.7219727669319,2025-08-02 04:05:00,601.866406651373,825.3130273631913
2025-08-02 06:10:00,732.4334208241955,2025-08-02 04:10:00,595.9361588975339,817.1811385043903
2025-08-02 06:15:00,724.8164139768619,2025-08-02 04:15:00,589.7386675299385,808.6827901896786
2025-08-02 06:20:00,716.8243136875512,2025-08-02 04:20:00,583.2359856307754,799.7659474736391
2025-08-02 06:25:00,708.4230715013719,2025-08-02 04:25:00,576.4004100602808,790.3926222547711
2025-08-02 06:30:00,699.5947602276761,2025-08-02 04:30:00,569.217354562789,780.5428130399054
2025-08-02 06:35:00,690.340193187161,2025-08-02 04:35:00,561.687480887475,770.2174272566854
2025-08-02 06:40:00,680.6805339880693,2025-08-02 04:40:00,553.8280085645323,759.4400772922401
2025-08-02 06:45:00,670.6578475431727,2025-08-02 04:45:00,545.6731632339016,748.2576952667221
2025-08-02 06:50:00,660.3345924903085,2025-08-02 04:50:00,537.2737636589878,736.7399667233169
2025-08-02 06:55:00,649.792102288111,2025-08-02 04:55:00,528.6959858874018,724.977635976027
2025-08-02 07:00:00,639.1281465398619,2025-08-02 05:00:00,520.0193790497268,713.0797852614753
2025-08-02 07:05:00,628.4537027064031,2025-08-02 05:05:00,511.3342387002864,701.1702329162107
2025-08-02 07:10:00,617.8890996296744,2025-08-02 05:10:00,502.73846903874073,689.3832306786923
2025-08-02 07:15:00,607.5597179980607,2025-08-02 05:15:00,494.3340846424037,677.8586666681232
2025-08-02 07:20:00,597.5914473081156,2025-08-02 05:20:00,486.22351407459416,666.7369966845732
2025-08-02 07:25:00,588.1061036753989,2025-08-02 05:25:00,478.5058716383117,656.1541318281793
2025-08-02 07:30:00,579.2170090426356,2025-08-02 05:30:00,471.2733604490153,646.2365061904787
2025-08-02 07:35:00,571.0249189634347,2025-08-02 05:35:00,464.60795912195954,637.0965334539551
2025-08-02 07:40:00,563.6144654574047,2025-08-02 05:40:00,458.57852754153976,628.8286381603772
2025-08-02 07:45:00,557.0512535339201,2025-08-02 05:45:00,453.23844448073316,621.5060162818678
2025-08-02 07:50:00,551.3797170791615,2025-08-02 05:50:00,448.62386306786857,615.1782430189364
2025-08-02 07:55:00,546.6218030423665,2025-08-02 05:55:00,444.7526401896695,609.86980473779
2025-08-02 08:00:00,542.7765145376691,2025-08-02 06:00:00,441.6239647412395,605.5795892058301
2025-08-02 08:05:00,539.820304870866,2025-08-02 06:05:00,439.2186782214792,602.2813252100974
2025-08-02 08:10:00,537.708277678687,2025-08-02 06:10:00,437.5002512128126,599.9249215611281
2025-08-02 08:15:00,536.3761150413295,2025-08-02 06:15:00,436.41635216811824,598.4386183017224
2025-08-02 08:20:00,535.7426267268271,2025-08-02 06:20:00,435.9009215745412,597.7318309168816
2025-08-02 08:25:00,535.7127908899334,2025-08-02 06:25:00,435.87664598370884,597.6985428630219
2025-08-02 08:30:00,536.1811408194842,2025-08-02 06:30:00,436.2577136003699,598.2210841859152
2025-08-02 08:35:00,537.0353436168593,2025-08-02 06:35:00,436.95272603360166,599.1741242775145
2025-08-02 08:40:00,538.15981541022,2025-08-02 06:40:00,437.8676397749351,600.428705396001
2025-08-02 08:45:00,539.4392238388564,2025-08-02 06:45:00,438.9086159550837,601.8561504122985
2025-08-02 08:50:00,540.761741532895,2025-08-02 06:50:00,439.98466750086453,603.3316927403514
2025-08-02 08:55:00,542.0219324984556,2025-08-02 06:55:00,441.01000760979684,604.7376966974223
2025-08-02 09:00:00,543.123177356356,2025-08-02 07:00:00,441.9060230181111,605.9663633600364
2025-08-02 09:05:00,543.9795698471952,2025-08-02 07:05:00,442.60281707063416,606.9218465080925
2025-08-02 09:10:00,544.5172464115415,2025-08-02 07:10:00,443.0402915186532,607.5217360468647
2025-08-02 09:15:00,544.6751400709161,2025-08-02 07:15:00,443.1687599066414,607.697899117339
2025-08-02 09:20:00,544.4051787988793,2025-08-02 07:20:00,442.9491089746459,607.3967014202339
2025-08-02 09:25:00,543.6719751370088,2025-08-02 07:25:00,442.3525461178431,606.5786609183563
2025-08-02 09:30:00,542.4520766892575,2025-08-02 07:30:00,441.3599895597605,605.2176116078656
2025-08-02 09:35:00,540.7328660730435,2025-08-02 07:35:00,439.96117330993735,603.2994761859378
2025-08-02 09:40:00,538.5112117025536,2025-08-02 07:40:00,438.1535493890384,600.8207607201728
2025-08-02 09:45:00,535.7919786394709,2025-08-02 07:45:00,435.9410761994109,597.7868931942368
2025-08-02 09:50:00,532.5865097373487,2025-08-02 07:50:00,433.3329827254039,594.2105289099186
2025-08-02 09:55:00,528.9111829477034,2025-08-02 07:55:00,430.3425947018075,590.1099408633514
2025-08-02 10:00:00,524.7861402262585,2025-08-02 08:00:00,426.9863004028118,585.5076015767355
2025-08-02 10:05:00,520.2342685468403,2025-08-02 08:05:00,423.28272155550246,580.4290462083485
2025-08-02 10:10:00,515.280493870639,2025-08-02 08:10:00,419.25213888594425,574.9020848290642
2025-08-02 10:15:00,509.95142691073045,2025-08-02 08:15:00,414.9162038994959,568.9564071993299
2025-08-02 10:20:00,504.27537510992846,2025-08-02 08:20:00,410.2979486264541,562.62359613294
2025-08-02 10:25:00,498.2827105965433,2025-08-02 08:25:00,405.4220850050895,555.9375380278739
2025-08-02 10:30:00,492.0065595893095,2025-08-02 08:30:00,400.31556580815965,548.9351920402406
2025-08-02 10:35:00,485.4837566598567,2025-08-02 08:35:00,395.00836106776217,541.6576547616551
2025-08-02 10:40:00,478.7559879378164,2025-08-02 08:40:00,389.53438823122497,534.1514357012461
2025-08-02 10:45:00,471.8710322057308,2025-08-02 08:45:00,383.93252196392433,526.4698419840083
2025-08-02 10:50:00,464.8839982978019,2025-08-02 08:50:00,378.2476009447654,518.6743589253228
2025-08-02 10:55:00,457.8584520649657,2025-08-02 08:55:00,372.5313448085529,510.8359073938459
2025-08-02 11:00:00,450.8673265334435,2025-08-02 09:00:00,366.84309468619006,503.03585928183094
2025-08-02 11:05:00,443.9935147673359,2025-08-02 09:05:00,361.25029558061505,495.36669896611
2025-08-02 11:10:00,437.33005638356934,2025-08-02 09:10:00,355.8286481225745,487.9322314041362
2025-08-02 11:15:00,430.97984446141857,2025-08-02 09:15:00,350.66187010087606,480.84725513086903
2025-08-02 11:20:00,425.0548001395544,2025-08-02 09:20:00,345.8410248826226,474.2366413508732
2025-08-02 11:25:00,419.67448542512864,2025-08-02 09:25:00,341.4633927410325,468.23378623962105
2025-08-02 11:30:00,414.9641501772426,2025-08-02 09:30:00,337.6308818056547,462.97843194916084
2025-08-02 11:35:00,411.05223641400016,2025-08-02 09:35:00,334.44799747006317,458.6138821458761
2025-08-02 11:40:00,408.06738887892493,2025-08-02 09:40:00,332.01941007307374,455.2836666783322
2025-08-02 11:45:00,406.13504653283064,2025-08-02 09:45:00,330.4471816047023,453.12773868069297
2025-08-02 11:50:00,405.3737120751556,2025-08-02 09:50:00,329.82773044444167,452.27831245133626
2025-08-02 11:55:00,405.8910161730646,2025-08-02 09:55:00,330.24862906583843,452.85547228547733
2025-08-02 12:00:00,407.779707939255,2025-08-02 10:00:00,331.7853417341631,454.96269902295006
2025-08-02 12:05:00,411.1137135259586,2025-08-02 10:05:00,334.49801762605136,458.68247259370906
2025-08-02 12:10:00,415.94440934818874,2025-08-02 10:10:00,338.4284585798008,464.072114026696
2025-08-02 12:15:00,422.2972556561964,2025-08-02 10:15:00,343.59738003972035,471.1600295028621
2025-08-02 12:20:00,430.16892965611555,2025-08-02 10:20:00,350.0020784522077,479.9425117576326
2025-08-02 12:25:00,439.5250855361039,2025-08-02 10:25:00,357.61460873638373,490.38124092625776
2025-08-02 12:30:00,450.29885179614007,2025-08-02 10:30:00,366.3805616534979,502.401608004059
2025-08-02 12:35:00,462.3901552878757,2025-08-02 10:35:00,376.21851381960863,515.8919606729199
2025-08-02 12:40:00,475.6659362750354,2025-08-02 10:40:00,387.020202687042,530.7038432456925
2025-08-02 12:45:00,489.9612917564758,2025-08-02 10:45:00,398.6514567962524,546.653272279806
2025-08-02 12:50:00,505.0815547039725,2025-08-02 10:50:00,410.95388752410236,563.5230563975447
2025-08-02 12:55:00,520.8052876095838,2025-08-02 10:55:00,423.7473247497774,581.0661362079766
2025-08-02 13:00:00,536.8881388526066,2025-08-02 11:00:00,436.83295454409006,599.00988688279
2025-08-02 13:05:00,553.067482541635,2025-08-02 11:05:00,449.99709432443046,617.0612948608368
2025-08-02 13:10:00,569.0677369103341,2025-08-02 11:10:00,463.01552010726317,634.9128916198435
2025-08-02 13:15:00,584.6062335020341,2025-08-02 11:15:00,475.65824190370995,652.2493019670986
2025-08-02 13:20:00,599.3994906426652,2025-08-02 11:20:00,487.69460805976394,668.7542433974962
2025-08-02 13:25:00,613.1697302945623,2025-08-02 11:25:00,498.89860762059203,684.1177969933343
2025-08-02 13:30:00,625.6514678245103,2025-08-02 11:30:00,509.0542320206831,698.0437596750456
2025-08-02 13:35:00,636.5979992632416,2025-08-02 11:35:00,517.960753369078,710.2568820824182
2025-08-02 13:40:00,645.78761114674,2025-08-02 11:40:00,525.4377770164269,720.5097969383792
2025-08-02 13:45:00,653.029343376968,2025-08-02 11:45:00,531.3299304413624,728.5894487133929
2025-08-02 13:50:00,658.1681451535771,2025-08-02 11:50:00,535.511058315951,734.322846134871
2025-08-02 13:55:00,661.0892789237371,2025-08-02 11:55:00,537.8878057296014,737.5819757050875
2025-08-02 14:00:00,661.7218449367136,2025-08-02 12:00:00,538.4024859029859,738.2877340716045
2025-08-02 14:05:00,660.0413208360523,2025-08-02 12:05:00,537.0351464984624,736.412761468201
2025-08-02 14:10:00,656.0710348459985,2025-08-02 12:10:00,533.8047682615232,731.983085359362
2025-08-02 14:15:00,649.8825173701534,2025-08-02 12:15:00,528.76955109506,725.0785127213812
2025-08-02 14:20:00,641.5947033782672,2025-08-02 12:20:00,522.0262650904098,715.8317401396754
2025-08-02 14:25:00,631.3719864873533,2025-08-02 12:25:00,513.7086672524891,704.4261827333453
2025-08-02 14:30:00,619.4211536463736,2025-08-02 12:30:00,503.9850074406993,691.0925541612384
2025-08-02 14:35:00,605.9872573993421,2025-08-02 12:35:00,493.0546698825425,676.1042612767524
2025-08-02 14:40:00,591.3485090635681,2025-08-02 12:40:00,481.14401806592815,659.7717064107472
2025-08-02 14:45:00,575.810300610701,2025-08-02 12:45:00,468.5015307103799,642.4356175420222
2025-08-02 14:50:00,559.6984861119948,2025-08-02 12:50:00,455.39233529105564,624.4595523583657
2025-08-02 14:55:00,543.352072527731,2025-08-02 12:55:00,442.092260982329,606.2217433187116
2025-08-02 15:00:00,527.1154867123195,2025-08-02 13:00:00,428.88154679405733,588.1064698961366
2025-08-02 15:05:00,511.3305980488094,2025-08-02 13:05:00,416.0383508784858,570.495158174865
2025-08-02 15:10:00,496.3286856419267,2025-08-02 13:10:00,403.83221472782424,553.7574185908296
2025-08-02 15:15:00,482.42254351575656,2025-08-02 13:15:00,392.51763965774126,538.2422376449902
2025-08-02 15:20:00,469.89891886662053,2025-08-02 13:20:00,382.3279342774457,524.2695412086829
2025-08-02 15:25:00,459.01147361454133,2025-08-02 13:25:00,373.4694877357379,512.1223416768993
2025-08-02 15:30:00,449.97445241668635,2025-08-02 13:30:00,366.1166177718508,502.03967332618237
2025-08-02 15:35:00,442.9572270549957,2025-08-02 13:35:00,360.4071318182217,494.21050544938686
2025-08-02 15:40:00,438.0798701801857,2025-08-02 13:40:00,356.43872562742285,488.7688039506152
2025-08-02 15:45:00,435.40989042394494,2025-08-02 13:45:00,354.2663268331709,485.7898886868452
2025-08-02 15:50:00,434.9602352602939,2025-08-02 13:50:00,353.9004700010877,485.288205246249
2025-08-02 15:55:00,436.688639698865,2025-08-02 13:55:00,355.3067667003623,487.21659828068783
2025-08-02 16:00:00,440.4983667466619,2025-08-02 14:00:00,358.40650797207724,491.4671376441242
2025-08-02 16:05:00,446.2403515114335,2025-08-02 14:05:00,363.07840885463884,497.87351058389373
2025-08-02 16:10:00,453.71672475332,2025-08-02 14:10:00,369.161475281674,506.21495299215195
2025-08-02 16:15:00,462.6856547335596,2025-08-02 14:15:00,376.458943597402,516.2216514906596
2025-08-02 16:20:00,472.8674093865563,2025-08-02 14:20:00,384.74321297429105,527.581507038957
2025-08-02 16:25:00,483.9515049353613,2025-08-02 14:25:00,393.761661803094,539.9481106951248
2025-08-02 16:30:00,495.6047730216391,2025-08-02 14:30:00,403.24321142179514,552.9497441696398
2025-08-02 16:35:00,507.48014821945014,2025-08-02 14:35:00,412.9054759766907,566.1991841165416
2025-08-02 16:40:00,519.2259505526021,2025-08-02 14:40:00,422.4623150375183,579.3040587035745
2025-08-02 16:45:00,530.4954172754537,2025-08-02 14:45:00,431.6315890229715,591.877482287324
2025-08-02 16:50:00,540.9562220808003,2025-08-02 14:50:00,440.14290439640183,603.5486760606584
2025-08-02 16:55:00,550.2997127604353,2025-08-02 14:55:00,447.745129783729,613.9732745758345
2025-08-02 17:00:00,558.2495971557349,2025-08-02 15:00:00,454.21346319877597,622.8430167208868
2025-08-02 17:05:00,564.5698151313455,2025-08-02 15:05:00,459.3558369855185,629.8945285362455
2025-08-02 17:10:00,569.0713502544604,2025-08-02 15:10:00,463.01846006379463,634.9169230533951
2025-08-02 17:15:00,571.6177586913454,2025-08-02 15:15:00,465.09031645335415,637.7579689237614
2025-08-02 17:20:00,572.1292251233635,2025-08-02 15:20:00,465.50646532400356,638.3286156328547
2025-08-02 17:25:00,570.5849944144131,2025-08-02 15:25:00,464.2500194942817,636.6057065287979
2025-08-02 17:30:00,567.0240735047946,2025-08-02 15:30:00,461.3527165194556,632.6327619302681
2025-08-02 17:35:00,561.5441484963328,2025-08-02 15:35:00,456.8940375900937,626.5187709107234
2025-08-02 17:40:00,554.2987162935932,2025-08-02 15:40:00,450.99887372442197,618.4349910502572
2025-08-02 17:45:00,545.4924864004447,2025-08-02 15:45:00,443.83378449216644,608.6098181875598
2025-08-02 17:50:00,535.3751649949816,2025-08-02 15:50:00,435.6019404975016,597.3218512684264
2025-08-02 17:55:00,524.2337880290197,2025-08-02 15:55:00,426.5368852922743,584.891338330737
2025-08-02 18:00:00,512.3838214622924,2025-08-02 16:00:00,416.89529418233684,571.6702469729171
2025-08-02 18:05:00,500.15929168661694,2025-08-02 16:05:00,406.94894395893107,558.0312527985031
2025-08-02 18:10:00,487.9022476029942,2025-08-02 16:10:00,396.9761388370507,544.3559821811654
2025-08-02 18:15:00,475.9518844801704,2025-08-02 16:15:00,387.2528612061195,531.0228776769212
2025-08-02 18:20:00,464.63367873596974,2025-08-02 16:20:00,378.04393126785834,518.395075622961
2025-08-02 18:25:00,454.2488891643161,2025-08-02 16:25:00,369.5944648285383,506.80869258251624
2025-08-02 18:30:00,445.064776052335,2025-08-02 16:30:00,362.12191519436726,496.56191274475776
2025-08-02 18:35:00,437.3058717686721,2025-08-02 16:35:00,355.808970584526,487.90524845855487
2025-08-02 18:40:00,431.14660738292605,2025-08-02 16:40:00,350.79755486356464,481.03331369972085
2025-08-02 18:45:00,426.7055590270079,2025-08-02 16:45:00,347.1841461584759,476.07840469576195
2025-08-02 18:50:00,424.0415267055065,2025-08-02 16:50:00,345.0165864271519,473.10612502691873
2025-08-02 18:55:00,423.1515986201981,2025-08-02 16:55:00,344.2925065179406,472.1132259793562
2025-08-02 19:00:00,423.9712873429869,2025-08-02 17:00:00,344.95943696521687,473.02775847427426
2025-08-02 19:05:00,426.37675339227593,2025-08-02 17:05:00,346.91661717711736,475.7115539277637
2025-08-02 19:10:00,430.189058427996,2025-08-02 17:10:00,350.01845599951326,479.96496957052625
2025-08-02 19:15:00,435.1803179652172,2025-08-02 17:15:00,354.079537801768,485.53375307388905
2025-08-02 19:20:00,441.08155429604597,2025-08-02 17:20:00,358.88101191771335,492.11780411020516
2025-08-02 19:25:00,447.59198716331366,2025-08-02 17:25:00,364.1781518970904,499.38154002307965
2025-08-02 19:30:00,454.3894448736803,2025-08-02 17:30:00,369.70882638983267,506.9655115797601
2025-08-02 19:35:00,461.141534732944,2025-08-02 17:35:00,375.2025878442631,514.4988659046735
2025-08-02 19:40:00,467.5171799887893,2025-08-02 17:40:00,380.39005940991916,521.6122183278999
2025-08-02 19:45:00,473.1981133356427,2025-08-02 17:45:00,385.0122864976278,527.9504757696824
2025-08-02 19:50:00,477.88991401246926,2025-08-02 17:50:00,388.82971698914554,533.1851509083598
2025-08-02 19:55:00,481.3321892192986,2025-08-02 17:55:00,391.63048523142163,537.0257216586633
2025-08-02 20:00:00,483.30752743673304,2025-08-02 18:00:00,393.2376968036308,539.2296204535024
2025-08-02 20:05:00,483.64889449144454,2025-08-02 18:05:00,393.5154462421122,539.610486086454
2025-08-02 20:10:00,482.2451976295306,2025-08-02 18:10:00,392.3733441856493,538.0443715876875
2025-08-02 20:15:00,479.044809424657,2025-08-02 18:15:00,389.7693845634256,534.4736758731586
2025-08-02 20:20:00,474.05691798353496,2025-08-02 18:20:00,385.71104317442223,528.9086501783921
2025-08-02 20:25:00,467.3506507147196,2025-08-02 18:25:00,380.2545647518226,521.4264204411439
2025-08-02 20:30:00,459.05200220291897,2025-08-02 18:30:00,373.5024633627323,512.1675597090791
2025-08-02 20:35:00,449.3386802607448,2025-08-02 18:35:00,365.5993289565488,501.33033784332434
2025-08-02 20:40:00,438.43306346094255,2025-08-02 18:40:00,356.72609734080777,489.1628641874572
2025-08-02 20:45:00,426.5935362454954,2025-08-02 18:45:00,347.09300009082585,475.9534200875612
2025-08-02 20:50:00,414.1045313077477,2025-08-02 18:50:00,336.9314626466735,462.01934910766084
2025-08-02 20:55:00,401.2656591837737,2025-08-02 18:55:00,326.4852597282868,447.69492883806794
2025-08-02 21:00:00,388.38034211387003,2025-08-02 19:00:00,316.0012674055793,433.3186896144056
2025-08-02 21:05:00,375.7443894373547,2025-08-02 19:05:00,305.72016759779075,419.220668004929
2025-08-02 21:10:00,363.634955487557,2025-08-02 19:10:00,295.8674637897842,405.71008705600946
2025-08-02 21:15:00,352.3003074100857,2025-08-02 19:15:00,286.64515573324763,393.0639401747383
2025-08-02 21:20:00,341.9508000143434,2025-08-02 19:20:00,278.2243962368283,381.51692170704564
2025-08-02 21:25:00,332.7514079816313,2025-08-02 19:25:00,270.7394150818204,371.25309506956035
2025-08-02 21:30:00,324.8161060983213,2025-08-02 19:30:00,264.2829465625239,362.3996227360856
2025-08-02 21:35:00,318.2043155318549,2025-08-02 19:35:00,258.90333803895174,355.02280132264207
2025-08-02 21:40:00,312.9195532659517,2025-08-02 19:40:00,254.60345106508177,349.1265547527953
2025-08-02 21:45:00,308.9103346311796,2025-08-02 19:45:00,251.34139572263447,344.6534412173842
2025-08-02 21:50:00,306.07328977454193,2025-08-02 19:50:00,249.03306630126244,341.4881302416421
2025-08-02 21:55:00,304.2583662805018,2025-08-02 19:55:00,247.556374352233,339.4632072862025
2025-08-02 22:00:00,303.2759071291121,2025-08-02 20:00:00,246.7570075889113,338.36707067495496
2025-08-02 22:05:00,302.905317455208,2025-08-02 20:05:00,246.45548149723595,337.9536011594621
2025-08-02 22:10:00,302.9049695761219,2025-08-02 20:10:00,246.4551984493569,337.9532130283098
2025-08-02 22:15:00,303.0229453066269,2025-08-02 20:15:00,246.55118806654446,338.08483938372854
2025-08-02 22:20:00,303.0081804325462,2025-08-02 20:20:00,246.53917479394372,338.0683661094785
2025-08-02 22:25:00,302.6215590222544,2025-08-02 20:25:00,246.2246046614973,337.6370098725158
2025-08-02 22:30:00,301.6465065574521,2025-08-02 20:30:00,245.43126426484525,336.54913695378406
2025-08-02 22:35:00,299.89865079032336,2025-08-02 20:35:00,244.00914121235334,334.5990419347495
2025-08-02 22:40:00,297.2341553518538,2025-08-02 20:40:00,241.84120467115247,331.6262455630354
2025-08-02 22:45:00,293.5563854464502,2025-08-02 20:45:00,238.84882883408474,327.52293171496854
2025-08-02 22:50:00,288.82063097582983,2025-08-02 20:50:00,234.9956358359723,322.2392170182471
2025-08-02 22:55:00,283.0366916989652,2025-08-02 20:55:00,230.2895991397323,315.78603513314164
2025-08-02 23:00:00,276.2692151330071,2025-08-02 21:00:00,224.78331846563648,308.23551375094104
2025-08-02 23:05:00,268.6357695727621,2025-08-02 21:05:00,218.5724519254302,299.7188246481788
2025-08-02 23:10:00,260.30272642675436,2025-08-02 21:10:00,211.79236573169646,290.4215895799072
2025-08-02 23:15:00,251.47911588249343,2025-08-02 21:15:00,204.61313492947892,280.57702500205846
2025-08-02 23:20:00,242.40870250675636,2025-08-02 21:20:00,197.23309579818564,270.4571007627338
2025-08-02 23:25:00,233.36060068829613,2025-08-02 21:25:00,189.87121021281823,260.3620696853797
2025-08-02 23:30:00,224.61880987356102,2025-08-02 21:30:00,182.75855110701616,250.60879195740023
2025-08-02 23:35:00,216.4710942195769,2025-08-02 21:35:00,176.12925452854932,241.51832808036897
2025-08-02 23:40:00,209.19765903813385,2025-08-02 21:40:00,170.21130635635666,233.40330509886553
2025-08-02 23:45:00,203.060085105678,2025-08-02 21:45:00,165.21753882709575,226.55557053189938
2025-08-02 23:50:00,198.2909724968128,2025-08-02 21:50:00,161.33720435754248,221.2346379248337
2025-08-02 23:55:00,195.08471720817863,2025-08-02 21:55:00,158.72847104905495,217.65739626353232
2025-08-03 00:00:00,193.58979831647918,2025-08-02 22:00:00,157.51214722104032,215.98950470211776
2025-08-03 00:05:00,193.90289235178386,2025-08-02 22:05:00,157.7668926374404,216.33882592771297
2025-08-03 00:10:00,196.0650575657578,2025-08-02 22:10:00,159.5261138797856,218.75116892156703
2025-08-03 00:15:00,200.0601467806507,2025-08-02 22:15:00,162.77667297974745,223.20851816346683
2025-08-03 00:20:00,205.815516808388,2025-08-02 22:20:00,167.4594646299485,229.62982513562545
2025-08-03 00:25:00,213.20500920189198,2025-08-02 22:25:00,173.47184143852166,237.87433396797508
2025-08-03 00:30:00,222.05408457429456,2025-08-02 22:30:00,180.67179140979715,247.7473098343601
2025-08-03 00:35:00,232.14690509047563,2025-08-02 22:35:00,188.8837005333417,259.00794093834816
2025-08-03 00:40:00,243.23508056460935,2025-08-02 22:40:00,197.90546894718796,271.3790965960089
2025-08-03 00:45:00,255.04772579809844,2025-08-02 22:45:00,207.51669397695684,284.55854827885076
2025-08-03 00:50:00,267.30242362975247,2025-08-02 22:50:00,217.48759009749142,298.2312011663028
2025-08-03 00:55:00,279.7166512867894,2025-08-02 22:55:00,227.58828585395918,312.0818426061957
2025-08-03 01:00:00,292.0192088949085,2025-08-02 23:00:00,237.5981225396583,325.80789298413407
2025-08-03 01:05:00,303.96118915550227,2025-08-02 23:05:00,247.31457954966223,339.1316446698062
2025-08-03 01:10:00,315.3260456293068,2025-08-02 23:10:00,256.5614663258003,351.8114952721338
2025-08-03 01:15:00,325.9383539912606,2025-08-02 23:15:00,265.19605085246263,363.6517226331715
2025-08-03 01:20:00,335.67091345768074,2025-08-02 23:20:00,273.1148376524063,374.5104079405421
2025-08-03 01:25:00,344.44990272070476,2025-08-02 23:25:00,280.25776285442953,384.3051882398941
2025-08-03 01:30:00,352.25788350767533,2025-08-02 23:30:00,286.6106380054528,393.0166075273115
2025-08-03 01:35:00,359.1345311948967,2025-08-02 23:35:00,292.20574452612857,400.68893190024033
2025-08-03 01:40:00,365.17506355958335,2025-08-02 23:40:00,297.1205552826569,407.4283965049448
2025-08-03 01:45:00,370.5264306217848,2025-08-02 23:45:00,301.47463449481313,413.39895451624335
2025-08-03 01:50:00,375.3814177176643,2025-08-02 23:50:00,305.4248397682969,418.8156978947343
2025-08-03 01:55:00,379.97089673456526,2025-08-02 23:55:00,309.1590173998898,423.9362120350541
2025-08-03 02:00:00,384.55453319211074,2025-08-03 00:00:00,312.88844129922336,429.0502075906533
2025-08-03 02:05:00,389.4103168499985,2025-08-03 00:05:00,316.839294686365,434.4678396990005
2025-08-03 02:10:00,394.82332855957554,2025-08-03 00:10:00,321.24353036780457,440.5071750785797
2025-08-03 02:15:00,401.0741842313889,2025-08-03 00:15:00,326.32946830150985,447.4812988819024
2025-08-03 02:20:00,408.42760688133126,2025-08-03 00:20:00,332.31249737168196,455.68556444671225
2025-08-03 02:25:00,417.12157006336827,2025-08-03 00:25:00,339.38624206573155,465.3854805472332
2025-08-03 02:30:00,427.3574303143148,2025-08-03 00:30:00,347.7145338497095,476.8057020931422
2025-08-03 02:35:00,439.2914243488137,2025-08-03 00:35:00,357.424492957286,490.1205434899785
2025-08-03 02:40:00,453.02784998291594,2025-08-03 00:40:00,368.6009801254397,505.44637054744004
2025-08-03 02:45:00,468.6141811825765,2025-08-03 00:45:00,381.2826220089823,522.8361503045031
2025-08-03 02:50:00,486.03828933561977,2025-08-03 00:50:00,395.45955029995963,542.2763507829371
2025-08-03 02:55:00,505.2278589635165,2025-08-03 00:55:00,411.0729263281549,563.6862890928082
2025-08-03 03:00:00,526.0519994193492,2025-08-03 01:00:00,428.01625240088794,586.9199296152786
2025-08-03 03:05:00,548.324968549356,2025-08-03 01:05:00,446.1384015180642,611.7700385180793
2025-08-03 03:10:00,571.8118431757612,2025-08-03 01:10:00,465.2482310963181,637.9745103532368
2025-08-03 03:15:00,596.2358982039079,2025-08-03 01:15:00,485.1205868959716,665.224600978997
2025-08-03 03:20:00,621.2873924732538,2025-08-03 01:20:00,505.5034515292076,693.1747299958078
2025-08-03 03:25:00,646.6334107929413,2025-08-03 01:25:00,526.125952320862,721.4534615748885
2025-08-03 03:30:00,671.9283757159808,2025-08-03 01:30:00,546.706914094454,749.6752325188984
2025-08-03 03:35:00,696.8248238754522,2025-08-03 01:35:00,566.9636272161074,777.4523754963155
2025-08-03 03:40:00,720.9840390773768,2025-08-03 01:40:00,586.6204990901581,804.4069824582226
2025-08-03 03:45:00,744.0861484316293,2025-08-03 01:45:00,605.4172687617438,830.1821689628434
2025-08-03 03:50:00,765.839316839713,2025-08-03 01:50:00,623.1164879076656,854.4523325304646
2025-08-03 03:55:00,785.9877185320656,2025-08-03 01:55:00,639.5100067874482,876.9320465438868
2025-08-03 04:00:00,804.318019856415,2025-08-03 02:00:00,654.4242488906757,897.3832931411606
2025-08-03 04:05:00,820.6641721250357,2025-08-03 02:05:00,667.7241105828884,915.6208106291069
2025-08-03 04:10:00,834.9103848947448,2025-08-03 02:10:00,679.3153802811825,931.5154107928
2025-08-03 04:15:00,846.9922251941658,2025-08-03 02:15:00,689.1456328280261,944.9952053111866
2025-08-03 04:20:00,856.8958634911685,2025-08-03 02:20:00,697.2036159812046,956.0447644776339
2025-08-03 04:25:00,864.655560080477,2025-08-03 02:25:00,703.5172052415625,964.7023127448392
2025-08-03 04:30:00,870.34955275229,2025-08-03 02:30:00,708.1500579011429,971.0551405676765
2025-08-03 04:35:00,874.0945653615349,2025-08-03 02:35:00,711.1971450027457,975.2334775751443
2025-08-03 04:40:00,876.0392051937297,2025-08-03 02:40:00,712.7793791814281,977.4031259648447
2025-08-03 04:45:00,876.3565532515915,2025-08-03 02:45:00,713.03758583511,977.7571934334399
2025-08-03 04:50:00,875.2362737704286,2025-08-03 02:50:00,712.1260831211231,976.5072897072695
2025-08-03 04:55:00,872.8765779711701,2025-08-03 02:55:00,710.2061433548652,973.8745604448716
2025-08-03 05:00:00,869.4763711518633,2025-08-03 03:00:00,707.439603579721,970.0809256915245
2025-08-03 05:05:00,865.227893185641,2025-08-03 03:05:00,703.9828775915729,965.3408688308729
2025-08-03 05:10:00,860.3101306844584,2025-08-03 03:10:00,699.9815958204225,959.8540864894984
2025-08-03 05:15:00,854.8832371507385,2025-08-03 03:15:00,695.5660653499648,953.7992630607191
2025-08-03 05:20:00,849.084146155615,2025-08-03 03:20:00,690.8477006297389,947.329176296583
2025-08-03 05:25:00,843.023505842797,2025-08-03 03:25:00,685.9165292689127,940.5672771121888
2025-08-03 05:30:00,836.7840018974681,2025-08-03 03:30:00,680.8398275389163,933.6058185102465
2025-08-03 05:35:00,830.4200748013998,2025-08-03 03:35:00,675.6618903212683,926.5055401206122
2025-08-03 05:40:00,823.9589766794571,2025-08-03 03:40:00,670.4048909987663,919.2968473313941
2025-08-03 05:45:00,817.4030578394472,2025-08-03 03:45:00,665.0707418727433,911.9823623976057
2025-08-03 05:50:00,810.7331232766219,2025-08-03 03:50:00,659.6438251449467,904.540669316935
2025-08-03 05:55:00,803.9126590366104,2025-08-03 03:55:00,654.0944316498811,896.9310292127066
2025-08-03 06:00:00,796.8926971946762,2025-08-03 04:00:00,648.3827191900893,889.098808225584
2025-08-03 06:05:00,789.6170686997489,2025-08-03 04:05:00,642.4629864532169,880.9813381487417
2025-08-03 06:10:00,782.0277846262585,2025-08-03 04:10:00,636.2880514066311,872.5139203285263
2025-08-03 06:15:00,774.0702901938702,2025-08-03 04:15:00,629.8135261710817,863.6356876113681
2025-08-03 06:20:00,765.6983500987876,2025-08-03 04:20:00,623.0017919151959,854.2950549424061
2025-08-03 06:25:00,756.8783482829429,2025-08-03 04:25:00,615.8254973139896,844.4545166483284
2025-08-03 06:30:00,747.5928187459511,2025-08-03 04:30:00,608.2704313540316,834.0945857891979
2025-08-03 06:35:00,737.8430643275495,2025-08-03 04:35:00,600.337654076121,823.2167159525073
2025-08-03 06:40:00,727.6507660762804,2025-08-03 04:40:00,592.0448060198917,811.8450968371809
2025-08-03 06:45:00,717.0585338127645,2025-08-03 04:45:00,583.4265561833848,800.0272685209052
2025-08-03 06:50:00,706.129397992806,2025-08-03 04:50:00,574.5341885832194,787.8335545282083
2025-08-03 06:55:00,694.945290352728,2025-08-03 04:55:00,565.4343660488726,775.3553666757341
2025-08-03 07:00:00,683.6046046739135,2025-08-03 05:00:00,556.207145566372,762.7024836000197
2025-08-03 07:05:00,672.2189680057716,2025-08-03 05:05:00,546.9433512204228,749.9994483881642
2025-08-03 07:10:00,660.9093835148194,2025-08-03 05:10:00,537.7414358672416,737.3812651273184
2025-08-03 07:15:00,649.8019305092007,2025-08-03 05:15:00,528.7039825081982,724.9886013916828
2025-08-03 07:20:00,639.0232206705049,2025-08-03 05:20:00,519.9340073042879,712.9627187282699
2025-08-03 07:25:00,628.6958153379372,2025-08-03 05:25:00,511.5312309012904,701.440359688499
2025-08-03 07:30:00,618.933804033868,2025-08-03 05:30:00,503.5884809471513,690.548814757937
2025-08-03 07:35:00,609.8387316056101,2025-08-03 05:35:00,496.1883782570095,680.4013782396248
2025-08-03 07:40:00,601.4960404629362,2025-08-03 05:40:00,489.4004420800407,671.0933788333592
2025-08-03 07:45:00,593.9721663446945,2025-08-03 05:45:00,483.27872710285135,662.6989393620012
2025-08-03 07:50:00,587.3123936062597,2025-08-03 05:50:00,477.86007842839933,655.2685839005442
2025-08-03 07:55:00,581.5395386119033,2025-08-03 05:55:00,473.16306033310553,648.8277688276868
2025-08-03 08:00:00,576.653492208494,2025-08-03 06:00:00,469.18758400576064,643.3763723605099
2025-08-03 08:05:00,572.6316129304704,2025-08-03 06:05:00,465.91522747429883,638.8891332560407
2025-08-03 08:10:00,569.4299264803933,2025-08-03 06:10:00,463.3102115495665,635.3169890801729
2025-08-03 08:15:00,566.9850530740314,2025-08-03 06:15:00,461.32096798782607,632.5892265601861
2025-08-03 08:20:00,565.2167558721759,2025-08-03 06:20:00,459.88221299344417,630.6163248881129
2025-08-03 08:25:00,564.030980966498,2025-08-03 06:25:00,458.9174206689601,629.2933474544215
2025-08-03 08:30:00,563.323243365474,2025-08-03 06:30:00,458.34157798419164,628.5037196164177
2025-08-03 08:35:00,562.9822048256726,2025-08-03 06:35:00,458.0640958381468,628.1232205098706
2025-08-03 08:40:00,562.8932883089751,2025-08-03 06:40:00,457.9917499212119,628.0240157244515
2025-08-03 08:45:00,562.9421796923918,2025-08-03 06:45:00,458.03152984169094,628.0785641860967
2025-08-03 08:50:00,563.0180803891132,2025-08-03 06:50:00,458.0932855840912,628.1632471292784
2025-08-03 08:55:00,563.0165929712254,2025-08-03 06:55:00,458.09207536337004,628.16158760664
2025-08-03 09:00:00,562.8421455991295,2025-08-03 07:00:00,457.95013823447766,627.9669554420153
2025-08-03 09:05:00,562.4098876608772,2025-08-03 07:05:00,457.5984364578368,627.4846822086188
2025-08-03 09:10:00,561.6470185901297,2025-08-03 07:10:00,456.9777366770275,626.6335438006231
2025-08-03 09:15:00,560.4935408831096,2025-08-03 07:15:00,456.0392226025032,625.3466005794885
2025-08-03 09:20:00,558.9024576872719,2025-08-03 07:20:00,454.74465577737527,623.5714178250385
2025-08-03 09:25:00,556.8394615485754,2025-08-03 07:25:00,453.0661223301552,621.2697184685932
2025-08-03 09:30:00,554.28218413306,2025-08-03 07:30:00,450.9854225192116,618.4165460020351
2025-08-03 09:35:00,551.219095308002,2025-08-03 07:35:00,448.4931749826193,614.9990361748836
2025-08-03 09:40:00,547.6481531300329,2025-08-03 07:40:00,445.587718316279,611.0149107765062
2025-08-03 09:45:00,543.5753138867398,2025-08-03 07:45:00,442.27389878613786,606.4708152790145
2025-08-03 09:50:00,539.0130123866921,2025-08-03 07:50:00,438.56183383337896,601.3806232861178
2025-08-03 09:55:00,533.9787184838666,2025-08-03 07:55:00,434.4657376068644,595.763826037233
2025-08-03 10:00:00,528.4936651660995,2025-08-03 08:00:00,430.00288608670843,589.6441133267912
2025-08-03 10:05:00,522.5818287737061,2025-08-03 08:05:00,425.1927873507044,583.0482357269522
2025-08-03 10:10:00,516.2692221224521,2025-08-03 08:10:00,420.0566064318352,576.0052159199132
2025-08-03 10:15:00,509.58353954303027,2025-08-03 08:15:00,414.6168765086629,568.5459526659467
2025-08-03 10:20:00,502.5541680216093,2025-08-03 08:20:00,408.8975079697103,560.7032332329896
2025-08-03 10:25:00,495.21255440154755,2025-08-03 08:25:00,402.924087182977,552.5121430861878
2025-08-03 10:30:00,487.59289400253374,2025-08-03 08:30:00,396.7244367831056,544.0108341851328
2025-08-03 10:35:00,479.73308410436726,2025-08-03 08:35:00,390.32939146266216,535.2415887924469
2025-08-03 10:40:00,471.6758664532582,2025-08-03 08:40:00,383.77372755945004,526.2520941761283
2025-08-03 10:45:00,463.47006752224524,2025-08-03 08:45:00,377.0971721803542,517.096826376855
2025-08-03 10:50:00,455.1718352638618,2025-08-03 08:50:00,370.3454094711432,507.83843006166654
2025-08-03 10:55:00,446.84576529582125,2025-08-03 08:55:00,363.5709969246994,498.54897501728277
2025-08-03 11:00:00,438.56581034879616,2025-08-03 09:00:00,356.83410534290584,489.3109708274124
2025-08-03 11:05:00,430.4158724613212,2025-08-03 09:05:00,350.2030006693234,480.2180275887867
2025-08-03 11:10:00,422.48998874715755,2025-08-03 09:10:00,343.75419513670295,471.37506317311966
2025-08-03 11:15:00,414.8920376883898,2025-08-03 09:15:00,337.5722082956897,462.8979755362424
2025-08-03 11:20:00,407.73491305417576,2025-08-03 09:20:00,331.7488948831683,454.91272105342074
2025-08-03 11:25:00,401.13913598850354,2025-08-03 09:25:00,326.3823155631831,447.55376601586664
2025-08-03 11:30:00,395.23090146290656,2025-08-03 09:30:00,321.575147445311,440.9619070442412
2025-08-03 11:35:00,390.1395819049188,2025-08-03 09:35:00,317.43265294022297,435.2814858692977
2025-08-03 11:40:00,385.99473716043906,2025-08-03 09:40:00,314.0602469494199,430.657053325782
2025-08-03 11:45:00,382.9227053918745,2025-08-03 09:45:00,311.56072308811184,427.229565793424
2025-08-03 11:50:00,381.0428720457645,2025-08-03 09:50:00,310.0312179729743,425.1322224577744
2025-08-03 11:55:00,380.4637334944485,2025-08-03 09:55:00,309.5600084487661,424.4860734874234
2025-08-03 12:00:00,381.27888699734666,2025-08-03 10:00:00,310.2232488657345,425.39554600549144
2025-08-03 12:05:00,383.5630887559014,2025-08-03 10:05:00,312.081763760656,427.9440460336975
2025-08-03 12:10:00,387.3685266214855,2025-08-03 10:10:00,315.1780151878335,432.189799926258
2025-08-03 12:15:00,392.7214531867548,2025-08-03 10:15:00,319.53336327200134,438.1620978861392
2025-08-03 12:20:00,399.61931844189263,2025-08-03 10:20:00,325.1457332265481,445.8580948493859
2025-08-03 12:25:00,408.02852931074653,2025-08-03 10:25:00,331.98779242546476,455.24031078377175
2025-08-03 12:30:00,417.88294659691064,2025-08-03 10:30:00,340.00572746054513,466.23495372093214
2025-08-03 12:35:00,429.0832085385785,2025-08-03 10:35:00,349.11869375945173,478.7311650417375
2025-08-03 12:40:00,441.4969455770362,2025-08-03 10:40:00,359.2189903296682,492.58125909501786
2025-08-03 12:45:00,454.9599231534319,2025-08-03 10:45:00,370.1729895821499,507.6019982239862
2025-08-03 12:50:00,469.27812071617825,2025-08-03 10:50:00,381.82282889215486,523.576912329475
2025-08-03 12:55:00,484.2307248552713,2025-08-03 10:55:00,393.98884592908814,540.2596383310271
2025-08-03 13:00:00,499.57398537561335,2025-08-03 11:00:00,406.4727161068958,557.3782224151252
2025-08-03 13:05:00,515.0458548272265,2025-08-03 11:05:00,419.06122748528577,574.6402963918058
2025-08-03 13:10:00,530.3713066249466,2025-08-03 11:10:00,431.53060779759505,591.739011158347
2025-08-03 13:15:00,545.2682039934676,2025-08-03 11:15:00,443.6512996514668,608.359584722689
2025-08-03 13:20:00,559.4535731176952,2025-08-03 11:20:00,455.1930646065984,624.1863012015697
2025-08-03 13:25:00,572.6501198952143,2025-08-03 11:25:00,465.93028545659286,638.9097816072624
2025-08-03 13:30:00,584.5928193964648,2025-08-03 11:30:00,475.64732766861266,652.2343357548131
2025-08-03 13:35:00,595.0354030298904,2025-08-03 11:35:00,484.14381759184295,663.8852000379958
2025-08-03 13:40:00,603.756568153867,2025-08-03 11:40:00,491.23969483792126,673.6154655371811
2025-08-03 13:45:00,610.5657408355395,2025-08-03 11:45:00,496.77990108440815,681.2125075700538
2025-08-03 13:50:00,615.3082316494039,2025-08-03 11:50:00,500.6385750319198,686.5037380524905
2025-08-03 13:55:00,617.8696395498588,2025-08-03 11:55:00,502.7226355651615,689.3615189302561
2025-08-03 14:00:00,618.1793762887424,2025-08-03 12:00:00,502.9746493553461,689.7070943965323
2025-08-03 14:05:00,616.2132060370054,2025-08-03 12:05:00,501.37489719461007,687.5134243657466
2025-08-03 14:10:00,611.9947184568573,2025-08-03 12:10:00,497.9425725444849,682.8068279905663
2025-08-03 14:15:00,605.5956803045921,2025-08-03 12:15:00,492.73606761355404,675.6673759476531
2025-08-03 14:20:00,597.1352378475294,2025-08-03 12:20:00,485.85232441302946,666.228000568614
2025-08-03 14:25:00,586.7779709285464,2025-08-03 12:25:00,477.42525146839284,654.6723247460604
2025-08-03 14:30:00,574.7308276668049,2025-08-03 12:30:00,467.6232297733536,641.2312419575698
2025-08-03 14:35:00,561.2389968811424,2025-08-03 12:35:00,456.64575443388094,626.1783110993223
2025-08-03 14:40:00,546.5808012297508,2025-08-03 12:40:00,444.7192795291325,609.8240587259869
2025-08-03 14:45:00,531.061719241418,2025-08-03 12:45:00,432.09235420486766,592.5093093887733
2025-08-03 14:50:00,515.0076669199389,2025-08-03 12:50:00,419.03015632695474,574.597689874043
2025-08-03 14:55:00,498.75768856995535,2025-08-03 12:55:00,405.80854545458345,556.4674743060964
2025-08-03 15:00:00,482.65622405635565,2025-08-03 13:00:00,392.70777118343955,538.5029566738928
2025-08-03 15:05:00,467.0451315164482,2025-08-03 13:05:00,380.0059825157984,521.0855505147041
2025-08-03 15:10:00,452.25565479513034,2025-08-03 13:10:00,367.9726922551098,504.5848269248236
2025-08-03 15:15:00,438.60052889101746,2025-08-03 13:15:00,356.8623536916371,489.34970655007737
2025-08-03 15:20:00,426.3664182987176,2025-08-03 13:20:00,346.90820814527655,475.7000229909161
2025-08-03 15:25:00,415.80687895496567,2025-08-03 13:25:00,338.3165585327265,463.91867039602914
2025-08-03 15:30:00,407.1360263899867,2025-08-03 13:30:00,331.2616175305454,454.244538974118
2025-08-03 15:35:00,400.5230804480045,2025-08-03 13:35:00,325.88106894876813,446.8664285000547
2025-08-03 15:40:00,396.08793930513554,2025-08-03 13:40:00,322.2724665806845,441.91811021539894
2025-08-03 15:45:00,393.89791488062247,2025-08-03 13:45:00,320.4905780071573,439.47468450366375
2025-08-03 15:50:00,393.9657360295866,2025-08-03 13:50:00,320.54575991701637,439.55035303837207
2025-08-03 15:55:00,396.24889754422816,2025-08-03 13:55:00,322.4034284292575,442.0976924591002
2025-08-03 16:00:00,400.65040098367865,2025-08-03 14:00:00,325.9846618608625,447.00848092057385
2025-08-03 16:05:00,407.0208991427448,2025-08-03 14:05:00,331.16794554950906,454.11609069158584
2025-08-03 16:10:00,415.16221995517384,2025-08-03 14:10:00,337.79203903755877,463.19941979874733
2025-08-03 16:15:00,424.832208756638,2025-08-03 14:15:00,345.65991592450104,473.9882945734853
2025-08-03 16:20:00,435.7507908400813,2025-08-03 14:20:00,354.5436965964598,486.170233687844
2025-08-03 16:25:00,447.60712046636627,2025-08-03 14:25:00,364.1904649377521,499.39842435613474
2025-08-03 16:30:00,460.0676484784411,2025-08-03 14:30:00,374.32883245379884,513.3007234290183
2025-08-03 16:35:00,472.7849101550945,2025-08-03 14:35:00,384.67608840881996,527.4894620639806
2025-08-03 16:40:00,485.4068083000138,2025-08-03 14:40:00,394.9457529061266,541.5718029333323
2025-08-03 16:45:00,497.58614534659506,2025-08-03 14:45:00,404.8553325772599,555.1603752608406
2025-08-03 16:50:00,508.99014312218355,2025-08-03 14:50:00,414.13406623036485,567.8838960899016
2025-08-03 16:55:00,519.3096809567442,2025-08-03 14:55:00,422.5304413326991,579.3974773066024
2025-08-03 17:00:00,528.2679820923336,2025-08-03 15:00:00,429.81926160933693,589.3923171280954
2025-08-03 17:05:00,535.6284861939863,2025-08-03 15:05:00,435.808052422504,597.6044835185728
2025-08-03 17:10:00,541.2016615012478,2025-08-03 15:10:00,440.34260340153315,603.8225145548241
2025-08-03 17:15:00,544.85053424182,2025-08-03 15:15:00,443.3114673876625,607.893587632078
2025-08-03 17:20:00,546.4947450569396,2025-08-03 15:20:00,444.64926089861063,609.7280452464353
2025-08-03 17:25:00,546.1129811819097,2025-08-03 15:25:00,444.33864304472417,609.3021085958579
2025-08-03 17:30:00,543.7436788843328,2025-08-03 15:30:00,442.41088705989176,606.6586612954654
2025-08-03 17:35:00,539.4839410705622,2025-08-03 15:35:00,438.9449996242905,601.9060417434109
2025-08-03 17:40:00,533.4866694762438,2025-08-03 15:40:00,434.06538750369447,595.214843485622
2025-08-03 17:45:00,525.9559669800302,2025-08-03 15:45:00,427.93811669409166,586.8127855447532
2025-08-03 17:50:00,517.1409222283459,2025-08-03 15:50:00,420.76585535200644,576.9777778821556
2025-08-03 17:55:00,507.3279433244138,2025-08-03 15:55:00,412.78163618738773,566.0293680406014
2025-08-03 18:00:00,496.83185855173843,2025-08-03 16:00:00,404.2416156680449,554.3188121586461
2025-08-03 18:05:00,485.98604739272946,2025-08-03 16:05:00,395.4170442347061,542.2180640784327
2025-08-03 18:10:00,475.13190313245804,2025-08-03 16:10:00,386.58569266788777,530.1080186983099
2025-08-03 18:15:00,464.60795733667504,2025-08-03 16:15:00,378.0230033425872,518.366378076178
2025-08-03 18:20:00,454.73901508067286,2025-08-03 16:20:00,369.9932502302764,507.3555295276248
2025-08-03 18:25:00,445.8256568469701,2025-08-03 16:25:00,362.74099723683264,497.410832819058
2025-08-03 18:30:00,438.1344581335688,2025-08-03 16:30:00,356.48314049754794,488.829708115589
2025-08-03 18:35:00,431.8892606117542,2025-08-03 16:35:00,351.4018062535172,481.8618971501659
2025-08-03 18:40:00,427.263799314318,2025-08-03 16:40:00,347.6383520468242,476.7012373254223
2025-08-03 18:45:00,424.37594952976224,2025-08-03 16:45:00,345.28868577115827,473.47924293292533
2025-08-03 18:50:00,423.2838061977343,2025-08-03 16:50:00,344.40007571630593,472.2607309069827
2025-08-03 18:55:00,423.9837487352247,2025-08-03 16:55:00,344.9695760359004,473.04166173756994
2025-08-03 19:00:00,426.41057782106304,2025-08-03 17:00:00,346.94413804057774,475.7492920817578
2025-08-03 19:05:00,430.43973944409754,2025-08-03 17:05:00,350.22241976959356,480.24465614996825
2025-08-03 19:10:00,435.8915786907686,2025-08-03 17:10:00,354.65824703691294,486.3273116868009
2025-08-03 19:15:00,442.537492949985,2025-08-03 17:15:00,360.06561991668,493.7422051451547
2025-08-03 19:20:00,450.1077854365232,2025-08-03 17:20:00,366.22510267359985,502.18843391772924
2025-08-03 19:25:00,458.30095628955394,2025-08-03 17:25:00,372.89138336004373,511.32961248124496
2025-08-03 19:30:00,466.79411429742106,2025-08-03 17:30:00,379.8017451980148,520.8054888312845
2025-08-03 19:35:00,475.25414777610473,2025-08-03 17:35:00,386.6851556379126,530.2444079102589
2025-08-03 19:40:00,483.3492620893701,2025-08-03 17:40:00,393.2716537311526,539.2761841000912
2025-08-03 19:45:00,490.76047357170415,2025-08-03 17:45:00,399.30170203040893,547.5449250731826
2025-08-03 19:50:00,497.1926471965,2025-08-03 17:50:00,404.5351672633436,554.7213465967305
2025-08-03 19:55:00,502.38467843129615,2025-08-03 17:55:00,408.75960468382436,560.5141325005014
2025-08-03 20:00:00,506.11844702546284,2025-08-03 18:00:00,411.7975432198842,564.6799244809652
2025-08-03 20:05:00,508.2262136218772,2025-08-03 18:05:00,413.5125036430531,567.0315745531603
2025-08-03 20:10:00,508.59618417428646,2025-08-03 18:10:00,413.81352599353494,567.4443533104305
2025-08-03 20:15:00,507.17603441173117,2025-08-03 18:15:00,412.6580372207751,565.859882194263
2025-08-03 20:20:00,503.9742604419257,2025-08-03 18:20:00,410.0529500866068,562.2876403720164
2025-08-03 20:25:00,499.05930292667887,2025-08-03 18:25:00,406.05395056049997,556.8039875732534
2025-08-03 20:30:00,492.5564754423406,2025-08-03 18:30:00,400.76299861482136,549.5487370398064
2025-08-03 20:35:00,484.6428109275897,2025-08-03 18:35:00,394.3241350954348,540.7194056711902
2025-08-03 20:40:00,475.5400195358343,2025-08-03 18:40:00,386.91775195805155,530.563357050809
2025-08-03 20:45:00,465.50582428754444,2025-08-03 18:45:00,378.75354261986377,519.3681345720944
2025-08-03 20:50:00,454.8240036866978,2025-08-03 18:50:00,370.0624002471715,507.450351915376
2025-08-03 20:55:00,443.793521776982,2025-08-03 18:55:00,361.0875735487014,495.14356537484593
2025-08-03 21:00:00,432.71716236152065,2025-08-03 19:00:00,352.07541913719086,482.78559297726594
2025-08-03 21:05:00,421.89010467173296,2025-08-03 19:05:00,343.2661062517227,470.7057682750598
2025-08-03 21:10:00,411.58888164849964,2025-08-03 19:10:00,334.88463278823093,459.21262102265723
2025-08-03 21:15:00,402.06114813610077,2025-08-03 19:15:00,327.13250030636107,448.58246147823445
2025-08-03 21:20:00,393.51665592733104,2025-08-03 19:20:00,320.1803709771256,439.0493111978347
2025-08-03 21:25:00,386.11978637146444,2025-08-03 19:25:00,314.16199182393393,430.79657161335524
2025-08-03 21:30:00,379.98393086093586,2025-08-03 19:30:00,309.16962246921497,423.9507543018651
2025-08-03 21:35:00,375.16793738417573,2025-08-03 19:35:00,305.2511439123703,418.5775163795159
2025-08-03 21:40:00,371.6747602110301,2025-08-03 19:40:00,302.40895986160643,414.6801539460315
2025-08-03 21:45:00,369.45236269467796,2025-08-03 19:45:00,300.6007312884919,412.20060934718134
2025-08-03 21:50:00,368.39683397699434,2025-08-03 19:50:00,299.7419122999829,411.0229485049574
2025-08-03 21:55:00,368.357591800062,2025-08-03 19:55:00,299.7099833470939,410.979165731109
2025-08-03 22:00:00,369.14446075520243,2025-08-03 20:00:00,300.35021036206876,411.85708097955825
2025-08-03 22:05:00,370.5363391669604,2025-08-03 20:05:00,301.4826964703925,413.4100095500488
2025-08-03 22:10:00,372.2911043077484,2025-08-03 20:10:00,302.91044125652166,415.36781340605444
2025-08-03 22:15:00,374.1563549337808,2025-08-03 20:15:00,304.4280813066004,417.44888669796126
2025-08-03 22:20:00,375.88055591372677,2025-08-03 20:20:00,305.830957909364,419.3725899039361
2025-08-03 22:25:00,377.224132606358,2025-08-03 20:25:00,306.92414387088104,420.87162790539276
2025-08-03 22:30:00,377.9700642924673,2025-08-03 20:30:00,307.53106274047565,421.70386915377185
2025-08-03 22:35:00,377.9335449270633,2025-08-03 20:35:00,307.50134917235397,421.6631242399683
2025-08-03 22:40:00,376.97031708752183,2025-08-03 20:40:00,306.7176297481453,420.58844413912055
2025-08-03 22:45:00,374.9833375840353,2025-08-03 20:45:00,305.10094637536395,418.3715570792471
2025-08-03 22:50:00,371.92750078639625,2025-08-03 20:50:00,302.6145993687602,414.9621383902852
2025-08-03 22:55:00,367.81222375503546,2025-08-03 20:55:00,299.26625081291644,410.3706947530408
2025-08-03 23:00:00,362.70178430319004,2025-08-03 21:00:00,295.1081996227016,404.66894137753616
2025-08-03 23:05:00,356.7133939766671,2025-08-03 21:05:00,290.23581364507726,397.9876520129274
2025-08-03 23:10:00,350.0130804838491,2025-08-03 21:10:00,284.78417944489826,390.51206494559233
2025-08-03 23:15:00,342.80954330904945,2025-08-03 21:15:00,278.92310299429744,382.4750276635724
2025-08-03 23:20:00,335.34622939812016,2025-08-03 21:20:00,272.85066214401394,374.1481556430604
2025-08-03 23:25:00,327.89194857029463,2025-08-03 21:25:00,266.7855709595087,365.8313618971398
2025-08-03 23:30:00,320.73040869965286,2025-08-03 21:30:00,260.95866513986533,357.84118130386463
2025-08-03 23:35:00,314.14909542684194,2025-08-03 21:35:00,255.60385412115608,350.4983636221186
2025-08-03 23:40:00,308.42794846659143,2025-08-03 21:40:00,250.9489076822792,344.1152395679656
2025-08-03 23:45:00,303.82829592192127,2025-08-03 21:45:00,247.20645247502026,338.9833747508898
2025-08-03 23:50:00,300.5824980526813,2025-08-03 21:50:00,244.5655457935965,335.3620151532407
2025-08-03 23:55:00,298.8847238279232,2025-08-03 21:55:00,243.1841710209393,333.4677964645987
2025-08-04 00:00:00,298.88323799368993,2025-08-03 22:00:00,243.18296208874074,333.46613870885477
2025-08-04 00:05:00,300.6745153555816,2025-08-03 22:05:00,244.6404146301125,335.46467950771756
2025-08-04 00:10:00,304.2994249319118,2025-08-03 22:10:00,247.58978125901132,339.50901671344974
2025-08-04 00:15:00,309.74164271136596,2025-08-03 22:15:00,252.0177801284816,345.5809375113821
2025-08-04 00:20:00,316.92836093169853,2025-08-03 22:20:00,257.86517202723536,353.59920976716336
2025-08-04 00:25:00,325.73326872141826,2025-08-03 22:25:00,265.0291855450074,363.42290754973135
2025-08-04 00:30:00,335.98168622592965,2025-08-03 22:30:00,273.36769439615216,374.8571393120954
2025-08-04 00:35:00,347.45764700530333,2025-08-03 22:35:00,282.7049799323896,387.6609497725294
2025-08-04 00:40:00,359.91264394130167,2025-08-03 22:40:00,292.8388471510197,401.5570777847857
2025-08-04 00:45:00,373.07568641341356,2025-08-03 22:45:00,303.5488076023169,416.24317720039926
2025-08-04 00:50:00,386.6642631901441,2025-08-03 22:50:00,314.6049992218863,431.4040482438962
2025-08-04 00:55:00,400.3957685219867,2025-08-03 22:55:00,325.77748304182313,446.72438568538996
2025-08-04 01:00:00,413.99893058868713,2025-08-03 23:00:00,336.8455418174151,461.9015296398767
2025-08-04 01:05:00,427.22478085596674,2025-08-03 23:05:00,347.60660512002534,476.6577041559743
2025-08-04 01:10:00,439.8567221947155,2025-08-03 23:10:00,357.8844411482638,490.7512502875851
2025-08-04 01:15:00,451.7192899502346,2025-08-03 23:15:00,367.536285072768,503.98640088070283
2025-08-04 01:20:00,462.685253126878,2025-08-03 23:20:00,376.4586168346733,516.2212034152496
2025-08-04 01:25:00,472.68077008619457,2025-08-03 23:25:00,384.5913560210246,527.3732722538928
2025-08-04 01:30:00,481.68839188454797,2025-08-03 23:30:00,391.9203054964212,537.4231394870295
2025-08-04 01:35:00,489.74779264119104,2025-08-03 23:35:00,398.47774565872993,546.415069809605
2025-08-04 01:40:00,496.9541980774335,2025-08-03 23:40:00,404.34115583777395,554.4553072311662
2025-08-04 01:45:00,503.4545751008866,2025-08-03 23:45:00,409.630113993702,561.7078237681037
2025-08-04 01:50:00,509.4417345686566,2025-08-03 23:50:00,414.5014984970401,568.3877398549122
2025-08-04 01:55:00,515.1465823747922,2025-08-03 23:55:00,419.1431833137403,574.752678827749
2025-08-04 02:00:00,520.8288261750183,2025-08-04 00:00:00,423.76647663699634,581.0923983516112
2025-08-04 02:05:00,526.7665057706513,2025-08-04 00:05:00,428.59760240267207,587.7171093957544
2025-08-04 02:10:00,533.2447597217747,2025-08-04 00:10:00,433.86856037131713,594.9449430647074
2025-08-04 02:15:00,540.5442689832585,2025-08-04 00:15:00,439.80772342347626,603.0890570813922
2025-08-04 02:20:00,548.9298287430305,2025-08-04 00:20:00,446.63053916530976,612.4448853064015
2025-08-04 02:25:00,558.63949151741,2025-08-04 00:25:00,454.530696331053,623.2780246128144
2025-08-04 02:30:00,569.8746993938347,2025-08-04 00:30:00,463.6720959940525,635.8132253597421
2025-08-04 02:35:00,582.7917808742358,2025-08-04 00:35:00,474.1819330696661,650.2249043604492
2025-08-04 02:40:00,597.4951315641002,2025-08-04 00:40:00,486.1451478601398,666.6295365289978
2025-08-04 02:45:00,614.032328948487,2025-08-04 00:45:00,499.600451247432,685.0802044013597
2025-08-04 02:50:00,632.3913533345245,2025-08-04 00:50:00,514.5380635445467,705.5634975213401
2025-08-04 02:55:00,652.5000033695298,2025-08-04 00:55:00,530.8992389384699,727.9988603300181
2025-08-04 03:00:00,674.2275073544396,2025-08-04 01:00:00,548.577576517096,752.2403899195165
2025-08-04 03:05:00,697.3882466824318,2025-08-04 01:05:00,567.4220498028989,778.0809902997592
2025-08-04 03:10:00,721.7474260559073,2025-08-04 01:10:00,587.2416202607703,805.2586986995883
2025-08-04 03:15:00,747.0284523041095,2025-08-04 01:15:00,607.8112409894203,833.4649181656767
2025-08-04 03:20:00,772.9217198811002,2025-08-04 01:20:00,628.8790049423185,862.3542196046441
2025-08-04 03:25:00,799.0944527987059,2025-08-04 01:25:00,650.1741527049883,891.5553224971267
2025-08-04 03:30:00,825.2012159600016,2025-08-04 01:30:00,671.4156249224673,920.6828224667557
2025-08-04 03:35:00,850.8946912450532,2025-08-04 01:35:00,692.3208301394443,949.3492142350972
2025-08-04 03:40:00,875.8363104431382,2025-08-04 01:40:00,712.6142961651562,977.1767548591976
2025-08-04 03:45:00,899.7063510090939,2025-08-04 01:45:00,732.035884371217,1003.8087276382163
2025-08-04 03:50:00,922.2131303659108,2025-08-04 01:50:00,750.3482705318087,1028.919700261741
2025-08-04 03:55:00,943.1009770608282,2025-08-04 01:55:00,767.343430464574,1052.2244182849165
2025-08-04 04:00:00,962.1567134774905,2025-08-04 02:00:00,782.8479146159538,1073.4850379361671
2025-08-04 04:05:00,979.2144482315654,2025-08-04 02:05:00,796.7267473396128,1092.5164730268204
2025-08-04 04:10:00,994.1585493509446,2025-08-04 02:10:00,808.8858459908427,1109.1897121492475
2025-08-04 04:15:00,1006.9247431912164,2025-08-04 02:15:00,819.2729150466921,1123.4330447446139
2025-08-04 04:20:00,1017.4993601561763,2025-08-04 02:20:00,827.8768323950014,1135.231219547929
2025-08-04 04:25:00,1025.9168208961219,2025-08-04 02:25:00,834.7256040081116,1144.6226399217348
2025-08-04 04:30:00,1032.2555236973549,2025-08-04 02:30:00,839.8830177639028,1151.694775387541
2025-08-04 04:35:00,1036.632352800395,2025-08-04 02:35:00,843.4441752010956,1156.5780345176838
2025-08-04 04:40:00,1039.1960756408207,2025-08-04 02:40:00,845.5301192590305,1159.4383981903181
2025-08-04 04:45:00,1040.1199328220132,2025-08-04 02:45:00,846.2818051929004,1160.4691521696939
2025-08-04 04:50:00,1039.5937474785758,2025-08-04 02:50:00,845.8536804466492,1159.8820834672163
2025-08-04 04:55:00,1037.8158887603763,2025-08-04 02:55:00,844.4071458327671,1157.8985139438548
2025-08-04 05:00:00,1034.985418822688,2025-08-04 03:00:00,842.1041660197449,1154.7405386516025
2025-08-04 05:05:00,1031.2947330102202,2025-08-04 03:05:00,839.101281301152,1150.6228144348395
2025-08-04 05:10:00,1026.9229719427358,2025-08-04 03:10:00,835.5442474136995,1145.745209747746
2025-08-04 05:15:00,1022.0304414086661,2025-08-04 03:15:00,831.563495346868,1140.286578890214
2025-08-04 05:20:00,1016.7542253936847,2025-08-04 03:20:00,827.2705619332842,1134.3998674328561
2025-08-04 05:25:00,1011.2051204227379,2025-08-04 03:25:00,822.7555955108289,1128.208691840765
2025-08-04 05:30:00,1005.4659583597577,2025-08-04 03:30:00,818.0859912876161,1121.805468209312
2025-08-04 05:35:00,999.5913234932877,2025-08-04 03:35:00,813.3061611519157,1115.2510966145842
2025-08-04 05:40:00,993.6086092774199,2025-08-04 03:40:00,808.4383934774505,1108.576140126706
2025-08-04 05:45:00,987.5203046637195,2025-08-04 03:45:00,803.4847133714773,1101.7833756865105
2025-08-04 05:50:00,981.3073505301711,2025-08-04 03:50:00,798.4296135951905,1094.8515388970104
2025-08-04 05:55:00,974.9333658499,2025-08-04 03:55:00,793.2434931380463,1087.7400391896756
2025-08-04 06:00:00,968.3495126495964,2025-08-04 04:00:00,787.8866155360943,1080.3943876928943
2025-08-04 06:05:00,961.499748629225,2025-08-04 04:05:00,782.3133826065248,1072.7520576168654
2025-08-04 06:10:00,954.3262083873688,2025-08-04 04:10:00,776.476712820733,1064.748488124705
2025-08-04 06:15:00,946.7744572763967,2025-08-04 04:15:00,770.3323160440831,1056.3229460957496
2025-08-04 06:20:00,938.7983767116286,2025-08-04 04:20:00,763.8426684123892,1047.4239766994795
2025-08-04 06:25:00,930.3644637792494,2025-08-04 04:25:00,756.9805106592073,1038.0142004984248
2025-08-04 06:30:00,921.4553620192783,2025-08-04 04:30:00,749.7317208974157,1028.0742527676505
2025-08-04 06:35:00,912.0724801517896,2025-08-04 04:35:00,742.0974453161507,1017.6057052260891
2025-08-04 06:40:00,902.2376013194933,2025-08-04 04:40:00,734.0954075228096,1006.6328614798482
2025-08-04 06:45:00,891.9934336371032,2025-08-04 04:45:00,725.7603564913096,995.2033712740281
2025-08-04 06:50:00,881.4031019853464,2025-08-04 04:50:00,717.1436530660385,983.3876634837102
2025-08-04 06:55:00,870.5486286376871,2025-08-04 04:55:00,708.3120337409936,971.2772509384655
2025-08-04 07:00:00,859.5284939619276,2025-08-04 05:00:00,699.3456259522616,958.9820088799106
2025-08-04 07:05:00,848.4544076307675,2025-08-04 05:05:00,690.3353210100527,946.6265725785332
2025-08-04 07:10:00,837.4474514294974,2025-08-04 05:10:00,681.3796357378582,934.3460338370046
2025-08-04 07:15:00,826.6337793037222,2025-08-04 05:15:00,672.5812138649729,922.2811435030677
2025-08-04 07:20:00,816.1400735323944,2025-08-04 05:20:00,664.0431289931371,910.5732418897113
2025-08-04 07:25:00,806.0889620318616,2025-08-04 05:25:00,655.8651559378686,899.3591458289426
2025-08-04 07:30:00,796.5945968918727,2025-08-04 05:30:00,648.1401732543522,888.7662156131943
2025-08-04 07:35:00,787.7585815410621,2025-08-04 05:35:00,640.9508494217555,878.9078109051015
2025-08-04 07:40:00,779.6664129521039,2025-08-04 05:40:00,634.3667480837412,869.8793212806753
2025-08-04 07:45:00,772.3845774952777,2025-08-04 05:45:00,628.4419651226063,861.754926052622
2025-08-04 07:50:00,765.9584061809239,2025-08-04 05:50:00,623.2133836015937,854.5852013492099
2025-08-04 07:55:00,760.410758168589,2025-08-04 05:55:00,618.6996026170146,848.3956512961279
2025-08-04 08:00:00,755.7415632075767,2025-08-04 06:00:00,614.9005650101859,843.186197514178
2025-08-04 08:05:00,751.9282149406895,2025-08-04 06:05:00,611.7978773745641,838.9316179310372
2025-08-04 08:10:00,748.9267704290194,2025-08-04 06:10:00,609.3557860355097,835.5828850995338
2025-08-04 08:15:00,746.6738775076777,2025-08-04 06:15:00,607.5227452214505,833.069316562043
2025-08-04 08:20:00,745.0893233539214,2025-08-04 06:20:00,606.2334906774782,831.3014183059375
2025-08-04 08:25:00,744.0790744789123,2025-08-04 06:25:00,605.4115131202199,830.1742765038557
2025-08-04 08:30:00,743.5386628116859,2025-08-04 06:30:00,604.9718132867143,829.5713353914906
2025-08-04 08:35:00,743.35676362329,2025-08-04 06:35:00,604.8238130718727,829.3683891828113
2025-08-04 08:40:00,743.4188100328397,2025-08-04 06:40:00,604.8742964303993,829.4376147999859
2025-08-04 08:45:00,743.6104948209658,2025-08-04 06:45:00,605.030258587651,829.6514788713694
2025-08-04 08:50:00,743.8210231555967,2025-08-04 06:50:00,605.201552583135,829.8863668206216
2025-08-04 08:55:00,743.9459982715898,2025-08-04 06:55:00,605.3032371710651,830.0258024398443
2025-08-04 09:00:00,743.8898460311405,2025-08-04 07:00:00,605.2575495364823,829.9631529887469
2025-08-04 09:05:00,743.5677106590798,2025-08-04 07:05:00,604.9954477388134,829.6037442799022
2025-08-04 09:10:00,742.9067836523293,2025-08-04 07:10:00,604.4576919639999,828.8663433524065
2025-08-04 09:15:00,741.8470569184504,2025-08-04 07:15:00,603.5954573071514,827.683998753876
2025-08-04 09:20:00,740.3415204700815,2025-08-04 07:20:00,602.370494624384,826.0042611095266
2025-08-04 09:25:00,738.3558512933988,2025-08-04 07:25:00,600.7548773841687,823.788835990519
2025-08-04 09:30:00,735.8676631710935,2025-08-04 07:30:00,598.7303912942896,821.0127469361576
2025-08-04 09:35:00,732.8654058985152,2025-08-04 07:35:00,596.2876386615259,817.6631073015709
2025-08-04 09:40:00,729.3470154048317,2025-08-04 07:40:00,593.4249400780178,813.7376141883594
2025-08-04 09:45:00,725.3184238624851,2025-08-04 07:45:00,590.1471221886982,809.2428861631972
2025-08-04 09:50:00,720.792040181237,2025-08-04 07:50:00,586.464281362478,804.1927679343106
2025-08-04 09:55:00,715.7853065887451,2025-08-04 07:55:00,582.390609270378,798.6067199182374
2025-08-04 10:00:00,710.3194269151923,2025-08-04 08:00:00,577.9433581687177,792.508399378009
2025-08-04 10:05:00,704.4183468610429,2025-08-04 08:05:00,573.142011205523,785.9245227006874
2025-08-04 10:10:00,698.1080473276104,2025-08-04 08:10:00,568.0077074469438,778.8840769612898
2025-08-04 10:15:00,691.4161895290329,2025-08-04 08:15:00,562.5629531266327,771.417923971715
2025-08-04 10:20:00,684.3721263213941,2025-08-04 08:20:00,556.8316308635552,763.5588129207233
2025-08-04 10:25:00,677.007269486392,2025-08-04 08:25:00,550.8392984981881,755.3417901549183
2025-08-04 10:30:00,669.3557784793439,2025-08-04 08:30:00,544.6137494845341,746.8049676197592
2025-08-04 10:35:00,661.4555141176128,2025-08-04 08:35:00,538.185788847911,737.9905868964705
2025-08-04 10:40:00,653.3491811192196,2025-08-04 08:40:00,531.5901627985553,728.9462939404386
2025-08-04 10:45:00,645.0855685820867,2025-08-04 08:45:00,524.8665680335117,719.7265230926604
2025-08-04 10:50:00,636.7207868001778,2025-08-04 08:50:00,518.0606580580802,710.393877004243
2025-08-04 10:55:00,628.3193936345803,2025-08-04 08:55:00,511.22495964489167,701.0203833365723
2025-08-04 11:00:00,619.9553040331881,2025-08-04 09:00:00,504.41961285429943,691.6885095188441
2025-08-04 11:05:00,611.7123824125935,2025-08-04 09:05:00,497.7128530191967,682.491823672723
2025-08-04 11:10:00,603.6846285156719,2025-08-04 09:10:00,491.1811619659365,673.5352019749618
2025-08-04 11:15:00,595.9758838332,2025-08-04 09:15:00,484.9090291476052,664.9345011099283
2025-08-04 11:20:00,588.6990056437758,2025-08-04 09:20:00,478.98827961095674,656.8156367401131
2025-08-04 11:25:00,581.9744792354867,2025-08-04 09:25:00,473.5169448462878,649.3130351520467
2025-08-04 11:30:00,575.9284644839005,2025-08-04 09:30:00,468.59767340774033,642.5674538095735
2025-08-04 11:35:00,570.6902995552649,2025-08-04 09:35:00,464.33569982967754,636.7231962178877
2025-08-04 11:40:00,566.3895110395438,2025-08-04 09:40:00,460.83641195528566,631.924776107854
2025-08-04 11:45:00,563.1524049084547,2025-08-04 09:45:00,458.2025772081846,628.3131139438225
2025-08-04 11:50:00,561.098335634473,2025-08-04 09:50:00,456.5313070033533,626.0213743533619
2025-08-04 11:55:00,560.3357699156021,2025-08-04 09:55:00,455.9108540413633,625.1705743971964
2025-08-04 12:00:00,560.9582767420827,2025-08-04 10:00:00,456.4173496715639,625.8651096583234
2025-08-04 12:05:00,563.0405855532842,2025-08-04 10:05:00,458.1115966560742,628.1883562998278
2025-08-04 12:10:00,566.6348590395055,2025-08-04 10:10:00,461.03603657717395,632.1985126035383
2025-08-04 12:15:00,571.7673263400643,2025-08-04 10:15:00,465.21201047705466,637.9248426053664
2025-08-04 12:20:00,578.4354157753244,2025-08-04 10:20:00,470.6374259377016,645.3644770641862
2025-08-04 12:25:00,586.605514456936,2025-08-04 10:25:00,477.28493421313584,654.479913843163
2025-08-04 12:30:00,596.2114653602208,2025-08-04 10:30:00,485.1007073893791,665.1973410828024
2025-08-04 12:35:00,607.1538909193933,2025-08-04 10:35:00,494.0038880353654,677.4058825313642
2025-08-04 12:40:00,619.3004078616499,2025-08-04 10:40:00,503.88676400026435,690.9578372367716
2025-08-04 12:45:00,632.4867701127873,2025-08-04 10:45:00,514.6156983256964,705.6699546944787
2025-08-04 12:50:00,646.518947847539,2025-08-04 10:50:00,526.0328208414951,721.3257544586088
2025-08-04 12:55:00,661.1761207020587,2025-08-04 10:55:00,537.9584635591507,737.6788656902534
2025-08-04 13:00:00,676.2145338651642,2025-08-04 11:00:00,550.1942981367844,754.4573294256974
2025-08-04 13:05:00,691.372137730984,2025-08-04 11:05:00,562.5271108799856,771.3687750696316
2025-08-04 13:10:00,706.3739060112764,2025-08-04 11:10:00,574.733129763679,788.1063538506125
2025-08-04 13:15:00,720.9377047115664,2025-08-04 11:15:00,586.5827996580992,804.355286879173
2025-08-04 13:20:00,734.7805654061868,2025-08-04 11:20:00,597.8458865079904,819.7998642850732
2025-08-04 13:25:00,747.6252019290353,2025-08-04 11:25:00,608.2967795642461,834.1307159351862
2025-08-04 13:30:00,759.2065999650919,2025-08-04 11:30:00,617.7198529304294,847.0521634872756
2025-08-04 13:35:00,769.2785041279452,2025-08-04 11:35:00,625.9147436999423,858.289458068189
2025-08-04 13:40:00,777.6196276904402,2025-08-04 11:40:00,632.7014044330496,867.5957085141822
2025-08-04 13:45:00,784.0394153162723,2025-08-04 11:45:00,637.9247919381844,874.7583108912426
2025-08-04 13:50:00,788.3831988918512,2025-08-04 11:50:00,641.4590622561606,879.6047008930994
2025-08-04 13:55:00,790.5366013664307,2025-08-04 11:55:00,643.2111537948252,882.0072672367472
2025-08-04 14:00:00,790.4290612586123,2025-08-04 12:00:00,643.1236550038653,881.8872839792342
2025-08-04 14:05:00,788.0363721741934,2025-08-04 12:05:00,641.1768706247472,879.2177438756543
2025-08-04 14:10:00,783.3821559429927,2025-08-04 12:10:00,637.3900202918129,874.0250019683033
2025-08-04 14:15:00,776.5382142144211,2025-08-04 12:15:00,631.8215246040356,866.3891678643402
2025-08-04 14:20:00,767.623730793757,2025-08-04 12:20:00,624.5683561149622,856.4432157767368
2025-08-04 14:25:00,756.8033257648435,2025-08-04 12:25:00,615.7644560916807,844.3708134952351
2025-08-04 14:30:00,744.2839901525072,2025-08-04 12:30:00,605.5782404376089,830.4029023675653
2025-08-04 14:35:00,730.3109582900431,2025-08-04 12:35:00,594.2092412910388,814.8130920707092
2025-08-04 14:40:00,715.1626009084285,2025-08-04 12:40:00,581.8839518450055,797.9119627944818
2025-08-04 14:45:00,699.1444472403364,2025-08-04 12:45:00,568.8509624999105,780.0403956607755
2025-08-04 14:50:00,682.582466448908,2025-08-04 12:50:00,555.3754943741221,761.5620767662095
2025-08-04 14:55:00,665.8157585256693,2025-08-04 12:55:00,541.7334523358328,742.8553423653342
2025-08-04 15:00:00,649.1888213984707,2025-08-04 13:00:00,528.205133223,724.3045512283657
2025-08-04 15:05:00,633.0435736814426,2025-08-04 13:05:00,515.0687352441803,706.2911843669929
2025-08-04 15:10:00,617.7113220368786,2025-08-04 13:10:00,502.5938223134868,689.1848829633218
2025-08-04 15:15:00,603.5048664866413,2025-08-04 13:15:00,491.03490062661155,673.3346402100743
2025-08-04 15:20:00,590.7109388347623,2025-08-04 13:20:00,480.6252662690011,659.0603648053003
2025-08-04 15:25:00,579.5831643865805,2025-08-04 13:25:00,471.5712785983329,646.6450282927302
2025-08-04 15:30:00,570.3357301831672,2025-08-04 13:30:00,464.04720847515574,636.3276006662217
2025-08-04 15:35:00,563.1379295110863,2025-08-04 13:35:00,458.1907994650328,628.296963640784
2025-08-04 15:40:00,558.1097359681158,2025-08-04 13:40:00,454.0996667272349,622.6869726064573
2025-08-04 15:45:00,555.3185387217685,2025-08-04 13:45:00,451.82864069480473,619.5728141331946
2025-08-04 15:50:00,554.7771456319612,2025-08-04 13:50:00,451.38814233792965,618.9687780407272
2025-08-04 15:55:00,556.4431321976134,2025-08-04 13:55:00,452.7436534417136,620.8275310136878
2025-08-04 16:00:00,560.2195822786304,2025-08-04 14:00:00,455.816319286231,625.0409430303565
2025-08-04 16:05:00,565.9572324701028,2025-08-04 14:05:00,460.48469339231167,631.4424798560946
2025-08-04 16:10:00,573.4579959481022,2025-08-04 14:10:00,466.587604658769,639.811134622976
2025-08-04 16:15:00,582.4798045892528,2025-08-04 14:15:00,473.9280970981581,649.8768302167791
2025-08-04 16:20:00,592.7426714845973,2025-08-04 14:20:00,482.2783625325316,661.3271832665065
2025-08-04 16:25:00,603.9358398098731,2025-08-04 14:25:00,491.3855571907878,673.8154801894232
2025-08-04 16:30:00,615.7258503964906,2025-08-04 14:30:00,500.97836579644064,686.9696782369526
2025-08-04 16:35:00,627.7653294298667,2025-08-04 14:35:00,510.77415157885883,700.4022099917474
2025-08-04 16:40:00,639.7022714375631,2025-08-04 14:40:00,520.4865092714451,713.7203404630926
2025-08-04 16:45:00,651.1895713721648,2025-08-04 14:45:00,529.8330207829312,726.5368020990675
2025-08-04 16:50:00,661.8945441684642,2025-08-04 14:50:00,538.543000677282,738.4804158237042
2025-08-04 16:55:00,671.5081628111028,2025-08-04 14:55:00,546.3650126228222,749.2063980142741
2025-08-04 17:00:00,679.75374462076,2025-08-04 15:00:00,553.0739368906321,758.4060518521129
2025-08-04 17:05:00,686.3948236988609,2025-08-04 15:05:00,558.4773756800373,765.8155506647604
2025-08-04 17:10:00,691.2419628916676,2025-08-04 15:10:00,562.4211955960543,771.2235380823878
2025-08-04 17:15:00,694.1582831877238,2025-08-04 15:15:00,564.7940265810071,774.477297225564
2025-08-04 17:20:00,695.0635199663625,2025-08-04 15:20:00,565.5305622351935,775.4872762903528
2025-08-04 17:25:00,693.9364551282534,2025-08-04 15:25:00,564.6135386923637,774.2298020935339
2025-08-04 17:30:00,690.8156193988017,2025-08-04 15:30:00,562.0743060409278,770.7478636374641
2025-08-04 17:35:00,685.7982098521259,2025-08-04 15:35:00,557.9919475795988,765.1499043839369
2025-08-04 17:40:00,679.037221957844,2025-08-04 15:40:00,552.4909463397357,757.6066224585347
2025-08-04 17:45:00,670.7368518403748,2025-08-04 15:45:00,545.7374441856884,748.3458409188712
2025-08-04 17:50:00,661.1462807765712,2025-08-04 15:50:00,537.9341846416802,737.6455730747207
2025-08-04 17:55:00,650.5520087937816,2025-08-04 15:55:00,529.314275210684,725.8254690292512
2025-08-04 18:00:00,639.2689552905747,2025-08-04 16:00:00,520.1339464952491,713.2368865787383
2025-08-04 18:05:00,627.6305899447908,2025-08-04 16:05:00,510.6645223225947,700.251880197004
2025-08-04 18:10:00,615.978395261525,2025-08-04 16:10:00,501.1838460660992,687.2514443258075
2025-08-04 18:15:00,604.6509908870089,2025-08-04 16:15:00,491.9674317664457,674.6133792950633
2025-08-04 18:20:00,593.9732688546444,2025-08-04 16:20:00,483.27962414758747,662.7001694401358
2025-08-04 18:25:00,584.2458952667826,2025-08-04 16:25:00,475.3650567790087,651.8472700540843
2025-08-04 18:30:00,575.735529919591,2025-08-04 16:30:00,468.44069438424935,642.3521953540788
2025-08-04 18:35:00,568.6660973025142,2025-08-04 16:35:00,462.6887305884617,634.4647794738721
2025-08-04 18:40:00,563.21141375742,2025-08-04 16:40:00,458.25058908993867,628.3789505332084
2025-08-04 18:45:00,559.489434263061,2025-08-04 16:45:00,455.2222426214395,624.2263117346296
2025-08-04 18:50:00,557.5583317646552,2025-08-04 16:50:00,453.6510229411,622.0717670438097
2025-08-04 18:55:00,557.4145619271919,2025-08-04 16:55:00,453.5340462408741,621.9113620211543
2025-08-04 19:00:00,558.9929998264823,2025-08-04 17:00:00,454.8183243636595,623.6724363289721
2025-08-04 19:05:00,562.1691639706542,2025-08-04 17:05:00,457.40257435320245,627.216105087957
2025-08-04 19:10:00,566.7634699968693,2025-08-04 17:10:00,461.14067942626355,632.3420047566468
2025-08-04 19:15:00,572.5473838141143,2025-08-04 17:15:00,465.8466954075724,638.7951582362748
2025-08-04 19:20:00,579.2512750893076,2025-08-04 17:20:00,471.3012406298668,646.2747370606647
2025-08-04 19:25:00,586.5737082566593,2025-08-04 17:25:00,477.2590554584489,654.4444274409663
2025-08-04 19:30:00,594.1918542307683,2025-08-04 17:30:00,483.45747366364566,662.9440466874634
2025-08-04 19:35:00,601.7726612360881,2025-08-04 17:35:00,489.62551143970745,671.4020065828738
2025-08-04 19:40:00,608.9843922389616,2025-08-04 17:40:00,495.493254705735,679.4481857767232
2025-08-04 19:45:00,615.5081188985012,2025-08-04 17:45:00,500.80121102865735,686.726753667488
2025-08-04 19:50:00,621.0487591684139,2025-08-04 17:50:00,505.3092902429691,692.9084851328757
2025-08-04 19:55:00,625.3452590800316,2025-08-04 17:55:00,508.80508874319565,697.7021204170343
2025-08-04 20:00:00,628.1795466201515,2025-08-04 18:00:00,511.11117470520645,700.8643550352713
2025-08-04 20:05:00,629.3839281825647,2025-08-04 18:05:00,512.0911061252443,702.2080920472429
2025-08-04 20:10:00,628.8466530784477,2025-08-04 18:10:00,511.6539583207949,701.6086504204827
2025-08-04 20:15:00,626.5154379483872,2025-08-04 18:15:00,509.7571915285194,699.007697241779
2025-08-04 20:20:00,622.398817307353,2025-08-04 18:20:00,506.4077497598797,694.4147545297363
2025-08-04 20:25:00,616.5652678481653,2025-08-04 18:25:00,501.66134830057,687.9062222139711
2025-08-04 20:30:00,609.1401366454136,2025-08-04 18:30:00,495.6199743784205,679.6219509105382
2025-08-04 20:35:00,600.3004877186872,2025-08-04 18:35:00,488.427694127926,669.7594921961437
2025-08-04 20:40:00,590.2680598652441,2025-08-04 18:40:00,480.2649228105415,658.5662416123373
2025-08-04 20:45:00,579.3006023133063,2025-08-04 18:45:00,471.34137516709995,646.3297717927243
2025-08-04 20:50:00,567.6819173789256,2025-08-04 18:50:00,461.887963738326,633.3667229849339
2025-08-04 20:55:00,555.7109905569515,2025-08-04 18:55:00,452.1479546864411,620.0106754163704
2025-08-04 21:00:00,543.6906247000236,2025-08-04 19:00:00,442.3677201236055,606.5994683674755
2025-08-04 21:05:00,531.9160157989282,2025-08-04 19:05:00,432.7874429249716,593.4624540892172
2025-08-04 21:10:00,520.6637113027949,2025-08-04 19:10:00,423.63213279094555,580.9081785229806
2025-08-04 21:15:00,510.1813782690092,2025-08-04 19:15:00,415.1033012182279,569.2129655531901
2025-08-04 21:20:00,500.6787785650823,2025-08-04 19:20:00,407.37161857501013,558.6108479763211
2025-08-04 21:25:00,492.32030145635093,2025-08-04 19:25:00,400.5708383255164,549.2852360562781
2025-08-04 21:30:00,485.2193441713617,2025-08-04 19:30:00,394.7932248406619,541.3626478815212
2025-08-04 21:35:00,479.4347585169562,2025-08-04 19:35:00,390.0866622266552,534.90874482843
2025-08-04 21:40:00,474.96950061536427,2025-08-04 19:40:00,386.4535556988739,529.9268250634465
2025-08-04 21:45:00,471.77153381111896,2025-08-04 19:45:00,383.85156622185195,526.3588309226934
2025-08-04 21:50:00,469.73694538003923,2025-08-04 19:50:00,382.19614638425,524.0888262461909
2025-08-04 21:55:00,468.71514953235896,2025-08-04 19:55:00,381.3647737634338,522.9488014051798
2025-08-04 22:00:00,468.5159656025032,2025-08-04 20:00:00,381.2027100144328,522.7265704884253
2025-08-04 22:05:00,468.9182851250491,2025-08-04 20:05:00,381.53005273815194,523.1754412200568
2025-08-04 22:10:00,469.6799771014778,2025-08-04 20:10:00,382.14979478949795,524.0252663356109
2025-08-04 22:15:00,470.5486306338417,2025-08-04 20:15:00,382.85656489961553,524.9944292142575
2025-08-04 22:20:00,471.2726996364265,2025-08-04 20:20:00,383.44569544432994,525.8022781122805
2025-08-04 22:25:00,471.6125973524997,2025-08-04 20:25:00,383.7222493720668,526.1815043937398
2025-08-04 22:30:00,471.3512898196634,2025-08-04 20:30:00,383.5096394569783,525.889961734555
2025-08-04 22:35:00,470.30395680953,2025-08-04 20:35:00,382.65748881311066,524.7214449011055
2025-08-04 22:40:00,468.32632583721204,2025-08-04 20:40:00,381.0484117668533,522.5149880634564
2025-08-04 22:45:00,465.3213378981202,2025-08-04 20:45:00,378.60343735820237,519.1623018049623
2025-08-04 22:50:00,461.2438709063426,2025-08-04 20:50:00,375.28585251291076,514.6130430958152
2025-08-04 22:55:00,456.1033249585363,2025-08-04 20:55:00,371.1033055131784,508.8776996902188
2025-08-04 23:00:00,449.96396051321096,2025-08-04 21:00:00,366.1080811533967,502.0279674354033
2025-08-04 23:05:00,442.9429714798119,2025-08-04 21:05:00,360.3955329309012,494.19460040351163
2025-08-04 23:10:00,435.20636777783216,2025-08-04 21:10:00,354.10073293681836,485.562817033732
2025-08-04 23:15:00,426.9628311103983,2025-08-04 21:15:00,347.3934726758196,476.36544497551023
2025-08-04 23:20:00,418.45579074235184,2025-08-04 21:20:00,340.47181561269014,466.87407997821083
2025-08-04 23:25:00,409.95403907659085,2025-08-04 21:25:00,333.5544616422868,457.38861562338894
2025-08-04 23:30:00,401.7412669495021,2025-08-04 21:30:00,326.87223260116724,448.2255677800241
2025-08-04 23:35:00,394.10494345831717,2025-08-04 21:35:00,320.6590244650409,439.7056677493943
2025-08-04 23:40:00,387.32499247376944,2025-08-04 21:40:00,315.1425941215179,432.1412285703054
2025-08-04 23:45:00,381.66272701942256,2025-08-04 21:45:00,310.535555953155,425.8237990279854
2025-08-04 23:50:00,377.350493234934,2025-08-04 21:50:00,307.0269557654348,421.0126093507856
2025-08-04 23:55:00,374.5824470400996,2025-08-04 21:55:00,304.7747663239095,417.9242806691396
2025-08-05 00:00:00,373.50684134043115,2025-08-04 22:00:00,303.899611926357,416.7242197963741
2025-08-05 00:05:00,374.22014046473885,2025-08-04 22:05:00,304.4799796815675,417.5200526651692
2025-08-05 00:10:00,376.76320446970783,2025-08-04 22:10:00,306.5491149119703,420.35736712923557
2025-08-05 00:15:00,381.1197020089768,2025-08-04 22:15:00,310.09372980253204,425.21794219014055
2025-08-05 00:20:00,387.21681979615744,2025-08-04 22:20:00,315.05458064730857,432.02053955020773
2025-08-05 00:25:00,394.92824332319566,2025-08-04 22:25:00,321.3288930771865,440.6242292210361
2025-08-05 00:30:00,404.07929122431847,2025-08-04 22:30:00,328.7745395769677,450.8341179696036
2025-08-05 00:35:00,414.45399770804914,2025-08-04 22:35:00,337.21580202597846,462.4092512376674
2025-08-05 00:40:00,425.80385869272675,2025-08-04 22:40:00,346.45048789219493,475.0723712669098
2025-08-05 00:45:00,437.8578890777724,2025-08-04 22:45:00,356.2581132171219,488.52113806749315
2025-08-05 00:50:00,450.3335857425189,2025-08-04 22:50:00,366.4088225356476,502.4403609132513
2025-08-05 00:55:00,462.948353850072,2025-08-04 22:55:00,376.6726857587906,516.5147467495764
2025-08-05 01:00:00,475.4309353985458,2025-08-04 23:00:00,386.8289968849977,530.4416511087155
2025-08-05 01:05:00,487.53237865083616,2025-08-04 23:05:00,396.67519915246277,543.9433167800129
2025-08-05 01:10:00,499.03610648780386,2025-08-04 23:10:00,406.03507704068204,556.7781071426366
2025-08-05 01:15:00,509.7666775497477,2025-08-04 23:15:00,414.76588467400376,568.7502810329735
2025-08-05 01:20:00,519.5968875042588,2025-08-04 23:20:00,422.76412368780456,579.7179156793077
2025-08-05 01:25:00,528.4529249764931,2025-08-04 23:25:00,429.96973829277044,589.5986592096266
2025-08-05 01:30:00,536.3173748948883,2025-08-04 23:30:00,436.36855891313013,598.3730815056396
2025-08-05 01:35:00,543.2299490708941,2025-08-04 23:35:00,441.99289661457965,606.0854893157419
2025-08-05 01:40:00,549.2859147973543,2025-08-04 23:40:00,446.9202645511502,612.8421730311347
2025-08-05 01:45:00,554.6322845177389,2025-08-04 23:45:00,451.2702777327262,618.8071554728875
2025-08-05 01:50:00,559.4619188048703,2025-08-04 23:50:00,455.19985498046316,624.1956125436704
2025-08-05 01:55:00,564.0057774328411,2025-08-04 23:55:00,458.8969140992009,629.2652276939866
2025-08-05 02:00:00,568.5236262733116,2025-08-05 00:00:00,462.57281064886956,634.3058235407626
2025-08-05 02:05:00,573.2935677601556,2025-08-05 00:05:00,466.45381952560416,639.627680932841
2025-08-05 02:10:00,578.6008075821393,2025-08-05 00:10:00,470.77199510844684,645.5490058706956
2025-08-05 02:15:00,584.7260984312318,2025-08-05 00:15:00,475.7557686460208,652.3830361148363
2025-08-05 02:20:00,591.9343118791385,2025-08-05 00:20:00,481.62064989328184,660.4252907477756
2025-08-05 02:25:00,600.463581607296,2025-08-05 00:25:00,488.560393623544,669.9414571990875
2025-08-05 02:30:00,610.5154357053832,2025-08-05 00:30:00,496.73897088490355,681.1563817811904
2025-08-05 02:35:00,622.2462935526977,2025-08-05 00:35:00,506.2836505340584,694.2445826998683
2025-08-05 02:40:00,635.760646603514,2025-08-05 00:40:00,517.279450859535,709.3226418083523
2025-08-05 02:45:00,651.1061732362374,2025-08-05 00:45:00,529.7651648340207,726.4437542100327
2025-08-05 02:50:00,668.2709597144255,2025-08-05 00:50:00,543.7310989807683,745.5946276650512
2025-08-05 02:55:00,687.1829157524611,2025-08-05 00:55:00,559.1185978552238,766.6948305327961
2025-08-05 03:00:00,707.7113858922891,2025-08-05 01:00:00,575.8213551234619,789.5985895963037
2025-08-05 03:05:00,729.6708729900423,2025-08-05 01:05:00,593.6884431349142,814.098944382574
2025-08-05 03:10:00,752.8267084761903,2025-08-05 01:10:00,612.5289264653308,839.9340735118506
2025-08-05 03:15:00,776.9024310709542,2025-08-05 01:15:00,632.1178655250218,866.7955271825008
2025-08-05 03:20:00,801.5885725459419,2025-08-05 01:20:00,652.2034649943234,894.3380295072998
2025-08-05 03:25:00,826.552499394679,2025-08-05 01:25:00,672.5150813873802,922.190458934722
2025-08-05 03:30:00,851.4489243731986,2025-08-05 01:30:00,692.7717756481146,949.9675760489874
2025-08-05 03:35:00,875.9306825442261,2025-08-05 01:35:00,712.6910809565522,977.2820464786369
2025-08-05 03:40:00,899.6593641072257,2025-08-05 01:40:00,731.9976540105839,1003.7563040200802
2025-08-05 03:45:00,922.3154103276318,2025-08-05 01:45:00,750.4314894644614,1029.033814737117
2025-08-05 03:50:00,943.6073076006393,2025-08-05 01:50:00,767.7554005746872,1052.7893348428156
2025-08-05 03:55:00,963.2795587760611,2025-08-05 01:55:00,783.7615049782195,1074.7378043629335
2025-08-05 04:00:00,981.119165724394,2025-08-05 02:00:00,798.2764991589438,1094.641579780643
2025-08-05 04:05:00,996.9604217476594,2025-08-05 02:05:00,811.1655577384856,1112.3157809631405
2025-08-05 04:10:00,1010.6878846934057,2025-08-05 02:10:00,822.3347525167505,1127.6316082859278
2025-08-05 04:15:00,1022.2374758626952,2025-08-05 02:15:00,831.7319465859645,1140.5175686922123
2025-08-05 04:20:00,1031.5957256144611,2025-08-05 02:20:00,839.3461805252017,1150.9586340083622
2025-08-05 04:25:00,1038.7972595298347,2025-08-05 02:25:00,845.2056270464551,1158.9934362396978
2025-08-05 04:30:00,1043.9206857298618,2025-08-05 02:30:00,849.3742447572681,1164.7096790218336
2025-08-05 04:35:00,1047.0831031545301,2025-08-05 02:35:00,851.9473098841527,1168.2380104688184
2025-08-05 04:40:00,1048.433498665991,2025-08-05 02:40:00,853.0460439003953,1169.7446562745831
2025-08-05 04:45:00,1048.145336958486,2025-08-05 02:45:00,852.8115843901797,1169.4231522231332
2025-08-05 04:50:00,1046.4086698302974,2025-08-05 02:50:00,851.3985648470632,1167.4855404475547
2025-08-05 04:55:00,1043.4220995678322,2025-08-05 02:55:00,848.9685757724408,1164.1534029208997
2025-08-05 05:00:00,1039.3849258128612,2025-08-05 03:00:00,845.6837750630028,1159.6490996605228
2025-08-05 05:05:00,1034.4897856637454,2025-08-05 03:05:00,841.7008997124399,1154.1875572370604
2025-08-05 05:10:00,1028.9160656175918,2025-08-05 03:10:00,837.1659055127798,1147.9689184317817
2025-08-05 05:15:00,1022.8243213241891,2025-08-05 03:15:00,832.2094267503671,1141.1723163166587
2025-08-05 05:20:00,1016.3518905375472,2025-08-05 03:20:00,826.9432067335619,1133.9509795934284
2025-08-05 05:25:00,1009.6098272582176,2025-08-05 03:25:00,821.4576032923554,1126.428811994534
2025-08-05 05:30:00,1002.6812244340829,2025-08-05 03:30:00,815.8202240628616,1118.698520908554
2025-08-05 05:35:00,995.6209308730167,2025-08-05 03:35:00,810.0756961565079,1110.8213015376589
2025-08-05 05:40:00,988.4566078425707,2025-08-05 03:40:00,804.2465258504059,1102.8280157533416
2025-08-05 05:45:00,981.1910152417183,2025-08-05 03:45:00,798.3349587051026,1094.7217427943706
2025-08-05 05:50:00,973.8053678339331,2025-08-05 03:50:00,792.3257103256196,1086.4815238397325
2025-08-05 05:55:00,966.2635613128555,2025-08-05 03:55:00,786.1894048519263,1078.06707705993
2025-08-05 06:00:00,958.5170370127223,2025-08-05 04:00:00,779.8865330754951,1069.4242252087522
2025-08-05 06:05:00,950.5100343864372,2025-08-05 04:05:00,773.3717260586043,1060.4907558501416
2025-08-05 06:10:00,942.1849720256623,2025-08-05 04:10:00,766.5981333404022,1051.2024250002978
2025-08-05 06:15:00,933.4877013576248,2025-08-05 04:15:00,759.5216975478218,1041.4988187142956
2025-08-05 06:20:00,924.3723917216332,2025-08-05 04:20:00,752.1051290827703,1031.328803400443
2025-08-05 06:25:00,914.805829794743,2025-08-05 04:25:00,744.3214043011362,1020.6553227198481
2025-08-05 06:30:00,904.7709501909342,2025-08-05 04:30:00,736.1566381448299,1009.4593367008496
2025-08-05 06:35:00,894.2694539321022,2025-08-05 04:35:00,727.6122146310546,997.7427431855849
2025-08-05 06:40:00,883.323417538883,2025-08-05 04:40:00,718.7060960708347,985.530173103985
2025-08-05 06:45:00,871.9758432889398,2025-08-05 04:45:00,709.4732707804404,972.86960440083
2025-08-05 06:50:00,860.2901508896739,2025-08-05 04:50:00,699.9653394866441,959.8317948914024
2025-08-05 06:55:00,848.3486578077702,2025-08-05 04:55:00,690.2492788640646,946.5085867544343
2025-08-05 07:00:00,836.250139762758,2025-08-05 05:00:00,680.4054566583768,933.0101847575487
2025-08-05 07:05:00,824.1066017042443,2025-08-05 05:05:00,670.5250044285028,919.4615536137638
2025-08-05 07:10:00,812.0394204601995,2025-08-05 05:10:00,660.7066790560693,905.9981143069517
2025-08-05 07:15:00,800.1750444371069,2025-08-05 05:15:00,651.0533638551306,892.7609462169361
2025-08-05 07:20:00,788.6404496204644,2025-08-05 05:20:00,641.6683713984316,879.8917173471722
2025-08-05 07:25:00,777.5585566961678,2025-08-05 05:25:00,632.6517147101177,867.5275711747187
2025-08-05 07:30:00,767.0438092013881,2025-08-05 05:30:00,624.0965094782683,855.796193161955
2025-08-05 07:35:00,757.1981006175164,2025-08-05 05:35:00,616.0856601801922,844.8112665854246
2025-08-05 07:40:00,748.1072162095984,2025-08-05 05:40:00,608.6889650253755,834.6685026709728
2025-08-05 07:45:00,739.8379286903273,2025-08-05 05:45:00,601.9607528753779,825.4424002055582
2025-08-05 07:50:00,732.4358532378038,2025-08-05 05:50:00,595.938138003322,817.1838523654257
2025-08-05 07:55:00,725.924130699282,2025-08-05 05:55:00,590.639948697533,809.9186775572281
2025-08-05 08:00:00,720.3029698429586,2025-08-05 06:00:00,586.0663548198902,803.6471087051164
2025-08-05 08:05:00,715.5500404186051,2025-08-05 06:05:00,582.1991876151592,798.3442317912617
2025-08-05 08:10:00,711.6216723815902,2025-08-05 06:10:00,579.0029154460381,793.9613238385638
2025-08-05 08:15:00,708.4547830679236,2025-08-05 06:15:00,576.4262118173091,790.4280030734527
2025-08-05 08:20:00,705.9694254852316,2025-08-05 06:20:00,574.4040287639338,787.655072072121
2025-08-05 08:25:00,704.0718280879993,2025-08-05 06:25:00,572.8600701297578,785.5379092592223
2025-08-05 08:30:00,702.6577805881225,2025-08-05 06:30:00,571.7095463939253,783.9602464806064
2025-08-05 08:35:00,701.6162116490565,2025-08-05 06:35:00,570.8620856212103,782.7981606619405
2025-08-05 08:40:00,700.8328031929223,2025-08-05 06:40:00,570.2246742020657,781.9241063166631
2025-08-05 08:45:00,700.1934919365458,2025-08-05 06:45:00,569.704505837771,781.2108222344642
2025-08-05 08:50:00,699.5877218746107,2025-08-05 06:50:00,569.2116278865184,780.5349602997003
2025-08-05 08:55:00,698.9113297831427,2025-08-05 06:55:00,568.6612891206487,779.7803048680037
2025-08-05 09:00:00,698.0689694817468,2025-08-05 07:00:00,567.975912200168,778.8404775327749
2025-08-05 09:05:00,696.9760074060798,2025-08-05 07:05:00,567.0866359838251,777.6210520287741
2025-08-05 09:10:00,695.5598512603549,2025-08-05 07:10:00,565.9343965721762,776.0410366190987
2025-08-05 09:15:00,693.7607029363478,2025-08-05 07:15:00,564.4705399116087,774.0337141322357
2025-08-05 09:20:00,691.5317560163318,2025-08-05 07:20:00,562.6569824903675,771.5468623174797
2025-08-05 09:25:00,688.8388843934808,2025-08-05 07:25:00,560.4659579880719,768.542406436519
2025-08-05 09:30:00,685.6598919379594,2025-08-05 07:30:00,557.8794067750266,764.9955821105938
2025-08-05 09:35:00,681.9834114527645,2025-08-05 07:35:00,554.8880800601106,760.8937068777568
2025-08-05 09:40:00,677.8075546351266,2025-08-05 07:40:00,551.4904414471581,756.2346739452772
2025-08-05 09:45:00,673.1384219854815,2025-08-05 07:45:00,547.6914545392675,751.0252896845598
2025-08-05 09:50:00,667.9885831018863,2025-08-05 07:50:00,543.5013464475622,745.2795780848967
2025-08-05 09:55:00,662.3756330990678,2025-08-05 07:55:00,538.9344332378953,739.017170140008
2025-08-05 10:00:00,656.3209206767378,2025-08-05 08:00:00,534.0080850380381,732.2618847448814
2025-08-05 10:05:00,649.8485282476505,2025-08-05 08:05:00,528.7418962304228,725.0405908174456
2025-08-05 10:10:00,642.9845651115388,2025-08-05 08:10:00,523.1571103511196,717.3824186877413
2025-08-05 10:15:00,635.7568123754778,2025-08-05 08:15:00,517.2763311833115,709.3183639330631
2025-08-05 10:20:00,628.1947341186267,2025-08-05 08:20:00,511.12353184136003,700.8812998345419
2025-08-05 10:25:00,620.3298445733369,2025-08-05 08:25:00,504.7243535235558,692.1063870436988
2025-08-05 10:30:00,612.1963967195318,2025-08-05 08:30:00,498.1066657791384,683.0318418520561
2025-08-05 10:35:00,603.8323358005325,2025-08-05 08:35:00,491.3013423256503,673.7000000354763
2025-08-05 10:40:00,595.2804417924984,2025-08-05 08:40:00,484.3431906062602,664.1585915153814
2025-08-05 10:45:00,586.5895696972136,2025-08-05 08:45:00,477.2719609399436,654.4621241621726
2025-08-05 10:50:00,577.8158863255495,2025-08-05 08:50:00,470.1333528163423,644.6732636832699
2025-08-05 10:55:00,569.0239964669252,2025-08-05 08:55:00,462.9799311907931,634.8640900983299
2025-08-05 11:00:00,560.287852409012,2025-08-05 09:00:00,455.8718665047362,625.1171124968021
2025-08-05 11:05:00,551.6913461626434,2025-08-05 09:05:00,448.87741654280694,615.5259297874405
2025-08-05 11:10:00,543.3284952483697,2025-08-05 09:10:00,442.0730775959619,606.1954379816754
2025-08-05 11:15:00,535.3031490785162,2025-08-05 09:15:00,435.54334556256595,597.2415026020024
2025-08-05 11:20:00,527.7281628683343,2025-08-05 09:20:00,429.38004381055435,588.7900370088214
2025-08-05 11:25:00,520.7240098902633,2025-08-05 09:25:00,423.6811940538279,580.9754540827198
2025-08-05 11:30:00,514.4168278833054,2025-08-05 09:30:00,418.54942683536234,573.9384865896193
2025-08-05 11:35:00,508.93592284125924,2025-08-05 09:35:00,414.08995051277236,567.8234021396856
2025-08-05 11:40:00,504.410778991223,2025-08-05 09:40:00,410.40811846117805,562.7746671992353
2025-08-05 11:45:00,500.9676498568584,2025-08-05 09:45:00,407.6066554304325,558.9331437159518
2025-08-05 11:50:00,498.725827224309,2025-08-05 09:50:00,405.782621831491,556.4319263778215
2025-08-05 11:55:00,497.7937049713812,2025-08-05 09:55:00,405.02421111559596,555.3919509995602
2025-08-05 12:00:00,498.26476907511477,2025-08-05 10:00:00,405.40748708934603,555.917520545751
2025-08-05 12:05:00,500.2136557968404,2025-08-05 10:05:00,406.9931767016041,558.0919072200835
2025-08-05 12:10:00,503.69242450683686,2025-08-05 10:10:00,409.82363746948573,561.9731940295103
2025-08-05 12:15:00,508.72719091490615,2025-08-05 10:15:00,413.9201181445413,567.5905184558316
2025-08-05 12:20:00,515.31525981241,2025-08-05 10:20:00,419.2804258007823,574.9408734357414
2025-08-05 12:25:00,523.4228847634304,2025-08-05 10:25:00,425.8771030327633,583.9866078324405
2025-08-05 12:30:00,532.98376521007,2025-08-05 10:30:00,433.6562051423277,594.6537496454091
2025-08-05 12:35:00,543.8983701352774,2025-08-05 10:35:00,442.53674984452454,606.8312514162458
2025-08-05 12:40:00,556.0341529664149,2025-08-05 10:40:00,452.4108921214628,620.371229998096
2025-08-05 12:45:00,569.2266945640189,2025-08-05 10:45:00,463.14485420217335,635.0902417962814
2025-08-05 12:50:00,583.2817824064376,2025-08-05 10:50:00,474.5806172676451,650.771602529278
2025-08-05 12:55:00,597.9784037835943,2025-08-05 10:55:00,486.5383568290357,667.1687267561305
2025-08-05 13:00:00,613.0726021568286,2025-08-05 11:00:00,498.81958041118804,684.009430444352
2025-08-05 13:05:00,628.302116773953,2025-08-05 11:05:00,511.2109025228827,701.0011074211978
2025-08-05 13:10:00,643.391700999905,2025-08-05 11:10:00,523.4883718563486,717.8366630727212
2025-08-05 13:15:00,658.0589914214419,2025-08-05 11:15:00,535.4222466178381,734.2010625453157
2025-08-05 13:20:00,672.0207812007013,2025-08-05 11:20:00,546.7820987707123,749.7783299705726
2025-08-05 13:25:00,684.9995370146546,2025-08-05 11:25:00,557.3421164694307,764.2588194606371
2025-08-05 13:30:00,696.7299886951051,2025-08-05 11:30:00,566.8864656455161,777.3465672160775
2025-08-05 13:35:00,706.9656165446437,2025-08-05 11:35:00,575.2145683387201,788.7665294700948
2025-08-05 13:40:00,715.4848612436747,2025-08-05 11:40:00,582.1461553175553,798.2715109256347
2025-08-05 13:45:00,722.0968867079878,2025-08-05 11:45:00,587.5259549631005,805.6485944162641
2025-08-05 13:50:00,726.6467361643985,2025-08-05 11:50:00,591.2278884515591,810.7248935761652
2025-08-05 13:55:00,729.0197361720412,2025-08-05 11:55:00,593.1586530363143,813.3724664377835
2025-08-05 14:00:00,729.1450213209582,2025-08-05 12:00:00,593.2605898790221,813.5122479629281
2025-08-05 14:05:00,726.9980739687276,2025-08-05 12:05:00,591.5137504775597,811.1168836448572
2025-08-05 14:10:00,722.6021976081065,2025-08-05 12:10:00,587.9370954549242,806.2123733549602
2025-08-05 14:15:00,716.0288686595122,2025-08-05 12:15:00,582.5887807912006,798.8784638401108
2025-08-05 14:20:00,707.3969390736065,2025-08-05 12:20:00,575.565509030185,789.2477590607432
2025-08-05 14:25:00,696.87069068522,2025-08-05 12:25:00,567.0009462264867,777.5035494197875
2025-08-05 14:30:00,684.6567700841485,2025-08-05 12:30:00,557.063228037861,763.8763919763787
2025-08-05 14:35:00,671.0000612740496,2025-08-05 12:35:00,545.9516015608574,748.6395055422488
2025-08-05 14:40:00,656.1785790211932,2025-08-05 12:40:00,533.8922703618578,732.1030731548755
2025-08-05 14:45:00,640.4974911995855,2025-08-05 12:45:00,521.1335308258764,714.6075727657358
2025-08-05 14:50:00,624.2824004939613,2025-08-05 12:50:00,507.9403058902761,696.5162815889033
2025-08-05 14:55:00,607.8720355399507,2025-08-05 12:55:00,494.58819827372986,678.2071215545338
2025-08-05 15:00:00,591.6105183858097,2025-08-05 13:00:00,481.3571989840193,660.0640320613261
2025-08-05 15:05:00,575.839387479317,2025-08-05 13:05:00,468.52519691165435,642.4680699666868
2025-08-05 15:10:00,560.8895652889663,2025-08-05 13:10:00,456.361443375813,625.7884478049868
2025-08-05 15:15:00,547.0734639573459,2025-08-05 13:15:00,445.1201289786082,610.3737260093036
2025-08-05 15:20:00,534.6774239953753,2025-08-05 13:20:00,435.0342314342767,596.5433767091992
2025-08-05 15:25:00,523.9546763152428,2025-08-05 13:25:00,426.30978920697504,584.5799314211813
2025-08-05 15:30:00,515.119010713506,2025-08-05 13:30:00,419.1207499437517,574.7219169305994
2025-08-05 15:35:00,508.33932078844,2025-08-05 13:35:00,413.6045320083199,567.1577690174173
2025-08-05 15:40:00,503.7351782256824,2025-08-05 13:40:00,409.8584235486883,562.0208946554624
2025-08-05 15:45:00,501.37356838191624,2025-08-05 13:45:00,407.936926441791,559.3860298800943
2025-08-05 15:50:00,501.2668937624751,2025-08-05 13:50:00,407.8501318456486,559.267012254074
2025-08-05 15:55:00,503.3723232448155,2025-08-05 13:55:00,409.5631907024163,561.6160547915972
2025-08-05 16:00:00,507.5925331370538,2025-08-05 14:00:00,412.99691669227053,566.3245727625358
2025-08-05 16:05:00,513.7778518636612,2025-08-05 14:05:00,418.02953123263865,573.2255765334094
2025-08-05 16:10:00,521.7297841146043,2025-08-05 14:10:00,424.49953086224036,582.0976034854607
2025-08-05 16:15:00,531.2058533265734,2025-08-05 14:15:00,432.2096272711036,592.6701208051503
2025-08-05 16:20:00,541.9256644709554,2025-08-05 14:20:00,440.9316802193447,604.6302897794998
2025-08-05 16:25:00,553.5780532990567,2025-08-05 14:25:00,450.4125144395871,617.6309422594597
2025-08-05 16:30:00,565.8291541653168,2025-08-05 14:30:00,460.38048392996035,631.2995819872276
2025-08-05 16:35:00,578.3311881005425,2025-08-05 14:35:00,470.55262227037247,645.2481895115974
2025-08-05 16:40:00,590.7317461195408,2025-08-05 14:40:00,480.6421958806429,659.0835796398246
2025-08-05 16:45:00,602.6833215884103,2025-08-05 14:45:00,490.36645992320575,672.418036767111
2025-08-05 16:50:00,613.852830114716,2025-08-05 14:50:00,499.4544040539496,684.8799362852814
2025-08-05 16:55:00,623.9308479644085,2025-08-05 14:55:00,507.6542691555287,696.1240519497632
2025-08-05 17:00:00,632.6402986167094,2025-08-05 15:00:00,514.7406150543809,705.8412475301972
2025-08-05 17:05:00,639.744325533999,2025-08-05 15:05:00,520.5207261107965,713.7672605153829
2025-08-05 17:10:00,645.0531044465298,2025-08-05 15:10:00,524.8401539572345,719.6903026274267
2025-08-05 17:15:00,648.4293730499611,2025-08-05 15:15:00,527.5872166741037,723.4572293443206
2025-08-05 17:20:00,649.7924875613185,2025-08-05 15:20:00,528.6962993605842,724.9780658280646
2025-08-05 17:25:00,649.1208551494265,2025-08-05 15:25:00,528.1498332541038,724.2287208044736
2025-08-05 17:30:00,646.4526365454337,2025-08-05 15:30:00,525.9788674014354,721.2517704707002
2025-08-05 17:35:00,641.884663818877,2025-08-05 15:35:00,522.2621881194474,716.1552510503492
2025-08-05 17:40:00,635.5695727701524,2025-08-05 15:40:00,517.1239857987091,709.1094593835127
2025-08-05 17:45:00,627.7112054552993,2025-08-05 15:45:00,510.730114219843,700.3418234912139
2025-08-05 17:50:00,618.5583949212385,2025-08-05 15:50:00,503.2830335737316,690.1299681606336
2025-08-05 17:55:00,608.3972991398523,2025-08-05 15:55:00,495.0155730537908,678.7931618612411
2025-08-05 18:00:00,597.5425018623941,2025-08-05 16:00:00,486.18369016693316,666.682387905233
2025-08-05 18:05:00,586.3271438088354,2025-08-05 16:05:00,477.05844108753246,654.1693337458142
2025-08-05 18:10:00,575.0923854620218,2025-08-05 16:10:00,467.91740717921056,641.6346345422472
2025-08-05 18:15:00,564.1765316406145,2025-08-05 16:15:00,459.035846326763,629.4557393691033
2025-08-05 18:20:00,553.9041669706338,2025-08-05 16:20:00,450.67785313560796,617.9947895851611
2025-08-05 18:25:00,544.5756578613135,2025-08-05 16:25:00,443.0878173333185,607.5869061137531
2025-08-05 18:30:00,536.4573722677088,2025-08-05 16:30:00,436.4824661902182,598.5292775628599
2025-08-05 18:35:00,529.7729510278805,2025-08-05 16:35:00,431.04376254172297,591.0714215943827
2025-08-05 18:40:00,524.6959351535403,2025-08-05 16:40:00,426.91290606686215,585.4069591402671
2025-08-05 18:45:00,521.3440128624812,2025-08-05 16:45:00,424.18565245136085,581.6671957759689
2025-08-05 18:50:00,519.7750991041308,2025-08-05 16:50:00,422.9091235380015,579.9167476194372
2025-08-05 18:55:00,519.9854005051116,2025-08-05 16:55:00,423.0802328914908,580.1513823772136
2025-08-05 19:00:00,521.9095522586706,2025-08-05 17:00:00,424.6457971769949,582.2981720729367
2025-08-05 19:05:00,525.422842310048,2025-08-05 17:05:00,427.5043458433771,586.2179745866588
2025-08-05 19:10:00,530.3454652210179,2025-08-05 17:10:00,431.5095822319123,591.7101797215466
2025-08-05 19:15:00,536.4486755132277,2025-08-05 17:15:00,436.4753901744153,598.5195745324872
2025-08-05 19:20:00,543.4626412203775,2025-08-05 17:20:00,442.182223947039,606.3451055896987
2025-08-05 19:25:00,551.0857351600406,2025-08-05 17:25:00,448.3846680083789,614.8502453162967
2025-08-05 19:30:00,558.9949466921597,2025-08-05 17:30:00,454.8199084088719,623.674608460753
2025-08-05 19:35:00,566.8570526673873,2025-08-05 17:35:00,461.2168219064157,632.4464156028259
2025-08-05 19:40:00,574.3401550824286,2025-08-05 17:40:00,467.3053634489882,640.7953657970802
2025-08-05 19:45:00,581.1251749897617,2025-08-05 17:45:00,472.82591806413586,648.3654604091067
2025-08-05 19:50:00,586.9168903196557,2025-08-05 17:50:00,477.5382816578685,654.827318091475
2025-08-05 19:55:00,591.4541176769067,2025-08-05 17:55:00,481.2299453182764,659.889534686233
2025-08-05 20:00:00,594.518666337044,2025-08-05 18:00:00,483.72338063315016,663.3086732616889
2025-08-05 20:05:00,595.9427347318571,2025-08-05 18:05:00,484.88205775667257,664.8975164235314
2025-08-05 20:10:00,595.6144750625581,2025-08-05 18:10:00,484.6149729939062,664.5312747930212
2025-08-05 20:15:00,593.4815176844564,2025-08-05 18:15:00,482.8795163764737,662.1515191878536
2025-08-05 20:20:00,589.552321808515,2025-08-05 18:20:00,479.68257064558435,657.7676876094209
2025-08-05 20:25:00,583.8952996850867,2025-08-05 18:25:00,475.0797986540488,651.4561080884241
2025-08-05 20:30:00,576.6357449646075,2025-08-05 18:30:00,469.1731441617393,643.3565716352124
2025-08-05 20:35:00,567.9506791542906,2025-08-05 18:35:00,462.1066387134374,633.6665823951339
2025-08-05 20:40:00,558.0618095451008,2025-08-05 18:40:00,454.0606719358596,622.6335007579446
2025-08-05 20:45:00,547.2268647865313,2025-08-05 18:45:00,445.24494182618906,610.5448763974169
2025-08-05 20:50:00,535.7296375295928,2025-08-05 18:50:00,435.89035306129904,597.717338777825
2025-08-05 20:55:00,523.8691145052601,2025-08-05 18:55:00,426.24017280917053,584.4844695057276
2025-08-05 21:00:00,511.9481106410287,2025-08-05 19:00:00,416.54078300653356,571.1841213335678
2025-08-05 21:05:00,500.2618448271233,2025-08-05 19:05:00,407.03238516040915,558.1456720613788
2025-08-05 21:10:00,489.08689810419924,2025-08-05 19:10:00,397.940016302568,545.6777051088482
2025-08-05 21:15:00,478.67098180829146,2025-08-05 19:15:00,389.4652239565325,534.0565937624021
2025-08-05 21:20:00,469.2239126309756,2025-08-05 19:20:00,381.7787230974732,523.5164319861119
2025-08-05 21:25:00,460.91014517296617,2025-08-05 19:25:00,375.0143203490046,514.2407029390241
2025-08-05 21:30:00,453.8431523442274,2025-08-05 19:30:00,369.2643416593704,506.3560091478907
2025-08-05 21:35:00,448.08187191955375,2025-08-05 19:35:00,364.5767410816304,499.9281079041435
2025-08-05 21:40:00,443.6293561230124,2025-08-05 19:40:00,360.95400202333406,494.96040459572254
2025-08-05 21:45:00,440.43367442012914,2025-08-05 19:45:00,358.35387179315916,491.3949599586917
2025-08-05 21:50:00,438.3910300769098,2025-08-05 19:50:00,356.6918973538687,489.1159672441413
2025-08-05 21:55:00,437.3509629916793,2025-08-05 19:55:00,355.8456585475202,487.95555705440256
2025-08-05 22:00:00,437.1234277801933,2025-08-05 20:00:00,355.66052709926606,487.7016944125767
2025-08-05 22:05:00,437.4874606259839,2025-08-05 20:05:00,355.95671830199524,488.10784842865286
2025-08-05 22:10:00,438.2010844011334,2025-08-05 20:10:00,356.53735020568695,488.9040435126842
2025-08-05 22:15:00,439.0120511358475,2025-08-05 20:15:00,357.1971841061326,489.8088448239312
2025-08-05 22:20:00,439.6689864601868,2025-08-05 20:20:00,357.7316920937533,490.54179220318
2025-08-05 22:25:00,439.9324840014543,2025-08-05 20:25:00,357.94608388440264,490.8357782702328
2025-08-05 22:30:00,439.5856986032907,2025-08-05 20:30:00,357.66392587212783,490.44886735323894
2025-08-05 22:35:00,438.44400704539146,2025-08-05 20:35:00,356.7350014643713,489.17507402188727
2025-08-05 22:40:00,436.3633418301066,2025-08-05 20:40:00,355.04209177306683,486.8536611519507
2025-08-05 22:45:00,433.24685671733124,2025-08-05 20:45:00,352.506398951624,483.3765767096215
2025-08-05 22:50:00,429.0496498304745,2025-08-05 20:50:00,349.09138909661624,478.69372335418547
2025-08-05 22:55:00,423.7813488370217,2025-08-05 20:55:00,344.8048956506708,472.8158427422262
2025-08-05 23:00:00,417.506448676732,2025-08-05 21:00:00,339.6993941911926,465.8148923333593
2025-08-05 23:05:00,410.34238455872133,2025-08-05 21:05:00,333.87043454626166,457.8218954194738
2025-08-05 23:10:00,402.45541416617016,2025-08-05 21:10:00,327.4532903971231,449.02234687145307
2025-08-05 23:15:00,394.05447318388167,2025-08-05 21:15:00,320.61795989776357,439.6493577078926
2025-08-05 23:20:00,385.3832508105933,2025-08-05 21:20:00,313.56271800523916,429.97481368823986
2025-08-05 23:25:00,376.71080499408635,2025-08-05 21:25:00,306.506480671994,420.29890466435074
2025-08-05 23:30:00,368.3210975195934,2025-08-05 21:30:00,299.6802901890459,410.938448804745
2025-08-05 23:35:00,360.5018735076394,2025-08-05 21:35:00,293.3182671153313,402.2144853718378
2025-08-05 23:40:00,353.5333376182398,2025-08-05 21:40:00,287.64839679948017,394.4396406830191
2025-08-05 23:45:00,347.67708815978506,2025-08-05 21:45:00,282.883525742818,387.9057818178125
2025-08-05 23:50:00,343.1657607199502,2025-08-05 21:50:00,279.21293525692926,382.8724619437659
2025-08-05 23:55:00,340.19380452859684,2025-08-05 21:55:00,276.79483675577967,379.5566294394239
2025-08-06 00:00:00,338.9097693680496,2025-08-05 22:00:00,275.75009608760416,378.1240223456693
2025-08-06 00:05:00,339.41041967187243,2025-08-05 22:05:00,276.1574445380276,378.68260142417466
2025-08-06 00:10:00,341.7369185386568,2025-08-05 22:10:00,278.05037399609466,381.27829263464497
2025-08-06 00:15:00,345.87324026633723,2025-08-05 22:15:00,281.4158453307922,385.89321598814615
2025-08-06 00:20:00,351.74687948199664,2025-08-05 22:20:00,286.1948653664852,392.44647672823555
2025-08-06 00:25:00,359.23183158426104,2025-08-05 22:25:00,292.28491188612117,400.79749063158306
2025-08-06 00:30:00,368.1537267002043,2025-08-05 22:30:00,299.54411081712965,410.75171199993497
2025-08-06 00:35:00,378.29691190836184,2025-08-05 22:35:00,307.7969986019794,422.0685353463298
2025-08-06 00:40:00,389.41319693717867,2025-08-05 22:40:00,316.84163803668554,434.4710530326005
2025-08-06 00:45:00,401.2319111518483,2025-08-05 22:45:00,326.45780102426784,447.65727592059176
2025-08-06 00:50:00,413.4708662859873,2025-08-05 22:50:00,336.41588827723706,461.3123645692848
2025-08-06 00:55:00,425.8477823111393,2025-08-05 22:55:00,346.4862258469324,475.1213771580681
2025-08-06 01:00:00,438.09171573947845,2025-08-05 23:00:00,356.4483636326042,488.78202012474634
2025-08-06 01:05:00,449.95402870636485,2025-08-05 23:05:00,366.1000002512225,502.01688644838777
2025-08-06 01:10:00,461.2184570322748,2025-08-05 23:10:00,375.2651748020581,514.5846886570989
2025-08-06 01:15:00,471.7098709550813,2025-08-05 23:15:00,383.801394937297,526.2900332388799
2025-08-06 01:20:00,481.30137620047094,2025-08-05 23:20:00,391.60541456757414,536.9913433560212
2025-08-06 01:25:00,489.9194694809954,2025-08-05 23:25:00,398.61742857539633,546.6066108717923
2025-08-06 01:30:00,497.54704162734566,2025-08-05 23:30:00,404.82351627889676,555.1167469652066
2025-08-06 01:35:00,504.22410778853714,2025-08-05 23:35:00,410.2562355509468,562.5663968205226
2025-08-06 01:40:00,510.04623573004295,2025-08-05 23:40:00,414.99334402172997,569.0621860683756
2025-08-06 01:45:00,515.1607352464694,2025-08-05 23:45:00,419.1546986375156,574.7684692865968
2025-08-06 01:50:00,519.760760784695,2025-08-05 23:50:00,422.89745732675726,579.9007502552157
2025-08-06 01:55:00,524.0775622554495,2025-08-05 23:55:00,426.409773960684,584.7170361322297
2025-08-06 02:00:00,528.3711916168198,2025-08-06 00:00:00,429.9032368702074,589.5074687232114
2025-08-06 02:05:00,532.9200330733605,2025-08-06 00:05:00,433.6043502109863,594.5826432505411
2025-08-06 02:10:00,538.0095694532978,2025-08-06 00:10:00,437.74539385344605,600.2610749211448
2025-08-06 02:15:00,543.9208257227593,2025-08-06 00:15:00,442.55502057899577,606.856305273733
2025-08-06 02:20:00,550.9189405766026,2025-08-06 00:20:00,448.24895748431913,614.6641514220054
2025-08-06 02:25:00,559.2423093897676,2025-08-06 00:25:00,455.0211722666859,623.9505927688247
2025-08-06 02:30:00,569.0927162634915,2025-08-06 00:30:00,463.0358442750976,634.9407612605124
2025-08-06 02:35:00,580.6268306595955,2025-08-06 00:35:00,472.42044584306564,647.8094541216899
2025-08-06 02:40:00,593.9493879812634,2025-08-06 00:40:00,483.2601937453841,662.6735253811086
2025-08-06 02:45:00,609.1083040785218,2025-08-06 00:45:00,495.59407417083577,679.5864350909229
2025-08-06 02:50:00,626.0918961036152,2025-08-06 00:50:00,509.41258150263917,698.535148615413
2025-08-06 02:55:00,644.8282977423585,2025-08-06 00:55:00,524.6572425280598,719.4394842004748
2025-08-06 03:00:00,665.187070496597,2025-08-06 01:00:00,541.2219274401384,742.1539106928373
2025-08-06 03:05:00,686.9829268606106,2025-08-06 01:05:00,558.9558791580112,766.4717015142613
2025-08-06 03:10:00,709.9814003777076,2025-08-06 01:10:00,577.6683267042505,792.1312607837111
2025-08-06 03:15:00,733.9062243086656,2025-08-06 01:15:00,597.1344887748876,818.8243557498271
2025-08-06 03:20:00,758.4481169834702,2025-08-06 01:20:00,617.10272184137,846.2059186698827
2025-08-06 03:25:00,783.2746235353164,2025-08-06 01:25:00,637.3025277659865,873.9050273018933
2025-08-06 03:30:00,808.0406270863377,2025-08-06 01:30:00,657.4531061091078,901.5366323087395
2025-08-06 03:35:00,832.3991247897372,2025-08-06 01:35:00,677.2721219338412,928.7135801644523
2025-08-06 03:40:00,856.01186041042,2025-08-06 01:40:00,696.4843568848597,955.0584759994887
2025-08-06 03:45:00,878.5594201060019,2025-08-06 01:45:00,714.8299235062975,980.2149475348774
2025-08-06 03:50:00,899.7504264625111,2025-08-06 01:50:00,732.0717458647867,1003.8579029327612
2025-08-06 03:55:00,919.3295096426727,2025-08-06 01:55:00,748.0020451839947,1025.7024242628127
2025-08-06 04:00:00,937.0837898487439,2025-08-06 02:00:00,762.4476142271038,1045.5110000317843
2025-08-06 04:05:00,952.847669615062,2025-08-06 02:05:00,775.2737164913765,1063.0988719781387
2025-08-06 04:10:00,966.5058069125887,2025-08-06 02:10:00,786.3865052409998,1078.3373521857766
2025-08-06 04:15:00,977.99421386984,2025-08-06 02:15:00,795.7339174689289,1091.1550489347374
2025-08-06 04:20:00,987.2995023995586,2025-08-06 02:20:00,803.3050601095715,1101.5370250415492
2025-08-06 04:25:00,994.4563702747043,2025-08-06 02:25:00,809.1281646129844,1109.5219930564656
2025-08-06 04:30:00,999.5434884025386,2025-08-06 02:30:00,813.2672406720045,1115.1977266661254
2025-08-06 04:35:00,1002.6780090791008,2025-08-06 02:35:00,815.8176079256906,1118.6949335143004
2025-08-06 04:40:00,1004.0089630396542,2025-08-06 02:40:00,816.9005235441903,1120.179888244463
2025-08-06 04:45:00,1003.7098493968231,2025-08-06 02:45:00,816.6571531158146,1119.8461650414504
2025-08-06 04:50:00,1001.9707448503265,2025-08-06 02:50:00,815.2421503948926,1117.9058338210575
2025-08-06 04:55:00,998.9902671760808,2025-08-06 02:55:00,812.8171184856836,1114.5804938380918
2025-08-06 05:00:00,994.9677219941799,2025-08-06 03:00:00,809.5442201490725,1110.0925117799654
2025-08-06 05:05:00,990.0957429767636,2025-08-06 03:05:00,805.5801895910441,1104.6568103946552
2025-08-06 05:10:00,984.5537038079308,2025-08-06 03:10:00,801.070972178467,1098.4735181678661
2025-08-06 05:15:00,978.5021379843897,2025-08-06 03:15:00,796.1471841730828,1091.7217434552228
2025-08-06 05:20:00,972.0783518360597,2025-08-06 03:20:00,790.9205433153961,1084.5546798983823
2025-08-06 05:25:00,965.3933587270001,2025-08-06 03:25:00,785.4813743719766,1077.0961858913665
2025-08-06 05:30:00,958.530201836362,2025-08-06 03:30:00,779.8972444851732,1069.438913295429
2025-08-06 05:35:00,951.543671179747,2025-08-06 03:35:00,774.212732930747,1061.6439917177875
2025-08-06 05:40:00,944.4613602814749,2025-08-06 03:40:00,768.4502908672964,1053.742207448332
2025-08-06 05:45:00,937.2859524849271,2025-08-06 03:45:00,762.6121015667777,1045.7365543122175
2025-08-06 05:50:00,929.9985772919666,2025-08-06 03:50:00,756.6828112620684,1037.6059783614494
2025-08-06 05:55:00,922.5630365603512,2025-08-06 03:55:00,750.6329677446347,1029.3100930731732
2025-08-06 06:00:00,914.9306693683727,2025-08-06 04:00:00,744.4229786065572,1020.7946071134991
2025-08-06 06:05:00,907.0456045985853,2025-08-06 04:05:00,738.0073849458014,1011.9971846822493
2025-08-06 06:10:00,898.8501421974463,2025-08-06 04:10:00,731.3392397671882,1002.8534494223311
2025-08-06 06:15:00,890.2900069431726,2025-08-06 04:15:00,724.3743826511178,993.3028460856245
2025-08-06 06:20:00,881.3192337649236,2025-08-06 04:20:00,717.0754146382014,983.294091118085
2025-08-06 06:25:00,871.904467366931,2025-08-06 04:25:00,709.4151965697472,972.7899697807394
2025-08-06 06:30:00,862.0284929461754,2025-08-06 04:30:00,701.3797218162159,961.7712753963247
2025-08-06 06:35:00,851.6928549493624,2025-08-06 04:35:00,692.9702469991805,950.2397311149336
2025-08-06 06:40:00,840.9194663094734,2025-08-06 04:40:00,684.2046013284229,938.2197853505965
2025-08-06 06:45:00,829.7511589713101,2025-08-06 04:45:00,675.1176345308091,925.7592260065168
2025-08-06 06:50:00,818.2511757845114,2025-08-06 04:50:00,665.760803434796,912.9286135765233
2025-08-06 06:55:00,806.5016510091201,2025-08-06 04:55:00,656.2009356509927,899.8195858344039
2025-08-06 07:00:00,794.6011711538472,2025-08-06 05:00:00,646.5182449758342,886.5421364439361
2025-08-06 07:05:00,782.6615461209632,2025-08-06 05:05:00,636.8037042701861,873.2210125024474
2025-08-06 07:10:00,770.8039521052657,2025-08-06 05:10:00,627.1559071727661,859.9914111459626
2025-08-06 07:15:00,759.1546316137552,2025-08-06 05:15:00,617.6775694698455,846.994182030799
2025-08-06 07:20:00,747.8403497239028,2025-08-06 05:20:00,608.4718321312417,834.3707578488372
2025-08-06 07:25:00,736.9838113994002,2025-08-06 05:25:00,599.6385326611717,822.25804139435
2025-08-06 07:30:00,726.6992400624665,2025-08-06 05:30:00,591.2706076536766,810.7834725459109
2025-08-06 07:35:00,717.0883048036669,2025-08-06 05:35:00,583.4507790130108,800.0604842256346
2025-08-06 07:40:00,708.2365626447147,2025-08-06 05:40:00,576.2486592410575,790.1845330066689
2025-08-06 07:45:00,700.2105544473343,2025-08-06 05:45:00,569.7183885564609,781.2298589982103
2025-08-06 07:50:00,693.0556602080685,2025-08-06 05:50:00,563.8968898795326,773.2470929827786
2025-08-06 07:55:00,686.7947826123419,2025-08-06 05:55:00,558.802797720922,766.2617876481924
2025-08-06 08:00:00,681.4278895359948,2025-08-06 06:00:00,554.4360859431702,760.2739071532998
2025-08-06 08:05:00,676.9324074735779,2025-08-06 06:05:00,550.778387869187,755.2582660787049
2025-08-06 08:10:00,673.2644210187659,2025-08-06 06:10:00,547.7939722259069,751.165867695533
2025-08-06 08:15:00,670.3606004164187,2025-08-06 06:15:00,545.431311475196,747.9260545488742
2025-08-06 08:20:00,668.1407501010854,2025-08-06 06:20:00,543.6251554033463,745.4493518801836
2025-08-06 08:25:00,666.5108488502026,2025-08-06 06:25:00,542.2990047073004,743.6308595476692
2025-08-06 08:30:00,665.366435859495,2025-08-06 06:30:00,541.3678660365564,742.3540298945203
2025-08-06 08:35:00,664.5961888481827,2025-08-06 06:35:00,540.7411632779531,741.4946598661489
2025-08-06 08:40:00,664.0855385628319,2025-08-06 06:40:00,540.3256784557975,740.9249237376541
2025-08-06 08:45:00,663.7201707593207,2025-08-06 06:45:00,540.0284010798358,740.5172802998244
2025-08-06 08:50:00,663.3892789234766,2025-08-06 06:50:00,539.7591746845662,740.1481019425171
2025-08-06 08:55:00,662.9884501388857,2025-08-06 06:55:00,539.4330448829033,739.7008944377466
2025-08-06 09:00:00,662.4220896759646,2025-08-06 07:00:00,538.9722321056206,739.0690020708295
2025-08-06 09:05:00,661.6053168518714,2025-08-06 07:05:00,538.307674146299,738.157722864672
2025-08-06 09:10:00,660.4652940343246,2025-08-06 07:10:00,537.3801074902336,736.8857913587127
2025-08-06 09:15:00,658.9419798658174,2025-08-06 07:15:00,536.1406801667878,735.1862189864964
2025-08-06 09:20:00,656.988327086447,2025-08-06 07:20:00,534.5511127056972,733.006514788002
2025-08-06 09:25:00,654.5699714737357,2025-08-06 07:25:00,532.5834450464773,730.3083383576036
2025-08-06 09:30:00,651.6644818019012,2025-08-06 07:30:00,530.2194262762782,727.0666630183342
2025-08-06 09:35:00,648.2602591364512,2025-08-06 07:35:00,527.4496190533947,723.2685477570939
2025-08-06 09:40:00,644.3551870625738,2025-08-06 07:40:00,524.2723013808808,718.9116312749352
2025-08-06 09:45:00,639.9551419334642,2025-08-06 07:45:00,520.692254486971,714.0024698606044
2025-08-06 09:50:00,635.0724734445624,2025-08-06 07:50:00,516.7195265615142,708.5548421564912
2025-08-06 09:55:00,629.7245613215943,2025-08-06 07:55:00,512.3682584215419,702.5881388452867
2025-08-06 10:00:00,623.9325437095874,2025-08-06 08:00:00,507.6556488793912,696.1259439046311
2025-08-06 10:05:00,617.7202975957016,2025-08-06 08:05:00,502.6011251752853,689.1948970576669
2025-08-06 10:10:00,611.1137322093648,2025-08-06 08:10:00,497.22576806035653,681.8239054145831
2025-08-06 10:15:00,604.1404342343967,2025-08-06 08:15:00,491.5520231275077,674.043747633276
2025-08-06 10:20:00,596.8296792853484,2025-08-06 08:20:00,485.603710149006,665.8870867235823
2025-08-06 10:25:00,589.2127992590405,2025-08-06 08:25:00,479.40632196790216,657.3888799039844
2025-08-06 10:30:00,581.3238712644852,2025-08-06 08:30:00,472.98758503806056,648.5871472455873
2025-08-06 10:35:00,573.2006713332186,2025-08-06 08:35:00,466.37823539977074,639.5240357334699
2025-08-06 10:40:00,564.8858171197417,2025-08-06 08:40:00,459.6129484250223,630.2470941856346
2025-08-06 10:45:00,556.4280084934446,2025-08-06 08:45:00,452.73134821107504,620.8106573901752
2025-08-06 10:50:00,547.8832644325445,2025-08-06 08:50:00,445.7790139652056,611.2772261165754
2025-08-06 10:55:00,539.3160495116094,2025-08-06 08:55:00,438.80839655852515,601.7187239457933
2025-08-06 11:00:00,530.8001835735606,2025-08-06 09:00:00,431.8795586703026,592.2175121977349
2025-08-06 11:05:00,522.419434139616,2025-08-06 09:05:00,425.0606567956072,582.8670508872115
2025-08-06 11:10:00,514.2677024154237,2025-08-06 09:10:00,418.42809258709286,573.7721062522961
2025-08-06 11:15:00,506.44872982910454,2025-08-06 09:15:00,412.0662740829989,565.0484233367446
2025-08-06 11:20:00,499.07527214102976,2025-08-06 09:20:00,406.0669437309238,556.8218045384455
2025-08-06 11:25:00,492.2677117983052,2025-08-06 09:25:00,400.5280493457641,549.2265614035199
2025-08-06 11:30:00,486.1521045567738,2025-08-06 09:30:00,395.5521547658267,542.4033352287003
2025-08-06 11:35:00,480.8576833529344,2025-08-06 09:35:00,391.2444089064811,536.4963121136071
2025-08-06 11:40:00,476.51386847446577,2025-08-06 09:40:00,387.7101131192632,531.6498871868952
2025-08-06 11:45:00,473.2468586470565,2025-08-06 09:45:00,385.0519475682758,528.0048612577627
2025-08-06 11:50:00,471.17590020400655,2025-08-06 09:50:00,383.36693568228236,525.6942783021373
2025-08-06 11:55:00,470.4093509658312,2025-08-06 09:55:00,382.74324157491895,524.8390339053607
2025-08-06 12:00:00,471.04067031093246,2025-08-06 10:00:00,383.2569074111038,525.543401355728
2025-08-06 12:05:00,473.14447749523157,2025-08-06 10:05:00,384.96864630344083,527.8906338838732
2025-08-06 12:10:00,476.772824480636,2025-08-06 10:10:00,387.9208097413083,531.9388062311772
2025-08-06 12:15:00,481.95182923093495,2025-08-06 10:15:00,392.13464831018763,537.7170583942292
2025-08-06 12:20:00,488.678808537559,2025-08-06 10:20:00,397.6079788478106,545.222396698285
2025-08-06 12:25:00,496.9200376842283,2025-08-06 10:25:00,404.31336162066924,554.417194239299
2025-08-06 12:30:00,506.60924757741986,2025-08-06 10:30:00,412.196877531239,565.2275141217758
2025-08-06 12:35:00,517.6469484371432,2025-08-06 10:35:00,421.17757784663655,577.5423548957942
2025-08-06 12:40:00,529.9006446951055,2025-08-06 10:40:00,431.1476590480784,591.2138903204074
2025-08-06 12:45:00,543.2059779428181,2025-08-06 10:45:00,441.97339277766577,606.0587445589142
2025-08-06 12:50:00,557.3688060755725,2025-08-06 10:50:00,453.4968175103357,621.8603118944717
2025-08-06 12:55:00,572.1681964915389,2025-08-06 10:55:00,465.53817393641407,638.3720962634611
2025-08-06 13:00:00,587.3602823520569,2025-08-06 11:00:00,477.8990425641329,655.3220137123187
2025-08-06 13:05:00,602.6829021472319,2025-08-06 11:05:00,490.3661186496406,672.417568793627
2025-08-06 13:10:00,617.860917949416,2025-08-06 11:10:00,502.7155393337232,689.3517881790686
2025-08-06 13:15:00,632.6120844517789,2025-08-06 11:15:00,514.7176589185777,705.8097687871956
2025-08-06 13:20:00,646.6533221734911,2025-08-06 11:20:00,526.1421529901731,721.4756768427399
2025-08-06 13:25:00,659.7072343025286,2025-08-06 11:25:00,536.763320773602,736.0400187641384
2025-08-06 13:30:00,671.5086962246332,2025-08-06 11:30:00,546.3654466287009,749.2069931475158
2025-08-06 13:35:00,681.8113427050632,2025-08-06 11:35:00,554.7480782720218,760.7017285611621
2025-08-06 13:40:00,690.3937776417847,2025-08-06 11:40:00,561.7310792721979,770.2772118110088
2025-08-06 13:45:00,697.0653367459824,2025-08-06 11:45:00,567.159317789686,777.7207174039577
2025-08-06 13:50:00,701.6712434803895,2025-08-06 11:50:00,570.906861647603,782.8595600646768
2025-08-06 13:55:00,704.0970128727973,2025-08-06 11:55:00,572.8805614447203,785.566008101423
2025-08-06 14:00:00,704.2719760250491,2025-08-06 12:00:00,573.022918232296,785.7612157256088
2025-08-06 14:05:00,702.1718196651246,2025-08-06 12:05:00,571.31414979187,783.4180564479927
2025-08-06 14:10:00,697.8200592981555,2025-08-06 12:10:00,567.7733892479071,778.5627666836665
2025-08-06 14:15:00,691.2883907428063,2025-08-06 12:15:00,562.458971091392,771.2753379636782
2025-08-06 14:20:00,682.6958925650006,2025-08-06 12:20:00,555.4677822490621,761.6886270847086
2025-08-06 14:25:00,672.2070801031052,2025-08-06 12:25:00,546.933678763035,749.9861849712322
2025-08-06 14:30:00,660.0288401572234,2025-08-06 12:30:00,537.0249917354624,736.3988366867195
2025-08-06 14:35:00,646.4063033588308,2025-08-06 12:35:00,525.9411689288254,721.2000762073005
2025-08-06 14:40:00,631.6177372499538,2025-08-06 12:40:00,513.9086195776376,704.7003685941492
2025-08-06 14:45:00,615.9685683079681,2025-08-06 12:45:00,501.17585047661646,687.240480324347
2025-08-06 14:50:00,599.7846634168038,2025-08-06 12:50:00,488.00799952580843,669.1839833808756
2025-08-06 14:55:00,583.4050207220752,2025-08-06 12:55:00,474.6808887276331,650.9091003880824
2025-08-06 15:00:00,567.1740366897045,2025-08-06 13:00:00,461.47473236669896,632.8000769143939
2025-08-06 15:05:00,551.4335288911242,2025-08-06 13:05:00,448.66764643931583,615.238281237448
2025-08-06 15:10:00,536.5147031789356,2025-08-06 13:10:00,436.5291128369321,598.5932420652649
2025-08-06 15:15:00,522.730259162148,2025-08-06 13:15:00,425.31355605545866,583.2138405592373
2025-08-06 15:20:00,510.36682841828883,2025-08-06 13:20:00,415.25419063218214,569.4198735939968
2025-08-06 15:25:00,499.67793627094034,2025-08-06 13:25:00,406.5572945757557,557.4942011629221
2025-08-06 15:30:00,490.877669930648,2025-08-06 13:30:00,399.3970575207512,547.6756818782483
2025-08-06 15:35:00,484.1352229639963,2025-08-06 13:35:00,393.9111418967,540.1530861966997
2025-08-06 15:40:00,479.5704693267526,2025-08-06 13:40:00,390.19708179027907,535.0601583370217
2025-08-06 15:45:00,477.2506985058369,2025-08-06 13:45:00,388.3096265305458,532.4719736548263
2025-08-06 15:50:00,477.18861867798444,2025-08-06 13:50:00,388.2591159815954,532.4027107526152
2025-08-06 15:55:00,479.3417055202619,2025-08-06 13:55:00,390.0109507096118,534.8049249430753
2025-08-06 16:00:00,483.6129428996129,2025-08-06 14:00:00,393.48619463652835,539.5703746416335
2025-08-06 16:05:00,489.85296717605684,2025-08-06 14:05:00,398.5633197280443,546.5324137806741
2025-08-06 16:10:00,497.86359098568795,2025-08-06 14:10:00,405.0810730797589,555.4699233191091
2025-08-06 16:15:00,507.40264527717954,2025-08-06 14:15:00,412.84241658534285,566.112713536689
2025-08-06 16:20:00,518.1900417987642,2025-08-06 14:20:00,421.6194596104192,578.1482879935279
2025-08-06 16:25:00,529.9149218323929,2025-08-06 14:25:00,431.1592754791604,591.2298194232739
2025-08-06 16:30:00,542.2437237214809,2025-08-06 14:30:00,441.19046552688394,604.9851507307707
2025-08-06 16:35:00,554.8289704917817,2025-08-06 14:35:00,451.43030904826634,619.0265994027061
2025-08-06 16:40:00,567.3185528013564,2025-08-06 14:40:00,461.5923162644678,632.9613145604302
2025-08-06 16:45:00,579.3652608405353,2025-08-06 14:45:00,471.39398384559723,646.401911768035
2025-08-06 16:50:00,590.6363039150756,2025-08-06 14:50:00,480.5645404117516,658.9770940984924
2025-08-06 16:55:00,600.822548394074,2025-08-06 14:55:00,488.8524628847249,670.3419589773576
2025-08-06 17:00:00,609.647203891528,2025-08-06 15:00:00,496.03254390127506,680.1876894168611
2025-08-06 17:05:00,616.8736956427161,2025-08-06 15:05:00,501.9122970830205,688.2503372818143
2025-08-06 17:10:00,622.3124763984414,2025-08-06 15:10:00,506.33749945705404,694.3184233681073
2025-08-06 17:15:00,625.8265557279392,2025-08-06 15:15:00,509.19669031064126,698.2391064850005
2025-08-06 17:20:00,627.335556172917,2025-08-06 15:20:00,510.42447143502363,699.9227089348218
2025-08-06 17:25:00,626.8181453148245,2025-08-06 15:25:00,510.0034859494125,699.3454299875903
2025-08-06 17:30:00,624.3127379717635,2025-08-06 15:30:00,507.9649896355532,696.5501293270661
2025-08-06 17:35:00,619.9164136306854,2025-08-06 15:35:00,504.38797011869167,691.6451192222103
2025-08-06 17:40:00,613.7820484481715,2025-08-06 15:40:00,499.39681335248565,684.8009646802078
2025-08-06 17:45:00,606.1137173911496,2025-08-06 15:45:00,493.1575626228645,676.2453535824042
2025-08-06 17:50:00,597.1604786269879,2025-08-06 15:50:00,485.8728612874134,666.2561618844527
2025-08-06 17:55:00,587.2087071128905,2025-08-06 15:55:00,477.77571508719836,655.1529001478781
2025-08-06 18:00:00,576.573195055497,2025-08-06 16:00:00,469.1222511364964,643.2867842600231
2025-08-06 18:05:00,565.587282806026,2025-08-06 16:05:00,460.183688037385,631.0297244040845
2025-08-06 18:10:00,554.5923212361379,2025-08-06 16:10:00,451.2377620611892,618.7625681574693
2025-08-06 18:15:00,543.9267960841253,2025-08-06 16:15:00,442.5598782959138,606.8629664480591
2025-08-06 18:20:00,533.915463012928,2025-08-06 16:20:00,434.41427050922977,595.6932514617308
2025-08-06 18:25:00,524.858849298192,2025-08-06 16:25:00,427.04545931584494,585.588723601609
2025-08-06 18:30:00,517.0234733215034,2025-08-06 16:30:00,420.67029437892626,576.8467393076164
2025-08-06 18:35:00,510.6331155413834,2025-08-06 16:35:00,415.4708521344963,569.7169720171881
2025-08-06 18:40:00,505.8614455404765,2025-08-06 16:40:00,411.58843687186777,564.3931861097667
2025-08-06 18:45:00,502.8262687553935,2025-08-06 16:45:00,409.1188996505297,561.0068179426708
2025-08-06 18:50:00,501.58560574549455,2025-08-06 16:50:00,408.1094482415901,559.6226014635967
2025-08-06 18:55:00,502.135756874713,2025-08-06 16:55:00,408.5570724780575,560.2364089624657
2025-08-06 19:00:00,504.41143893584496,2025-08-06 17:00:00,410.40865541764657,562.775403504109
2025-08-06 19:05:00,508.2880091244484,2025-08-06 17:05:00,413.562782853958,567.1005202316478
2025-08-06 19:10:00,513.5857186464925,2025-08-06 17:10:00,417.87320421617443,573.0112121465771
2025-08-06 19:15:00,520.0758658624045,2025-08-06 17:15:00,423.1538390050373,580.2523152150197
2025-08-06 19:20:00,527.4886496486666,2025-08-06 17:20:00,429.18516659158024,588.522810418704
2025-08-06 19:25:00,535.5224604364678,2025-08-06 17:25:00,435.7217857655174,597.4861898323804
2025-08-06 19:30:00,543.854291819479,2025-08-06 17:30:00,442.5008860220108,606.7820729281219
2025-08-06 19:35:00,552.1509113601726,2025-08-06 17:35:00,449.2513365617355,616.0386699227982
2025-08-06 19:40:00,560.0803980037912,2025-08-06 17:40:00,455.703073577108,624.8856541522944
2025-08-06 19:45:00,567.3236359557253,2025-08-06 17:45:00,461.5964521154592,632.966985871646
2025-08-06 19:50:00,573.5853522983483,2025-08-06 17:50:00,466.6912267109843,639.953227002066
2025-08-06 19:55:00,578.6042987196977,2025-08-06 17:55:00,470.7748356329882,645.5529009575165
2025-08-06 20:00:00,582.1622053611144,2025-08-06 18:00:00,473.6696860826249,649.5224825157331
2025-08-06 20:05:00,584.091177269383,2025-08-06 18:05:00,475.2391722324258,651.6746500920955
2025-08-06 20:10:00,584.2792589153162,2025-08-06 18:10:00,475.3922027338335,651.8844941122966
2025-08-06 20:15:00,582.6739584991959,2025-08-06 18:15:00,474.08606822841625,650.0934491048056
2025-08-06 20:20:00,579.2835986503502,2025-08-06 18:20:00,471.32754032928244,646.3108006859204
2025-08-06 20:25:00,574.1764405451358,2025-08-06 18:25:00,467.1721589695965,640.612708332018
2025-08-06 20:30:00,567.4776122830365,2025-08-06 18:30:00,461.72173321057323,633.1387783470811
2025-08-06 20:35:00,559.3639553459168,2025-08-06 18:35:00,455.12014812140785,624.086314020906
2025-08-06 20:40:00,550.0569825138815,2025-08-06 18:40:00,447.54763506725806,613.7024587261084
2025-08-06 20:45:00,539.8142134672722,2025-08-06 18:45:00,439.2137220199231,602.2745289881032
2025-08-06 20:50:00,528.9192175424414,2025-08-06 18:50:00,430.3491319588336,590.1189051174238
2025-08-06 20:55:00,517.6707437746755,2025-08-06 18:55:00,421.1969386535652,577.5689035218712
2025-08-06 21:00:00,506.37135519873823,2025-08-06 19:00:00,412.003319091179,564.9620959153895
2025-08-06 21:05:00,495.31600461320244,2025-08-06 19:05:00,403.0082582762368,552.6275632176771
2025-08-06 21:10:00,484.7809929258476,2025-08-06 19:10:00,394.4365653135671,540.8735763021947
2025-08-06 21:15:00,475.0137374053197,2025-08-06 19:15:00,386.489548462091,529.9761803623061
2025-08-06 21:20:00,466.2237469114772,2025-08-06 19:20:00,379.33767223318847,520.1691259120626
2025-08-06 21:25:00,458.5751545362464,2025-08-06 19:25:00,373.114481658489,511.635537400886
2025-08-06 21:30:00,452.18109824842503,2025-08-06 19:30:00,367.91203016514913,504.5016436593043
2025-08-06 21:35:00,447.10016758220036,2025-08-06 19:35:00,363.77798846420194,498.8328134442451
2025-08-06 21:40:00,443.3350534465138,2025-08-06 19:40:00,360.7145459832363,494.63204902181195
2025-08-06 21:45:00,440.8334511078619,2025-08-06 19:45:00,358.6791455681272,491.84099363156986
2025-08-06 21:50:00,439.4911769998605,2025-08-06 19:50:00,357.58701943984397,490.3434089329808
2025-08-06 21:55:00,439.1573717866934,2025-08-06 19:55:00,357.31542260810613,489.97098010002605
2025-08-06 22:00:00,439.64157871701775,2025-08-06 20:00:00,357.70939209388456,490.511213190631
2025-08-06 22:05:00,440.7224107165786,2025-08-06 20:05:00,358.5887988111628,491.7171050830835
2025-08-06 22:10:00,442.1574558764079,2025-08-06 20:10:00,359.75640705524154,493.3181950991492
2025-08-06 22:15:00,443.6940200647838,2025-08-06 20:15:00,361.0066151073124,495.0325506120764
2025-08-06 22:20:00,445.080271879615,2025-08-06 20:20:00,362.1345231987614,496.57920154865275
2025-08-06 22:25:00,446.07633722828757,2025-08-06 20:25:00,362.944960490428,497.6905186902669
2025-08-06 22:30:00,446.46489293322554,2025-08-06 20:30:00,363.2611044398096,498.1240330334222
2025-08-06 22:35:00,446.06082784428577,2025-08-06 20:35:00,362.93234145576065,497.6732147610417
2025-08-06 22:40:00,444.71957691941236,2025-08-06 20:40:00,361.84104782884316,496.1767716350921
2025-08-06 22:45:00,442.3437871703421,2025-08-06 20:45:00,359.9080134025661,493.5260862392679
2025-08-06 22:50:00,438.88804122572793,2025-08-06 20:50:00,357.0962848470317,489.67048609171593
2025-08-06 22:55:00,434.361442789915,2025-08-06 20:55:00,353.41326928819166,484.62012825964524
2025-08-06 23:00:00,428.8279548790647,2025-08-06 21:00:00,348.91100950983895,478.44637673175816
2025-08-06 23:05:00,422.4044732355856,2025-08-06 21:05:00,343.68461640907606,471.2796529131297
2025-08-06 23:10:00,415.2567089108677,2025-08-06 21:10:00,337.8689189063816,463.30484179369546
2025-08-06 23:15:00,407.5930443394682,2025-08-06 21:15:00,331.6334650099446,454.7544371268456
2025-08-06 23:20:00,399.65660918540857,2025-08-06 21:20:00,325.17607441773555,445.8997003951947
2025-08-06 23:25:00,391.715896185204,2025-08-06 21:25:00,318.7152032044523,437.04019084039885
2025-08-06 23:30:00,384.0542965737369,2025-08-06 21:30:00,312.481429439281,428.49209006392397
2025-08-06 23:35:00,376.95898019571973,2025-08-06 21:35:00,306.7084056145077,420.57579548889987
2025-08-06 23:40:00,370.7095721078159,2025-08-06 21:40:00,301.62364549105814,413.60328676516485
2025-08-06 23:45:00,365.56708724039004,2025-08-06 21:45:00,297.4395209113333,407.8657800932603
2025-08-06 23:50:00,361.76357452844957,2025-08-06 21:50:00,294.34483586361785,403.62217410821137
2025-08-06 23:55:00,359.49289379577283,2025-08-06 21:55:00,292.497322198292,401.0887595840342
2025-08-07 00:00:00,358.903003179391,2025-08-06 22:00:00,292.0173643780977,400.43061445878106
2025-08-07 00:05:00,360.09007378111,2025-08-06 22:05:00,292.98321093099327,401.75503750969295
2025-08-07 00:10:00,363.09467418544136,2025-08-06 22:10:00,295.42787002637476,405.10729139291874
2025-08-07 00:15:00,367.9001835714016,2025-08-06 22:15:00,299.33781832146025,410.46883214114615
2025-08-07 00:20:00,374.43350136609,2025-08-06 22:20:00,304.653578362888,417.7581009291087
2025-08-07 00:25:00,382.5680282609435,2025-08-06 22:25:00,311.27214405683554,426.8338500144669
2025-08-07 00:30:00,392.128800704996,2025-08-06 22:30:00,319.05115829131796,437.5008713281865
2025-08-07 00:35:00,402.8995736809794,2025-08-06 22:35:00,327.81467575675805,449.5178987778379
2025-08-07 00:40:00,414.6315669893836,2025-08-06 22:40:00,337.3602792609708,462.60736653846976
2025-08-07 00:45:00,427.0535228002844,2025-08-06 22:45:00,347.4672629423176,476.4666303341884
2025-08-07 00:50:00,439.88266892834685,2025-08-06 22:50:00,357.9055524142664,490.78019924147844
2025-08-07 00:55:00,452.83614528447464,2025-08-06 22:55:00,368.44500176838557,505.2324842619772
2025-08-07 01:00:00,465.6424327386007,2025-08-06 23:00:00,378.86469253913396,519.5205495853769
2025-08-07 01:05:00,478.05232280856245,2025-08-06 23:05:00,388.96185906699617,533.3663515487473
2025-08-07 01:10:00,489.8489861991972,2025-08-06 23:10:00,398.56008065130237,546.5279721766867
2025-08-07 01:15:00,500.8567342174514,2025-08-06 23:15:00,407.5164101764196,558.8093943540146
2025-08-07 01:20:00,510.94812031835033,2025-08-06 23:20:00,415.7271522042129,570.0684250707455
2025-08-07 01:25:00,520.0490962380994,2025-08-06 23:25:00,423.13205820335634,580.2224481561923
2025-08-07 01:30:00,528.1420156241521,2025-08-06 23:30:00,429.71677041892474,589.2517754502375
2025-08-07 01:35:00,535.2663648118182,2025-08-06 23:35:00,435.51341646050616,597.200462135955
2025-08-07 01:40:00,541.5171917166787,2025-08-06 23:40:00,440.59933098830595,604.1745538437852
2025-08-07 01:45:00,547.0412957532774,2025-08-06 23:45:00,445.09395568363533,610.3378357169207
2025-08-07 01:50:00,552.031331025361,2025-08-06 23:50:00,449.15404137642423,615.9052532990264
2025-08-07 01:55:00,556.7180576423162,2025-08-06 23:55:00,452.9673434165854,621.134267273283
2025-08-07 02:00:00,561.3610489077647,2025-08-07 00:00:00,456.7450606832451,626.3144854070972
2025-08-07 02:05:00,566.2382219681282,2025-08-07 00:05:00,460.713317315501,631.7559818227932
2025-08-07 02:10:00,571.6346047819607,2025-08-07 00:10:00,465.10402308422084,637.7767642259921
2025-08-07 02:15:00,577.8307800939643,2025-08-07 00:15:00,470.14547096235844,644.6898807658384
2025-08-07 02:20:00,585.091457554094,2025-08-07 00:20:00,476.05303895907076,652.7906698676045
2025-08-07 02:25:00,593.6546171652315,2025-08-07 00:25:00,483.02035680885615,662.3446475006156
2025-08-07 02:30:00,603.7216418218077,2025-08-07 00:30:00,491.2112774233413,673.5764979819269
2025-08-07 02:35:00,615.448814416884,2025-08-07 00:35:00,500.7529586087438,686.6605872386652
2025-08-07 02:40:00,628.9404988862627,2025-08-07 00:40:00,511.73031489962904,701.7133548508019
2025-08-07 02:45:00,644.2442551729631,2025-08-07 00:45:00,524.1820429050736,718.7878637825308
2025-08-07 02:50:00,661.3480605448563,2025-08-07 00:50:00,538.0983604652243,737.8707001867369
2025-08-07 02:55:00,680.1797252833193,2025-08-07 00:55:00,553.4205312329882,758.881321484702
2025-08-07 03:00:00,700.6085043005373,2025-08-07 01:00:00,570.0421759482007,781.6738544589064
2025-08-07 03:05:00,722.4488208025423,2025-08-07 01:05:00,587.8123021538906,806.0412497701706
2025-08-07 03:10:00,745.4659367410909,2025-08-07 01:10:00,606.5399178952405,831.7216085208472
2025-08-07 03:15:00,769.3833318467335,2025-08-07 01:15:00,626.0000355862825,858.4064150941122
2025-08-07 03:20:00,793.8914893612305,2025-08-07 01:20:00,645.9408204215921,885.7503394576465
2025-08-07 03:25:00,818.6577380761872,2025-08-07 01:25:00,666.0915982395733,913.3822179956263
2025-08-07 03:30:00,843.3367640093774,2025-08-07 01:30:00,686.1714082288667,940.916781460207
2025-08-07 03:35:00,867.581386548509,2025-08-07 01:35:00,705.8977708156971,967.9666779912014
2025-08-07 03:40:00,891.053191531875,2025-08-07 01:40:00,724.9953391495383,994.1543365192301
2025-08-07 03:45:00,913.432627271656,2025-08-07 01:45:00,743.2041136181468,1019.1232309701973
2025-08-07 03:50:00,934.4281988040705,2025-08-07 01:50:00,760.2869226450833,1042.5481383550925
2025-08-07 03:55:00,953.784439426577,2025-08-07 01:55:00,776.0359086406878,1064.1440326703269
2025-08-07 04:00:00,971.2883932355148,2025-08-07 02:00:00,790.2778024454245,1083.673317510743
2025-08-07 04:05:00,986.7744078338928,2025-08-07 02:05:00,802.8778228623024,1100.9511733275322
2025-08-07 04:10:00,1000.1271074961951,2025-08-07 02:10:00,813.742095738751,1115.8488746091978
2025-08-07 04:15:00,1011.2824921479498,2025-08-07 02:15:00,822.8185481389029,1128.2950160208188
2025-08-07 04:20:00,1020.227183194212,2025-08-07 02:20:00,830.096294720478,1138.274670969564
2025-08-07 04:25:00,1026.9959096888851,2025-08-07 02:25:00,835.6035923849188,1145.8265869060563
2025-08-07 04:30:00,1031.6673957850685,2025-08-07 02:30:00,839.4044941479351,1151.0385969236916
2025-08-07 04:35:00,1034.3588690985523,2025-08-07 02:35:00,841.5943809316483,1154.0414927010195
2025-08-07 04:40:00,1035.2194578405665,2025-08-07 02:40:00,842.2945892164222,1155.0016576361368
2025-08-07 04:45:00,1034.4227808794894,2025-08-07 02:45:00,841.6463820284813,1154.1127995262204
2025-08-07 04:50:00,1032.1590569958921,2025-08-07 02:50:00,839.8045287246307,1151.587146807676
2025-08-07 04:55:00,1028.6270683495275,2025-08-07 02:55:00,836.930766158177,1147.6464821395166
2025-08-07 05:00:00,1024.0263073659958,2025-08-07 03:00:00,833.1874090821901,1142.5133806293775
2025-08-07 05:05:00,1018.5496168973192,2025-08-07 03:05:00,828.7313618994971,1136.4029984087067
2025-08-07 05:10:00,1012.3766021406375,2025-08-07 03:10:00,823.7087583449309,1129.5157222639439
2025-08-07 05:15:00,1005.6680504635227,2025-08-07 03:15:00,818.2504212393867,1122.0309437962283
2025-08-07 05:20:00,998.5615442967091,2025-08-07 03:20:00,812.4682929696705,1114.1021646948454
2025-08-07 05:25:00,991.1683952935176,2025-08-07 03:25:00,806.4529410020319,1105.8535761572523
2025-08-07 05:30:00,983.5719670265902,2025-08-07 03:30:00,800.2721931633557,1097.3781875099821
2025-08-07 05:35:00,975.8273918329608,2025-08-07 03:35:00,793.9709072553599,1088.7375102906913
2025-08-07 05:40:00,967.9626274072607,2025-08-07 03:40:00,787.571830739693,1079.9627370966577
2025-08-07 05:45:00,959.9807429062446,2025-08-07 03:45:00,781.0774608009938,1071.0572922077406
2025-08-07 05:50:00,951.8632751455209,2025-08-07 03:50:00,774.4727750783561,1062.0005761187665
2025-08-07 05:55:00,943.5744545614286,2025-08-07 03:55:00,767.7286700713559,1052.7526804750298
2025-08-07 06:00:00,935.0660698503141,2025-08-07 04:00:00,760.8059191987122,1043.2598155846786
2025-08-07 06:05:00,926.2827203789066,2025-08-07 04:05:00,753.659446362512,1033.4601705700506
2025-08-07 06:10:00,917.1671970696198,2025-08-07 04:10:00,746.2427040446034,1023.2899168593938
2025-08-07 06:15:00,907.6657360007994,2025-08-07 04:15:00,738.5119478389464,1012.6890696657518
2025-08-07 06:20:00,897.7329033504665,2025-08-07 04:20:00,730.4302110307729,1001.6069381531854
2025-08-07 06:25:00,887.3358947340031,2025-08-07 04:25:00,721.9708027040098,990.0069222381813
2025-08-07 06:30:00,876.4580655477342,2025-08-07 04:30:00,713.1201801653579,977.8704514189106
2025-08-07 06:35:00,865.1015494172998,2025-08-07 04:35:00,703.8800794151582,965.1999061965629
2025-08-07 06:40:00,853.2888670162326,2025-08-07 04:40:00,694.2688241444102,952.0204130455917
2025-08-07 06:45:00,841.063476230433,2025-08-07 04:45:00,684.321773369867,938.3804582361037
2025-08-07 06:50:00,828.489263586416,2025-08-07 04:50:00,674.0909076403866,924.3513204167624
2025-08-07 06:55:00,815.649024353784,2025-08-07 04:55:00,663.6435923895211,910.0253748543881
2025-08-07 07:00:00,802.6420229816011,2025-08-07 05:00:00,653.0605930121974,895.5133715955967
2025-08-07 07:05:00,789.5807636428099,2025-08-07 05:05:00,642.4334472547511,880.9408323404056
2025-08-07 07:10:00,776.5871328186327,2025-08-07 05:10:00,631.8613266724061,866.4437466964183
2025-08-07 07:15:00,763.7880986625896,2025-08-07 05:15:00,621.4475374655078,852.1637739288973
2025-08-07 07:20:00,751.3111668473614,2025-08-07 05:20:00,611.2958231807793,838.2431730170266
2025-08-07 07:25:00,739.2797972952303,2025-08-07 05:25:00,601.5066355859457,824.8196890677087
2025-08-07 07:30:00,727.8089821843321,2025-08-07 05:30:00,592.1735367645946,812.0216196659205
2025-08-07 07:35:00,717.0011726628462,2025-08-07 05:35:00,583.3798849333022,799.9632702809786
2025-08-07 07:40:00,706.9427204765824,2025-08-07 05:40:00,575.1959392122134,788.7409841653154
2025-08-07 07:45:00,697.7009732798055,2025-08-07 05:45:00,567.6764962575871,778.4299015722606
2025-08-07 07:50:00,689.3221293524985,2025-08-07 05:50:00,560.8591447767898,769.0815662489455
2025-08-07 07:55:00,681.8299205287085,2025-08-07 05:55:00,554.7631939078585,760.7224559701604
2025-08-07 08:00:00,675.2251540339994,2025-08-07 06:00:00,549.3893004407322,753.3534713631656
2025-08-07 08:05:00,669.4861052955405,2025-08-07 06:05:00,544.7197884227329,746.9503741686812
2025-08-07 08:10:00,664.5697167857318,2025-08-07 06:10:00,540.7196245841052,741.4651247991828
2025-08-07 08:15:00,660.4135248285072,2025-08-07 06:15:00,537.3379860621462,736.8280320902978
2025-08-07 08:20:00,656.9382075265546,2025-08-07 06:20:00,534.5103334933364,732.9505960411921
2025-08-07 08:25:00,654.0506242069658,2025-08-07 06:25:00,532.1608840238735,729.72889894554
2025-08-07 08:30:00,651.6472008043688,2025-08-07 06:30:00,530.2053657883232,727.0473824873857
2025-08-07 08:35:00,649.6175072051611,2025-08-07 06:35:00,528.5539285752458,724.7828390093598
2025-08-07 08:40:00,647.8478711083037,2025-08-07 06:40:00,527.1140842041069,722.8084435226805
2025-08-07 08:45:00,646.2248792222313,2025-08-07 06:45:00,525.7935552344984,720.9976600172641
2025-08-07 08:50:00,644.6386292886152,2025-08-07 06:50:00,524.5029209384461,719.2278697675972
2025-08-07 08:55:00,642.985615219282,2025-08-07 06:55:00,523.1579647593936,717.3835903003638
2025-08-07 09:00:00,641.1711508666973,2025-08-07 07:00:00,521.6816463856102,715.3591796122877
2025-08-07 09:05:00,639.1112652451725,2025-08-07 07:05:00,520.0056437754638,713.0609506818105
2025-08-07 09:10:00,636.7340306804435,2025-08-07 07:10:00,518.071433791287,710.4086532949557
2025-08-07 09:15:00,633.9803153253507,2025-08-07 07:15:00,515.8309044752372,707.3363136323833
2025-08-07 09:20:00,630.8039802267477,2025-08-07 07:20:00,513.2465153905572,703.7924541383326
2025-08-07 09:25:00,627.1715674510704,2025-08-07 07:25:00,510.29104386847456,699.7397455601171
2025-08-07 09:30:00,623.0615493445184,2025-08-07 07:30:00,506.9469741772503,695.1541693424093
2025-08-07 09:35:00,618.4632269836782,2025-08-07 07:35:00,503.20560125900175,690.0237886208234
2025-08-07 09:40:00,613.3753797087356,2025-08-07 07:40:00,499.06593193769385,684.3472414965873
2025-08-07 09:45:00,607.8047745523263,2025-08-07 07:45:00,494.53347213280165,678.1320779957869
2025-08-07 09:50:00,601.7646460419817,2025-08-07 07:50:00,489.6189899677855,671.393063974223
2025-08-07 09:55:00,595.2732521728987,2025-08-07 07:55:00,484.3373408536869,664.1505700060361
2025-08-07 10:00:00,588.352601985334,2025-08-07 08:00:00,478.7064321968839,656.429151732822
2025-08-07 10:05:00,581.0274352188022,2025-08-07 08:05:00,472.7463932062838,648.2564114566163
2025-08-07 10:10:00,573.3245149930165,2025-08-07 08:10:00,466.47899939118,639.6622089790276
2025-08-07 10:15:00,565.272272247279,2025-08-07 08:15:00,459.9273832633885,630.6782648997543
2025-08-07 10:20:00,556.9008164446998,2025-08-07 08:20:00,453.11604304661404,621.3381725593572
2025-08-07 10:25:00,548.2423022356113,2025-08-07 08:25:00,446.07114100798566,611.6778071282204
2025-08-07 10:30:00,539.331617569923,2025-08-07 08:30:00,438.8210633328818,601.7360933383623
2025-08-07 10:35:00,530.2073367404247,2025-08-07 08:35:00,431.39719555782193,591.5560688005786
2025-08-07 10:40:00,520.9128623628467,2025-08-07 08:40:00,423.8348517296109,581.1861581196565
2025-08-07 10:45:00,511.49766517959904,2025-08-07 08:45:00,416.17428315761197,570.6815561521606
2025-08-07 10:50:00,502.01852033529207,2025-08-07 08:50:00,408.46168429532497,560.105607327758
2025-08-07 10:55:00,492.54063312778777,2025-08-07 08:55:00,400.7501086949812,549.5310616576149
2025-08-07 11:00:00,483.1385479827657,2025-08-07 09:00:00,393.10020858440595,539.0410888837367
2025-08-07 11:05:00,473.89674018741283,2025-08-07 09:05:00,385.5807163244346,528.729938680423
2025-08-07 11:10:00,464.9098013011381,2025-08-07 09:10:00,378.2685952662409,518.7031475183111
2025-08-07 11:15:00,456.2821449294065,2025-08-07 09:15:00,371.24880035754893,509.07721039416595
2025-08-07 11:20:00,448.1271802937422,2025-08-07 09:20:00,364.61360572722424,499.9786587770971
2025-08-07 11:25:00,440.5659238862259,2025-08-07 09:25:00,358.46147507367755,491.54251162168094
2025-08-07 11:30:00,433.7250455559523,2025-08-07 09:30:00,352.89547188523596,483.91009537282605
2025-08-07 11:35:00,427.7343717142705,2025-08-07 09:35:00,348.02122795136074,477.2262582742332
2025-08-07 11:40:00,422.72389496463313,2025-08-07 09:40:00,343.94451028183624,471.6360339913066
2025-08-07 11:45:00,418.82036460757615,2025-08-07 09:45:00,340.76844700975516,467.2808376134887
2025-08-07 11:50:00,416.1435552936707,2025-08-07 09:50:00,338.59049142324614,464.29430256401633
2025-08-07 11:55:00,414.8023303113911,2025-08-07 09:55:00,337.4992189042263,462.79788838240177
2025-08-07 12:00:00,414.8906311972834,2025-08-07 10:00:00,337.57106392012787,462.8964063041854
2025-08-07 12:05:00,416.4835355402473,2025-08-07 10:05:00,338.86711250099256,464.673620925341
2025-08-07 12:10:00,419.633529322104,2025-08-07 10:10:00,341.4300692715867,468.1880912263314
2025-08-07 12:15:00,424.3671397922456,2025-08-07 10:15:00,345.2815178279879,473.46941384658237
2025-08-07 12:20:00,430.6820677816228,2025-08-07 10:20:00,350.4195874773346,480.5150235869537
2025-08-07 12:25:00,438.5449470419273,2025-08-07 10:25:00,356.81713014952464,489.28769348864637
2025-08-07 12:30:00,447.88984089595175,2025-08-07 10:30:00,364.42049721380454,499.71385753539505
2025-08-07 12:35:00,458.6175656214713,2025-08-07 10:35:00,373.14898895772603,511.6828557480885
2025-08-07 12:40:00,470.59590492356654,2025-08-07 10:40:00,382.89502909012384,525.0471734730543
2025-08-07 12:45:00,483.66075260102554,2025-08-07 10:45:00,393.5250944586935,539.6237162630302
2025-08-07 12:50:00,497.61819134502656,2025-08-07 10:50:00,404.8814064410001,555.1961292075315
2025-08-07 12:55:00,512.2474856700933,2025-08-07 10:55:00,416.7843661088582,571.5181361670465
2025-08-07 13:00:00,527.3049379080119,2025-08-07 11:00:00,429.03569161411815,588.317841932673
2025-08-07 13:05:00,542.5285274941266,2025-08-07 11:05:00,441.4221928914258,605.3029083105914
2025-08-07 13:10:00,557.6432290873515,2025-08-07 11:10:00,453.7200986863485,622.1664875861067
2025-08-07 13:15:00,572.3668812617932,2025-08-07 11:15:00,465.69983154985766,638.5937702643241
2025-08-07 13:20:00,586.4164597086769,2025-08-07 11:20:00,477.13111195803987,654.2689841258268
2025-08-07 13:25:00,599.5145938057037,2025-08-07 11:25:00,487.7882604449609,668.8826648091126
2025-08-07 13:30:00,611.3961560810974,2025-08-07 11:30:00,497.4555590454701,682.1390077221533
2025-08-07 13:35:00,621.81474930753,2025-08-07 11:35:00,505.932529445714,693.7631057388847
2025-08-07 13:40:00,630.5489160918678,2025-08-07 11:40:00,513.0389853455166,703.5078772823252
2025-08-07 13:45:00,637.4079016430243,2025-08-07 11:45:00,518.6197212691864,711.160495885354
2025-08-07 13:50:00,642.2368095609385,2025-08-07 11:50:00,522.548707514835,716.5481425408732
2025-08-07 13:55:00,644.9210057211681,2025-08-07 11:55:00,524.7326733252082,719.5429191469397
2025-08-07 14:00:00,645.3896427929976,2025-08-07 12:00:00,525.1139745719329,720.0657808365006
2025-08-07 14:05:00,643.6181998350544,2025-08-07 12:05:00,523.6726600687323,718.0893694221515
2025-08-07 14:10:00,639.6299555376078,2025-08-07 12:10:00,520.42767025834,713.6396571029709
2025-08-07 14:15:00,633.4963398524065,2025-08-07 12:15:00,515.4371233121352,706.7963387804115
2025-08-07 14:20:00,625.3361365466506,2025-08-07 12:20:00,508.79766629721223,697.691942342137
2025-08-07 14:25:00,615.3135373969473,2025-08-07 12:25:00,500.64289199332705,686.5096577124825
2025-08-07 14:30:00,603.6350770435947,2025-08-07 12:30:00,491.1408449717937,673.4799170477379
2025-08-07 14:35:00,590.5455056056734,2025-08-07 12:35:00,480.4906633954917,658.8757897836673
2025-08-07 14:40:00,576.3226818879821,2025-08-07 12:40:00,468.918423934518,643.0072849504342
2025-08-07 14:45:00,561.2715958124558,2025-08-07 12:45:00,456.6722781851991,626.214681957133
2025-08-07 14:50:00,545.7176500207246,2025-08-07 12:50:00,444.0169863220912,608.8610348283338
2025-08-07 14:55:00,529.9993511401866,2025-08-07 12:55:00,431.2279704293831,591.3240177980399
2025-08-07 15:00:00,514.4605771135037,2025-08-07 13:00:00,418.58502290110414,573.9872979146159
2025-08-07 15:05:00,499.44260031885517,2025-08-07 13:05:00,406.36581614324734,557.2316351797375
2025-08-07 15:10:00,485.27605524252306,2025-08-07 13:10:00,394.8393671615255,541.4259208239891
2025-08-07 15:15:00,472.27304418864674,2025-08-07 13:15:00,384.2596144615061,526.9183695915034
2025-08-07 15:20:00,460.7195760783997,2025-08-07 13:20:00,374.8592659631838,514.0280836548217
2025-08-07 15:25:00,450.8685285332116,2025-08-07 13:25:00,366.84407267969016,503.0372003614582
2025-08-07 15:30:00,442.9333165902097,2025-08-07 13:30:00,360.3876773393068,494.18382837502014
2025-08-07 15:35:00,437.08243764044283,2025-08-07 13:35:00,355.62717593622375,487.6559614242717
2025-08-07 15:40:00,433.4350459362918,2025-08-07 13:40:00,352.65951697860737,483.58654074980876
2025-08-07 15:45:00,432.05768834543835,2025-08-07 13:45:00,351.5388455717812,482.0498131617166
2025-08-07 15:50:00,432.9623080179739,2025-08-07 13:50:00,352.2748791245748,483.0591037168693
2025-08-07 15:55:00,436.1055937808628,2025-08-07 13:55:00,354.8323779914963,486.5660898337395
2025-08-07 16:00:00,441.38972146563094,2025-08-07 14:00:00,359.1317486456116,492.46162839693386
2025-08-07 16:05:00,448.6644988078688,2025-08-07 14:05:00,365.05078885173657,500.57814883671153
2025-08-07 16:10:00,457.73088988871945,2025-08-07 14:10:00,372.4275552883433,510.6935853732345
2025-08-07 16:15:00,468.3458578202136,2025-08-07 14:15:00,381.06430374364555,522.5367800347847
2025-08-07 16:20:00,480.2284279208763,2025-08-07 14:20:00,390.7324223497725,535.7942473855932
2025-08-07 16:25:00,493.06683714475037,2025-08-07 14:25:00,401.1782486347347,550.1181511942765
2025-08-07 16:30:00,506.52660233696383,2025-08-07 14:30:00,412.1296341672031,565.1353062435337
2025-08-07 16:35:00,520.2593086159243,2025-08-07 14:35:00,423.303095124163,580.4569835902053
2025-08-07 16:40:00,533.9118929774128,2025-08-07 14:40:00,434.4113657902593,595.6892683479025
2025-08-07 16:45:00,547.1361771079272,2025-08-07 14:45:00,445.17115482342524,610.4436955141543
2025-08-07 16:50:00,559.5983876217537,2025-08-07 14:50:00,455.3108912879698,624.3478717661205
2025-08-07 16:55:00,570.9883948606946,2025-08-07 14:55:00,464.578241699358,637.0557832546722
2025-08-07 17:00:00,581.0283999018466,2025-08-07 15:00:00,472.7471781097189,648.2574877602995
2025-08-07 17:05:00,589.4808077395974,2025-08-07 15:05:00,479.6243840332231,657.687898857849
2025-08-07 17:10:00,596.1550400201647,2025-08-07 15:10:00,485.0547975503938,665.1343869325458
2025-08-07 17:15:00,600.9130651845302,2025-08-07 15:15:00,488.9261108462822,670.4429491995071
2025-08-07 17:20:00,603.6734555090194,2025-08-07 15:20:00,491.172071175595,673.5227361725596
2025-08-07 17:25:00,604.4138200154863,2025-08-07 15:25:00,491.7744603725154,674.348766079308
2025-08-07 17:30:00,603.1715075714803,2025-08-07 15:30:00,490.7636669201926,672.9627093149559
2025-08-07 17:35:00,600.0425252214693,2025-08-07 15:35:00,488.21780586318965,669.4716816168138
2025-08-07 17:40:00,595.1786710427546,2025-08-07 15:40:00,484.2603859881664,664.0450451714031
2025-08-07 17:45:00,588.7829372317133,2025-08-07 15:45:00,479.0565695970546,656.9092798053218
2025-08-07 17:50:00,581.1032954292688,2025-08-07 15:50:00,472.8081160075013,648.3410492289977
2025-08-07 17:55:00,572.4250311534175,2025-08-07 15:55:00,465.74714455069795,638.6586485089406
2025-08-07 18:00:00,563.0618452622398,2025-08-07 16:00:00,458.1288943775244,628.2120759072004
2025-08-07 18:05:00,553.3459857181577,2025-08-07 16:05:00,450.2236952802839,617.3720228210818
2025-08-07 18:10:00,543.6177109466695,2025-08-07 16:10:00,442.3083946738523,606.5181179780961
2025-08-07 18:15:00,534.2144150919784,2025-08-07 16:15:00,434.65750948306476,596.0267944068926
2025-08-07 18:20:00,525.4597640061658,2025-08-07 16:20:00,427.5343867633281,586.25916838368
2025-08-07 18:25:00,517.6531979121328,2025-08-07 16:25:00,421.1826626611937,577.5493274791606
2025-08-07 18:30:00,511.0601517891083,2025-08-07 16:30:00,415.81830534176913,570.1934193735988
2025-08-07 18:35:00,505.90332731842824,2025-08-07 16:35:00,411.6225135062358,564.4399139051077
2025-08-07 18:40:00,502.3553208389983,2025-08-07 16:40:00,408.7357182112918,560.4813780275136
2025-08-07 18:45:00,500.5328710544931,2025-08-07 16:45:00,407.252902581252,558.4480579366675
2025-08-07 18:50:00,500.49293919434126,2025-08-07 16:50:00,407.22041247542126,558.403505678382
2025-08-07 18:55:00,502.2307746432573,2025-08-07 16:55:00,408.6343826094679,560.3424209576444
2025-08-07 19:00:00,505.68005249698643,2025-08-07 17:00:00,411.4408484760972,564.190804610532
2025-08-07 19:05:00,510.7150984300792,2025-08-07 17:05:00,415.5375565835228,569.8084409048953
2025-08-07 19:10:00,517.155143237058,2025-08-07 17:10:00,420.7774261147087,576.9936443619744
2025-08-07 19:15:00,524.7704769022234,2025-08-07 17:15:00,426.97355611657963,585.4901258955285
2025-08-07 19:20:00,533.2903027916653,2025-08-07 17:20:00,433.9056159744114,594.995755789313
2025-08-07 19:25:00,542.4120296626761,2025-08-07 17:25:00,441.32740575006846,605.1729308575816
2025-08-07 19:30:00,551.8116840812761,2025-08-07 17:30:00,448.9753281276155,615.6601916528301
2025-08-07 19:35:00,561.1550821656938,2025-08-07 17:35:00,456.5774781758927,626.0846868588686
2025-08-07 19:40:00,570.1093677948537,2025-08-07 17:40:00,463.86303128119505,636.0750465514893
2025-08-07 19:45:00,578.3545073693515,2025-08-07 17:45:00,470.5715957293753,645.2742069844387
2025-08-07 19:50:00,585.5943282589465,2025-08-07 17:50:00,476.4621940136485,653.3517262632145
2025-08-07 19:55:00,591.5667013303947,2025-08-07 17:55:00,481.3215477330581,660.0151450632566
2025-08-07 20:00:00,596.0524956373629,2025-08-07 18:00:00,484.97136347452283,665.0199774407029
2025-08-07 20:05:00,598.8829756238589,2025-08-07 18:05:00,487.27435146364365,668.1779639444808
2025-08-07 20:10:00,599.945366455904,2025-08-07 18:10:00,488.13875373379744,669.3632808961436
2025-08-07 20:15:00,599.1863790686356,2025-08-07 18:15:00,487.5212122407953,668.5164733098096
2025-08-07 20:20:00,596.6135615797257,2025-08-07 18:20:00,485.42786842510753,665.6459626736544
2025-08-07 20:25:00,592.294424204781,2025-08-07 18:25:00,481.91365120918783,660.8270706118442
2025-08-07 20:30:00,586.3533682573395,2025-08-07 18:30:00,477.0797783130964,654.1985925481516
2025-08-07 20:35:00,578.9665333690502,2025-08-07 18:35:00,471.06956375354804,645.9570487131317
2025-08-07 20:40:00,570.3547559909256,2025-08-07 18:40:00,464.0626886081932,636.3488278942576
2025-08-07 20:45:00,560.774905716315,2025-08-07 18:45:00,456.26815191291143,625.6605213102971
2025-08-07 20:50:00,550.5099286295416,2025-08-07 18:50:00,447.91616954517724,614.2078139050948
2025-08-07 20:55:00,539.8579779595674,2025-08-07 18:55:00,439.24933050349716,602.3233573411289
2025-08-07 21:00:00,529.121048950593,2025-08-07 19:00:00,430.5133497985704,590.3440898444038
2025-08-07 21:05:00,518.5935551783991,2025-08-07 19:05:00,421.9477737024397,578.5984907199419
2025-08-07 21:10:00,508.55128745703615,2025-08-07 19:10:00,413.7769962879473,567.394261726029
2025-08-07 21:15:00,499.2411826137213,2025-08-07 19:15:00,406.2019349082863,557.0069120241352
2025-08-07 21:20:00,490.87229912390035,2025-08-07 19:20:00,399.3926876246592,547.6696896312427
2025-08-07 21:25:00,483.6083503215642,2025-08-07 19:25:00,393.48245793740466,539.5652506698816
2025-08-07 21:30:00,477.5620854026397,2025-08-07 19:30:00,388.56298295303515,532.8193902139428
2025-08-07 21:35:00,472.7917365648937,2025-08-07 19:35:00,384.68164263985193,527.4970783375873
2025-08-07 21:40:00,469.2996691647602,2025-08-07 19:40:00,381.84036154333245,523.6009540856872
2025-08-07 21:45:00,467.03328509716073,2025-08-07 19:45:00,379.9963438108921,521.0723333810708
2025-08-07 21:50:00,465.8881399054059,2025-08-07 19:50:00,379.0646093930573,519.7946868060442
2025-08-07 21:55:00,465.7131461672105,2025-08-07 19:55:00,378.92222771957506,519.5994450569051
2025-08-07 22:00:00,466.3176521003117,2025-08-07 20:00:00,379.4140771267167,520.2738965942044
2025-08-07 22:05:00,467.48010894433895,2025-08-07 20:05:00,380.35989697438856,521.5708579018896
2025-08-07 22:10:00,468.9579765766352,2025-08-07 20:10:00,381.56234723827544,523.2197252528081
2025-08-07 22:15:00,470.49846644187335,2025-08-07 20:15:00,382.8157493728716,524.9384606711253
2025-08-07 22:20:00,471.8496865716295,2025-08-07 20:20:00,383.9151543304523,526.4460265093439
2025-08-07 22:25:00,472.77173627865915,2025-08-07 20:25:00,384.66536963343714,527.4747638770357
2025-08-07 22:30:00,473.0472999965241,2025-08-07 20:30:00,384.88957893203957,527.782212262504
2025-08-07 22:35:00,472.49130825971565,2025-08-07 20:35:00,384.4372025513447,527.1618883565128
2025-08-07 22:40:00,470.9592720269484,2025-08-07 20:40:00,383.1906786190809,525.4525847156249
2025-08-07 22:45:00,468.35394852967454,2025-08-07 20:45:00,381.0708866577806,522.5458068964496
2025-08-07 22:50:00,464.63006481899066,2025-08-07 20:50:00,378.04099084523176,518.3910435502737
2025-08-07 22:55:00,459.7969031874593,2025-08-07 20:55:00,374.1085436136668,512.998650996441
2025-08-07 23:00:00,453.91863940622227,2025-08-07 21:00:00,369.3257608525594,506.44023059588784
2025-08-07 23:05:00,447.1124158727809,2025-08-07 21:05:00,363.78795414713517,498.8464789485173
2025-08-07 23:10:00,439.54422421798756,2025-08-07 21:10:00,357.6301807081751,490.4025940887521
2025-08-07 23:15:00,431.4227610968005,2025-08-07 21:15:00,351.0222442057392,481.3414203479022
2025-08-07 23:20:00,422.9915038870305,2025-08-07 21:20:00,344.16224725118525,471.9346071553117
2025-08-07 23:25:00,414.51932631550875,2025-08-07 21:25:00,337.26895590766753,462.48213882622207
2025-08-07 23:30:00,406.29003361563605,2025-08-07 21:30:00,330.5732850895786,453.3006588631689
2025-08-07 23:35:00,398.59124230740366,2025-08-07 21:35:00,324.3092507214869,444.71106304804414
2025-08-07 23:40:00,391.7030565512314,2025-08-07 21:40:00,318.7047563816644,437.0258655701294
2025-08-07 23:45:00,385.8870024243057,2025-08-07 21:45:00,313.97258980133546,430.5368529200839
2025-08-07 23:50:00,381.37567169073725,2025-08-07 21:50:00,310.3019966355377,425.5035293711955
2025-08-07 23:55:00,378.36349828087094,2025-08-07 21:55:00,307.8511758499582,422.1428262322299
2025-08-08 00:00:00,376.9990452797076,2025-08-07 22:00:00,306.741004116404,420.62049638595977
2025-08-08 00:05:00,377.37911911356287,2025-08-07 22:05:00,307.05024688742645,421.0445474456671
2025-08-08 00:10:00,379.54495360134206,2025-08-07 22:10:00,308.81245359285305,423.4609842742103
2025-08-08 00:15:00,383.4806225211605,2025-08-07 22:15:00,312.0146660425932,427.8520378733955
2025-08-08 00:20:00,389.1137487571875,2025-08-07 22:20:00,316.5979954159379,434.13695658411666
2025-08-08 00:25:00,396.3184846987938,2025-08-07 22:25:00,322.4600472295763,442.17533133872587
2025-08-08 00:30:00,404.920646200035,2025-08-07 22:30:00,329.4590985255935,451.7728236558743
2025-08-08 00:35:00,414.7047946764782,2025-08-07 22:35:00,337.41986013935696,462.68906718593973
2025-08-08 00:40:00,425.42298276497763,2025-08-07 22:40:00,346.14059250655845,474.6474253053824
2025-08-08 00:45:00,436.804811249769,2025-08-07 22:45:00,355.40128836724773,487.3462117001884
2025-08-08 00:50:00,448.56839152537134,2025-08-07 22:50:00,364.97259224963557,500.4709212631234
2025-08-08 00:55:00,460.43177147050545,2025-08-07 22:55:00,374.62509700302286,513.7069780219285
2025-08-08 01:00:00,472.12436345912346,2025-08-07 23:00:00,384.13864206956566,526.7524854519064
2025-08-08 01:05:00,483.39791333654426,2025-08-07 23:05:00,393.3112382674971,539.3304646400353
2025-08-08 01:10:00,494.0365681540018,2025-08-07 23:10:00,401.9672592893371,551.2000869274813
2025-08-08 01:15:00,503.86563678318265,2025-08-07 23:15:00,409.9645696767071,562.166448189087
2025-08-08 01:20:00,512.7586906433114,2025-08-07 23:20:00,417.2003022465157,572.0884911647108
2025-08-08 01:25:00,520.6427189414021,2025-08-07 23:25:00,423.6150525938123,580.8847571971711
2025-08-08 01:30:00,527.5011314649829,2025-08-07 23:30:00,429.19532228008393,588.5367364692881
2025-08-08 01:35:00,533.374488492139,2025-08-07 23:35:00,433.97411271629664,595.0896823696722
2025-08-08 01:40:00,538.3589287399238,2025-08-07 23:40:00,438.02964608092196,600.6508575436675
2025-08-08 01:45:00,542.6023583594026,2025-08-07 23:45:00,441.482264538909,605.3852819282167
2025-08-08 01:50:00,546.2985532231806,2025-08-07 23:50:00,444.4896316347169,609.50915263242
2025-08-08 01:55:00,549.679409249637,2025-08-07 23:55:00,447.2404268563833,613.2811975695695
2025-08-08 02:00:00,553.0056486404841,2025-08-08 00:00:00,449.94678387095604,616.992306340783
2025-08-08 02:05:00,556.5563495432508,2025-08-08 00:05:00,452.8357714529368,620.9538484055162
2025-08-08 02:10:00,560.6177120131077,2025-08-08 00:10:00,456.14025303633264,625.4851391858605
2025-08-08 02:15:00,565.4715009994276,2025-08-08 00:15:00,460.0894834815404,630.9005458250572
2025-08-08 02:20:00,571.3836174021769,2025-08-08 00:20:00,464.8998100447998,637.4967358344271
2025-08-08 02:25:00,578.5932405361729,2025-08-08 00:25:00,470.7658382671842,645.5405632640884
2025-08-08 02:30:00,587.3029595996436,2025-08-08 00:30:00,477.85240255574536,655.2580583127597
2025-08-08 02:35:00,597.6702697421991,2025-08-08 00:35:00,486.28764705551396,666.824939430757
2025-08-08 02:40:00,609.8007520242433,2025-08-08 00:40:00,496.1574766007049,680.3590041525626
2025-08-08 02:45:00,623.7431873523277,2025-08-08 00:45:00,507.5015812235472,695.9146776800035
2025-08-08 02:50:00,639.4867767278286,2025-08-08 00:50:00,520.3111744410965,713.4799114940753
2025-08-08 02:55:00,656.9605557740971,2025-08-08 00:55:00,534.5285168918814,732.9755301387511
2025-08-08 03:00:00,676.0350053987357,2025-08-08 01:00:00,550.0482268330258,754.257028248254
2025-08-08 03:05:00,696.5257742483382,2025-08-08 01:05:00,566.7203088733951,777.1187237160904
2025-08-08 03:10:00,718.1993482237044,2025-08-08 01:10:00,584.3547669104506,801.3000832132018
2025-08-08 03:15:00,740.780428204935,2025-08-08 01:15:00,602.7276069327283,826.4939535679379
2025-08-08 03:20:00,763.960714927729,2025-08-08 01:20:00,621.5879847349601,852.3563631145631
2025-08-08 03:25:00,787.4087497832691,2025-08-08 01:25:00,640.6662127734647,878.5175011431622
2025-08-08 03:30:00,810.7804254033174,2025-08-08 01:30:00,659.6823119846911,904.5934446336364
2025-08-08 03:35:00,833.7297608216049,2025-08-08 01:35:00,678.3547788732659,930.1981801793356
2025-08-08 03:40:00,855.9195333722017,2025-08-08 01:40:00,696.4092360357097,954.9554660711308
2025-08-08 03:45:00,877.0313736996027,2025-08-08 01:45:00,713.5866458510781,978.5100953714361
2025-08-08 03:50:00,896.7749588943595,2025-08-08 01:50:00,729.6507903716675,1000.5381527605356
2025-08-08 03:55:00,914.8959829158232,2025-08-08 01:55:00,744.394756367224,1020.7559071935074
2025-08-08 04:00:00,931.1826382236458,2025-08-08 02:00:00,757.6462090310171,1038.92704350225
2025-08-08 04:05:00,945.4704072577277,2025-08-08 02:05:00,769.2712905132419,1054.8680082834862
2025-08-08 04:10:00,957.6450346500303,2025-08-08 02:10:00,779.1770382275027,1068.4513260164663
2025-08-08 04:15:00,967.6436251739158,2025-08-08 02:15:00,787.3122781848609,1079.6068240527977
2025-08-08 04:20:00,975.45388851288,2025-08-08 02:20:00,793.6670105084665,1088.3207899995891
2025-08-08 04:25:00,981.1116244116514,2025-08-08 02:25:00,798.2703632552275,1094.6331658847753
2025-08-08 04:30:00,984.6966091788506,2025-08-08 02:30:00,801.1872455152788,1098.6329586990958
2025-08-08 04:35:00,986.3271029842824,2025-08-08 02:35:00,802.5138783366237,1100.452112148904
2025-08-08 04:40:00,986.1532461291039,2025-08-08 02:40:00,802.3724216751342,1100.258138828173
2025-08-08 04:45:00,984.3496480272859,2025-08-08 02:45:00,800.9049445032394,1098.2458516927916
2025-08-08 04:50:00,981.1074955831047,2025-08-08 02:50:00,798.2670038806345,1094.6285593216166
2025-08-08 04:55:00,976.6265157515331,2025-08-08 02:55:00,794.621105382558,1089.62909848836
2025-08-08 05:00:00,971.1071214828585,2025-08-08 03:00:00,790.1303127365674,1083.4710713365478
2025-08-08 05:05:00,964.7430509925045,2025-08-08 03:05:00,784.9522588477826,1076.3706329608965
2025-08-08 05:10:00,957.7147788511224,2025-08-08 03:10:00,779.2337848069494,1068.5291401140103
2025-08-08 05:15:00,950.1839348907456,2025-08-08 03:15:00,773.1063988966321,1060.1269243405757
2025-08-08 05:20:00,942.2889163393231,2025-08-08 03:20:00,766.682706454164,1051.3183964048833
2025-08-08 05:25:00,934.1418211547282,2025-08-08 03:25:00,760.0539147135895,1042.2286247899299
2025-08-08 05:30:00,925.8267698904187,2025-08-08 03:30:00,753.2884674106625,1032.9514633910896
2025-08-08 05:35:00,917.3996218642435,2025-08-08 03:35:00,746.4318138468088,1023.5492348436463
2025-08-08 05:40:00,908.8890309365979,2025-08-08 03:40:00,739.5072679110675,1014.0539084619356
2025-08-08 05:45:00,900.2987309491114,2025-08-08 03:45:00,732.5178676013988,1004.4696501194242
2025-08-08 05:50:00,891.61089120395,2025-08-08 03:50:00,725.4491051724224,994.7765659806561
2025-08-08 05:55:00,882.7903417966502,2025-08-08 03:55:00,718.2723650296294,984.9354167349261
2025-08-08 06:00:00,873.7894376066242,2025-08-08 04:00:00,710.9488812601794,974.8930443848257
2025-08-08 06:05:00,864.5533100775622,2025-08-08 04:05:00,703.4340106845531,964.5882316947145
2025-08-08 06:10:00,855.0252475743583,2025-08-08 04:10:00,695.6816105230403,953.957705092928
2025-08-08 06:15:00,845.1519483896345,2025-08-08 04:15:00,687.6483124450123,942.9419954882408
2025-08-08 06:20:00,834.8884051824858,2025-08-08 04:20:00,679.2974967371977,931.4908878726586
2025-08-08 06:25:00,824.2022037784457,2025-08-08 04:25:00,670.6027899735946,919.5682175228893
2025-08-08 06:30:00,813.0770531643452,2025-08-08 04:30:00,661.5509371558147,907.1558084405277
2025-08-08 06:35:00,801.5154033777701,2025-08-08 04:35:00,652.1439317291961,894.2563941498051
2025-08-08 06:40:00,789.5400539861128,2025-08-08 04:40:00,642.4003243035688,880.8954122890233
2025-08-08 06:45:00,777.1947038944645,2025-08-08 04:45:00,632.3556699982214,867.1216180351018
2025-08-08 06:50:00,764.5434423594623,2025-08-08 04:50:00,622.06211431108,853.0065162241327
2025-08-08 06:55:00,751.6692289140708,2025-08-08 04:55:00,611.5871563267212,838.6426653927289
2025-08-08 07:00:00,738.6714533722529,2025-08-08 05:00:00,601.011663441802,824.1409554580088
2025-08-08 07:05:00,725.6627062740532,2025-08-08 05:05:00,590.427243674273,809.6270044803757
2025-08-08 07:10:00,712.7649211649676,2025-08-08 05:10:00,579.9331068726711,795.2368545773753
2025-08-08 07:15:00,700.105073850066,2025-08-08 05:15:00,569.6325654629386,781.1121735511579
2025-08-08 07:20:00,687.81063801805,2025-08-08 05:20:00,559.629336968396,767.3951846961564
2025-08-08 07:25:00,676.0050019407548,2025-08-08 05:25:00,550.0238148591939,754.2235531783639
2025-08-08 07:30:00,664.803046401019,2025-08-08 05:30:00,540.9094705833973,741.7254522982374
2025-08-08 07:35:00,654.3070712985676,2025-08-08 05:35:00,532.3695392959903,730.0150187761253
2025-08-08 07:40:00,644.6032373311236,2025-08-08 05:40:00,524.4741246730058,719.188382710761
2025-08-08 07:45:00,635.7586613306967,2025-08-08 05:45:00,517.2778355647881,709.3204268254541
2025-08-08 07:50:00,627.8192709856559,2025-08-08 05:50:00,510.8180405149013,700.4623929663622
2025-08-08 07:55:00,620.8084879303252,2025-08-08 05:55:00,505.11379627089036,692.6404128162545
2025-08-08 08:00:00,614.7267697116512,2025-08-08 06:00:00,500.16547511064704,685.8549968634892
2025-08-08 08:05:00,609.5520026983957,2025-08-08 06:05:00,495.9550845285257,680.0814727735745
2025-08-08 08:10:00,605.2407011783818,2025-08-08 06:10:00,492.4472428672385,675.2713232304309
2025-08-08 08:15:00,601.729934394816,2025-08-08 06:15:00,489.5907472291382,671.3543359444202
2025-08-08 08:20:00,598.9398747196021,2025-08-08 06:20:00,487.3206467685791,668.2414466673023
2025-08-08 08:25:00,596.7768374027261,2025-08-08 06:25:00,485.56071594958314,665.8281306620834
2025-08-08 08:30:00,595.1366663064586,2025-08-08 06:30:00,484.22620931013387,663.9981801905693
2025-08-08 08:35:00,593.9083115972579,2025-08-08 06:35:00,483.22677241068027,662.6276961694793
2025-08-08 08:40:00,592.9774440100006,2025-08-08 06:40:00,482.4693825393004,661.5891206305645
2025-08-08 08:45:00,592.22995649832,2025-08-08 06:45:00,481.86119778984767,660.7551435366115
2025-08-08 08:50:00,591.5552166938369,2025-08-08 06:50:00,481.312203388573,660.0023315731688
2025-08-08 08:55:00,590.848952551108,2025-08-08 06:55:00,480.7375595664611,659.2143476829873
2025-08-08 09:00:00,590.0156766701224,2025-08-08 07:00:00,480.0595740817767,658.2846558997453
2025-08-08 09:05:00,588.97058204541,2025-08-08 07:05:00,479.20924467485975,657.1186364487128
2025-08-08 09:10:00,587.6408708241748,2025-08-08 07:10:00,478.12734019713383,655.6350682515813
2025-08-08 09:15:00,585.9665074698875,2025-08-08 07:15:00,476.7650134141342,653.7669692364013
2025-08-08 09:20:00,583.9004164224204,2025-08-08 07:20:00,475.08396182943926,651.4618168683909
2025-08-08 09:25:00,581.408170964949,2025-08-08 07:25:00,473.05617453474696,648.6812010165404
2025-08-08 09:30:00,578.4672431655954,2025-08-08 07:30:00,470.66332193338746,645.3999871082091
2025-08-08 09:35:00,575.0659030830533,2025-08-08 07:35:00,467.895860091445,641.6050879650697
2025-08-08 09:40:00,571.2018690659108,2025-08-08 07:40:00,464.7519325690853,637.2939579325339
2025-08-08 09:45:00,566.8808179595368,2025-08-08 07:45:00,461.2361582672589,632.4729307070572
2025-08-08 09:50:00,562.114865769038,2025-08-08 07:50:00,457.3583952363214,627.1555242010752
2025-08-08 09:55:00,556.9211244528923,2025-08-08 07:55:00,453.1325664275153,621.3608303474697
2025-08-08 10:00:00,551.320430386192,2025-08-08 08:00:00,448.5756251214867,615.1120964370335
2025-08-08 10:05:00,545.3363249097038,2025-08-08 08:05:00,443.7067254635722,608.435587709859
2025-08-08 10:10:00,538.9943479474305,2025-08-08 08:10:00,438.5466477237267,601.3597992394649
2025-08-08 10:15:00,532.321683383113,2025-08-08 08:15:00,433.1175097611303,593.915060276856
2025-08-08 10:20:00,525.3471707488729,2025-08-08 08:20:00,427.44277653451934,586.1335472916237
2025-08-08 10:25:00,518.1016728380707,2025-08-08 08:25:00,421.54755920622654,578.049694120208
2025-08-08 10:30:00,510.61876490449635,2025-08-08 08:30:00,415.4591759012974,569.7009609102995
2025-08-08 10:35:00,502.9356886840943,2025-08-08 08:35:00,409.20792793646376,561.1288985296137
2025-08-08 10:40:00,495.09449543299127,2025-08-08 08:40:00,402.82802984009163,552.3804238614877
2025-08-08 10:45:00,487.1432868352154,2025-08-08 08:45:00,396.3586190026949,543.5092042943838
2025-08-08 10:50:00,479.1374523506776,2025-08-08 08:50:00,389.84476243110896,534.5770382397677
2025-08-08 10:55:00,471.1407960410327,2025-08-08 08:55:00,383.33837357759245,525.6551123396762
2025-08-08 11:00:00,463.22644671674584,2025-08-08 09:00:00,376.8989528706817,516.8250169242261
2025-08-08 11:05:00,455.47745082058475,2025-08-08 09:05:00,370.5940701081303,508.179407495911
2025-08-08 11:10:00,447.9869588932999,2025-08-08 09:10:00,364.49951617259853,499.82221277067765
2025-08-08 11:15:00,440.8579326430913,2025-08-08 09:15:00,358.69906469204176,491.868307853262
2025-08-08 11:20:00,434.20231958224554,2025-08-08 09:20:00,353.28380049215656,484.44259337345795
2025-08-08 11:25:00,428.13966594037254,2025-08-08 09:25:00,348.3509910089433,477.6784479036232
2025-08-08 11:30:00,422.79516392900166,2025-08-08 09:30:00,344.0024974676566,471.71554927800275
2025-08-08 11:35:00,418.29715614622387,2025-08-08 09:35:00,340.3427443699028,466.6970902393699
2025-08-08 11:40:00,414.7741464211664,2025-08-08 09:40:00,337.47628740109474,462.7664434171033
2025-08-08 11:45:00,412.35139158133745,2025-08-08 09:45:00,335.50504036054684,460.0633587379517
2025-08-08 11:50:00,411.1471712786157,2025-08-08 09:50:00,334.5252401476307,458.71980164455624
2025-08-08 11:55:00,411.26885254462576,2025-08-08 09:55:00,334.6242447318211,458.8555622920986
2025-08-08 12:00:00,412.8088806605324,2025-08-08 10:00:00,335.87727116930245,460.57378253342677
2025-08-08 12:05:00,415.840838140853,2025-08-08 10:05:00,338.3441890397755,463.95655889947136
2025-08-08 12:10:00,420.4157183978284,2025-08-08 10:10:00,342.0664885556689,469.0607851002768
2025-08-08 12:15:00,426.55855979537336,2025-08-08 10:15:00,347.06454189825166,475.9143966152306
2025-08-08 12:20:00,434.26557924832605,2025-08-08 10:20:00,353.3352710031209,484.51317262950954
2025-08-08 12:25:00,443.5019327859937,2025-08-08 10:25:00,360.85032546808975,494.8182374790175
2025-08-08 12:30:00,454.2002134838661,2025-08-08 10:30:00,369.5548604123356,506.75438478219377
2025-08-08 12:35:00,466.25977602015155,2025-08-08 10:35:00,379.3669869094736,520.2093238429717
2025-08-08 12:40:00,479.546952427448,2025-08-08 10:40:00,390.1779475314614,535.0339203664411
2025-08-08 12:45:00,493.896196001798,2025-08-08 10:45:00,401.8530470772477,551.0434727262572
2025-08-08 12:50:00,509.1121613156644,2025-08-08 10:50:00,414.23334495177653,568.0200326498017
2025-08-08 12:55:00,524.9726983299025,2025-08-08 10:55:00,427.1380912912884,585.7157457700487
2025-08-08 13:00:00,541.2327096419659,2025-08-08 11:00:00,440.36786536964433,603.8571551846194
2025-08-08 13:05:00,557.6287909560626,2025-08-08 11:05:00,453.7083512643203,622.1503788610962
2025-08-08 13:10:00,573.8845503719316,2025-08-08 11:10:00,466.9346658354854,640.2870444050649
2025-08-08 13:15:00,589.7164782847015,2025-08-08 11:15:00,479.81613470355245,657.950838148827
2025-08-08 13:20:00,604.8402217379627,2025-08-08 11:20:00,492.12139730550507,674.8245054914191
2025-08-08 13:25:00,618.9771021673912,2025-08-08 11:25:00,503.6237099831915,690.5971227911883
2025-08-08 13:30:00,631.8607059585343,2025-08-08 11:30:00,514.1063083160362,704.9714504976419
2025-08-08 13:35:00,643.2433726740182,2025-08-08 11:35:00,523.3676861936366,717.6711721123494
2025-08-08 13:40:00,652.9024058005706,2025-08-08 11:40:00,531.2266491197471,728.4478235632425
2025-08-08 13:45:00,660.6458365191494,2025-08-08 11:45:00,537.5270038385778,737.0872238836396
2025-08-08 13:50:00,666.317580649887,2025-08-08 11:50:00,542.141754224651,743.415228852127
2025-08-08 13:55:00,669.8018435273972,2025-08-08 11:55:00,544.976685259715,747.3026455430371
2025-08-08 14:00:00,671.0266455774577,2025-08-08 12:00:00,545.9732315782891,748.6691658372431
2025-08-08 14:05:00,669.9663629274335,2025-08-08 12:05:00,545.1105446065638,747.4862009991446
2025-08-08 14:10:00,666.643201602812,2025-08-08 12:10:00,542.4066920257201,743.7785264481498
2025-08-08 14:15:00,661.1275501559842,2025-08-08 12:15:00,537.918944684342,737.6246751890959
2025-08-08 14:20:00,653.5371831684827,2025-08-08 12:20:00,531.7431285370338,729.156049154073
2025-08-08 14:25:00,644.0353163088657,2025-08-08 12:25:00,524.0120421642903,718.5547492167744
2025-08-08 14:30:00,632.8275421679696,2025-08-08 12:30:00,514.8929636495484,706.0501564822548
2025-08-08 14:35:00,620.157703636233,2025-08-08 12:35:00,504.584292999377,691.9143281848778
2025-08-08 14:40:00,606.3027880378029,2025-08-08 12:40:00,493.3113978135089,676.456301037691
2025-08-08 14:45:00,591.5669503481785,2025-08-08 12:45:00,481.321750343558,660.0154228941559
2025-08-08 14:50:00,576.2747955438216,2025-08-08 12:50:00,468.87946175284895,642.9538578181827
2025-08-08 14:55:00,560.764070662591,2025-08-08 12:55:00,456.25933609414335,625.6484325643632
2025-08-08 15:00:00,545.3779328467797,2025-08-08 13:00:00,443.74057929041254,608.4820099790015
2025-08-08 15:05:00,530.4569732021799,2025-08-08 13:05:00,431.6003094380867,591.834589963362
2025-08-08 15:10:00,516.3311850468459,2025-08-08 13:10:00,420.1070218636102,576.0743483921101
2025-08-08 15:15:00,503.3120703184938,2025-08-08 13:15:00,409.51416659120895,561.5488301763216
2025-08-08 15:20:00,491.6850789510618,2025-08-08 13:20:00,400.0539967272435,548.5765138225335
2025-08-08 15:25:00,481.70257157249387,2025-08-08 13:25:00,391.9318426389499,537.4389598649776
2025-08-08 15:30:00,473.57748866954313,2025-08-08 13:30:00,385.3209609420718,528.3737475080588
2025-08-08 15:35:00,467.47789610380926,2025-08-08 13:35:00,380.3580965217495,521.5683890200881
2025-08-08 15:40:00,463.52256007301173,2025-08-08 13:40:00,377.1398821498683,517.1553926863362
2025-08-08 15:45:00,461.777683265669,2025-08-08 13:45:00,375.720182894273,515.208621313766
2025-08-08 15:50:00,462.2549089508659,2025-08-08 13:50:00,376.108472169008,515.7410653798954
2025-08-08 15:55:00,464.9106707544998,2025-08-08 13:55:00,378.2693026871231,518.704117573565
2025-08-08 16:00:00,469.64693427570273,2025-08-08 14:00:00,382.1229098684776,523.9884002216153
2025-08-08 16:05:00,476.3133423172225,2025-08-08 14:05:00,387.5469572821476,531.4261587375686
2025-08-08 16:10:00,484.7107395329914,2025-08-08 14:10:00,394.3794044360075,540.7951940958046
2025-08-08 16:15:00,494.5960154084051,2025-08-08 14:15:00,402.42244721279326,551.8242661788486
2025-08-08 16:20:00,505.68816752828155,2025-08-08 14:20:00,411.4474511794172,564.1998586082391
2025-08-08 16:25:00,517.6754512303978,2025-08-08 14:25:00,421.20076882160714,577.5741556634547
2025-08-08 16:30:00,530.2234479556719,2025-08-08 14:30:00,431.41030426566704,591.5740441971731
2025-08-08 16:35:00,542.9838536147884,2025-08-08 14:35:00,441.79266383346385,605.8109188779607
2025-08-08 16:40:00,555.6037623863018,2025-08-08 14:40:00,452.0607096996262,619.8910401893587
2025-08-08 16:45:00,567.7351993603231,2025-08-08 14:45:00,461.93131601913365,633.4261700677433
2025-08-08 16:50:00,579.0446408630414,2025-08-08 14:50:00,471.1331150315575,646.0441937956072
2025-08-08 16:55:00,589.2222530958838,2025-08-08 14:55:00,479.4140139751961,657.3994276164934
2025-08-08 17:00:00,597.9905791003694,2025-08-08 15:00:00,486.5482631376584,667.1823108430127
2025-08-08 17:05:00,605.1124117171786,2025-08-08 15:05:00,492.34286159985936,675.1281897728585
2025-08-08 17:10:00,610.3976061643021,2025-08-08 15:10:00,496.64310021308535,681.0249185303439
2025-08-08 17:15:00,613.7086099574054,2025-08-08 15:15:00,499.33706095607926,684.7190288375932
2025-08-08 17:20:00,614.9645196765011,2025-08-08 15:20:00,500.35891767730556,686.1202561777582
2025-08-08 17:25:00,614.1435135903112,2025-08-08 15:25:00,499.69091537221556,685.2042538911929
2025-08-08 17:30:00,611.2835543828451,2025-08-08 15:30:00,497.3639419487703,682.013377212459
2025-08-08 17:35:00,606.4813071546599,2025-08-08 15:35:00,493.4566478714184,676.6554760766917
2025-08-08 17:40:00,599.8892718481854,2025-08-08 15:40:00,488.0931129914334,669.3006957462909
2025-08-08 17:45:00,591.7111858759557,2025-08-08 15:45:00,481.4391059474345,660.1763474907822
2025-08-08 17:50:00,582.195808992095,2025-08-08 15:50:00,473.69702729645024,649.5599743240557
2025-08-08 17:55:00,571.6292571984104,2025-08-08 15:55:00,465.09967208342033,637.7707978892719
2025-08-08 18:00:00,560.3261036194389,2025-08-08 16:00:00,455.9029891689496,625.1597896423243
2025-08-08 18:05:00,548.619509739517,2025-08-08 16:05:00,446.37805162210253,612.098660203367
2025-08-08 18:10:00,536.8506881341908,2025-08-08 16:10:00,436.80248319113684,598.968102851856
2025-08-08 18:15:00,525.3580270103582,2025-08-08 16:15:00,427.45160960874233,586.1456596992067
2025-08-08 18:20:00,514.466225582741,2025-08-08 16:20:00,418.5896187141367,573.9935999516214
2025-08-08 18:25:00,504.47579597866985,2025-08-08 16:25:00,410.46101879677246,562.8472071111416
2025-08-08 18:30:00,495.65328289124784,2025-08-08 16:30:00,403.2826809278845,553.003866973636
2025-08-08 18:35:00,488.2225347251713,2025-08-08 16:35:00,397.2367368271312,544.7133287845664
2025-08-08 18:40:00,482.35733076710403,2025-08-08 16:40:00,392.4645800432586,538.1694793209244
2025-08-08 18:45:00,478.17562802782186,2025-08-08 16:45:00,389.06218496235846,533.5039240523948
2025-08-08 18:50:00,475.7356405424938,2025-08-08 16:50:00,387.07691677493983,530.7816127889995
2025-08-08 18:55:00,475.0339040955355,2025-08-08 16:55:00,386.5059568612208,529.9986804809542
2025-08-08 19:00:00,476.00541284051934,2025-08-08 17:00:00,387.296413950371,531.0825996464662
2025-08-08 19:05:00,478.52584324561946,2025-08-08 17:05:00,389.3471336085397,533.8946616433684
2025-08-08 19:10:00,482.41580762046283,2025-08-08 17:10:00,392.5121590728117,538.2347223590564
2025-08-08 19:15:00,487.44700717740886,2025-08-08 17:15:00,396.60573761984125,543.8480672243978
2025-08-08 19:20:00,493.3500852277178,2025-08-08 17:20:00,401.40871022998624,550.4341730801402
2025-08-08 19:25:00,499.82391808165613,2025-08-08 17:25:00,406.67607102297046,557.6570740997515
2025-08-08 19:30:00,506.54602645291175,2025-08-08 17:30:00,412.1454383791886,565.1569778668286
2025-08-08 19:35:00,513.183746030487,2025-08-08 17:35:00,417.5461437490336,572.562728461022
2025-08-08 19:40:00,519.4057646159914,2025-08-08 17:40:00,422.60861871401005,579.5046785235634
2025-08-08 19:45:00,524.8936157143058,2025-08-08 17:45:00,427.07374661662675,585.6275127375138
2025-08-08 19:50:00,529.3527158531679,2025-08-08 17:50:00,430.70184295049233,590.6025622431466
2025-08-08 19:55:00,532.5225458543176,2025-08-08 17:55:00,433.28093923629217,594.1391639540436
2025-08-08 20:00:00,534.1856044390994,2025-08-08 18:00:00,434.6340680215969,595.9946501580758
2025-08-08 20:05:00,534.1748041098874,2025-08-08 18:05:00,434.6252804560347,595.982600154525
2025-08-08 20:10:00,532.3790352849028,2025-08-08 18:10:00,433.16417348657797,593.9790481985802
2025-08-08 20:15:00,528.7466901330033,2025-08-08 18:15:00,430.2087569858164,589.9264150686912
2025-08-08 20:20:00,523.2870127040285,2025-08-08 18:20:00,425.7665522702239,583.8350144165256
2025-08-08 20:25:00,516.0692225320493,2025-08-08 18:25:00,419.8938790298665,575.782074964928
2025-08-08 20:30:00,507.21944243640564,2025-08-08 18:30:00,412.6933556685061,565.9083128338477
2025-08-08 20:35:00,496.9155443501973,2025-08-08 18:35:00,404.3097056703167,554.4121809947983
2025-08-08 20:40:00,485.38010658258463,2025-08-08 18:40:00,394.92402735610625,541.5420116386856
2025-08-08 20:45:00,472.8717488533823,2025-08-08 18:45:00,384.7467437323346,527.586348612731
2025-08-08 20:50:00,459.6751742124545,2025-08-08 18:50:00,374.00950021159315,512.8628371196365
2025-08-08 20:55:00,446.0902984874134,2025-08-08 18:55:00,362.95631991082075,497.70609536563836
2025-08-08 21:00:00,432.42088372870154,2025-08-08 19:00:00,351.8343553826083,482.45503281493853
2025-08-08 21:05:00,418.9631132513182,2025-08-08 19:05:00,340.8845928272736,467.44010328309975
2025-08-08 21:10:00,405.99454920344704,2025-08-08 19:10:00,330.332867543618,452.9709848184056
2025-08-08 21:15:00,393.7638999259968,2025-08-08 19:15:00,320.3815382568895,439.3251630726586
2025-08-08 21:20:00,382.48199434534564,2025-08-08 19:20:00,311.2021435356433,426.7378613674454
2025-08-08 21:25:00,372.3143137784622,2025-08-08 19:25:00,302.9293253795477,415.3937083763858
2025-08-08 21:30:00,363.3753716148815,2025-08-08 19:30:00,295.656256311267,405.4204674966348
2025-08-08 21:35:00,355.7251591018615,2025-08-08 19:35:00,289.43174752980156,396.8850713862888
2025-08-08 21:40:00,349.3677941958507,2025-08-08 19:40:00,284.2591495637846,389.7921144784299
2025-08-08 21:45:00,344.2524236052246,2025-08-08 19:45:00,280.0970862083403,384.0848593965743
2025-08-08 21:50:00,340.2763385423747,2025-08-08 19:50:00,276.8619896214883,379.6487132212759
2025-08-08 21:55:00,337.29017686262716,2025-08-08 19:55:00,274.4323329855674,376.3170315532435
2025-08-08 22:00:00,335.10500024767117,2025-08-08 20:00:00,272.6543887773905,373.87901457685604
2025-08-08 22:05:00,333.50096042253557,2025-08-08 20:05:00,271.34927993755315,372.0893760196263
2025-08-08 22:10:00,332.2372033640379,2025-08-08 20:10:00,270.3210383174844,370.67939334748934
2025-08-08 22:15:00,331.0626110497786,2025-08-08 20:15:00,269.3653445818783,369.3688924099914
2025-08-08 22:20:00,329.7269450858422,2025-08-08 20:20:00,268.278595095184,367.87868046438837
2025-08-08 22:25:00,327.9919403020699,2025-08-08 20:25:00,266.8669280997776,365.94292337821093
2025-08-08 22:30:00,325.64189720813965,2025-08-08 20:30:00,264.9548421479043,363.32096370729465
2025-08-08 22:35:00,322.49334183310407,2025-08-08 20:35:00,262.39305572073187,359.8080982469496
2025-08-08 22:40:00,318.4033588346791,2025-08-08 20:40:00,259.0652873683609,355.24487534082454
2025-08-08 22:45:00,313.2762560889492,2025-08-08 20:45:00,254.89367827776934,349.5245306106921
2025-08-08 22:50:00,307.0682871471047,2025-08-08 20:50:00,249.84263464626088,342.5982558347708
2025-08-08 22:55:00,299.7902354701088,2025-08-08 20:55:00,243.92093031473811,334.4780821965872
2025-08-08 23:00:00,291.5077515021587,2025-08-08 21:00:00,237.18198102370718,325.2372563602162
2025-08-08 23:05:00,282.3394247408124,2025-08-08 21:05:00,229.72227577496804,315.00808946531066
2025-08-08 23:10:00,272.4526652455206,2025-08-08 21:10:00,221.67802586766882,303.9773620970945
2025-08-08 23:15:00,262.057558331274,2025-08-08 21:15:00,213.22016483937983,292.3794679246795
2025-08-08 23:20:00,251.3989392966675,2025-08-08 21:20:00,204.54790015832816,280.4875714192155
2025-08-08 23:25:00,240.74700792021878,2025-08-08 21:25:00,195.88107681460662,268.6031363811722
2025-08-08 23:30:00,230.38686269223638,2025-08-08 21:30:00,187.45166196644612,257.0442492089474
2025-08-08 23:35:00,220.60737963813511,2025-08-08 21:35:00,179.4946963207407,246.13321092352615
2025-08-08 23:40:00,211.68988764910733,2025-08-08 21:40:00,172.2390799440867,236.1839021549594
2025-08-08 23:45:00,203.8971019483813,2025-08-08 21:45:00,165.89856810291965,227.4894361325405
2025-08-08 23:50:00,197.46276689996967,2025-08-08 21:50:00,160.66334425213557,220.31060309340506
2025-08-08 23:55:00,192.58243163707067,2025-08-08 21:55:00,156.69251472959485,214.8655785860155
2025-08-09 00:00:00,189.4057362487469,2025-08-08 22:00:00,154.1078324992634,211.32131711417972
2025-08-09 00:05:00,188.030525156181,2025-08-08 22:05:00,152.98890756646227,209.78698438938096
2025-08-09 00:10:00,188.4990304032895,2025-08-08 22:10:00,153.37010155549544,210.30969900116997
2025-08-09 00:15:00,190.79628347262502,2025-08-08 22:15:00,155.23923550164287,212.87276046895477
2025-08-09 00:20:00,194.85082374059897,2025-08-08 22:20:00,158.53816627773006,217.39643967049426
2025-08-09 00:25:00,200.53767820988776,2025-08-08 22:25:00,163.16521101965847,223.7413033503804
2025-08-09 00:30:00,207.68349482188972,2025-08-08 22:30:00,168.97932378795716,231.71394139298684
2025-08-09 00:35:00,216.07362397264785,2025-08-08 22:35:00,175.80585736302345,241.07486771977864
2025-08-09 00:40:00,225.46086358778484,2025-08-08 22:40:00,183.44367857631605,251.54827723115653
2025-08-09 00:45:00,235.57551548602407,2025-08-08 22:45:00,191.67335055665725,262.8332657622338
2025-08-09 00:50:00,246.1363474240419,2025-08-08 22:50:00,200.2660518738946,274.6160605136688
2025-08-09 00:55:00,256.86201842288244,2025-08-08 22:55:00,208.99287262635988,286.58276736900746
2025-08-09 01:00:00,267.4825064173437,2025-08-08 23:00:00,217.63411241838705,298.4321208037809
2025-08-09 01:05:00,277.7500767809647,2025-08-08 23:05:00,225.98820477646248,309.88772154627037
2025-08-09 01:10:00,287.44934978956775,2025-08-08 23:10:00,233.8799084269337,320.7092689176561
2025-08-09 01:15:00,296.40606084616536,2025-08-08 23:15:00,241.16743495380558,330.70233467679236
2025-08-09 01:20:00,304.4941609314021,2025-08-08 23:20:00,247.74822599983807,339.72628504289355
2025-08-09 01:25:00,311.6409716702131,2025-08-08 23:25:00,253.5631476281576,347.7000322397992
2025-08-09 01:30:00,317.83018784725937,2025-08-08 23:30:00,258.5989332849412,354.6053844236429
2025-08-09 01:35:00,323.1026071975007,2025-08-08 23:35:00,262.888777585252,360.48785991534623
2025-08-09 01:40:00,327.5545581954643,2025-08-08 23:40:00,266.51105710158134,365.45493307400665
2025-08-09 01:45:00,331.33408898357493,2025-08-08 23:45:00,269.58622952854006,369.67178225732914
2025-08-09 01:50:00,334.6350695681645,2025-08-08 23:50:00,272.272035001428,373.35470960007706
2025-08-09 01:55:00,337.68944220875596,2025-08-08 23:55:00,274.75719071322976,376.76249471868414
2025-08-09 02:00:00,340.7579275850726,2025-08-09 00:00:00,277.2538290926441,380.186025516174
2025-08-09 02:05:00,344.11955457267754,2025-08-09 00:05:00,279.9889788245955,383.9366164789224
2025-08-09 02:10:00,348.06042631777996,2025-08-09 00:10:00,283.19542449421203,388.33347490700817
2025-08-09 02:15:00,352.8621632929687,2025-08-09 00:15:00,287.10230340999146,393.6908067499051
2025-08-09 02:20:00,358.7904746202536,2025-08-09 00:20:00,291.92580679021046,400.30506555091347
2025-08-09 02:25:00,366.08430068411315,2025-08-09 00:25:00,297.8603457729783,408.44283878388615
2025-08-09 02:30:00,374.94594484651196,2025-08-09 00:30:00,305.0705221979073,418.32983773800413
2025-08-09 02:35:00,385.5325698291976,2025-08-09 00:35:00,313.6842097338624,430.1414099714708
2025-08-09 02:40:00,397.94937801476294,2025-08-09 00:40:00,323.7870051081458,443.99493052526105
2025-08-09 02:45:00,412.2447256914046,2025-08-09 00:45:00,335.41825286707007,459.9443508515054
2025-08-09 02:50:00,428.4073436968801,2025-08-09 00:50:00,348.5687839843866,477.97709786633106
2025-08-09 02:55:00,446.3657524404191,2025-08-09 00:55:00,363.18043990048835,498.01342128567825
2025-08-09 03:00:00,465.9898729539512,2025-08-09 01:00:00,379.1473833359978,519.9081910865291
2025-08-09 03:05:00,487.0947499441428,2025-08-09 01:05:00,396.3191275108975,543.4550513423496
2025-08-09 03:10:00,509.44622170148074,2025-08-09 01:10:00,414.5051494018509,568.3927461806826
2025-08-09 03:15:00,532.7682985754511,2025-08-09 01:15:00,433.4808931549789,594.4133519999965
2025-08-09 03:20:00,556.7519482569049,2025-08-09 01:20:00,452.9949181313737,621.1720792712432
2025-08-09 03:25:00,581.0649374043813,2025-08-09 01:25:00,472.77690643491167,648.2982529098279
2025-08-09 03:30:00,605.3623427668443,2025-08-09 01:30:00,492.54621516824164,675.4070396094534
2025-08-09 03:35:00,629.2973270823238,2025-08-09 01:35:00,512.0206441206901,702.1114705883109
2025-08-09 03:40:00,652.5317717875664,2025-08-09 01:40:00,530.925086952065,728.0343045783028
2025-08-09 03:45:00,674.746372627756,2025-08-09 01:45:00,548.9997453711845,752.8192915680814
2025-08-09 03:50:00,695.6498337337632,2025-08-09 01:50:00,566.0076097927181,776.1414306999457
2025-08-09 03:55:00,714.9868388191569,2025-08-09 01:55:00,581.7409450113707,797.7158637906225
2025-08-09 04:00:00,732.5445336329356,2025-08-09 02:00:00,596.0265645761419,817.3051078495445
2025-08-09 04:05:00,748.1573183567211,2025-08-09 02:05:00,608.7297300700335,834.7244019902326
2025-08-09 04:10:00,761.7098207058169,2025-08-09 02:10:00,619.7565701400588,849.8450245401365
2025-08-09 04:15:00,773.1379948472096,2025-08-09 02:15:00,629.054974619431,862.5955191112072
2025-08-09 04:20:00,782.4283670362777,2025-08-09 02:20:00,636.6139807484136,872.9608529514478
2025-08-09 04:25:00,789.6155218692072,2025-08-09 02:25:00,642.4617278920628,880.9796123389859
2025-08-09 04:30:00,794.7779896979134,2025-08-09 02:30:00,646.6621113819496,886.7394141418682
2025-08-09 04:35:00,798.0327550185742,2025-08-09 02:35:00,649.3103143286759,890.3707787883766
2025-08-09 04:40:00,799.5286537591651,2025-08-09 02:40:00,650.5274353996454,892.0397635741169
2025-08-09 04:45:00,799.438963339732,2025-08-09 02:45:00,650.4544598055132,891.939695339952
2025-08-09 04:50:00,797.9535121714132,2025-08-09 02:50:00,649.2458392834163,890.2823669843542
2025-08-09 04:55:00,795.2706433039075,2025-08-09 02:55:00,647.0629534097379,887.2890712481503
2025-08-09 05:00:00,791.5893615017553,2025-08-09 03:00:00,644.0677201576489,883.1818391520875
2025-08-09 05:05:00,787.1019736874056,2025-08-09 03:05:00,640.4166078769476,878.1752288872054
2025-08-09 05:10:00,781.9875011596735,2025-08-09 03:10:00,636.2552752202075,872.4689757804609
2025-08-09 05:15:00,776.4060997286736,2025-08-09 03:15:00,631.7140311487499,866.2417667998794
2025-08-09 05:20:00,770.4946730239983,2025-08-09 03:20:00,626.9042657505186,859.6463462915199
2025-08-09 05:25:00,764.3638070240455,2025-08-09 03:25:00,621.9159560545792,852.8060958122046
2025-08-09 05:30:00,758.096093184034,2025-08-09 03:30:00,616.8163016632186,845.8131632316066
2025-08-09 05:35:00,751.7458457978039,2025-08-09 03:35:00,611.6494947865735,838.7281473908158
2025-08-09 05:40:00,745.3401590660596,2025-08-09 03:40:00,606.437580314237,831.5812774808397
2025-08-09 05:45:00,738.8811937318607,2025-08-09 03:45:00,601.1823163103314,824.3749642579646
2025-08-09 05:50:00,732.3495338944808,2025-08-09 03:50:00,595.8679052470933,817.0875452646761
2025-08-09 05:55:00,725.7084135635997,2025-08-09 03:55:00,590.4644328928306,809.6780004260106
2025-08-09 06:00:00,718.9085819410423,2025-08-09 04:00:00,584.9318268933162,802.0913802787393
2025-08-09 06:05:00,711.8935564774999,2025-08-09 04:05:00,579.2241308619041,794.2646668438389
2025-08-09 06:10:00,704.6050045383416,2025-08-09 04:10:00,573.2938831109761,786.13277798903
2025-08-09 06:15:00,696.9879976859966,2025-08-09 04:15:00,567.0963917393034,777.6344296687271
2025-08-09 06:20:00,688.9958973995377,2025-08-09 04:20:00,560.5937098424605,768.7175869558694
2025-08-09 06:25:00,680.5946552101954,2025-08-09 04:25:00,553.7581342693924,759.3442617334724
2025-08-09 06:30:00,671.7663439330636,2025-08-09 04:30:00,546.5750787691048,749.494452514773
2025-08-09 06:35:00,662.5117769066633,2025-08-09 04:35:00,539.0452051052752,739.169066747301
2025-08-09 06:40:00,652.8521176965104,2025-08-09 04:40:00,531.1857327733327,728.3917167705147
2025-08-09 06:45:00,642.8294312493728,2025-08-09 04:45:00,523.0308874408787,717.2093347424964
2025-08-09 06:50:00,632.5061761982068,2025-08-09 04:50:00,514.6314878673466,705.6916062009859
2025-08-09 06:55:00,621.9636859965701,2025-08-09 04:55:00,506.0537100962169,693.9292754543218
2025-08-09 07:00:00,611.2997302546806,2025-08-09 05:00:00,497.3771032637164,682.0314247468656
2025-08-09 07:05:00,600.6252864132758,2025-08-09 05:05:00,488.69196290781076,670.1218723927354
2025-08-09 07:10:00,590.0606833373347,2025-08-09 05:10:00,480.09619324690584,658.3348701560957
2025-08-09 07:15:00,579.7313017047281,2025-08-09 05:15:00,471.691808849761,646.810306144419
2025-08-09 07:20:00,569.7630310157499,2025-08-09 05:20:00,463.5812382827382,635.6886361619478
2025-08-09 07:25:00,560.2776873871571,2025-08-09 05:25:00,455.8635958498111,625.1057713101549
2025-08-09 07:30:00,551.3885927512157,2025-08-09 05:30:00,448.6310846579288,615.1881456689084
2025-08-09 07:35:00,543.1965026724057,2025-08-09 05:35:00,441.9656833311911,606.0481729328209
2025-08-09 07:40:00,535.7860491644154,2025-08-09 05:40:00,435.9362517491764,597.780277637056
2025-08-09 07:45:00,529.2228372483615,2025-08-09 05:45:00,430.5961686944157,590.4576557668371
2025-08-09 07:50:00,523.5513007866895,2025-08-09 05:50:00,425.981587275926,584.1298824961922
2025-08-09 07:55:00,518.7933867538833,2025-08-09 05:55:00,422.1103644009724,578.8214442194961
2025-08-09 08:00:00,514.9480982459986,2025-08-09 06:00:00,418.98168894994916,574.5312286839802
2025-08-09 08:05:00,511.99188858051366,2025-08-09 06:05:00,416.5764024312613,571.2329646897181
2025-08-09 08:10:00,509.87986138764285,2025-08-09 06:10:00,414.8579754220319,568.8765610399771
2025-08-09 08:15:00,508.5476987533561,2025-08-09 06:15:00,413.77407637983595,567.3902577839973
2025-08-09 08:20:00,507.9142104442051,2025-08-09 06:20:00,413.25864579061306,566.6834704051271
2025-08-09 08:25:00,507.8843746006576,2025-08-09 06:25:00,413.2343701943669,566.6501823438438
2025-08-09 08:30:00,508.35272452385044,2025-08-09 06:30:00,413.61543780585487,567.1727236596435
2025-08-09 08:35:00,509.2069273285304,2025-08-09 06:35:00,414.3104502450301,568.1257637593928
2025-08-09 08:40:00,510.3313991138566,2025-08-09 06:40:00,415.2253639798265,569.3803448689152
2025-08-09 08:45:00,511.6108075519065,2025-08-09 06:45:00,416.2663401676342,570.8077898957154
2025-08-09 08:50:00,512.9333252426535,2025-08-09 06:50:00,417.3423917107368,572.2833322200959
2025-08-09 08:55:00,514.1935162120969,2025-08-09 06:55:00,418.3677318228284,573.6893361814988
2025-08-09 09:00:00,515.2947610611246,2025-08-09 07:00:00,419.26374722392353,574.9180028342137
2025-08-09 09:05:00,516.1511535603142,2025-08-09 07:05:00,419.9605412832408,575.8734859915863
2025-08-09 09:10:00,516.688830123471,2025-08-09 07:10:00,420.39801573029195,576.4733755290314
2025-08-09 09:15:00,516.8467237786094,2025-08-09 07:15:00,420.52648411483347,576.6495385947794
2025-08-09 09:20:00,516.5767625118408,2025-08-09 07:20:00,420.3068331871243,576.348340903552
2025-08-09 09:25:00,515.8435588455471,2025-08-09 07:25:00,419.71027032672265,575.5303003967394
2025-08-09 09:30:00,514.6236604018899,2025-08-09 07:30:00,418.7177137719711,574.1692510908164
2025-08-09 09:35:00,512.9044497810715,2025-08-09 07:35:00,417.3188975184017,572.2511156637516
2025-08-09 09:40:00,510.68279541478375,2025-08-09 07:40:00,415.5112736009217,569.7724002026748
2025-08-09 09:45:00,507.9635623476667,2025-08-09 07:45:00,413.29880040801174,566.7385326722377
2025-08-09 09:50:00,504.7580934490276,2025-08-09 07:50:00,410.69070693683875,563.1621683918056
2025-08-09 09:55:00,501.08276665905873,2025-08-09 07:55:00,407.70031891297907,559.0615803448774
2025-08-09 10:00:00,496.9577239349453,2025-08-09 08:00:00,404.3440246118122,554.4592410552843
2025-08-09 10:05:00,492.40585225474996,2025-08-09 08:05:00,400.6404457638705,549.3806856860301
2025-08-09 10:10:00,487.45207758699615,2025-08-09 08:10:00,396.60986310118545,543.8537243161708
2025-08-09 10:15:00,482.12301062093474,2025-08-09 08:15:00,392.2739281097309,537.9080466795717
2025-08-09 10:20:00,476.44695882351107,2025-08-09 08:20:00,387.65567283943784,531.575235616951
2025-08-09 10:25:00,470.4542943076424,2025-08-09 08:25:00,382.77980921605257,524.889177509114
2025-08-09 10:30:00,464.1781433004256,2025-08-09 08:30:00,377.6732900191365,517.8868315214996
2025-08-09 10:35:00,457.6553403702661,2025-08-09 08:35:00,372.3660852781641,510.6092942421257
2025-08-09 10:40:00,450.9275716488834,2025-08-09 08:40:00,366.89211244216193,503.10307518245037
2025-08-09 10:45:00,444.04261591774815,2025-08-09 08:45:00,361.2902461756346,495.42148146627306
2025-08-09 10:50:00,437.05558200746293,2025-08-09 08:50:00,355.6053251545584,487.6259984049586
2025-08-09 10:55:00,430.0300357777296,2025-08-09 08:55:00,349.8890690208705,479.7875468769435
2025-08-09 11:00:00,423.0389102429875,2025-08-09 09:00:00,344.2008188958879,471.9874987613361
2025-08-09 11:05:00,416.1650984759401,2025-08-09 09:05:00,338.60801978954817,464.31833844456656
2025-08-09 11:10:00,409.5016400943527,2025-08-09 09:10:00,333.1863723332807,456.88387088502407
2025-08-09 11:15:00,403.1514281658069,2025-08-09 09:15:00,328.019594306379,449.798894604622
2025-08-09 11:20:00,397.2263838508371,2025-08-09 09:20:00,323.1987490937351,443.1882808323182
2025-08-09 11:25:00,391.8460691396366,2025-08-09 09:25:00,318.8211169547692,437.1854257246645
2025-08-09 11:30:00,387.1357338877908,2025-08-09 09:30:00,314.9886060161696,431.93007142978644
2025-08-09 11:35:00,383.22382012340836,2025-08-09 09:35:00,311.80572167965045,427.56552162522974
2025-08-09 11:40:00,380.2389725923538,2025-08-09 09:40:00,309.37713428593236,424.2353061621717
2025-08-09 11:45:00,378.3066302433738,2025-08-09 09:45:00,307.80490581521303,422.07937816131283
2025-08-09 11:50:00,377.5452957883615,2025-08-09 09:50:00,307.1854546571189,421.22995193492704
2025-08-09 11:55:00,378.06259988735326,2025-08-09 09:55:00,307.60635327939667,421.80711177027615
2025-08-09 12:00:00,379.9512916508394,2025-08-09 10:00:00,309.143065945521,423.91433850473163
2025-08-09 12:05:00,383.28529723481233,2025-08-09 10:05:00,311.8557418351876,427.63411207244405
2025-08-09 12:10:00,388.1159930538646,2025-08-09 10:10:00,315.78618278635133,433.0237535018854
2025-08-09 12:15:00,394.4688393647768,2025-08-09 10:15:00,320.9551042486341,440.1116689812921
2025-08-09 12:20:00,402.3405133672334,2025-08-09 10:20:00,327.3598026631861,448.8941512388937
2025-08-09 12:25:00,411.6966692473246,2025-08-09 10:25:00,334.97233294744575,459.3328804076336
2025-08-09 12:30:00,422.4704355113779,2025-08-09 10:30:00,343.73828586782844,471.3532474899168
2025-08-09 12:35:00,434.5617390048525,2025-08-09 10:35:00,353.57623803535404,484.8436001607179
2025-08-09 12:40:00,447.83751998659665,2025-08-09 10:40:00,364.37792689838113,499.6554827274483
2025-08-09 12:45:00,462.13287546658773,2025-08-09 10:45:00,376.00918100641223,515.6049117599448
2025-08-09 12:50:00,477.25313842085455,2025-08-09 10:50:00,388.3116117397707,532.474695885237
2025-08-09 12:55:00,492.9768713196631,2025-08-09 10:55:00,401.10504895991073,550.0177756880788
2025-08-09 13:00:00,509.05972256525945,2025-08-09 11:00:00,414.1906787563173,567.9615263657637
2025-08-09 13:05:00,525.2390662496165,2025-08-09 11:05:00,427.354818532857,586.0129343385987
2025-08-09 13:10:00,541.239320622951,2025-08-09 11:10:00,440.3732443194612,603.8645311027772
2025-08-09 13:15:00,556.7778172118257,2025-08-09 11:15:00,453.0159661136092,621.2009414468799
2025-08-09 13:20:00,571.5710743540908,2025-08-09 11:20:00,465.0523322709927,637.7058828791006
2025-08-09 13:25:00,585.3413140035517,2025-08-09 11:25:00,476.25633182983853,653.0694364722207
2025-08-09 13:30:00,597.8230515382761,2025-08-09 11:30:00,486.41195623381594,666.9953991592611
2025-08-09 13:35:00,608.7695829655455,2025-08-09 11:35:00,495.318477572885,679.2085215538455
2025-08-09 13:40:00,617.9591948565603,2025-08-09 11:40:00,502.7955012263496,689.4614364181925
2025-08-09 13:45:00,625.2009270881724,2025-08-09 11:45:00,508.68765465241125,697.5410881947506
2025-08-09 13:50:00,630.3397288645309,2025-08-09 11:50:00,512.8687825267958,703.2744856159491
2025-08-09 13:55:00,633.2608626334529,2025-08-09 11:55:00,515.2455299394389,706.5336151847844
2025-08-09 14:00:00,633.8934286537112,2025-08-09 12:00:00,515.7602101187482,707.2393735594258
2025-08-09 14:05:00,632.2129045454354,2025-08-09 12:05:00,514.3928707080292,705.3644009475266
2025-08-09 14:10:00,628.2426185601475,2025-08-09 12:10:00,511.1624924749679,700.934724844005
2025-08-09 14:15:00,622.054101077449,2025-08-09 12:15:00,506.1272753029284,694.0301521983778
2025-08-09 14:20:00,613.7662870848606,2025-08-09 12:20:00,499.3839892977068,684.7833796158884
2025-08-09 14:25:00,603.5435702059032,2025-08-09 12:25:00,491.06639146951443,673.3778222228983
2025-08-09 14:30:00,591.5927373535811,2025-08-09 12:30:00,481.34273164849606,660.0441936381368
2025-08-09 14:35:00,578.1588411168004,2025-08-09 12:35:00,470.4123940986797,645.0559007650876
2025-08-09 14:40:00,563.5200927696717,2025-08-09 12:40:00,458.5017422728267,628.7233458864139
2025-08-09 14:45:00,547.9818843298069,2025-08-09 12:45:00,445.85925492785765,611.3872570321956
2025-08-09 14:50:00,531.8700698182632,2025-08-09 12:50:00,432.75005949808826,593.4111918342163
2025-08-09 14:55:00,515.5236562442057,2025-08-09 12:55:00,419.44998519766585,575.1733828059492
2025-08-09 15:00:00,499.28707041849304,2025-08-09 13:00:00,406.2392710010128,557.0581093718813
2025-08-09 15:05:00,483.502181769466,2025-08-09 13:05:00,393.3960750972252,539.4467976667685
2025-08-09 15:10:00,468.5002693504786,2025-08-09 13:10:00,381.1899389367148,522.7090580692279
2025-08-09 15:15:00,454.5941272220581,2025-08-09 13:15:00,369.8753638648009,507.1938771208777
2025-08-09 15:20:00,442.0705025804785,2025-08-09 13:20:00,359.68565849065345,493.2211806930011
2025-08-09 15:25:00,431.1830573221954,2025-08-09 13:25:00,350.827211943898,481.0739811542958
2025-08-09 15:30:00,422.14603613523457,2025-08-09 13:30:00,343.4743419888748,470.9913128157336
2025-08-09 15:35:00,415.12881076426515,2025-08-09 13:35:00,337.7648560276961,463.16214492858563
2025-08-09 15:40:00,410.2514538949517,2025-08-09 13:40:00,333.79644984136945,457.72044343594655
2025-08-09 15:45:00,407.5814741347291,2025-08-09 13:45:00,331.6240510438777,454.741528167734
2025-08-09 15:50:00,407.1318189719185,2025-08-09 13:50:00,331.2581942124783,454.23984472807547
2025-08-09 15:55:00,408.8602234107951,2025-08-09 13:55:00,332.6644909120015,456.1682377628551
2025-08-09 16:00:00,412.66995045860745,2025-08-09 14:00:00,335.76423218372906,460.4187771263088
2025-08-09 16:05:00,418.4119352224683,2025-08-09 14:05:00,340.4361330655496,466.82515006506213
2025-08-09 16:10:00,425.8883084621575,2025-08-09 14:10:00,346.5191994907969,475.1665924708688
2025-08-09 16:15:00,434.8572384380139,2025-08-09 14:15:00,353.81666780295865,485.1732909644861
2025-08-09 16:20:00,445.0389931007435,2025-08-09 14:20:00,362.1009371877667,496.53314652364264
2025-08-09 16:25:00,456.1230886406737,2025-08-09 14:25:00,371.11938600934883,508.89975016990866
2025-08-09 16:30:00,467.77635673623894,2025-08-09 14:30:00,380.60093563560656,521.9013836547857
2025-08-09 16:35:00,479.6517319282749,2025-08-09 14:35:00,390.2632001858033,535.1508235952442
2025-08-09 16:40:00,491.397534266255,2025-08-09 14:40:00,399.82003925055926,548.2556981876639
2025-08-09 16:45:00,502.66700098745906,2025-08-09 14:45:00,408.98931323467195,560.8291217695753
2025-08-09 16:50:00,513.127805788588,2025-08-09 14:50:00,417.5006286046706,572.500315538204
2025-08-09 16:55:00,522.4712964736899,2025-08-09 14:55:00,425.10285399644584,582.9249140594795
2025-08-09 17:00:00,530.4211808673409,2025-08-09 15:00:00,431.5711874101515,591.7946562026925
2025-08-09 17:05:00,536.7413988468768,2025-08-09 15:05:00,436.7135612000878,598.8461680224307
2025-08-09 17:10:00,541.2429339657335,2025-08-09 15:10:00,440.3761842748993,603.8685625348294
2025-08-09 17:15:00,543.7893424027172,2025-08-09 15:15:00,442.4480406645391,606.7096084053059
2025-08-09 17:20:00,544.3008088325178,2025-08-09 15:20:00,442.8641895333842,607.280255111925
2025-08-09 17:25:00,542.7565781304221,2025-08-09 15:25:00,441.60774370923957,605.557346015516
2025-08-09 17:30:00,539.1956572146039,2025-08-09 15:30:00,438.7104407293692,601.5844014100693
2025-08-09 17:35:00,533.715732204365,2025-08-09 15:35:00,434.2517617985615,595.470410388542
2025-08-09 17:40:00,526.4703000029571,2025-08-09 15:40:00,428.3565979339732,587.3866305295612
2025-08-09 17:45:00,517.6640701220999,2025-08-09 15:45:00,421.19150871171837,577.5614576805774
2025-08-09 17:50:00,507.5467487017803,2025-08-09 15:50:00,412.9596647049657,566.2734907448686
2025-08-09 17:55:00,496.4053717382974,2025-08-09 15:55:00,403.89460950175544,553.842977809945
2025-08-09 18:00:00,484.55540517663553,2025-08-09 16:00:00,394.25301839593936,540.6218864577767
2025-08-09 18:05:00,472.3308753958731,2025-08-09 16:05:00,384.30666816839465,526.9828922776871
2025-08-09 18:10:00,460.07383131008163,2025-08-09 16:10:00,374.33386304474976,513.3076216579296
2025-08-09 18:15:00,448.1234681905064,2025-08-09 16:15:00,364.6105854164617,499.97451715730995
2025-08-09 18:20:00,436.8052624490166,2025-08-09 16:20:00,355.40165548040625,487.34671510637435
2025-08-09 18:25:00,426.42047287486264,2025-08-09 16:25:00,346.9521890390518,475.7603320631399
2025-08-09 18:30:00,417.2363597605244,2025-08-09 16:30:00,339.4796394029629,465.51355222275157
2025-08-09 18:35:00,409.47745548035095,2025-08-09 16:35:00,333.1666947959608,456.8568879404419
2025-08-09 18:40:00,403.318191094396,2025-08-09 16:40:00,328.1552790748295,449.9849531813748
2025-08-09 18:45:00,398.877142736372,2025-08-09 16:45:00,324.54187036802733,445.03004417506634
2025-08-09 18:50:00,396.21311041740955,2025-08-09 16:50:00,322.3743106387691,442.0577645090559
2025-08-09 18:55:00,395.3231823311662,2025-08-09 16:55:00,321.65023072879706,441.06486546045016
2025-08-09 19:00:00,396.1428710498054,2025-08-09 17:00:00,322.31716117269707,441.9793979507386
2025-08-09 19:05:00,398.5483371043914,2025-08-09 17:05:00,324.27434138890743,444.66319341013786
2025-08-09 19:10:00,402.36064213749836,2025-08-09 17:10:00,327.3761802091772,448.91660904998497
2025-08-09 19:15:00,407.3519016784993,2025-08-09 17:15:00,331.43726201450727,454.48539255756475
2025-08-09 19:20:00,413.2531380085771,2025-08-09 17:20:00,336.2387361298416,461.06944359304305
2025-08-09 19:25:00,419.76357087788574,2025-08-09 17:25:00,341.53587611087926,468.33317950819463
2025-08-09 19:30:00,426.56102858631743,2025-08-09 17:30:00,347.06655060204713,475.91715106271624
2025-08-09 19:35:00,433.3131184436008,2025-08-09 17:35:00,352.5603120548663,483.4505053854202
2025-08-09 19:40:00,439.6887637039732,2025-08-09 17:40:00,357.74778362420585,490.5638578136975
2025-08-09 19:45:00,445.3696970400088,2025-08-09 17:45:00,362.3700107031127,496.90211524341055
2025-08-09 19:50:00,450.06149773064914,2025-08-09 17:50:00,366.1874412058698,502.13679039749996
2025-08-09 19:55:00,453.5037729247922,2025-08-09 17:55:00,368.9882094378239,505.9773611336494
2025-08-09 20:00:00,455.4791111508,2025-08-09 18:00:00,370.5954210170087,508.18125993805387
2025-08-09 20:05:00,455.82047819622386,2025-08-09 18:05:00,370.8731704479333,508.5621255606431
2025-08-09 20:10:00,454.41678134303476,2025-08-09 18:10:00,369.7310683985692,506.996011071611
2025-08-09 20:15:00,451.21639313541596,2025-08-09 18:15:00,367.12710877411195,503.42531535401935
2025-08-09 20:20:00,446.2285016962225,2025-08-09 18:20:00,363.06876738667773,497.8602896614045
2025-08-09 20:25:00,439.52223442727905,2025-08-09 18:25:00,357.61228896397387,490.37805992401337
2025-08-09 20:30:00,431.22358590886756,2025-08-09 18:30:00,350.8601875695047,481.11919918457284
2025-08-09 20:35:00,421.51026397233636,2025-08-09 18:35:00,342.95705316791253,470.2819773251139
2025-08-09 20:40:00,410.6046471725638,2025-08-09 18:40:00,334.0838215521957,458.11450366927994
2025-08-09 20:45:00,398.7651199561053,2025-08-09 18:45:00,324.45072430139095,444.9050595682556
2025-08-09 20:50:00,386.27611501995375,2025-08-09 18:50:00,314.2891868585372,430.970988590136
2025-08-09 20:55:00,373.4372428936914,2025-08-09 18:55:00,303.8429839382886,416.64656831799
2025-08-09 21:00:00,360.5519258223459,2025-08-09 19:00:00,293.358991614408,402.270329092719
2025-08-09 21:05:00,347.91597314653654,2025-08-09 19:05:00,283.07789180719385,388.1723074840301
2025-08-09 21:10:00,335.80653919660335,2025-08-09 19:10:00,273.22518799907704,374.6617265349593
2025-08-09 21:15:00,324.4718911217475,2025-08-09 19:15:00,264.00287994466856,362.0155796566063
2025-08-09 21:20:00,314.1223837237863,2025-08-09 19:20:00,255.5821204464438,350.468561186438
2025-08-09 21:25:00,304.9229916939812,2025-08-09 19:25:00,248.09713929380123,340.20473455219604
2025-08-09 21:30:00,296.9876898070427,2025-08-09 19:30:00,241.64067077155238,331.35126221467294
2025-08-09 21:35:00,290.3758992431192,2025-08-09 19:35:00,236.26106225004924,323.97444080406655
2025-08-09 21:40:00,285.0911369740234,2025-08-09 19:40:00,231.96117527358166,318.07819423065774
2025-08-09 21:45:00,281.08191835065105,2025-08-09 19:45:00,228.69911994040964,313.60508070796556
2025-08-09 21:50:00,278.2448734826767,2025-08-09 19:50:00,226.39079050981366,310.439769719575
2025-08-09 21:55:00,276.4299499938865,2025-08-09 19:55:00,224.91409856505578,308.4148467699927
2025-08-09 22:00:00,275.44749083953224,2025-08-09 20:00:00,224.11473179932193,307.3187101554376
2025-08-09 22:05:00,275.07690116397987,2025-08-09 20:05:00,223.81320570630552,306.9052406381058
2025-08-09 22:10:00,275.0765532857766,2025-08-09 20:10:00,223.81292265914476,306.9048525079384
2025-08-09 22:15:00,275.1945290218543,2025-08-09 20:15:00,223.90891228086647,307.03647886957464
2025-08-09 22:20:00,275.17976414970445,2025-08-09 20:20:00,223.89689900983674,307.02000559747887
2025-08-09 22:25:00,274.79314273051506,2025-08-09 20:25:00,223.58232887015092,306.5886493505891
2025-08-09 22:30:00,273.81809027280843,2025-08-09 20:30:00,222.7889884792722,305.5007764397741
2025-08-09 22:35:00,272.0702344986013,2025-08-09 20:35:00,221.36686542102103,303.55068141284204
2025-08-09 22:40:00,269.40573905921343,2025-08-09 20:40:00,219.19892887907298,300.5778850401034
2025-08-09 22:45:00,265.72796915563765,2025-08-09 20:45:00,216.20655304349245,296.4745711940759
2025-08-09 22:50:00,260.99221468454283,2025-08-09 20:50:00,212.353360044994,291.190856496825
2025-08-09 22:55:00,255.20827540540859,2025-08-09 20:55:00,207.64732334690729,284.73767460918737
2025-08-09 23:00:00,248.44079884272548,2025-08-09 21:00:00,202.14104267547617,277.1871532306407
2025-08-09 23:05:00,240.80735327902022,2025-08-09 21:05:00,195.93017613245445,268.6704641240178
2025-08-09 23:10:00,232.47431013442673,2025-08-09 21:10:00,189.15008993987144,259.3732290573242
2025-08-09 23:15:00,223.6506995979998,2025-08-09 21:15:00,181.9708591440279,249.5286644882158
2025-08-09 23:20:00,214.58028621644343,2025-08-09 21:20:00,174.59082000799984,239.40874024239852
2025-08-09 23:25:00,205.53218439992395,2025-08-09 21:25:00,167.2289344242115,229.3137091672098
2025-08-09 23:30:00,196.79039357972414,2025-08-09 21:30:00,160.11627531396314,219.5604314331333
2025-08-09 23:35:00,188.64267792726946,2025-08-09 21:35:00,153.4869787367407,210.46996755780845
2025-08-09 23:40:00,181.36924274966782,2025-08-09 21:40:00,147.56903056767356,202.35494458059088
2025-08-09 23:45:00,175.23166881714695,2025-08-09 21:45:00,142.57526303835974,195.50721001355217
2025-08-09 23:50:00,170.46255620625334,2025-08-09 21:50:00,138.6949285671561,190.18627740422338
2025-08-09 23:55:00,167.25630092054922,2025-08-09 21:55:00,136.08619526105258,186.6090357461911
2025-08-10 00:00:00,165.76138202732943,2025-08-09 22:00:00,134.86987143180093,184.94114418308027
2025-08-10 00:05:00,166.07447605989944,2025-08-09 22:05:00,135.124616845976,185.29046540562442
2025-08-10 00:10:00,168.23664127456368,2025-08-09 22:10:00,136.88383808888287,187.70280840024864
2025-08-10 00:15:00,172.2317304924926,2025-08-09 22:15:00,140.1343971913149,192.16015764553575
2025-08-10 00:20:00,177.9871005193247,2025-08-09 22:20:00,144.81718884077947,198.58146461668446
2025-08-10 00:25:00,185.37659291199196,2025-08-09 22:25:00,150.82956564867183,206.8259734481005
2025-08-10 00:30:00,194.2256682879078,2025-08-09 22:30:00,158.02951562280583,216.6989493184053
2025-08-10 00:35:00,204.3184888032904,2025-08-09 22:35:00,166.24142474570073,227.9595804215025
2025-08-10 00:40:00,215.40666427311766,2025-08-09 22:40:00,175.2631931560431,240.33073607435847
2025-08-10 00:45:00,227.21930950848827,2025-08-09 22:45:00,184.87441818734285,253.51018775929958
2025-08-10 00:50:00,239.47400734222452,2025-08-09 22:50:00,194.8453143095716,267.1828406490748
2025-08-10 00:55:00,251.8882349935027,2025-08-09 22:55:00,204.9460100613538,281.0334820825426
2025-08-10 01:00:00,264.19079260647777,2025-08-09 23:00:00,214.95584675100395,294.7595324658988
2025-08-10 01:05:00,276.13277286378155,2025-08-09 23:05:00,224.67230375833103,308.08328414790026
2025-08-10 01:10:00,287.4976293407537,2025-08-09 23:10:00,233.9191905370464,320.763134753762
2025-08-10 01:15:00,298.1099377026431,2025-08-09 23:15:00,242.5537750636563,332.6033621147279
2025-08-10 01:20:00,307.84249715963676,2025-08-09 23:20:00,250.47256185593025,343.4620474115813
2025-08-10 01:25:00,316.6214864340054,2025-08-09 23:25:00,257.6154870671839,353.25682772359056
2025-08-10 01:30:00,324.429467219452,2025-08-09 23:30:00,263.9683622169672,361.9682470093077
2025-08-10 01:35:00,331.3061149092697,2025-08-09 23:35:00,269.5634687397554,369.6405713851332
2025-08-10 01:40:00,337.34664726987535,2025-08-09 23:40:00,274.4782794929633,376.3800359852845
2025-08-10 01:45:00,342.6980143321164,2025-08-09 23:45:00,278.8323587051517,382.35059399662714
2025-08-10 01:50:00,347.5530014321039,2025-08-09 23:50:00,282.782563981978,387.7673373797014
2025-08-10 01:55:00,352.14248044507144,2025-08-09 23:55:00,286.5167416103705,392.88785151563275
2025-08-10 02:00:00,356.7261169067376,2025-08-10 00:00:00,290.2461655130568,398.00184707582946
2025-08-10 02:05:00,361.5819005609269,2025-08-10 00:05:00,294.19701889718925,403.4194791800502
2025-08-10 02:10:00,366.99491226900045,2025-08-10 00:10:00,298.6012545774054,409.45881455795194
2025-08-10 02:15:00,373.2457679426493,2025-08-10 00:15:00,303.6871925126042,416.4329383633225
2025-08-10 02:20:00,380.59919059123877,2025-08-10 00:20:00,309.67022158167555,424.63720392662293
2025-08-10 02:25:00,389.29315377330886,2025-08-10 00:25:00,316.74396627575203,434.3371200271808
2025-08-10 02:30:00,399.52901402707687,2025-08-10 00:30:00,325.07225806202564,445.75734157623776
2025-08-10 02:35:00,411.46300805870203,2025-08-10 00:35:00,334.78221716726404,459.0721829698678
2025-08-10 02:40:00,425.19943369627265,2025-08-10 00:40:00,345.95870433823967,474.398010031199
2025-08-10 02:45:00,440.78576489027347,2025-08-10 00:45:00,358.6403462171773,491.7877897819476
2025-08-10 02:50:00,458.2098730489373,2025-08-10 00:50:00,372.8172745127277,511.2279902666524
2025-08-10 02:55:00,477.3994426692275,2025-08-10 00:55:00,388.430650534734,532.6379285680368
2025-08-10 03:00:00,498.2235831330442,2025-08-10 01:00:00,405.3739766139632,555.8715690994152
2025-08-10 03:05:00,520.4965522588267,2025-08-10 01:05:00,423.4961257277024,580.7216779975028
2025-08-10 03:10:00,543.9834268819403,2025-08-10 01:10:00,442.6059553032781,606.9261498289878
2025-08-10 03:15:00,568.407481918597,2025-08-10 01:15:00,462.47831110985567,634.1762404642426
2025-08-10 03:20:00,593.4589761858678,2025-08-10 01:20:00,482.86117574140326,662.1263694787381
2025-08-10 03:25:00,618.8049944894424,2025-08-10 01:25:00,503.48367651994755,690.4051010398416
2025-08-10 03:30:00,644.099959425403,2025-08-10 01:30:00,524.0646383040527,718.6268719982676
2025-08-10 03:35:00,668.996407589474,2025-08-10 01:35:00,544.3213514294484,746.4040149808164
2025-08-10 03:40:00,693.1556227820872,2025-08-10 01:40:00,563.9782232959232,773.3586219323349
2025-08-10 03:45:00,716.2577321450527,2025-08-10 01:45:00,582.774992974598,799.1338084466768
2025-08-10 03:50:00,738.01090054574,2025-08-10 01:50:00,600.4742121145018,823.4039720060458
2025-08-10 03:55:00,758.159302245556,2025-08-10 01:55:00,616.8677310003569,845.883686027795
2025-08-10 04:00:00,776.4896035708749,2025-08-10 02:00:00,631.7819731043733,866.3349326261504
2025-08-10 04:05:00,792.8357558387709,2025-08-10 02:05:00,645.0818347959963,884.572450113288
2025-08-10 04:10:00,807.0819686065363,2025-08-10 02:10:00,656.673104492709,900.4670502748128
2025-08-10 04:15:00,819.1638089076657,2025-08-10 02:15:00,666.5033570409425,913.9468447951054
2025-08-10 04:20:00,829.0674472024842,2025-08-10 02:20:00,674.561340192344,924.9964039591158
2025-08-10 04:25:00,836.8271437876854,2025-08-10 02:25:00,680.8749294493599,933.6539522217385
2025-08-10 04:30:00,842.5211364618697,2025-08-10 02:30:00,685.5077821108697,940.0067800472214
2025-08-10 04:35:00,846.2661490732364,2025-08-10 02:35:00,688.5548692141989,944.1851170570566
2025-08-10 04:40:00,848.2107889033465,2025-08-10 02:40:00,690.1371033911852,946.354765444431
2025-08-10 04:45:00,848.5281369640422,2025-08-10 02:45:00,690.3953100471728,946.7088329161879
2025-08-10 04:50:00,847.4078574803062,2025-08-10 02:50:00,689.4838073310923,945.4589291871469
2025-08-10 04:55:00,845.0481616831632,2025-08-10 02:55:00,687.5638675665556,942.8261999271092
2025-08-10 05:00:00,841.6479548668611,2025-08-10 03:00:00,684.7973277938563,939.0325651771145
2025-08-10 05:05:00,837.3994768958482,2025-08-10 03:05:00,681.3406018018103,934.2925083111179
2025-08-10 05:10:00,832.4817143958101,2025-08-10 03:10:00,677.3393200315911,928.8057259710204
2025-08-10 05:15:00,827.0548208582414,2025-08-10 03:15:00,672.9237895580019,922.750902537947
2025-08-10 05:20:00,821.2557298712536,2025-08-10 03:20:00,668.2054248443956,916.2808157828879
2025-08-10 05:25:00,815.1950895536794,2025-08-10 03:25:00,663.2742534796994,909.5189165931871
2025-08-10 05:30:00,808.9555856124493,2025-08-10 03:30:00,658.197551753038,902.557457995818
2025-08-10 05:35:00,802.591658507482,2025-08-10 03:35:00,653.0196145281494,895.4571795962548
2025-08-10 05:40:00,796.130560389712,2025-08-10 03:40:00,647.7626152090425,888.2484868116923
2025-08-10 05:45:00,789.5746415521244,2025-08-10 03:45:00,642.4284660849903,880.9340018806065
2025-08-10 05:50:00,782.9047069856737,2025-08-10 03:50:00,637.001549354244,873.492308795891
2025-08-10 05:55:00,776.0842427406884,2025-08-10 03:55:00,631.4521558551317,865.8826686861132
2025-08-10 06:00:00,769.0642809078388,2025-08-10 04:00:00,625.7404434027313,858.0504477091265
2025-08-10 06:05:00,761.7886524085886,2025-08-10 04:05:00,619.8207106623418,849.932977627461
2025-08-10 06:10:00,754.1993683387843,2025-08-10 04:10:00,613.645775618755,841.4655598113583
2025-08-10 06:15:00,746.2418739062664,2025-08-10 04:15:00,607.1712503831002,832.5873270940555
2025-08-10 06:20:00,737.869933810794,2025-08-10 04:20:00,600.3595161268972,823.2466944246585
2025-08-10 06:25:00,729.0499320002225,2025-08-10 04:25:00,593.1832215299813,813.4061561364642
2025-08-10 06:30:00,719.7644024501819,2025-08-10 04:30:00,585.6281555594063,803.0462252627751
2025-08-10 06:35:00,710.0146480358916,2025-08-10 04:35:00,577.6953782848408,792.1683554306715
2025-08-10 06:40:00,699.8223497860372,2025-08-10 04:40:00,569.4025302297625,780.7967363169234
2025-08-10 06:45:00,689.2301175203932,2025-08-10 04:45:00,560.7842803915242,768.9789079982733
2025-08-10 06:50:00,678.3009816968429,2025-08-10 04:50:00,551.8919127884362,756.7851940015692
2025-08-10 06:55:00,667.1168740608903,2025-08-10 04:55:00,542.7920902574461,744.3070061536977
2025-08-10 07:00:00,655.7761883924701,2025-08-10 05:00:00,533.5648697834027,731.6541230895803
2025-08-10 07:05:00,644.3905517131453,2025-08-10 05:05:00,524.3010754283548,718.9510878652479
2025-08-10 07:10:00,633.0809672337718,2025-08-10 05:10:00,515.0991600845945,706.3329046173205
2025-08-10 07:15:00,621.9735142161625,2025-08-10 05:15:00,506.061706715795,693.940240868307
2025-08-10 07:20:00,611.1948043840946,2025-08-10 05:20:00,497.2917315172774,681.9143582122889
2025-08-10 07:25:00,600.8673990559943,2025-08-10 05:25:00,488.88895511791475,670.3919991775023
2025-08-10 07:30:00,591.1053877427378,2025-08-10 05:30:00,480.94620515630055,659.5004542366898
2025-08-10 07:35:00,582.0103153126886,2025-08-10 05:35:00,473.5461024647013,649.3530177163792
2025-08-10 07:40:00,573.6676241695851,2025-08-10 05:40:00,466.75816628738295,640.0450183096343
2025-08-10 07:45:00,566.1437500553715,2025-08-10 05:45:00,460.63645131347096,631.6505788427703
2025-08-10 07:50:00,559.483977313889,2025-08-10 05:50:00,455.2178026365393,624.220223377913
2025-08-10 07:55:00,553.7111223244135,2025-08-10 05:55:00,450.52078454521677,617.7794083105014
2025-08-10 08:00:00,548.8250759159201,2025-08-10 06:00:00,446.54530821373527,612.3280118376522
2025-08-10 08:05:00,544.80319664046,2025-08-10 06:05:00,443.2729516843592,607.8407727360429
2025-08-10 08:10:00,541.6015101897563,2025-08-10 06:10:00,440.667935759117,604.268628559476
2025-08-10 08:15:00,539.1566367846804,2025-08-10 06:15:00,438.6786921984229,601.540866040924
2025-08-10 08:20:00,537.3883395825997,2025-08-10 06:20:00,437.2399372038578,599.5679643685995
2025-08-10 08:25:00,536.2025646771373,2025-08-10 06:25:00,436.2751448795491,598.2449869351486
2025-08-10 08:30:00,535.4948270771173,2025-08-10 06:30:00,435.69930219559745,597.4553590982649
2025-08-10 08:35:00,535.153788537478,2025-08-10 06:35:00,435.4218200496845,597.0748599918988
2025-08-10 08:40:00,535.0648720185982,2025-08-10 06:40:00,435.34947413097404,596.9756552040448
2025-08-10 08:45:00,535.1137634040098,2025-08-10 06:45:00,435.3892540530762,597.0302036679158
2025-08-10 08:50:00,535.1896640935462,2025-08-10 06:50:00,435.45100978963046,597.1148866030811
2025-08-10 08:55:00,535.188176689271,2025-08-10 06:55:00,435.4497995799851,597.1132270956305
2025-08-10 09:00:00,535.0137293032371,2025-08-10 07:00:00,435.3078624397523,596.9185949154552
2025-08-10 09:05:00,534.5814713740535,2025-08-10 07:05:00,434.95616067049,596.4363216921765
2025-08-10 09:10:00,533.8186023005961,2025-08-10 07:10:00,434.3354608874758,595.5851832811574
2025-08-10 09:15:00,532.6651245938809,2025-08-10 07:15:00,433.3969468131996,594.2982400603629
2025-08-10 09:20:00,531.0740413999413,2025-08-10 07:20:00,432.102379989616,592.5230573080307
2025-08-10 09:25:00,529.0110452587525,2025-08-10 07:25:00,430.4238465403681,590.2213579488046
2025-08-10 09:30:00,526.4537678460339,2025-08-10 07:30:00,428.34314673170013,587.368185485367
2025-08-10 09:35:00,523.3906790161303,2025-08-10 07:35:00,425.8508991911652,583.9506756528092
2025-08-10 09:40:00,519.819736842449,2025-08-10 07:40:00,422.94544252831355,579.9665502592156
2025-08-10 09:45:00,515.7468975989307,2025-08-10 07:45:00,419.6316229979893,575.4224547614727
2025-08-10 09:50:00,511.1845960985619,2025-08-10 07:50:00,415.91955804496905,570.3322627682178
2025-08-10 09:55:00,506.1503021926652,2025-08-10 07:55:00,411.82346181595574,564.7154655159064
2025-08-10 10:00:00,500.6652488768127,2025-08-10 08:00:00,407.36061029735754,558.5957528076008
2025-08-10 10:05:00,494.7534124803645,2025-08-10 08:05:00,402.5505115580543,551.9998752032378
2025-08-10 10:10:00,488.4408058317963,2025-08-10 08:10:00,397.4143306413704,544.9568553991954
2025-08-10 10:15:00,481.7551232533497,2025-08-10 08:15:00,391.97460071899167,537.4975921463171
2025-08-10 10:20:00,474.72575173181707,2025-08-10 08:20:00,386.25523217994817,529.6548727132354
2025-08-10 10:25:00,467.3841381096199,2025-08-10 08:25:00,380.28181139147745,521.4637825640511
2025-08-10 10:30:00,459.7644777132389,2025-08-10 08:30:00,374.0821609937481,512.9624736659334
2025-08-10 10:35:00,451.90466781493257,2025-08-10 08:35:00,367.68711567319093,504.1932282730915
2025-08-10 10:40:00,443.84745016419635,2025-08-10 08:40:00,361.1314517702822,495.2037336571888
2025-08-10 10:45:00,435.64165123148473,2025-08-10 08:45:00,354.4548963898042,486.0484658560204
2025-08-10 10:50:00,427.3434189764048,2025-08-10 08:50:00,347.7031336832811,476.7900695445177
2025-08-10 10:55:00,419.01734900566953,2025-08-10 08:55:00,340.9287211346448,467.5006144971274
2025-08-10 11:00:00,410.73739406395674,2025-08-10 09:00:00,334.19182955717355,458.262610313184
2025-08-10 11:05:00,402.5874561744257,2025-08-10 09:05:00,327.5607248819182,449.1696670722643
2025-08-10 11:10:00,394.66157245676703,2025-08-10 09:10:00,321.111919346454,440.3267026526978
2025-08-10 11:15:00,387.06362140179584,2025-08-10 09:15:00,314.92993250852976,431.84961502005643
2025-08-10 11:20:00,379.9064967651208,2025-08-10 09:20:00,309.1066190940061,423.864360534489
2025-08-10 11:25:00,373.31071969335835,2025-08-10 09:25:00,303.7400397690656,416.50540549014
2025-08-10 11:30:00,367.40248517420275,2025-08-10 09:30:00,298.9328716564345,409.91354652570124
2025-08-10 11:35:00,362.3111656189378,2025-08-10 09:35:00,294.7903771535618,404.2331253537956
2025-08-10 11:40:00,358.16632087291634,2025-08-10 09:40:00,291.41797116150434,399.6086928085598
2025-08-10 11:45:00,355.09428910556994,2025-08-10 09:45:00,288.9184473011874,396.18120527756093
2025-08-10 11:50:00,353.214455756555,2025-08-10 09:50:00,287.3889421836863,394.0838619386703
2025-08-10 11:55:00,352.63531720712075,2025-08-10 09:55:00,286.91773266100915,393.4377129704188
2025-08-10 12:00:00,353.4504707101182,2025-08-10 10:00:00,287.5809730780583,394.3471854885976
2025-08-10 12:05:00,355.7346724669369,2025-08-10 10:05:00,289.43948797156736,396.89568551486667
2025-08-10 12:10:00,359.5401103266464,2025-08-10 10:10:00,292.53573939396506,401.14143940087286
2025-08-10 12:15:00,364.89303689831604,2025-08-10 10:15:00,296.89108748334047,407.11373736789494
2025-08-10 12:20:00,371.7909021507595,2025-08-10 10:20:00,302.50345743569494,414.80973432813556
2025-08-10 12:25:00,380.20011302201266,2025-08-10 10:25:00,309.34551663656373,424.1919502651983
2025-08-10 12:30:00,390.0545303012175,2025-08-10 10:30:00,317.3634516659818,435.1865931945941
2025-08-10 12:35:00,401.2547922548675,2025-08-10 10:35:00,326.4764179746375,447.6828045287681
2025-08-10 12:40:00,413.66852928617277,2025-08-10 10:40:00,336.5767145390345,461.53289857406844
2025-08-10 12:45:00,427.1315068644243,2025-08-10 10:45:00,347.5307137930262,476.5536377051073
2025-08-10 12:50:00,441.4497044314621,2025-08-10 10:50:00,359.18055310652284,492.5285518153841
2025-08-10 12:55:00,456.4023085616741,2025-08-10 10:55:00,371.3465701362301,509.2112778070275
2025-08-10 13:00:00,471.74556908826673,2025-08-10 11:00:00,383.8304403191235,526.3298618980994
2025-08-10 13:05:00,487.2174385286852,2025-08-10 11:05:00,396.418951688405,543.59193586229
2025-08-10 13:10:00,502.54289033757755,2025-08-10 11:10:00,408.8883320098045,560.6906506412963
2025-08-10 13:15:00,517.4397877044833,2025-08-10 11:15:00,421.0090238623619,577.311224203836
2025-08-10 13:20:00,531.6251568301027,2025-08-10 11:20:00,432.550788818626,593.1379406842697
2025-08-10 13:25:00,544.8217036065342,2025-08-10 11:25:00,443.28800966773565,607.8614210887489
2025-08-10 13:30:00,556.7644031101062,2025-08-10 11:30:00,453.0050518816442,621.1859752388896
2025-08-10 13:35:00,567.206986739768,2025-08-10 11:35:00,461.5015418018122,632.8368395178732
2025-08-10 13:40:00,575.9281518640794,2025-08-10 11:40:00,468.5974190481629,642.567105017432
2025-08-10 13:45:00,582.7373245463369,2025-08-10 11:45:00,474.1376252951258,650.1641470509575
2025-08-10 13:50:00,587.4798153647616,2025-08-10 11:50:00,477.9962992463479,655.455377538482
2025-08-10 13:55:00,590.0412232598702,2025-08-10 11:55:00,480.08035977523963,658.3131584102828
2025-08-10 14:00:00,590.3509600011098,2025-08-10 12:00:00,480.33237356734105,658.6587338791875
2025-08-10 14:05:00,588.3847897466211,2025-08-10 12:05:00,478.7326214043662,656.4650638453317
2025-08-10 14:10:00,584.1663021705376,2025-08-10 12:10:00,475.30029675754815,651.7584674746863
2025-08-10 14:15:00,577.7672640132055,2025-08-10 12:15:00,470.09379182249467,644.61901542612
2025-08-10 14:20:00,569.3068215656749,2025-08-10 12:20:00,463.21004862972575,635.1796400577158
2025-08-10 14:25:00,558.9495546363257,2025-08-10 12:25:00,454.7829756766548,623.6239642235967
2025-08-10 14:30:00,546.9024113731585,2025-08-10 12:30:00,444.98095398045564,610.1828814335154
2025-08-10 14:35:00,533.4105805906585,2025-08-10 12:35:00,434.00347864355604,595.1299505787963
2025-08-10 14:40:00,518.7523849355931,2025-08-10 12:40:00,422.07700373581844,578.7756982013619
2025-08-10 14:45:00,503.23330295832955,2025-08-10 12:45:00,409.45007842056,561.4609488764985
2025-08-10 14:50:00,487.17925062549523,2025-08-10 12:50:00,396.38788053340807,543.549329349099
2025-08-10 14:55:00,470.9292722894932,2025-08-10 12:55:00,383.1662696724127,525.4191137967517
2025-08-10 15:00:00,454.8278077659126,2025-08-10 13:00:00,370.0654953931479,507.45459615341235
2025-08-10 15:05:00,439.2167152364312,2025-08-10 13:05:00,357.3637067339898,490.0371900058561
2025-08-10 15:10:00,424.42723851532446,2025-08-10 13:10:00,345.33041647347295,473.5364664162111
2025-08-10 15:15:00,410.77211259795786,2025-08-10 13:15:00,334.22007789921656,458.30134602667766
2025-08-10 15:20:00,398.53800201325373,2025-08-10 13:20:00,324.2659323590361,444.65166247599103
2025-08-10 15:25:00,387.97846266192533,2025-08-10 13:25:00,315.6742827403216,432.8703098726509
2025-08-10 15:30:00,379.30761009897344,2025-08-10 13:30:00,308.6193417397898,423.1961784530014
2025-08-10 15:35:00,372.69466415727817,2025-08-10 13:35:00,303.2387931582459,415.8180679792582
2025-08-10 15:40:00,368.25952301707935,2025-08-10 13:40:00,299.6301907923349,410.8697496975816
2025-08-10 15:45:00,366.0694985915379,2025-08-10 13:45:00,297.84830221797097,408.426323984699
2025-08-10 15:50:00,366.13731974348536,2025-08-10 13:50:00,297.90348413025737,408.50199252273586
2025-08-10 15:55:00,368.42048125207054,2025-08-10 13:55:00,299.7611526375708,411.04933193670684
2025-08-10 16:00:00,372.8219846943355,2025-08-10 14:00:00,303.34238607146574,415.96012040132064
2025-08-10 16:05:00,379.1924828554762,2025-08-10 14:05:00,308.5256697618003,423.0677301746472
2025-08-10 16:10:00,387.33380366434415,2025-08-10 14:10:00,315.14976324695255,432.1510592778355
2025-08-10 16:15:00,397.0037924653684,2025-08-10 14:15:00,323.0176401335368,442.93993405208266
2025-08-10 16:20:00,407.9223745542042,2025-08-10 14:20:00,331.9014208098832,455.12187317245787
2025-08-10 16:25:00,419.77870417822203,2025-08-10 14:25:00,341.5481891493309,468.3500638382191
2025-08-10 16:30:00,432.2392321901365,2025-08-10 14:30:00,351.68655666524705,482.25236291092375
2025-08-10 16:35:00,444.95649386474634,2025-08-10 14:35:00,362.0338126186055,496.44110154360607
2025-08-10 16:40:00,457.5783920150294,2025-08-10 14:40:00,372.30347712027634,510.5234424189421
2025-08-10 16:45:00,469.7577290537119,2025-08-10 14:45:00,382.2130567849829,524.1120147376378
2025-08-10 16:50:00,481.16172683677956,2025-08-10 14:50:00,391.49179044417315,536.8355355750432
2025-08-10 16:55:00,491.48126466829217,2025-08-10 14:55:00,399.8881655440275,548.3491167883433
2025-08-10 17:00:00,500.4395658047032,2025-08-10 15:00:00,407.17698582133374,558.3439566107531
2025-08-10 17:05:00,507.80006990476613,2025-08-10 15:05:00,413.1657766332073,566.5561229994568
2025-08-10 17:10:00,513.3732452102777,2025-08-10 15:10:00,417.7003276108126,572.7741540337555
2025-08-10 17:15:00,517.0221179522771,2025-08-10 15:15:00,420.6691915981032,576.845227112602
2025-08-10 17:20:00,518.6663287676467,2025-08-10 15:20:00,422.00698510925486,578.6796847272382
2025-08-10 17:25:00,518.284564891546,2025-08-10 15:25:00,421.69636725449703,578.253748075466
2025-08-10 17:30:00,515.915262594687,2025-08-10 15:30:00,419.7686112702488,575.6103007758744
2025-08-10 17:35:00,511.65552477900576,2025-08-10 15:35:00,416.30272383309295,570.8576812216883
2025-08-10 17:40:00,505.65825318974674,2025-08-10 15:40:00,411.4231117166134,564.1664829695442
2025-08-10 17:45:00,498.1275506962771,2025-08-10 15:45:00,405.2958409092432,555.7644250317368
2025-08-10 17:50:00,489.31250593789906,2025-08-10 15:50:00,398.1235795617117,545.929417361671
2025-08-10 17:55:00,479.4995270312786,2025-08-10 15:55:00,390.1393603949056,534.9810075171174
2025-08-10 18:00:00,469.003442261694,2025-08-10 16:00:00,381.59933987807756,523.2704516386104
2025-08-10 18:05:00,458.15763110787134,2025-08-10 16:05:00,372.7747684489586,511.16970356418335
2025-08-10 18:10:00,447.30348683960557,2025-08-10 16:10:00,363.9434168756357,499.05965817514135
2025-08-10 18:15:00,436.7795410472486,2025-08-10 16:15:00,355.3807275531226,487.3180175568318
2025-08-10 18:20:00,426.9105987883488,2025-08-10 16:20:00,347.3509744384543,476.30716900504575
2025-08-10 18:25:00,417.9972405603854,2025-08-10 16:25:00,340.0987214496803,466.3624723028824
2025-08-10 18:30:00,410.30604184231476,2025-08-10 16:30:00,333.8408647065964,457.7813475942038
2025-08-10 18:35:00,404.0608443272396,2025-08-10 16:35:00,328.7595304680491,450.81353663629983
2025-08-10 18:40:00,399.4353830265561,2025-08-10 16:40:00,324.996076258714,445.6528768079333
2025-08-10 18:45:00,396.54753324176534,2025-08-10 16:45:00,322.6464099828569,442.4308824151741
2025-08-10 18:50:00,395.45538990846876,2025-08-10 16:50:00,321.7577999269723,441.21237038781607
2025-08-10 18:55:00,396.1553324468839,2025-08-10 16:55:00,322.32730024731916,441.993301219435
2025-08-10 19:00:00,398.58216153187965,2025-08-10 17:00:00,324.301862251311,444.7009315626828
2025-08-10 19:05:00,402.6113231566334,2025-08-10 17:05:00,327.58014398172566,449.19629563281137
2025-08-10 19:10:00,408.0631623921173,2025-08-10 17:10:00,332.01597123994276,455.27895115716245
2025-08-10 19:15:00,414.70907666378065,2025-08-10 17:15:00,337.4233441298371,462.69384462940343
2025-08-10 19:20:00,422.27936913978874,2025-08-10 17:20:00,343.5828268781892,471.1400733902294
2025-08-10 19:25:00,430.472540003939,2025-08-10 17:25:00,350.2491075736804,480.28125196615133
2025-08-10 19:30:00,438.965698005387,2025-08-10 17:30:00,357.1594694064287,489.757128309029
2025-08-10 19:35:00,447.4257314860409,2025-08-10 17:35:00,364.0428798479295,499.19604739020156
2025-08-10 19:40:00,455.52084580474974,2025-08-10 17:40:00,370.6293779455985,508.22782358610715
2025-08-10 19:45:00,462.9320572752628,2025-08-10 17:45:00,376.6594262352369,516.4965645460098
2025-08-10 19:50:00,469.36423091171173,2025-08-10 17:50:00,381.89289147765294,523.6729860825592
2025-08-10 19:55:00,474.5562621373531,2025-08-10 17:55:00,386.117328890685,529.465771976116
2025-08-10 20:00:00,478.290030740359,2025-08-10 18:00:00,389.15526743393673,533.6315639664417
2025-08-10 20:05:00,480.3977973279311,2025-08-10 18:05:00,390.8702278499112,535.9832140287715
2025-08-10 20:10:00,480.7677678884546,2025-08-10 18:10:00,391.1712502069951,536.3959927950948
2025-08-10 20:15:00,479.3476181192018,2025-08-10 18:15:00,390.01576142878594,534.8115216714549
2025-08-10 20:20:00,476.14584415507136,2025-08-10 18:20:00,387.4106742992351,531.2392798555398
2025-08-10 20:25:00,471.2308866340694,2025-08-10 18:25:00,383.41167476844566,525.7556270503559
2025-08-10 20:30:00,464.7280591532556,2025-08-10 18:30:00,378.1207228256346,518.5003765208411
2025-08-10 20:35:00,456.8143946396453,2025-08-10 18:35:00,371.6818593071762,509.6710451534975
2025-08-10 20:40:00,447.71160325534095,2025-08-10 18:40:00,364.2754761758554,499.5149965414295
2025-08-10 20:45:00,437.677407998419,2025-08-10 18:45:00,356.1112668306442,488.31977405308413
2025-08-10 20:50:00,426.99558739373606,2025-08-10 18:50:00,347.42012445483056,476.4019913920855
2025-08-10 20:55:00,415.965105487076,2025-08-10 18:55:00,338.4452977588468,464.0952048549647
2025-08-10 21:00:00,404.8887460730933,2025-08-10 19:00:00,329.4331433485392,451.7372324590344
2025-08-10 21:05:00,394.06168838169185,2025-08-10 19:05:00,320.6238304617581,439.65740775502786
2025-08-10 21:10:00,383.7604653603256,2025-08-10 19:10:00,312.24235699978544,428.16426050470835
2025-08-10 21:15:00,374.23273184800564,2025-08-10 19:15:00,304.4902245179798,417.5341009603736
2025-08-10 21:20:00,365.688239637792,2025-08-10 19:20:00,297.5380951875695,408.00095067836287
2025-08-10 21:25:00,358.2913700833677,2025-08-10 19:25:00,291.5197160355513,399.74821109549265
2025-08-10 21:30:00,352.1555145697941,2025-08-10 19:30:00,286.52734667835483,392.90239378060517
2025-08-10 21:35:00,347.3395210954776,2025-08-10 19:35:00,282.6088681234984,387.5291558609823
2025-08-10 21:40:00,343.84634391926534,2025-08-10 19:40:00,279.76668407023936,383.6317934240764
2025-08-10 21:45:00,341.6239464101846,2025-08-10 19:45:00,277.95845550304114,381.152248833339
2025-08-10 21:50:00,340.5684176851307,2025-08-10 19:50:00,277.0996365085354,379.97458798289205
2025-08-10 21:55:00,340.5291755103194,2025-08-10 19:55:00,277.06770755737216,379.9308052114101
2025-08-10 22:00:00,341.31604446951144,2025-08-10 20:00:00,277.70793457564355,380.80872046437975
2025-08-10 22:05:00,342.70792287704387,2025-08-10 20:05:00,278.84042068052923,382.3616490301559
2025-08-10 22:10:00,344.4626880165931,2025-08-10 20:10:00,280.2681654656505,384.31945288477937
2025-08-10 22:15:00,346.327938648766,2025-08-10 20:15:00,281.7858055207254,386.4005261835372
2025-08-10 22:20:00,348.05213962327207,2025-08-10 20:20:00,283.18868211906283,388.3242293834427
2025-08-10 22:25:00,349.39571631601257,2025-08-10 20:25:00,284.2818680806688,389.8232673850212
2025-08-10 22:30:00,350.1416480012175,2025-08-10 20:30:00,284.88878694952757,390.65550863239133
2025-08-10 22:35:00,350.1051286412054,2025-08-10 20:35:00,284.859073385793,390.61476372460356
2025-08-10 22:40:00,349.14190080230037,2025-08-10 20:40:00,284.07535396210216,389.54008362446586
2025-08-10 22:45:00,347.15492129956704,2025-08-10 20:45:00,282.4586705899336,387.3231965654328
2025-08-10 22:50:00,344.09908449327133,2025-08-10 20:50:00,279.9723235762865,383.9137778668126
2025-08-10 22:55:00,339.9838074642913,2025-08-10 20:55:00,276.6239750223798,379.3223342322245
2025-08-10 23:00:00,334.87336800979506,2025-08-10 21:00:00,272.46592383000814,373.62058085376225
2025-08-10 23:05:00,328.88497768679986,2025-08-10 21:05:00,267.5935378552541,366.93929149308946
2025-08-10 23:10:00,322.1846641909558,2025-08-10 21:10:00,262.141903652613,359.46370442237816
2025-08-10 23:15:00,314.98112701571677,2025-08-10 21:15:00,256.2808272016547,351.42666713986796
2025-08-10 23:20:00,307.5178131089023,2025-08-10 21:20:00,250.20838635471918,343.099795123947
2025-08-10 23:25:00,300.06353228257797,2025-08-10 21:25:00,244.1432951714353,334.78300137970126
2025-08-10 23:30:00,292.90199241052096,2025-08-10 21:30:00,238.31638935064046,326.7928207848471
2025-08-10 23:35:00,286.32067914242276,2025-08-10 21:35:00,232.9615783357657,319.450003108359
2025-08-10 23:40:00,280.5995321771579,2025-08-10 21:40:00,228.30663189280895,313.06687904861155
2025-08-10 23:45:00,275.9998796314821,2025-08-10 21:45:00,224.56417668473173,307.9350142304137
2025-08-10 23:50:00,272.75408175994374,2025-08-10 21:50:00,221.92327000143797,304.3136546302003
2025-08-10 23:55:00,271.0563075376888,2025-08-10 21:55:00,220.54189523081737,302.419435944351
2025-08-11 00:00:00,271.0548217068679,2025-08-10 22:00:00,220.54068630139528,302.4177781924144
2025-08-11 00:05:00,272.8460990654933,2025-08-10 22:05:00,221.99813884010948,304.41631898763296
2025-08-11 00:10:00,276.4710086427706,2025-08-10 22:10:00,224.9475054697789,308.46065619442174
2025-08-11 00:15:00,281.91322642347006,2025-08-10 22:15:00,229.37550434026238,314.53257699374353
2025-08-11 00:20:00,289.09994464274206,2025-08-10 22:20:00,235.22289623815325,322.55084924834154
2025-08-11 00:25:00,297.90485243366436,2025-08-10 22:25:00,242.38690975690375,332.37454703225126
2025-08-11 00:30:00,308.1532699318077,2025-08-10 22:30:00,250.72541860286717,343.8087787875104
2025-08-11 00:35:00,319.6292307174319,2025-08-10 22:35:00,260.0627041441903,356.61258925491813
2025-08-11 00:40:00,332.0842276448633,2025-08-10 22:40:00,270.19657135585,370.50871725761624
2025-08-11 00:45:00,345.2472701244535,2025-08-10 22:45:00,280.9065318132319,385.1948166815734
2025-08-11 00:50:00,358.83584690507666,2025-08-10 22:50:00,291.9627234359684,400.35568772941343
2025-08-11 00:55:00,372.5673522290249,2025-08-10 22:55:00,303.1352072494821,415.67602516209934
2025-08-11 01:00:00,386.1705143004416,2025-08-10 23:00:00,314.2032660289114,430.85316912184805
2025-08-11 01:05:00,399.3963645676449,2025-08-10 23:05:00,324.96432933145957,445.6093436378605
2025-08-11 01:10:00,412.0283059061569,2025-08-10 23:10:00,335.24216535950546,459.7028897692072
2025-08-11 01:15:00,423.8908736613337,2025-08-10 23:15:00,344.8940092837311,472.938040361943
2025-08-11 01:20:00,434.8568368377032,2025-08-10 23:20:00,353.81634104541354,485.17284289618425
2025-08-11 01:25:00,444.8523537979159,2025-08-10 23:25:00,361.94908023249394,496.32491173582713
2025-08-11 01:30:00,453.8599755951026,2025-08-10 23:30:00,369.27802970694125,506.3747789676622
2025-08-11 01:35:00,461.9193763517774,2025-08-10 23:35:00,375.8354698692758,515.3667092902731
2025-08-11 01:40:00,469.12578179266546,2025-08-10 23:40:00,381.6988800520997,523.4069467170175
2025-08-11 01:45:00,475.62615881248274,2025-08-10 23:45:00,386.9878382050695,530.6594632498985
2025-08-11 01:50:00,481.61331828223786,2025-08-10 23:50:00,391.8592227100227,537.3393793389216
2025-08-11 01:55:00,487.31816608574985,2025-08-10 23:55:00,396.5009075245883,543.7043183088314
2025-08-11 02:00:00,493.00040988511665,2025-08-11 00:00:00,401.1242008471452,550.0440378317348
2025-08-11 02:05:00,498.9380894820256,2025-08-11 00:05:00,405.95532661385903,556.6687488773016
2025-08-11 02:10:00,505.4163434364681,2025-08-11 00:10:00,411.22628458520467,563.8965825499578
2025-08-11 02:15:00,512.7158526950604,2025-08-11 00:15:00,417.1654476350113,572.0406965634165
2025-08-11 02:20:00,521.1014124564714,2025-08-11 00:20:00,423.9882633781782,581.3965247902544
2025-08-11 02:25:00,530.8110752272842,2025-08-11 00:25:00,431.8884205410194,592.2296640926879
2025-08-11 02:30:00,542.0462831048101,2025-08-11 00:30:00,441.02982020491487,604.7648648408442
2025-08-11 02:35:00,554.9633645837586,2025-08-11 00:35:00,451.53965727934667,619.1765438399307
2025-08-11 02:40:00,569.6667152783025,2025-08-11 00:40:00,463.5028720736277,635.5811760137003
2025-08-11 02:45:00,586.2039126456848,2025-08-11 00:45:00,476.95817544708444,654.0318438670901
2025-08-11 02:50:00,604.562937046864,2025-08-11 00:50:00,491.8957877565191,674.5151370039642
2025-08-11 02:55:00,624.6715870791818,2025-08-11 00:55:00,508.2569631482556,696.9504998096437
2025-08-11 03:00:00,646.3990910685659,2025-08-11 01:00:00,525.9353007305222,721.1920294041341
2025-08-11 03:05:00,669.559830387637,2025-08-11 01:05:00,544.7797740090664,747.0326297744234
2025-08-11 03:10:00,693.9190097730946,2025-08-11 01:10:00,564.599344476687,774.210338187621
2025-08-11 03:15:00,719.200036016514,2025-08-11 01:15:00,585.1689652014455,802.4165576483734
2025-08-11 03:20:00,745.0933035938024,2025-08-11 01:20:00,606.2367291545859,831.3058590876727
2025-08-11 03:25:00,771.2660365165013,2025-08-11 01:25:00,627.5318769213998,860.506961985838
2025-08-11 03:30:00,797.3727996685036,2025-08-11 01:30:00,648.7733491313172,889.6344619450983
2025-08-11 03:35:00,823.0662749578047,2025-08-11 01:35:00,669.6785543517519,918.300853718181
2025-08-11 03:40:00,848.0078941566928,2025-08-11 01:40:00,689.9720203781172,946.1283943431773
2025-08-11 03:45:00,871.8779347221666,2025-08-11 01:45:00,709.393608583786,972.7603671216585
2025-08-11 03:50:00,894.384714072483,2025-08-11 01:50:00,727.7059947390885,997.8713397379303
2025-08-11 03:55:00,915.2725607739784,2025-08-11 01:55:00,744.701154677206,1021.176057768445
2025-08-11 04:00:00,934.3282971916885,2025-08-11 02:00:00,760.2056388294383,1042.4366774208647
2025-08-11 04:05:00,951.3860319459795,2025-08-11 02:05:00,774.084471553273,1061.4681125117593
2025-08-11 04:10:00,966.330133064745,2025-08-11 02:10:00,786.2435702040036,1078.1413516335015
2025-08-11 04:15:00,979.0963268944347,2025-08-11 02:15:00,796.630639251243,1092.3846842170615
2025-08-11 04:20:00,989.6709438684195,2025-08-11 02:20:00,805.2345566068955,1104.1828590304456
2025-08-11 04:25:00,998.0884046142039,2025-08-11 02:25:00,812.0833282247563,1113.574279410766
2025-08-11 04:30:00,1004.427107407873,2025-08-11 02:30:00,817.2407419743931,1120.646414868133
2025-08-11 04:35:00,1008.8039365113112,2025-08-11 02:35:00,820.80189941191,1125.52967399872
2025-08-11 04:40:00,1011.3676593503139,2025-08-11 02:40:00,822.887843468687,1128.3900376697666
2025-08-11 04:45:00,1012.2915165350964,2025-08-11 02:45:00,823.6395294054779,1129.4207916531477
2025-08-11 04:50:00,1011.7653311831702,2025-08-11 02:50:00,823.2114046523199,1128.833722941199
2025-08-11 04:55:00,1009.9874724771755,2025-08-11 02:55:00,821.764870048368,1126.8501534314546
2025-08-11 05:00:00,1007.1570025313922,2025-08-11 03:00:00,819.4618902287594,1123.6921781301708
2025-08-11 05:05:00,1003.4663167218156,2025-08-11 03:05:00,816.4590055125188,1119.5744539166333
2025-08-11 05:10:00,999.0945556540112,2025-08-11 03:10:00,812.901971624806,1114.6968492291828
2025-08-11 05:15:00,994.2020251168847,2025-08-11 03:15:00,808.9212195554874,1109.2382183682405
2025-08-11 05:20:00,988.9258091050974,2025-08-11 03:20:00,804.6282861445025,1103.3515069144462
2025-08-11 05:25:00,983.3767041340652,2025-08-11 03:25:00,800.1133197219777,1097.1603313222597
2025-08-11 05:30:00,977.6375420710499,2025-08-11 03:30:00,795.4437154987363,1090.7571076907677
2025-08-11 05:35:00,971.7629072053095,2025-08-11 03:35:00,790.6638853636296,1084.2027360968536
2025-08-11 05:40:00,965.7801929880675,2025-08-11 03:40:00,785.7961176880463,1077.5277796074424
2025-08-11 05:45:00,959.6918883756268,2025-08-11 03:45:00,780.842437583098,1070.7350151686526
2025-08-11 05:50:00,953.4789342352581,2025-08-11 03:50:00,775.7873378012619,1063.8031783715428
2025-08-11 05:55:00,947.104949555548,2025-08-11 03:55:00,770.6012173445741,1056.691678664834
2025-08-11 06:00:00,940.5210963586651,2025-08-11 04:00:00,765.2443397454055,1049.346027171869
2025-08-11 06:05:00,933.6713323413669,2025-08-11 04:05:00,759.6711068183364,1041.703697099269
2025-08-11 06:10:00,926.4977920996517,2025-08-11 04:10:00,753.8344370326594,1033.700127607266
2025-08-11 06:15:00,918.9460409917979,2025-08-11 04:15:00,747.6900402585466,1025.2745855817896
2025-08-11 06:20:00,910.9699604229921,2025-08-11 04:20:00,741.2003926235675,1016.3756161810146
2025-08-11 06:25:00,902.5360474960141,2025-08-11 04:25:00,734.3382348747803,1006.9658399859862
2025-08-11 06:30:00,893.626945728767,2025-08-11 04:30:00,727.0894451070686,997.0258922470941
2025-08-11 06:35:00,884.2440638680469,2025-08-11 04:35:00,719.4551695313107,986.5573447130843
2025-08-11 06:40:00,874.4091850294092,2025-08-11 04:40:00,711.45313173281,975.5845009597682
2025-08-11 06:45:00,864.165017345397,2025-08-11 04:45:00,703.1180806999902,964.1550107521384
2025-08-11 06:50:00,853.5746856914384,2025-08-11 04:50:00,694.5013772729276,952.3393029593639
2025-08-11 06:55:00,842.7202123457157,2025-08-11 04:55:00,685.6697579494584,940.2288904162799
2025-08-11 07:00:00,831.7000776809721,2025-08-11 05:00:00,676.7033501696893,927.9336483700155
2025-08-11 07:05:00,820.625991337892,2025-08-11 05:05:00,667.6930452177818,915.5782120553389
2025-08-11 07:10:00,809.6190351434649,2025-08-11 05:10:00,658.7373599511551,903.297673321445
2025-08-11 07:15:00,798.8053630090664,2025-08-11 05:15:00,649.9389380712535,891.232782977887
2025-08-11 07:20:00,788.3116572454783,2025-08-11 05:20:00,641.4008532057151,879.524881373166
2025-08-11 07:25:00,778.2605457380573,2025-08-11 05:25:00,633.2228801448422,868.310785304712
2025-08-11 07:30:00,768.7661806092889,2025-08-11 05:30:00,625.4978974704552,857.7178551014824
2025-08-11 07:35:00,759.930165248078,2025-08-11 05:35:00,618.3085736293964,847.8594503817861
2025-08-11 07:40:00,751.8379966671122,2025-08-11 05:40:00,611.724472297885,838.8309607662769
2025-08-11 07:45:00,744.5561612054752,2025-08-11 05:45:00,605.7996893328359,830.7065655328562
2025-08-11 07:50:00,738.129989888464,2025-08-11 05:50:00,600.571107809661,823.5368408264792
2025-08-11 07:55:00,732.5823418816716,2025-08-11 05:55:00,596.0573268295916,817.3472907795809
2025-08-11 08:00:00,727.9131469159837,2025-08-11 06:00:00,592.2582892189586,812.1378369924146
2025-08-11 08:05:00,724.0997986516267,2025-08-11 06:05:00,589.1556015853955,807.8832574120967
2025-08-11 08:10:00,721.0983541383738,2025-08-11 06:10:00,586.7135102450533,804.5345245788274
2025-08-11 08:15:00,718.8454612213859,2025-08-11 06:15:00,584.8804694345364,802.0209560461941
2025-08-11 08:20:00,717.2609070636673,2025-08-11 06:20:00,583.5912148873404,800.2530577856679
2025-08-11 08:25:00,716.2506581850871,2025-08-11 06:25:00,582.7692373271764,799.1259159796018
2025-08-11 08:30:00,715.7102465237194,2025-08-11 06:30:00,582.3295374984377,798.5229748737734
2025-08-11 08:35:00,715.5283473393713,2025-08-11 06:35:00,582.1815372868895,798.32002866961
2025-08-11 08:40:00,715.5903937448501,2025-08-11 06:40:00,582.2320206421039,798.3892542822427
2025-08-11 08:45:00,715.7820785330737,2025-08-11 06:45:00,582.3879827994349,798.6031183537351
2025-08-11 08:50:00,715.9926068602634,2025-08-11 06:50:00,582.5592767888645,798.8380062946851
2025-08-11 08:55:00,716.1175819846728,2025-08-11 06:55:00,582.6609613836424,798.9774419232979
2025-08-11 09:00:00,716.0614297398589,2025-08-11 07:00:00,582.6152737455084,798.9147924673309
2025-08-11 09:05:00,715.7392943723795,2025-08-11 07:05:00,582.3531719515669,798.5553837635977
2025-08-11 09:10:00,715.0783673628039,2025-08-11 07:10:00,581.8154161744549,797.8179828329498
2025-08-11 09:15:00,714.0186406288248,2025-08-11 07:15:00,580.9531815175247,796.6356382343075
2025-08-11 09:20:00,712.5131041807336,2025-08-11 07:20:00,579.7282188349835,794.9559005902681
2025-08-11 09:25:00,710.5274350025293,2025-08-11 07:25:00,578.11260159353,792.7404754695627
2025-08-11 09:30:00,708.0392468791345,2025-08-11 07:30:00,576.0881155027645,789.9643864139857
2025-08-11 09:35:00,705.0369896078553,2025-08-11 07:35:00,573.6453628710577,786.6147467808485
2025-08-11 09:40:00,701.5185991163929,2025-08-11 07:40:00,570.782664289357,782.6892536701151
2025-08-11 09:45:00,697.4900075714355,2025-08-11 07:45:00,567.5048463979131,778.19452564204
2025-08-11 09:50:00,692.9636238928123,2025-08-11 07:50:00,563.8220055738285,773.144407416082
2025-08-11 09:55:00,687.9568903026006,2025-08-11 07:55:00,559.7483334835838,767.5583594025529
2025-08-11 10:00:00,682.4910106260849,2025-08-11 08:00:00,555.3010823795128,761.4600388590188
2025-08-11 10:05:00,676.58993057036,2025-08-11 08:05:00,550.4997354150362,754.8761621799395
2025-08-11 10:10:00,670.2796310346058,2025-08-11 08:10:00,545.3654316545679,747.8357164379515
2025-08-11 10:15:00,663.5877732387892,2025-08-11 08:15:00,539.9206773365032,740.369563451457
2025-08-11 10:20:00,656.5437100391441,2025-08-11 08:20:00,534.1893550799297,732.5104524093839
2025-08-11 10:25:00,649.1788531940555,2025-08-11 08:25:00,528.1970227063558,724.2934296323252
2025-08-11 10:30:00,641.5273621899986,2025-08-11 08:30:00,521.9714736951356,715.7566071005035
2025-08-11 10:35:00,633.6270978272738,2025-08-11 08:35:00,515.543513057704,706.9422263761063
2025-08-11 10:40:00,625.5207648298847,2025-08-11 08:40:00,508.94788700916524,697.8979334211946
2025-08-11 10:45:00,617.257152292132,2025-08-11 08:45:00,502.22429224361747,688.6781625727248
2025-08-11 10:50:00,608.8923705092949,2025-08-11 08:50:00,495.4183822674307,679.3455164832718
2025-08-11 10:55:00,600.490977344072,2025-08-11 08:55:00,488.582683854547,669.9720228160191
2025-08-11 11:00:00,592.1268877461056,2025-08-11 09:00:00,481.77733706674206,660.640149002113
2025-08-11 11:05:00,583.8839661227336,2025-08-11 09:05:00,475.0705772293795,651.4434631528932
2025-08-11 11:10:00,575.8562122289894,2025-08-11 09:10:00,468.5388861787046,642.4868414586771
2025-08-11 11:15:00,568.1474675430906,2025-08-11 09:15:00,462.266753357585,633.8861405898201
2025-08-11 11:20:00,560.870589355165,2025-08-11 09:20:00,456.34600382215586,625.767276221677
2025-08-11 11:25:00,554.1460629455402,2025-08-11 09:25:00,450.87466905640014,618.2646746321203
2025-08-11 11:30:00,548.1000481950921,2025-08-11 09:30:00,445.95539761877865,611.5190932909169
2025-08-11 11:35:00,542.861883264392,2025-08-11 09:35:00,441.6934240390361,605.6748356969276
2025-08-11 11:40:00,538.5610947509923,2025-08-11 09:40:00,438.19413616653304,600.876415589484
2025-08-11 11:45:00,535.323988613674,2025-08-11 09:45:00,435.56030141436366,597.2647534185026
2025-08-11 11:50:00,533.2699193464998,2025-08-11 09:50:00,433.8890312150712,594.9730138356372
2025-08-11 11:55:00,532.5073536286014,2025-08-11 09:55:00,433.2685782538725,594.1222138805567
2025-08-11 12:00:00,533.1298604564046,2025-08-11 10:00:00,433.77507388514914,594.8167491431592
2025-08-11 12:05:00,535.2121692653643,2025-08-11 10:05:00,435.4693208678354,597.1399957821624
2025-08-11 12:10:00,538.8064427471538,2025-08-11 10:10:00,438.39376078532933,601.1501520809284
2025-08-11 12:15:00,543.9389100518661,2025-08-11 10:15:00,442.5697346885895,606.8764820873905
2025-08-11 12:20:00,550.6069994801481,2025-08-11 10:20:00,447.9951501435589,614.3161165384249
2025-08-11 12:25:00,558.777098167704,2025-08-11 10:25:00,454.6426584238296,623.4315533240338
2025-08-11 12:30:00,568.3830490647684,2025-08-11 10:30:00,462.4584315950117,634.148980556733
2025-08-11 12:35:00,579.3254746315325,2025-08-11 10:35:00,471.3616122471747,646.3575220137649
2025-08-11 12:40:00,591.4719915717384,2025-08-11 10:40:00,481.24448821040517,659.9094767168842
2025-08-11 12:45:00,604.6583538250263,2025-08-11 10:45:00,491.9734225375869,674.6215941769907
2025-08-11 12:50:00,618.6905315570082,2025-08-11 10:50:00,503.390545051132,690.2773939380304
2025-08-11 12:55:00,633.3477044157052,2025-08-11 10:55:00,515.3161877721864,706.6305051743357
2025-08-11 13:00:00,648.3861175775517,2025-08-11 11:00:00,527.5520223487957,723.408968908375
2025-08-11 13:05:00,663.5437214415767,2025-08-11 11:05:00,539.8848350905366,740.3204145503067
2025-08-11 13:10:00,678.5454897240888,2025-08-11 11:10:00,552.0908539760361,757.0579933337643
2025-08-11 13:15:00,693.1092884212433,2025-08-11 11:15:00,563.9405238679051,773.3069263588263
2025-08-11 13:20:00,706.9521491188796,2025-08-11 11:20:00,575.20361072025,788.7515037680914
2025-08-11 13:25:00,719.7967856406291,2025-08-11 11:25:00,585.6545037756117,803.0823554169784
2025-08-11 13:30:00,731.3781836774217,2025-08-11 11:30:00,595.0775771423939,816.003802969889
2025-08-11 13:35:00,741.4500878381359,2025-08-11 11:35:00,603.2724679101663,827.2410975484157
2025-08-11 13:40:00,749.7912114008326,2025-08-11 11:40:00,610.0591286434376,836.5473479946339
2025-08-11 13:45:00,756.2109990280801,2025-08-11 11:45:00,615.2825161497241,843.7099503732735
2025-08-11 13:50:00,760.5547825975891,2025-08-11 11:50:00,618.8167864627616,848.5563403683582
2025-08-11 13:55:00,762.7081850799016,2025-08-11 11:55:00,620.5688780077181,850.9589067206336
2025-08-11 14:00:00,762.6006449699466,2025-08-11 12:00:00,620.48137921502,850.8389234607369
2025-08-11 14:05:00,760.2079558841369,2025-08-11 12:05:00,618.5345948347701,848.1693833556052
2025-08-11 14:10:00,755.5537396608519,2025-08-11 12:10:00,614.7477445082762,842.9766414570857
2025-08-11 14:15:00,748.7097979224257,2025-08-11 12:15:00,609.1792488124809,835.3408073421276
2025-08-11 14:20:00,739.7953145121875,2025-08-11 12:20:00,601.9260803318904,825.3948552661567
2025-08-11 14:25:00,728.9749094730712,2025-08-11 12:25:00,593.1221803003075,813.3224529732717
2025-08-11 14:30:00,716.4555738706273,2025-08-11 12:30:00,582.9359646542845,799.3545418566388
2025-08-11 14:35:00,702.4825419996675,2025-08-11 12:35:00,571.566965500802,783.7647315503041
2025-08-11 14:40:00,687.334184615835,2025-08-11 12:40:00,559.2416760529642,766.8636022716022
2025-08-11 14:45:00,671.3160309502696,2025-08-11 12:45:00,546.2086867099249,748.9920351407148
2025-08-11 14:50:00,654.7540501547311,2025-08-11 12:50:00,532.7332185807924,730.5137162415632
2025-08-11 14:55:00,637.9873422444841,2025-08-11 12:55:00,519.0911765530736,711.8069818551829
2025-08-11 15:00:00,621.3604051042303,2025-08-11 13:00:00,505.56285742961853,693.2561907036485
2025-08-11 15:05:00,605.2151573973365,2025-08-11 13:05:00,492.4264594590446,675.2428238535826
2025-08-11 15:10:00,589.8829057421797,2025-08-11 13:10:00,479.95154651973235,658.136522438093
2025-08-11 15:15:00,575.6764501997392,2025-08-11 13:15:00,468.39262483920095,642.2862796935445
2025-08-11 15:20:00,562.8825225404554,2025-08-11 13:20:00,457.98299047556566,628.012004280509
2025-08-11 15:25:00,551.7547480956149,2025-08-11 13:25:00,448.9290028076161,615.5966677716668
2025-08-11 15:30:00,542.5073138923651,2025-08-11 13:30:00,441.4049326845719,605.2792401453406
2025-08-11 15:35:00,535.3095132173022,2025-08-11 13:35:00,435.5485236720227,597.248603116576
2025-08-11 15:40:00,530.2813196809528,2025-08-11 13:40:00,431.45739093961197,591.6386120896364
2025-08-11 15:45:00,527.4901224322256,2025-08-11 13:45:00,429.1863649052454,588.5244536137184
2025-08-11 15:50:00,526.948729344983,2025-08-11 13:50:00,428.74586655045715,587.9204175241125
2025-08-11 15:55:00,528.6147159103248,2025-08-11 13:55:00,430.1013776539885,589.7791704967268
2025-08-11 16:00:00,532.3911659880988,2025-08-11 14:00:00,433.17404349586735,593.9925825097773
2025-08-11 16:05:00,538.1288161832864,2025-08-11 14:05:00,437.8424176049708,600.3941193396604
2025-08-11 16:10:00,545.6295796567606,2025-08-11 14:10:00,443.9453288677463,608.762774101493
2025-08-11 16:15:00,554.6513882981046,2025-08-11 14:15:00,451.2858213072927,618.8284696955119
2025-08-11 16:20:00,564.9142551963452,2025-08-11 14:20:00,459.6360867440226,630.2788227484705
2025-08-11 16:25:00,576.1074235217775,2025-08-11 14:25:00,468.7432814024061,642.7671196715619
2025-08-11 16:30:00,587.8974341067352,2025-08-11 14:30:00,478.3360900067085,655.9213177172394
2025-08-11 16:35:00,599.936913135632,2025-08-11 14:35:00,488.1318757854821,669.3538494670368
2025-08-11 16:40:00,611.873855152448,2025-08-11 14:40:00,497.8442334854885,682.6719799485566
2025-08-11 16:45:00,623.3611550812739,2025-08-11 14:45:00,507.1907449922751,695.4884415780874
2025-08-11 16:50:00,634.0661278822173,2025-08-11 14:50:00,515.9007248904044,707.4320553079054
2025-08-11 16:55:00,643.6797465144004,2025-08-11 14:55:00,523.7227368274376,718.15803748681
2025-08-11 17:00:00,651.9253283341501,2025-08-11 15:00:00,530.4316611034592,727.3576913359092
2025-08-11 17:05:00,658.5664074068957,2025-08-11 15:05:00,535.8350998885071,734.7671901425816
2025-08-11 17:10:00,663.4135466072757,2025-08-11 15:10:00,539.7789198106861,740.1751775686587
2025-08-11 17:15:00,666.3298668988417,2025-08-11 15:15:00,542.1517507919855,743.4289367068253
2025-08-11 17:20:00,667.2351036770457,2025-08-11 15:20:00,542.8882864458182,744.4389157711289
2025-08-11 17:25:00,666.108038837728,2025-08-11 15:25:00,541.971262902005,743.1814415729616
2025-08-11 17:30:00,662.9872031075222,2025-08-11 15:30:00,539.4320302499556,739.6995031160504
2025-08-11 17:35:00,657.9697935603967,2025-08-11 15:35:00,535.3496717882607,734.1015438620216
2025-08-11 17:40:00,651.208805666729,2025-08-11 15:40:00,529.8486705488973,726.5582619373046
2025-08-11 17:45:00,642.9084355486383,2025-08-11 15:45:00,523.0951683943443,717.2974803969477
2025-08-11 17:50:00,633.3178644901461,2025-08-11 15:50:00,515.2919088546578,706.5972125587232
2025-08-11 17:55:00,622.7235925085176,2025-08-11 15:55:00,506.6719994246061,694.7771085145491
2025-08-11 18:00:00,611.4405390057702,2025-08-11 16:00:00,497.4916707095452,682.1885260645489
2025-08-11 18:05:00,599.8021736588532,2025-08-11 16:05:00,488.0222465359688,669.2035196815503
2025-08-11 18:10:00,588.1499789690912,2025-08-11 16:10:00,478.5415702741878,656.203083803106
2025-08-11 18:15:00,576.8225746017267,2025-08-11 16:15:00,469.32515598035314,643.5650187803409
2025-08-11 18:20:00,566.1448525627525,2025-08-11 16:20:00,460.63734835611695,631.6518089180388
2025-08-11 18:25:00,556.417478977936,2025-08-11 16:25:00,452.7227809900159,620.7989095353851
2025-08-11 18:30:00,547.9071136285174,2025-08-11 16:30:00,445.79841859344464,611.303834832895
2025-08-11 18:35:00,540.837681013961,2025-08-11 16:35:00,440.0464547997076,603.4164189555001
2025-08-11 18:40:00,535.3829974675405,2025-08-11 16:40:00,435.60831330010546,597.3305900133566
2025-08-11 18:45:00,531.6610179724967,2025-08-11 16:45:00,432.57996683104915,593.1779512140139
2025-08-11 18:50:00,529.7299154751784,2025-08-11 16:50:00,431.00874715159443,591.0234065244072
2025-08-11 18:55:00,529.5861456373096,2025-08-11 16:55:00,430.89177045103867,590.8630015012996
2025-08-11 19:00:00,531.1645835385181,2025-08-11 17:00:00,432.1760485753847,592.6240758112573
2025-08-11 19:05:00,534.3407476831758,2025-08-11 17:05:00,434.76029856532296,596.1677445707843
2025-08-11 19:10:00,538.9350537012191,2025-08-11 17:10:00,438.4984036317352,601.2936442303567
2025-08-11 19:15:00,544.718967527654,2025-08-11 17:15:00,443.2044196205212,607.746797720238
2025-08-11 19:20:00,551.4228587983132,2025-08-11 17:20:00,448.6589648391266,615.2263765395692
2025-08-11 19:25:00,558.7452919709916,2025-08-11 17:25:00,454.61677967204264,623.3960669258138
2025-08-11 19:30:00,566.3634379391472,2025-08-11 17:30:00,460.81519787239546,631.8956861656685
2025-08-11 19:35:00,573.9442449512865,2025-08-11 17:35:00,466.98323565400585,640.3536460686876
2025-08-11 19:40:00,581.1559759545295,2025-08-11 17:40:00,472.85097892033406,648.3998252629492
2025-08-11 19:45:00,587.679702610839,2025-08-11 17:45:00,478.1589352406283,655.6783931501101
2025-08-11 19:50:00,593.2203428774052,2025-08-11 17:50:00,482.6670144522172,661.8601246117643
2025-08-11 19:55:00,597.5168427921678,2025-08-11 17:55:00,486.1628129550026,666.6537598994315
2025-08-11 20:00:00,600.3511303297794,2025-08-11 18:00:00,488.4688989149725,669.8159945148699
2025-08-11 20:05:00,601.5555118887323,2025-08-11 18:05:00,489.4488303321951,671.159731522981
2025-08-11 20:10:00,601.0182367923564,2025-08-11 18:10:00,489.011682534044,670.5602899048577
2025-08-11 20:15:00,598.6870216534123,2025-08-11 18:15:00,487.1149157345405,667.9593367162424
2025-08-11 20:20:00,594.5704010204927,2025-08-11 18:20:00,483.76547397250306,663.3663940132532
2025-08-11 20:25:00,588.7368515592638,2025-08-11 18:25:00,479.0190725115326,656.8578616952107
2025-08-11 20:30:00,581.3117203521571,2025-08-11 18:30:00,472.9776985858397,648.5735903869188
2025-08-11 20:35:00,572.472071430838,2025-08-11 18:35:00,465.78541833974475,638.7111316785573
2025-08-11 20:40:00,562.4396435763559,2025-08-11 18:40:00,457.622647021515,627.5178810935917
2025-08-11 20:45:00,551.4721860201983,2025-08-11 18:45:00,448.69909937463996,615.2814112692705
2025-08-11 20:50:00,539.8535010899618,2025-08-11 18:50:00,439.2456879492379,602.3183624661038
2025-08-11 20:55:00,527.8825742674566,2025-08-11 18:55:00,429.5056788969208,588.9623148969479
2025-08-11 21:00:00,515.8622084124092,2025-08-11 19:00:00,419.7254443356154,575.5511078501511
2025-08-11 21:05:00,504.0875995084042,2025-08-11 19:05:00,410.14516713461404,562.4140935686464
2025-08-11 21:10:00,492.83529501402455,2025-08-11 19:10:00,400.98985700201484,549.8598180043664
2025-08-11 21:15:00,482.35296197831104,2025-08-11 19:15:00,392.46102542772866,538.164605032425
2025-08-11 21:20:00,472.85036227650437,2025-08-11 19:20:00,384.729342786236,527.5624874579216
2025-08-11 21:25:00,464.4918851666658,2025-08-11 19:25:00,377.92856253584137,518.2368755366433
2025-08-11 21:30:00,457.39092788459226,2025-08-11 19:30:00,372.1509490533592,510.3142873651394
2025-08-11 21:35:00,451.60634222829685,2025-08-11 19:35:00,367.44438643781484,503.8603843099397
2025-08-11 21:40:00,447.14108432773133,2025-08-11 19:40:00,363.8112799108687,498.87846454610127
2025-08-11 21:45:00,443.94311752234285,2025-08-11 19:45:00,361.2092904329166,495.3104704040728
2025-08-11 21:50:00,441.90852908885523,2025-08-11 19:50:00,359.5538705933555,493.04046572488386
2025-08-11 21:55:00,440.88673324897155,2025-08-11 19:55:00,358.72249797888287,491.90044089257134
2025-08-11 22:00:00,440.68754931073784,2025-08-11 20:00:00,358.5604342230653,491.67820996646964
2025-08-11 22:05:00,441.08986883242727,2025-08-11 20:05:00,358.8877769460875,492.1270806971454
2025-08-11 22:10:00,441.85156081019676,2025-08-11 20:10:00,359.5075189985245,492.9769058141955
2025-08-11 22:15:00,442.72021434300626,2025-08-11 20:15:00,360.21428910900465,493.9460686933393
2025-08-11 22:20:00,443.44428335059735,2025-08-11 20:20:00,360.8034196577923,494.75391759694776
2025-08-11 22:25:00,443.78418106063697,2025-08-11 20:25:00,361.07997358062005,495.1331438716755
2025-08-11 22:30:00,443.5228735277606,2025-08-11 20:30:00,360.8673636654989,494.84160121244594
2025-08-11 22:35:00,442.4755405223823,2025-08-11 20:35:00,360.0152130255002,493.6730843843018
2025-08-11 22:40:00,440.49790955337903,2025-08-11 20:40:00,358.4061359819398,491.4666275503508
2025-08-11 22:45:00,437.49292160682654,2025-08-11 20:45:00,355.96116156721865,488.1139412835329
2025-08-11 22:50:00,433.4154546213896,2025-08-11 20:50:00,352.64357672708604,483.5646825814601
2025-08-11 22:55:00,428.27490866738543,2025-08-11 20:55:00,348.46102972231085,477.82933916894865
2025-08-11 23:00:00,422.1355442313321,2025-08-11 21:00:00,343.4658053700732,470.97960692447805
2025-08-11 23:05:00,415.11455518990067,2025-08-11 21:05:00,337.75325714104224,463.14623988362456
2025-08-11 23:10:00,407.377951483968,2025-08-11 21:10:00,331.45845714374315,454.51445650943464
2025-08-11 23:15:00,399.1344148177392,2025-08-11 21:15:00,324.75119688372484,445.3170844525573
2025-08-11 23:20:00,390.62737444913614,2025-08-11 21:20:00,317.8295398201425,435.82571945463695
2025-08-11 23:25:00,382.12562279365716,2025-08-11 21:25:00,310.91218585810503,426.34025511128675
2025-08-11 23:30:00,373.9128506597446,2025-08-11 21:30:00,304.22995681143334,417.17720726030853
2025-08-11 23:35:00,366.2765271766932,2025-08-11 21:35:00,298.01674868192475,408.6573072387534
2025-08-11 23:40:00,359.4965761847594,2025-08-11 21:40:00,292.5003183323922,401.0928680514238
2025-08-11 23:45:00,353.83431073068164,2025-08-11 21:45:00,287.89328016424827,394.775438509404
2025-08-11 23:50:00,349.52207694638946,2025-08-11 21:50:00,284.3846799766879,389.9642488324234
2025-08-11 23:55:00,346.7540307525501,2025-08-11 21:55:00,282.1324905359721,386.87592015188744
2025-08-12 00:00:00,345.6784250532206,2025-08-11 22:00:00,281.25733613869545,385.67585927950023
2025-08-12 00:05:00,346.3917241764012,2025-08-11 22:05:00,281.83770389298894,386.47169214703786
2025-08-12 00:10:00,348.9347881797484,2025-08-11 22:10:00,283.90683912207214,389.3090066092947
2025-08-12 00:15:00,353.2912857212195,2025-08-11 22:15:00,287.4514540144256,394.1695816726566
2025-08-12 00:20:00,359.3884035036616,2025-08-11 22:20:00,292.4123048553467,400.972179027437
2025-08-12 00:25:00,367.09982703478255,2025-08-11 22:25:00,298.6866172885464,409.5758687028205
2025-08-12 00:30:00,376.2508749351025,2025-08-11 22:30:00,306.13226378767445,419.7857574504922
2025-08-12 00:35:00,386.6255814189156,2025-08-11 22:35:00,314.5735262367523,431.36089071864797
2025-08-12 00:40:00,397.97544240352175,2025-08-11 22:40:00,323.8082121029106,444.0240107478107
2025-08-12 00:45:00,410.02947278904105,2025-08-11 22:45:00,333.6158374282229,457.47277754892247
2025-08-12 00:50:00,422.5051694490737,2025-08-11 22:50:00,343.76654674291325,471.3920003894214
2025-08-12 00:55:00,435.11993756438903,2025-08-11 22:55:00,354.0304099723719,485.46638623440674
2025-08-12 01:00:00,447.6025191089087,2025-08-11 23:00:00,364.1867210953618,499.3932905891343
2025-08-12 01:05:00,459.70396236203646,2025-08-11 23:05:00,374.0329233635082,512.8949562613659
2025-08-12 01:10:00,471.2076901987436,2025-08-11 23:10:00,383.39280125151544,525.7297466236989
2025-08-12 01:15:00,481.9382612603357,2025-08-11 23:15:00,392.123608884551,537.7019205136434
2025-08-12 01:20:00,491.76847121423594,2025-08-11 23:20:00,400.12184789785476,548.669555159296
2025-08-12 01:25:00,500.624508687348,2025-08-11 23:25:00,407.32746250353483,558.5502986905942
2025-08-12 01:30:00,508.48895860452143,2025-08-11 23:30:00,413.72628312290044,567.3247209852442
2025-08-12 01:35:00,515.4015327812315,2025-08-11 23:35:00,419.350620824923,575.0371287961322
2025-08-12 01:40:00,521.4574984985574,2025-08-11 23:40:00,424.2779887540615,581.7938125013338
2025-08-12 01:45:00,526.8038682284063,2025-08-11 23:45:00,428.628001943338,587.758794953646
2025-08-12 01:50:00,531.6335025154174,2025-08-11 23:50:00,432.55757919097715,593.1472520242947
2025-08-12 01:55:00,536.1773611397593,2025-08-11 23:55:00,436.2546383067623,598.2168671705622
2025-08-12 02:00:00,540.6952099890359,2025-08-12 00:00:00,439.9305348635959,603.2574630271632
2025-08-12 02:05:00,545.4651514708204,2025-08-12 00:05:00,443.8115437362139,608.5793204135966
2025-08-12 02:10:00,550.7723912977774,2025-08-12 00:10:00,448.1297193231031,614.500645357
2025-08-12 02:15:00,556.897682142995,2025-08-12 00:15:00,453.11349285752425,621.3346755968174
2025-08-12 02:20:00,564.1058955885995,2025-08-12 00:20:00,458.97837410291214,629.3769302271883
2025-08-12 02:25:00,572.6351653206417,2025-08-12 00:25:00,465.91811783633506,638.8930966828342
2025-08-12 02:30:00,582.6870194180234,2025-08-12 00:30:00,474.0966950971205,650.1080212641499
2025-08-12 02:35:00,594.417877265035,2025-08-12 00:35:00,483.641374746029,663.1962221824899
2025-08-12 02:40:00,607.932230317768,2025-08-12 00:40:00,494.63717507306507,678.2742812931124
2025-08-12 02:45:00,623.2777569463633,2025-08-12 00:45:00,507.12288904419194,695.395393690187
2025-08-12 02:50:00,640.4425434291157,2025-08-12 00:50:00,521.0888231946532,714.546267150298
2025-08-12 02:55:00,659.354499460745,2025-08-12 00:55:00,536.4763220638964,735.6464700108954
2025-08-12 03:00:00,679.8829696063844,2025-08-12 01:00:00,553.1790793368629,758.5502290808868
2025-08-12 03:05:00,701.8424566950051,2025-08-12 01:05:00,571.0461673408846,783.0505838569679
2025-08-12 03:10:00,724.9982921896142,2025-08-12 01:10:00,589.8866506781854,808.8857129956845
2025-08-12 03:15:00,749.0740147821837,2025-08-12 01:15:00,609.4755897360909,835.7471666638864
2025-08-12 03:20:00,773.7601562600554,2025-08-12 01:20:00,629.5611892077392,863.2896689919031
2025-08-12 03:25:00,798.724083102642,2025-08-12 01:25:00,649.8728055957916,891.1420984124632
2025-08-12 03:30:00,823.6205080910286,2025-08-12 01:30:00,670.1294998645543,918.9192155377373
2025-08-12 03:35:00,848.102266237215,2025-08-12 01:35:00,690.0488051527801,946.2336859396713
2025-08-12 03:40:00,871.8309478204897,2025-08-12 01:40:00,709.3553782233084,972.7079435037357
2025-08-12 03:45:00,894.4869940447511,2025-08-12 01:45:00,727.7892136803227,997.985454225074
2025-08-12 03:50:00,915.7788913130864,2025-08-12 01:50:00,745.1131247867471,1021.7409743255598
2025-08-12 03:55:00,935.4511424879623,2025-08-12 01:55:00,761.1192291898352,1043.6894438450686
2025-08-12 04:00:00,953.2907494318798,2025-08-12 02:00:00,775.634223366967,1063.5932192578518
2025-08-12 04:05:00,969.1320054590844,2025-08-12 02:05:00,788.5232819497139,1081.2674204447442
2025-08-12 04:10:00,982.8594684067106,2025-08-12 02:10:00,799.6924767295083,1096.5832477696288
2025-08-12 04:15:00,994.4090595735755,2025-08-12 02:15:00,809.0896707967496,1109.4692081732085
2025-08-12 04:20:00,1003.7673093316245,2025-08-12 02:20:00,816.7039047410989,1119.9102734963683
2025-08-12 04:25:00,1010.9688432412461,2025-08-12 02:25:00,822.5633512576723,1127.9450757212865
2025-08-12 04:30:00,1016.0922694424996,2025-08-12 02:30:00,826.7319689694832,1133.6613185047906
2025-08-12 04:35:00,1019.2546868669579,2025-08-12 02:35:00,829.3050340961968,1137.1896499515408
2025-08-12 04:40:00,1020.6050823757163,2025-08-12 02:40:00,830.4037681102405,1138.6962957542905
2025-08-12 04:45:00,1020.3169206720075,2025-08-12 02:45:00,830.1693086031138,1138.3747917070762
2025-08-12 04:50:00,1018.5802535401259,2025-08-12 02:50:00,828.7562890569925,1136.4371799273772
2025-08-12 04:55:00,1015.593683276251,2025-08-12 02:55:00,826.3262999812231,1133.1050423991494
2025-08-12 05:00:00,1011.5565095224304,2025-08-12 03:00:00,823.0414992727211,1128.600739140056
2025-08-12 05:05:00,1006.6613693762936,2025-08-12 03:05:00,819.0586239245821,1123.1391967199174
2025-08-12 05:10:00,1001.0876493283296,2025-08-12 03:10:00,814.523629723449,1116.9205579126187
2025-08-12 05:15:00,994.9959050361977,2025-08-12 03:15:00,809.5671509620702,1110.1239557989136
2025-08-12 05:20:00,988.5234742451041,2025-08-12 03:20:00,804.300930941643,1102.9026190707166
2025-08-12 05:25:00,981.7814109688286,2025-08-12 03:25:00,798.8153275029214,1095.3804514752296
2025-08-12 05:30:00,974.8528081444333,2025-08-12 03:30:00,793.1779482732155,1087.6501603889587
2025-08-12 05:35:00,967.7925145842398,2025-08-12 03:35:00,787.4334203675718,1079.7729410190375
2025-08-12 05:40:00,960.6281915582694,2025-08-12 03:40:00,781.6042500651113,1071.7796552397133
2025-08-12 05:45:00,953.3625989532484,2025-08-12 03:45:00,775.6926829164164,1063.6733822760916
2025-08-12 05:50:00,945.9769515484992,2025-08-12 03:50:00,769.6834345394035,1055.433163324841
2025-08-12 05:55:00,938.4351450246487,2025-08-12 03:55:00,763.5471290634542,1047.0187165419445
2025-08-12 06:00:00,930.6886207234661,2025-08-12 04:00:00,757.2442572861692,1038.375864689596
2025-08-12 06:05:00,922.6816180987836,2025-08-12 04:05:00,750.7294502705822,1029.4423953327735
2025-08-12 06:10:00,914.356555730609,2025-08-12 04:10:00,743.9558575463594,1020.1540644746736
2025-08-12 06:15:00,905.6592850740443,2025-08-12 04:15:00,736.8794217631138,1010.4504582014717
2025-08-12 06:20:00,896.54397543301,2025-08-12 04:20:00,729.4628532939594,1000.2804428819928
2025-08-12 06:25:00,886.9774135085734,2025-08-12 04:25:00,721.6791285143215,989.6069622041356
2025-08-12 06:30:00,876.9425339014779,2025-08-12 04:30:00,713.5143623553411,978.4109761814701
2025-08-12 06:35:00,866.441037648674,2025-08-12 04:35:00,704.9699388464704,966.6943826729309
2025-08-12 06:40:00,855.4950012484876,2025-08-12 04:40:00,696.0638202805819,954.4818125835578
2025-08-12 06:45:00,844.1474270049929,2025-08-12 04:45:00,686.8309949954343,941.8212438875973
2025-08-12 06:50:00,832.4617345984266,2025-08-12 04:50:00,677.323063695698,928.7834343700247
2025-08-12 06:55:00,820.5202415165695,2025-08-12 04:55:00,667.6070030731565,915.4602262331085
2025-08-12 07:00:00,808.4217234705093,2025-08-12 05:00:00,657.763180866616,901.9618242350538
2025-08-12 07:05:00,796.2781854120783,2025-08-12 05:05:00,647.8827286368092,888.4131930913611
2025-08-12 07:10:00,784.2110041795945,2025-08-12 05:10:00,638.0644032737823,874.9497537974477
2025-08-12 07:15:00,772.3466281438367,2025-08-12 05:15:00,628.4110880625386,861.7125856933014
2025-08-12 07:20:00,760.8120333391503,2025-08-12 05:20:00,619.0260956155676,848.8433568368769
2025-08-12 07:25:00,749.730140402515,2025-08-12 05:25:00,610.0094389172144,836.479210650657
2025-08-12 07:30:00,739.2153929140645,2025-08-12 05:30:00,601.4542336905148,824.747832644955
2025-08-12 07:35:00,729.369684328525,2025-08-12 05:35:00,593.4433843910816,813.7629060665638
2025-08-12 07:40:00,720.2787999194644,2025-08-12 05:40:00,586.0466892353354,803.6201421508371
2025-08-12 07:45:00,712.0095124103821,2025-08-12 05:45:00,579.3184770936276,794.3940396967903
2025-08-12 07:50:00,704.6074369448885,2025-08-12 05:50:00,573.2958622110187,786.1354918421869
2025-08-12 07:55:00,698.0957144104901,2025-08-12 05:55:00,567.9976729085848,778.8703170385899
2025-08-12 08:00:00,692.4745535600933,2025-08-12 06:00:00,563.4240790357641,772.5987481930905
2025-08-12 08:05:00,687.721624129874,2025-08-12 06:05:00,559.5569118262604,767.2958712726913
2025-08-12 08:10:00,683.7932560912061,2025-08-12 06:10:00,556.3606396557944,762.9129633181491
2025-08-12 08:15:00,680.6263667750545,2025-08-12 06:15:00,553.7839360250434,759.3796425502655
2025-08-12 08:20:00,678.1410091953534,2025-08-12 06:20:00,551.7617529741017,756.6067115522709
2025-08-12 08:25:00,676.2434117999508,2025-08-12 06:25:00,550.2177943414144,754.4895487414134
2025-08-12 08:30:00,674.8293642986375,2025-08-12 06:30:00,549.0672706044132,752.9118859611949
2025-08-12 08:35:00,673.7877953612032,2025-08-12 06:35:00,548.2198098330257,751.7498001443495
2025-08-12 08:40:00,673.0043869089885,2025-08-12 06:40:00,547.5823984170703,750.8757458034453
2025-08-12 08:45:00,672.3650756482456,2025-08-12 06:45:00,547.0622300492228,750.1624617163747
2025-08-12 08:50:00,671.7593055864381,2025-08-12 06:50:00,546.5693520980741,749.4865997817531
2025-08-12 08:55:00,671.0829134969282,2025-08-12 06:55:00,546.0190133337976,748.731944352241
2025-08-12 09:00:00,670.2405531931763,2025-08-12 07:00:00,545.3336364113999,747.7921170143837
2025-08-12 09:05:00,669.1475911201353,2025-08-12 07:05:00,544.4443601971935,746.5726915133126
2025-08-12 09:10:00,667.7314349688979,2025-08-12 07:10:00,543.2921207810596,744.992676097487
2025-08-12 09:15:00,665.9322866491694,2025-08-12 07:15:00,541.8282641239733,742.9853536153977
2025-08-12 09:20:00,663.7033397269576,2025-08-12 07:20:00,540.0147067009455,740.4985017981918
2025-08-12 09:25:00,661.0104681061408,2025-08-12 07:25:00,537.8236822003049,737.4940459195006
2025-08-12 09:30:00,657.8314756479894,2025-08-12 07:30:00,535.2371309851198,733.947221590641
2025-08-12 09:35:00,654.1549951608432,2025-08-12 07:35:00,532.2458042686162,729.8453463556272
2025-08-12 09:40:00,649.9791383466942,2025-08-12 07:40:00,528.8481656585024,725.1863134270401
2025-08-12 09:45:00,645.3100056944187,2025-08-12 07:45:00,525.0491787484716,719.9769291633879
2025-08-12 09:50:00,640.1601668087328,2025-08-12 07:50:00,520.8590706550652,714.2312175613922
2025-08-12 09:55:00,634.5472168121555,2025-08-12 07:55:00,516.2921574504763,707.9688096234669
2025-08-12 10:00:00,628.4925043878092,2025-08-12 08:00:00,511.36580924897856,701.2135242260906
2025-08-12 10:05:00,622.0201119564756,2025-08-12 08:05:00,506.09962043953567,693.9922302961487
2025-08-12 10:10:00,615.1561488221221,2025-08-12 08:10:00,500.514834561663,686.3340581684058
2025-08-12 10:15:00,607.9283960847821,2025-08-12 08:15:00,494.6340553928143,678.2700034123008
2025-08-12 10:20:00,600.3663178282068,2025-08-12 08:20:00,488.4812560510872,669.8329393140873
2025-08-12 10:25:00,592.5014282838022,2025-08-12 08:25:00,482.0820777340032,661.0580265242318
2025-08-12 10:30:00,584.3679804279174,2025-08-12 08:30:00,475.46438998789364,651.9834813302688
2025-08-12 10:35:00,576.0039195117587,2025-08-12 08:35:00,468.65906653671675,642.6516395168582
2025-08-12 10:40:00,567.4520255031063,2025-08-12 08:40:00,461.7009148168235,633.1102309960735
2025-08-12 10:45:00,558.7611534077317,2025-08-12 08:45:00,454.62968515043394,623.4137636427646
2025-08-12 10:50:00,549.9874700347829,2025-08-12 08:50:00,447.4910770257873,613.6249031624284
2025-08-12 10:55:00,541.1955801769612,2025-08-12 08:55:00,440.33765540089126,603.8157295783841
2025-08-12 11:00:00,532.4594361199312,2025-08-12 09:00:00,433.22959071555294,594.0687519778415
2025-08-12 11:05:00,523.8629298728603,2025-08-12 09:05:00,426.2351407530522,584.4775692676964
2025-08-12 11:10:00,515.5000789662689,2025-08-12 09:10:00,419.43080181245784,575.1470774705025
2025-08-12 11:15:00,507.47473278810776,2025-08-12 09:15:00,412.90106977230244,566.1931420815606
2025-08-12 11:20:00,499.8997465819109,2025-08-12 09:20:00,406.73776802353325,557.7416764928257
2025-08-12 11:25:00,492.895593599993,2025-08-12 09:25:00,401.03891826367675,549.9270935624321
2025-08-12 11:30:00,486.5884115940862,2025-08-12 09:30:00,395.9071510460665,542.8901260705044
2025-08-12 11:35:00,481.1075065461134,2025-08-12 09:35:00,391.44767471865435,536.7750416139584
2025-08-12 11:40:00,476.58236270285107,2025-08-12 09:40:00,387.7658426725715,531.7263066810656
2025-08-12 11:45:00,473.13923356171233,2025-08-12 09:45:00,384.96437963631433,527.8847831902243
2025-08-12 11:50:00,470.8974109371587,2025-08-12 09:50:00,383.1403460438784,525.3835658610149
2025-08-12 11:55:00,469.9652886786191,2025-08-12 09:55:00,382.38193532341745,524.3435904764925
2025-08-12 12:00:00,470.4363527870943,2025-08-12 10:00:00,382.7652113010255,524.8691600279735
2025-08-12 12:05:00,472.38523950361605,2025-08-12 10:05:00,384.35090090904947,527.0435466964999
2025-08-12 12:10:00,475.8640082184042,2025-08-12 10:10:00,387.1813616808298,530.9248335112729
2025-08-12 12:15:00,480.89877463035174,2025-08-12 10:15:00,391.27784235904085,536.5421579419211
2025-08-12 12:20:00,487.48684351709426,2025-08-12 10:20:00,396.6381500065261,543.8925129098245
2025-08-12 12:25:00,495.59446847526624,2025-08-12 10:25:00,403.23482724432586,552.9382473145027
2025-08-12 12:30:00,505.15534891896357,2025-08-12 10:30:00,411.01392935149624,563.6053891241885
2025-08-12 12:35:00,516.0699538483043,2025-08-12 10:35:00,419.89447405705613,575.7828908996368
2025-08-12 12:40:00,528.205736671196,2025-08-12 10:40:00,429.76861632728526,589.3228694722872
2025-08-12 12:45:00,541.3982782761943,2025-08-12 10:45:00,440.5025784140122,604.0418812787224
2025-08-12 12:50:00,555.4533661129752,2025-08-12 10:50:00,451.9383414748968,619.7232420054289
2025-08-12 12:55:00,570.1499874934511,2025-08-12 10:55:00,463.89608103898803,636.1203662359846
2025-08-12 13:00:00,585.2441858686565,2025-08-12 11:00:00,476.17730462274415,652.9610699264052
2025-08-12 13:05:00,600.4737004838012,2025-08-12 11:05:00,488.56862673282797,669.9527469010424
2025-08-12 13:10:00,615.5632847157664,2025-08-12 11:10:00,500.84609607118654,686.7883025592747
2025-08-12 13:15:00,630.2305751204085,2025-08-12 11:15:00,512.7799708189298,703.1527020130196
2025-08-12 13:20:00,644.1923649133192,2025-08-12 11:20:00,524.1398229829111,718.7299694535074
2025-08-12 13:25:00,657.1711207241597,2025-08-12 11:25:00,534.6998406790968,733.2104589400989
2025-08-12 13:30:00,668.9015724068995,2025-08-12 11:30:00,544.2441898570448,746.2982066980933
2025-08-12 13:35:00,679.1372002584984,2025-08-12 11:35:00,552.5722925519253,757.7181689544095
2025-08-12 13:40:00,687.6564449539196,2025-08-12 11:40:00,559.5038795278234,767.223150405922
2025-08-12 13:45:00,694.2684704132843,2025-08-12 11:45:00,564.8836791693423,774.6002338910304
2025-08-12 13:50:00,698.8183198746483,2025-08-12 11:50:00,568.5856126618312,779.6765330564577
2025-08-12 13:55:00,701.1913198811386,2025-08-12 11:55:00,570.5163772456488,782.3241059167904
2025-08-12 14:00:00,701.3166050311895,2025-08-12 12:00:00,570.6183140892791,782.4638874432001
2025-08-12 14:05:00,699.1696576786749,2025-08-12 12:05:00,568.8714746875856,780.0685231248124
2025-08-12 14:10:00,694.7737813129559,2025-08-12 12:10:00,565.2948196608022,775.1640128292274
2025-08-12 14:15:00,688.200452367998,2025-08-12 12:15:00,559.9465050000374,767.8301033184352
2025-08-12 14:20:00,679.568522787872,2025-08-12 12:20:00,552.9232332437244,758.1993985455161
2025-08-12 14:25:00,669.042274394017,2025-08-12 12:25:00,544.3586704355768,746.4551888984593
2025-08-12 14:30:00,656.8283537947544,2025-08-12 12:30:00,534.4209522484229,732.8280314570686
2025-08-12 14:35:00,643.1716449798708,2025-08-12 12:35:00,523.3093257675262,717.5911450176004
2025-08-12 14:40:00,628.3501627301574,2025-08-12 12:40:00,511.24999457108385,701.0547126337337
2025-08-12 14:45:00,612.6690749070485,2025-08-12 12:45:00,498.491255033881,683.5592122429191
2025-08-12 14:50:00,596.4539841989135,2025-08-12 12:50:00,485.2980300962378,665.4679210632854
2025-08-12 14:55:00,580.0436192486897,2025-08-12 12:55:00,471.9459224827726,647.1587610331406
2025-08-12 15:00:00,563.7821020928665,2025-08-12 13:00:00,458.7149231916934,629.0156715380562
2025-08-12 15:05:00,548.0109711922548,2025-08-12 13:05:00,445.8829211241135,611.4197094499785
2025-08-12 15:10:00,533.0611489953932,2025-08-12 13:10:00,433.7191675829746,594.7400872810142
2025-08-12 15:15:00,519.2450476724777,2025-08-12 13:15:00,422.4778531928524,579.325365495043
2025-08-12 15:20:00,506.8490077120761,2025-08-12 13:20:00,412.3919556497976,565.4950161966891
2025-08-12 15:25:00,496.1262600243031,2025-08-12 13:25:00,403.6675134162793,553.5315709001468
2025-08-12 15:30:00,487.2905944218605,2025-08-12 13:30:00,396.47847415248174,543.6735564087775
2025-08-12 15:35:00,480.5109045021611,2025-08-12 13:35:00,390.96225622141634,536.109408501583
2025-08-12 15:40:00,475.9067619326562,2025-08-12 13:40:00,387.2161477562949,530.9725341320999
2025-08-12 15:45:00,473.54515209229146,2025-08-12 13:45:00,385.2946506521651,528.3376693605269
2025-08-12 15:50:00,473.4384774726517,2025-08-12 13:50:00,385.2078560558611,528.2186517342849
2025-08-12 15:55:00,475.543906956914,2025-08-12 13:55:00,386.92091491419256,530.5676942739524
2025-08-12 16:00:00,479.7641168476738,2025-08-12 14:00:00,390.3546409028438,535.2762122432414
2025-08-12 16:05:00,485.949435577008,2025-08-12 14:05:00,395.3872554454305,542.1772160171572
2025-08-12 16:10:00,493.90136782462406,2025-08-12 14:10:00,401.85725507232524,551.0492429654967
2025-08-12 16:15:00,503.3774370410989,2025-08-12 14:15:00,409.56735148485456,561.6217602902134
2025-08-12 16:20:00,514.0972481825532,2025-08-12 14:20:00,418.28940443071355,573.5819292612963
2025-08-12 16:25:00,525.7496370130833,2025-08-12 14:25:00,427.7702386529321,586.5825817439661
2025-08-12 16:30:00,538.0007378725547,2025-08-12 14:30:00,437.73820813778184,600.2512214641598
2025-08-12 16:35:00,550.5027718125182,2025-08-12 14:35:00,447.9103464820488,614.1998289938156
2025-08-12 16:40:00,562.9033298341886,2025-08-12 14:40:00,457.9999200944933,628.0352191250241
2025-08-12 16:45:00,574.8549052919969,2025-08-12 14:45:00,467.72418412805644,641.3696762399694
2025-08-12 16:50:00,586.0244138258449,2025-08-12 14:50:00,476.812128264937,653.8315757665549
2025-08-12 16:55:00,596.1024316685979,2025-08-12 14:55:00,485.0119933608698,665.0756914232941
2025-08-12 17:00:00,604.8118823297332,2025-08-12 15:00:00,492.09833926691,674.7928870135847
2025-08-12 17:05:00,611.9159092422747,2025-08-12 15:05:00,497.87845031946233,682.718899993473
2025-08-12 17:10:00,617.2246881582607,2025-08-12 15:10:00,502.19787816871167,688.6419421093718
2025-08-12 17:15:00,620.6009567564682,2025-08-12 15:15:00,504.94494088133064,692.4088688204374
2025-08-12 17:20:00,621.9640712715232,2025-08-12 15:20:00,506.0540235708196,693.9297053083068
2025-08-12 17:25:00,621.2924388641869,2025-08-12 15:25:00,505.50755746804583,693.1803602897987
2025-08-12 17:30:00,618.6242202539477,2025-08-12 15:30:00,503.3365916102951,690.203409949056
2025-08-12 17:35:00,614.0562475276756,2025-08-12 15:35:00,499.6199123285387,685.1068905290226
2025-08-12 17:40:00,607.7411564831476,2025-08-12 15:40:00,494.481710011215,678.0610988668683
2025-08-12 17:45:00,599.8827891631516,2025-08-12 15:45:00,488.08783842816445,669.2934629688317
2025-08-12 17:50:00,590.7299786357167,2025-08-12 15:50:00,480.6407577874441,659.0816076456439
2025-08-12 17:55:00,580.5688828467898,2025-08-12 15:55:00,472.3732972613679,647.7448013378382
2025-08-12 18:00:00,569.7140855717297,2025-08-12 16:00:00,463.5414143764613,635.6340273845055
2025-08-12 18:05:00,558.4987275155701,2025-08-12 16:05:00,454.41616529494445,623.120973222185
2025-08-12 18:10:00,547.2639691683127,2025-08-12 16:10:00,445.27513138626153,610.5862740181228
2025-08-12 18:15:00,536.3481153505994,2025-08-12 16:15:00,436.3935705368196,598.4073788491004
2025-08-12 18:20:00,526.0757506836027,2025-08-12 16:20:00,428.0355773480924,586.9464290684874
2025-08-12 18:25:00,516.7472415718046,2025-08-12 16:25:00,420.4455415437869,576.5385455943149
2025-08-12 18:30:00,508.6289559761991,2025-08-12 16:30:00,413.84019039905866,567.4809170411894
2025-08-12 18:35:00,501.9445347401874,2025-08-12 16:35:00,408.4014867536688,560.0230610769705
2025-08-12 18:40:00,496.86751886323333,2025-08-12 16:40:00,404.27063027668123,554.3585986199384
2025-08-12 18:45:00,493.51559657428976,2025-08-12 16:45:00,401.54337666290115,550.6188352580006
2025-08-12 18:50:00,491.9466828151171,2025-08-12 16:50:00,400.2668477488727,548.8683871005513
2025-08-12 18:55:00,492.15698421685954,2025-08-12 16:55:00,400.43795710298184,549.1030218591777
2025-08-12 19:00:00,494.08113596780123,2025-08-12 17:00:00,402.00352138635634,551.2498115519807
2025-08-12 19:05:00,497.594426022423,2025-08-12 17:05:00,404.8620700553783,555.1696140693225
2025-08-12 19:10:00,502.5170489327951,2025-08-12 17:10:00,408.86730644342714,560.6618192035434
2025-08-12 19:15:00,508.620259223273,2025-08-12 17:15:00,413.83311438452097,567.4712140125517
2025-08-12 19:20:00,515.6342249292097,2025-08-12 17:20:00,419.5399481561577,575.2967450684098
2025-08-12 19:25:00,523.2573188738386,2025-08-12 17:25:00,425.74239222153795,583.8018848005479
2025-08-12 19:30:00,531.1665303956364,2025-08-12 17:30:00,432.17763261363314,592.6262479334888
2025-08-12 19:35:00,539.028636382122,2025-08-12 17:35:00,438.5745461203369,601.3980550881225
2025-08-12 19:40:00,546.511738795004,2025-08-12 17:40:00,444.6630876611525,609.7470052799674
2025-08-12 19:45:00,553.2967587052015,2025-08-12 17:45:00,450.18364227863066,617.3170998951898
2025-08-12 19:50:00,559.088474031894,2025-08-12 17:50:00,454.8960058697584,623.7789575739861
2025-08-12 19:55:00,563.6257013885265,2025-08-12 17:55:00,458.5876695296632,628.8411741680542
2025-08-12 20:00:00,566.6902500520242,2025-08-12 18:00:00,461.08110484727104,632.2603127472593
2025-08-12 20:05:00,568.1143184435731,2025-08-12 18:05:00,462.2397819681376,633.84915590546
2025-08-12 20:10:00,567.7860587700153,2025-08-12 18:10:00,461.9726972019061,633.4829142701981
2025-08-12 20:15:00,565.6531013958298,2025-08-12 18:15:00,460.23724058766,631.1031586693998
2025-08-12 20:20:00,561.7239055218241,2025-08-12 18:20:00,457.04029485834565,626.7193270931268
2025-08-12 20:25:00,556.0668833896863,2025-08-12 18:25:00,452.4375228597236,620.4077475624127
2025-08-12 20:30:00,548.8073286711057,2025-08-12 18:30:00,446.53086836895886,612.3082111113193
2025-08-12 20:35:00,540.1222628647652,2025-08-12 18:35:00,439.46436292389234,602.6182218756774
2025-08-12 20:40:00,530.2333932563932,2025-08-12 18:40:00,431.41839614698,591.5851402394005
2025-08-12 20:45:00,519.3984484971448,2025-08-12 18:45:00,422.60266603675706,579.4965158781154
2025-08-12 20:50:00,507.90122124705204,2025-08-12 18:50:00,413.248077277437,566.6689782661613
2025-08-12 20:55:00,496.0406982159802,2025-08-12 18:55:00,403.59789701982527,553.436108986545
2025-08-12 21:00:00,484.11969435245067,2025-08-12 19:00:00,393.89850721775935,540.1357608151682
2025-08-12 21:05:00,472.4334285352994,2025-08-12 19:05:00,384.39010936899393,527.0973115393577
2025-08-12 21:10:00,461.25848181726496,2025-08-12 19:10:00,375.29774051513124,514.6293445922826
2025-08-12 21:15:00,450.8425655175326,2025-08-12 19:15:00,366.82294816598386,503.00823324156937
2025-08-12 21:20:00,441.3954963431922,2025-08-12 19:20:00,359.1364473093455,492.46807146859885
2025-08-12 21:25:00,433.08172888355773,2025-08-12 19:25:00,352.37204455955475,483.192342419698
2025-08-12 21:30:00,426.01473605601336,2025-08-12 19:30:00,346.62206587089236,475.3076486298972
2025-08-12 21:35:00,420.253455628801,2025-08-12 19:35:00,341.9344652910868,468.8797473833176
2025-08-12 21:40:00,415.80093983411155,2025-08-12 19:40:00,338.31172623429717,463.91204407696273
2025-08-12 21:45:00,412.6052581325657,2025-08-12 19:45:00,335.7115960052105,460.3465994414241
2025-08-12 21:50:00,410.56261378556377,2025-08-12 19:50:00,334.04962156284233,458.0676067226534
2025-08-12 21:55:00,409.5225467033649,2025-08-12 19:55:00,333.2033827589605,456.90719653629714
2025-08-12 22:00:00,409.29501148824085,2025-08-12 20:00:00,333.0182513077463,456.6533338904122
2025-08-12 22:05:00,409.65904433765587,2025-08-12 20:05:00,333.31444251342447,457.0594879105322
2025-08-12 22:10:00,410.3726681095321,2025-08-12 20:10:00,333.8950744144529,457.8556829909116
2025-08-12 22:15:00,411.1836348531531,2025-08-12 20:15:00,334.55490832214554,458.760484312096
2025-08-12 22:20:00,411.84057016864347,2025-08-12 20:20:00,335.0894163025664,459.49343168147203
2025-08-12 22:25:00,412.1040677101528,2025-08-12 20:25:00,335.30380809341244,459.78741774879455
2025-08-12 22:30:00,411.75728231256596,2025-08-12 20:30:00,335.021650081607,459.4005068324442
2025-08-12 22:35:00,410.6155907532708,2025-08-12 20:35:00,334.09272567271466,458.12671349953513
2025-08-12 22:40:00,408.5349255460353,2025-08-12 20:40:00,332.39981598795947,455.80530063857924
2025-08-12 22:45:00,405.41844042611876,2025-08-12 20:45:00,329.8641231607063,452.3282161882826
2025-08-12 22:50:00,401.2212335471226,2025-08-12 20:50:00,326.4491133120942,447.6453628416167
2025-08-12 22:55:00,395.9529325408159,2025-08-12 20:55:00,322.1626198556903,441.7674822153162
2025-08-12 23:00:00,389.67803239482885,2025-08-12 21:00:00,317.05711840784926,434.7665318224069
2025-08-12 23:05:00,382.51396826709026,2025-08-12 21:05:00,311.2281587550034,426.77353489766784
2025-08-12 23:10:00,374.6269978790983,2025-08-12 21:10:00,304.8110146095744,417.97398635473394
2025-08-12 23:15:00,366.22605689352645,2025-08-12 21:15:00,297.9756841075434,408.6009971875102
2025-08-12 23:20:00,357.55483451658654,2025-08-12 21:20:00,290.9204422120479,398.9264531637834
2025-08-12 23:25:00,348.8823887016512,2025-08-12 21:25:00,283.8642048800815,389.25054414164777
2025-08-12 23:30:00,340.49268123034443,2025-08-12 21:30:00,277.03801439972574,379.89008828559685
2025-08-12 23:35:00,332.6734572191985,2025-08-12 21:35:00,270.6759913266687,371.16612485359116
2025-08-12 23:40:00,325.7049213294424,2025-08-12 21:40:00,265.00612101052747,363.3912801643748
2025-08-12 23:45:00,319.8486718742803,2025-08-12 21:45:00,260.24124995654427,356.8574213028418
2025-08-12 23:50:00,315.33734443079015,2025-08-12 21:50:00,256.5706594676815,351.82410142471696
2025-08-12 23:55:00,312.36538824098125,2025-08-12 21:55:00,254.1525609677885,348.50826892209807
2025-08-13 00:00:00,311.08135308008605,2025-08-12 22:00:00,253.10782029932994,347.0756618279553
2025-08-13 00:05:00,311.5820033817796,2025-08-12 22:05:00,253.5151687480209,347.634240904085
2025-08-13 00:10:00,313.90850225073973,2025-08-12 22:10:00,255.40809820785825,350.22993211698275
2025-08-13 00:15:00,318.0448239794854,2025-08-12 22:15:00,258.77356954342247,354.8448554716724
2025-08-13 00:20:00,323.91846319467504,2025-08-12 22:20:00,263.55258957873326,361.3981162112377
2025-08-13 00:25:00,331.4034152933611,2025-08-12 22:25:00,269.64263609545776,369.7491301105929
2025-08-13 00:30:00,340.3253104111134,2025-08-12 22:30:00,276.90183502793815,379.70335148096314
2025-08-13 00:35:00,350.46849562013153,2025-08-12 22:35:00,285.1547228134881,391.02017482831815
2025-08-13 00:40:00,361.584780643208,2025-08-12 22:40:00,294.1993622435237,403.42269250818424
2025-08-13 00:45:00,373.40349486357485,2025-08-12 22:45:00,303.81552523574146,416.608915402532
2025-08-13 00:50:00,385.64244998396316,2025-08-12 22:50:00,313.77361247752253,430.26400403588326
2025-08-13 00:55:00,398.01936602354385,2025-08-12 22:55:00,323.84395005895766,444.07301664076476
2025-08-13 01:00:00,410.263299439962,2025-08-12 23:00:00,333.80608783493005,457.7336595941427
2025-08-13 01:05:00,422.12561242036776,2025-08-12 23:05:00,343.4577244645483,470.96852593286775
2025-08-13 01:10:00,433.3900407441323,2025-08-12 23:10:00,352.62289901363823,483.53632813918523
2025-08-13 01:15:00,443.88145466901443,2025-08-12 23:15:00,361.15911915056597,495.241672723282
2025-08-13 01:20:00,453.4729599087684,2025-08-12 23:20:00,368.9631387762577,505.94298283413553
2025-08-13 01:25:00,462.09105319207424,2025-08-12 23:25:00,375.9751527863429,515.5582503530098
2025-08-13 01:30:00,469.7186253381392,2025-08-12 23:30:00,382.18124048961124,524.0683864461058
2025-08-13 01:35:00,476.39569150232165,2025-08-12 23:35:00,387.61395976409483,531.5180363047589
2025-08-13 01:40:00,482.21781943683703,2025-08-12 23:40:00,392.35106822919033,538.0138255448126
2025-08-13 01:45:00,487.332318957407,2025-08-12 23:45:00,396.51242284834734,543.7201087676568
2025-08-13 01:50:00,491.93234449656325,2025-08-12 23:50:00,400.25518153834616,548.8523897373141
2025-08-13 01:55:00,496.24914597133534,2025-08-12 23:55:00,403.76749817554173,553.6686756188104
2025-08-13 02:00:00,500.54277532674234,2025-08-13 00:00:00,407.2609610802132,558.459108203139
2025-08-13 02:05:00,505.0916167856048,2025-08-13 00:05:00,410.96207442288113,563.534282733059
2025-08-13 02:10:00,510.1811531633119,2025-08-13 00:10:00,415.1031180635263,569.2127144011744
2025-08-13 02:15:00,516.0924094304148,2025-08-13 00:15:00,419.912744787157,575.8079447511311
2025-08-13 02:20:00,523.0905242824267,2025-08-13 00:20:00,425.6066816909903,583.6157908973602
2025-08-13 02:25:00,531.4138931021205,2025-08-13 00:25:00,432.3788964786691,592.9022322514637
2025-08-13 02:30:00,541.264299965991,2025-08-13 00:30:00,440.3935684790637,603.892400732158
2025-08-13 02:35:00,552.7984143706944,2025-08-13 00:35:00,449.77817005402864,616.7610936029299
2025-08-13 02:40:00,566.1209716912682,2025-08-13 00:40:00,460.61791795545685,631.6251648611278
2025-08-13 02:45:00,581.2798877924428,2025-08-13 00:45:00,472.95179838409484,648.5380745753115
2025-08-13 02:50:00,598.2634798118664,2025-08-13 00:50:00,486.77030571128506,667.4867880934758
2025-08-13 02:55:00,616.9998814532769,2025-08-13 00:55:00,502.01496673887584,688.3911236815134
2025-08-13 03:00:00,637.3586542111875,2025-08-13 01:00:00,518.5796516539422,711.1055501779729
2025-08-13 03:05:00,659.1545105721962,2025-08-13 01:05:00,536.31360336937,735.4233409960442
2025-08-13 03:10:00,682.1529840914918,2025-08-13 01:10:00,555.0260509173983,761.0829002679471
2025-08-13 03:15:00,706.0778080120091,2025-08-13 01:15:00,574.4922129795403,787.7759952224142
2025-08-13 03:20:00,730.6197006971163,2025-08-13 01:20:00,594.4604460544055,815.1575581539646
2025-08-13 03:25:00,755.4462072443519,2025-08-13 01:25:00,614.6602519752705,842.8566667808309
2025-08-13 03:30:00,780.2122108031036,2025-08-13 01:30:00,634.8108303246817,870.4882717963021
2025-08-13 03:35:00,804.5707085031897,2025-08-13 01:35:00,654.629846146719,897.6652196483183
2025-08-13 03:40:00,828.1834441244455,2025-08-13 01:40:00,673.8420810982038,924.0101154839938
2025-08-13 03:45:00,850.7310038163273,2025-08-13 01:45:00,692.1876477166311,949.1665870152543
2025-08-13 03:50:00,871.9220101781845,2025-08-13 01:50:00,709.4294700794716,972.809542419105
2025-08-13 03:55:00,891.5010933552122,2025-08-13 01:55:00,725.3597693961298,994.6540637456599
2025-08-13 04:00:00,909.2553735563223,2025-08-13 02:00:00,739.8053384352024,1014.4626395090964
2025-08-13 04:05:00,925.0192533268136,2025-08-13 02:05:00,752.6314407028705,1032.0505114601067
2025-08-13 04:10:00,938.6773906218721,2025-08-13 02:10:00,763.7442294504855,1047.288991664991
2025-08-13 04:15:00,950.165797580933,2025-08-13 02:15:00,773.0916416798871,1060.1066884159707
2025-08-13 04:20:00,959.4710861070571,2025-08-13 02:20:00,780.662784317605,1070.488664518772
2025-08-13 04:25:00,966.6279539804992,2025-08-13 02:25:00,786.4858888196318,1078.4736325317879
2025-08-13 04:30:00,971.7150721153935,2025-08-13 02:30:00,790.624964884396,1084.1493661493246
2025-08-13 04:35:00,974.8495927891438,2025-08-13 02:35:00,793.1753321357944,1087.6465729943623
2025-08-13 04:40:00,976.1805467494808,2025-08-13 02:40:00,794.258247754118,1089.1315277242832
2025-08-13 04:45:00,975.8814331044775,2025-08-13 02:45:00,794.014877323975,1088.7978045188472
2025-08-13 04:50:00,974.1423285595965,2025-08-13 02:50:00,792.5998746043675,1086.857473300257
2025-08-13 04:55:00,971.1618508880563,2025-08-13 02:55:00,790.1748426973597,1083.5321333203099
2025-08-13 05:00:00,967.1393057037384,2025-08-13 03:00:00,786.9019443587822,1079.0441512594869
2025-08-13 05:05:00,962.2673266881849,2025-08-13 03:05:00,782.9379138022693,1073.6084498762546
2025-08-13 05:10:00,956.725287518467,2025-08-13 03:10:00,778.4286963889721,1067.4251576484783
2025-08-13 05:15:00,950.6737216951856,2025-08-13 03:15:00,773.5049083837991,1060.6733829361247
2025-08-13 05:20:00,944.2499355470975,2025-08-13 03:20:00,768.2782675263094,1053.5063193795543
2025-08-13 05:25:00,937.5649424392205,2025-08-13 03:25:00,762.8390985838521,1046.047825373858
2025-08-13 05:30:00,930.7017855469167,2025-08-13 03:30:00,757.2549686956934,1038.390552776062
2025-08-13 05:35:00,923.7152548910407,2025-08-13 03:35:00,751.5704571418685,1030.5956311992447
2025-08-13 05:40:00,916.6329439953118,2025-08-13 03:40:00,745.8080150804872,1022.6938469326268
2025-08-13 05:45:00,909.4575361967497,2025-08-13 03:45:00,739.9698257783296,1014.688193794265
2025-08-13 05:50:00,902.1701610010697,2025-08-13 03:50:00,734.0405354714075,1006.5576178404625
2025-08-13 05:55:00,894.7346202723477,2025-08-13 03:55:00,727.9906919563279,998.2617325554146
2025-08-13 06:00:00,887.102253077988,2025-08-13 04:00:00,721.780702816313,989.7462465930837
2025-08-13 06:05:00,879.217188310414,2025-08-13 04:05:00,715.3651091573581,980.9488241643036
2025-08-13 06:10:00,871.0217259018764,2025-08-13 04:10:00,708.6969639727253,971.8050888961307
2025-08-13 06:15:00,862.4615906466831,2025-08-13 04:15:00,701.7321068559065,962.2544855583981
2025-08-13 06:20:00,853.4908174769655,2025-08-13 04:20:00,694.4331388499317,952.2457306003771
2025-08-13 06:25:00,844.0760510762099,2025-08-13 04:25:00,686.7729207792293,941.7416092599487
2025-08-13 06:30:00,834.2000766619801,2025-08-13 04:30:00,678.7374460310076,930.7229148828148
2025-08-13 06:35:00,823.8644386661915,2025-08-13 04:35:00,670.3279712148058,919.1913706025667
2025-08-13 06:40:00,813.0910500202315,2025-08-13 04:40:00,661.5623255391085,907.1714248314561
2025-08-13 06:45:00,801.9227426881866,2025-08-13 04:45:00,652.4753587464729,894.7108654942028
2025-08-13 06:50:00,790.4227594935537,2025-08-13 04:50:00,643.1185276440857,881.8802530554686
2025-08-13 06:55:00,778.6732347166289,2025-08-13 04:55:00,633.5586598590346,868.7712253116384
2025-08-13 07:00:00,766.7727548616135,2025-08-13 05:00:00,623.8759691840858,855.4937759214579
2025-08-13 07:05:00,754.833129828505,2025-08-13 05:05:00,614.161428478255,842.1726519797186
2025-08-13 07:10:00,742.9755358173373,2025-08-13 05:10:00,604.5136313845205,828.9430506282879
2025-08-13 07:15:00,731.3262153204869,2025-08-13 05:15:00,595.035293677255,815.9458215071664
2025-08-13 07:20:00,720.011933432008,2025-08-13 05:20:00,585.8295563397689,803.3223973267371
2025-08-13 07:25:00,709.1553951115816,2025-08-13 05:25:00,576.9962568730153,791.2096808767977
2025-08-13 07:30:00,698.870823774954,2025-08-13 05:30:00,568.6283318657694,779.7351120287001
2025-08-13 07:35:00,689.2598885100749,2025-08-13 05:35:00,560.808503220157,769.0121237016408
2025-08-13 07:40:00,680.4081463577759,2025-08-13 05:40:00,553.606383453617,759.1361724900981
2025-08-13 07:45:00,672.3821381630274,2025-08-13 05:45:00,547.0761127711619,750.181498484576
2025-08-13 07:50:00,665.2272439185721,2025-08-13 05:50:00,541.2546140900112,742.1987324633543
2025-08-13 07:55:00,658.9663663200095,2025-08-13 05:55:00,536.160521929093,735.213427125604
2025-08-13 08:00:00,653.5994732471257,2025-08-13 06:00:00,531.7938101541591,729.2255466345755
2025-08-13 08:05:00,649.1039911830003,2025-08-13 06:05:00,528.1361120787859,724.2099055580743
2025-08-13 08:10:00,645.4360047271882,2025-08-13 06:10:00,525.1516964346921,720.1175071737866
2025-08-13 08:15:00,642.5321841279455,2025-08-13 06:15:00,522.7890356865071,716.8776940305914
2025-08-13 08:20:00,640.3123338183491,2025-08-13 06:20:00,520.9828796193252,714.4009913683017
2025-08-13 08:25:00,638.6824325548262,2025-08-13 06:25:00,519.6567289129947,712.5824990216845
2025-08-13 08:30:00,637.5380195701462,2025-08-13 06:30:00,518.725590247155,711.3056693752607
2025-08-13 08:35:00,636.7677725565117,2025-08-13 06:35:00,518.0988874866623,710.4462993442984
2025-08-13 08:40:00,636.2571222782475,2025-08-13 06:40:00,517.6834026702727,709.8765632237103
2025-08-13 08:45:00,635.8917544712215,2025-08-13 06:45:00,517.3861252914512,709.468919781959
2025-08-13 08:50:00,635.5608626353343,2025-08-13 06:50:00,517.1168988961465,709.0997414246036
2025-08-13 08:55:00,635.1600338507955,2025-08-13 06:55:00,516.790769094526,708.6525339198912
2025-08-13 09:00:00,634.5936733835482,2025-08-13 07:00:00,516.3299563137234,708.0206415481474
2025-08-13 09:05:00,633.7769005645929,2025-08-13 07:05:00,515.665398358582,707.1093623477223
2025-08-13 09:10:00,632.6368777425424,2025-08-13 07:10:00,514.7378316988523,705.8374308367381
2025-08-13 09:15:00,631.113563578896,2025-08-13 07:15:00,513.4984043793614,704.1378584699452
2025-08-13 09:20:00,629.1599107952281,2025-08-13 07:20:00,511.9088369147742,701.958154266656
2025-08-13 09:25:00,626.7415551866803,2025-08-13 07:25:00,509.941169258942,699.2599778409028
2025-08-13 09:30:00,623.83606550985,2025-08-13 07:30:00,507.57715048467816,696.0183024960596
2025-08-13 09:35:00,620.4318428455117,2025-08-13 07:35:00,504.8073432626991,692.2201872360596
2025-08-13 09:40:00,616.5267707719318,2025-08-13 07:40:00,501.63002559042724,687.8632707542328
2025-08-13 09:45:00,612.1267256449825,2025-08-13 07:45:00,498.04997869827514,682.9541093423121
2025-08-13 09:50:00,607.2440571536027,2025-08-13 07:50:00,494.07725077080215,677.5064816354343
2025-08-13 09:55:00,601.8961450300554,2025-08-13 07:55:00,489.7259826303587,671.5397783235837
2025-08-13 10:00:00,596.1041274209158,2025-08-13 08:00:00,485.0133730905408,665.077583386127
2025-08-13 10:05:00,589.8918813099115,2025-08-13 08:05:00,479.95884938877947,658.1465365423778
2025-08-13 10:10:00,583.285315920319,2025-08-13 08:10:00,474.58349227120175,650.7755448956617
2025-08-13 10:15:00,576.3120179479023,2025-08-13 08:15:00,468.9097473404288,642.9953871172011
2025-08-13 10:20:00,569.001262996528,2025-08-13 08:20:00,462.96143436003456,634.8387262049123
2025-08-13 10:25:00,561.3843829688672,2025-08-13 08:25:00,456.76404617783,626.3405193838049
2025-08-13 10:30:00,553.4954549784828,2025-08-13 08:30:00,450.345309251382,617.5387867300614
2025-08-13 10:35:00,545.3722550447263,2025-08-13 08:35:00,443.73595961106633,608.475675215166
2025-08-13 10:40:00,537.0574008378144,2025-08-13 08:40:00,436.97067264165935,599.1987336746554
2025-08-13 10:45:00,528.5995922033792,2025-08-13 08:45:00,430.08907242109063,589.7622968701161
2025-08-13 10:50:00,520.0548481432477,2025-08-13 08:50:00,423.1367381758466,580.2288655973739
2025-08-13 10:55:00,511.4876332215845,2025-08-13 08:55:00,416.16612076857365,570.6703634257793
2025-08-13 11:00:00,502.97176728059924,2025-08-13 09:00:00,409.2372828779619,561.1691516744447
2025-08-13 11:05:00,494.59101784985,2025-08-13 09:05:00,402.4183810058664,551.8186903674865
2025-08-13 11:10:00,486.4392861210356,2025-08-13 09:10:00,395.78581679359127,542.7237457274141
2025-08-13 11:15:00,478.62031353949214,2025-08-13 09:15:00,389.4239982933831,534.000062817191
2025-08-13 11:20:00,471.2468558522905,2025-08-13 09:20:00,383.4246679420184,525.7734440198659
2025-08-13 11:25:00,464.43929551184175,2025-08-13 09:25:00,377.8857735587104,518.1782008874795
2025-08-13 11:30:00,458.32368826657984,2025-08-13 09:30:00,372.9098789757377,511.35497470849776
2025-08-13 11:35:00,453.0292670667198,2025-08-13 09:35:00,368.6021331196299,505.44795159784445
2025-08-13 11:40:00,448.6854521857042,2025-08-13 09:40:00,365.06783733033967,500.6015266682908
2025-08-13 11:45:00,445.41844235499775,2025-08-13 09:45:00,362.40967177666954,496.95650073547966
2025-08-13 11:50:00,443.3474839154891,2025-08-13 09:50:00,360.7246598935574,494.64591778380526
2025-08-13 11:55:00,442.58093467200314,2025-08-13 09:55:00,360.10096578187313,493.7906733811036
2025-08-13 12:00:00,443.2122540262724,2025-08-13 10:00:00,360.61463162551735,494.4950408416996
2025-08-13 12:05:00,445.31606120261347,2025-08-13 10:05:00,362.3263705113794,496.8422733609661
2025-08-13 12:10:00,448.94440818671126,2025-08-13 10:10:00,365.27853394818374,500.8904457068122
2025-08-13 12:15:00,454.1234129478936,2025-08-13 10:15:00,369.49237252591826,506.6686978820068
2025-08-13 12:20:00,460.8503922488003,2025-08-13 10:20:00,374.96570305888935,514.1740361796839
2025-08-13 12:25:00,469.09162139557316,2025-08-13 10:25:00,381.6710858318323,523.3688337208133
2025-08-13 12:30:00,478.78083128766997,2025-08-13 10:30:00,389.5546017415113,534.1791536020687
2025-08-13 12:35:00,489.8185321488105,2025-08-13 10:35:00,398.5353020580619,546.4939943776683
2025-08-13 12:40:00,502.07222839944876,2025-08-13 10:40:00,408.5053832535447,560.1655297941101
2025-08-13 12:45:00,515.3775616547134,2025-08-13 10:45:00,419.33111698927667,575.0103840410427
2025-08-13 12:50:00,529.5403897859314,2025-08-13 10:50:00,430.85454172069655,590.8119513748861
2025-08-13 12:55:00,544.3397802077998,2025-08-13 10:55:00,442.895898151577,607.3237357504603
2025-08-13 13:00:00,559.5318660614927,2025-08-13 11:00:00,455.2567667737427,624.2736531917031
2025-08-13 13:05:00,574.8544858582487,2025-08-13 11:05:00,467.72384286053676,641.3692082747754
2025-08-13 13:10:00,590.0325016652619,2025-08-13 11:10:00,480.0732635485484,658.3034276656048
2025-08-13 13:15:00,604.7836681617205,2025-08-13 11:15:00,492.07538312859907,674.7614082671444
2025-08-13 13:20:00,618.8249058846334,2025-08-13 11:20:00,503.49987720117133,690.4273163240282
2025-08-13 13:25:00,631.8788180123472,2025-08-13 11:25:00,514.1210449835232,704.9916582439499
2025-08-13 13:30:00,643.6802799390052,2025-08-13 11:30:00,523.7231708423269,718.1586326324076
2025-08-13 13:35:00,653.9829264179386,2025-08-13 11:35:00,532.1058024844301,729.6533680443841
2025-08-13 13:40:00,662.5653613530455,2025-08-13 11:40:00,539.0888034832926,739.2288512924293
2025-08-13 13:45:00,669.2369204557832,2025-08-13 11:45:00,544.5170419995927,746.6723568837493
2025-08-13 13:50:00,673.84282719212,2025-08-13 11:50:00,548.2645858590798,751.8111995466214
2025-08-13 13:55:00,676.2685965829702,2025-08-13 11:55:00,550.2382856549299,754.5176475816297
2025-08-13 14:00:00,676.4435597338361,2025-08-13 12:00:00,550.3806424413779,754.7128552042693
2025-08-13 14:05:00,674.3434033775377,2025-08-13 12:05:00,548.6718740039022,752.3696959306989
2025-08-13 14:10:00,669.9916430082712,2025-08-13 12:10:00,545.1311134580701,747.5144061638096
2025-08-13 14:15:00,663.4599744500722,2025-08-13 12:15:00,539.8166952992361,740.2269774406416
2025-08-13 14:20:00,654.8674762747788,2025-08-13 12:20:00,532.8255064589505,730.6402665644752
2025-08-13 14:25:00,644.378663810845,2025-08-13 12:25:00,524.2914029712648,718.9378244487243
2025-08-13 14:30:00,632.200423874224,2025-08-13 12:30:00,514.3827159512272,705.3504761745442
2025-08-13 14:35:00,618.577887065743,2025-08-13 12:35:00,503.2988931363818,690.1517156838694
2025-08-13 14:40:00,603.7893209595697,2025-08-13 12:40:00,491.26634378739396,673.6520080737346
2025-08-13 14:45:00,588.1401520161498,2025-08-13 12:45:00,478.53357468520585,656.1921198023323
2025-08-13 14:50:00,571.956247125875,2025-08-13 12:50:00,465.36572373512155,638.1356228598532
2025-08-13 14:55:00,555.5766044271571,2025-08-13 12:55:00,452.0386129337004,619.8607398626091
2025-08-13 15:00:00,539.3456204028887,2025-08-13 13:00:00,438.83245657935856,601.7517163979604
2025-08-13 15:05:00,523.6051125999222,2025-08-13 13:05:00,426.0253706484067,584.1899207161208
2025-08-13 15:10:00,508.68628688501605,2025-08-13 13:10:00,413.88683704381174,567.5448815409056
2025-08-13 15:15:00,494.9018428761483,2025-08-13 13:15:00,402.67128026878237,552.1654800437144
2025-08-13 15:20:00,482.5384121251379,2025-08-13 13:20:00,392.6119148396872,538.3715130704952
2025-08-13 15:25:00,471.8495199896253,2025-08-13 13:25:00,383.915018792891,526.4458406526259
2025-08-13 15:30:00,463.0492536387446,2025-08-13 13:30:00,376.7547817292714,516.6273213561385
2025-08-13 15:35:00,456.30680667592384,2025-08-13 13:35:00,371.26886610833714,509.1047256788642
2025-08-13 15:40:00,451.74205303373157,2025-08-13 13:40:00,367.55480599788984,504.011797813665
2025-08-13 15:45:00,449.4222822157703,2025-08-13 13:45:00,365.6673507405604,501.42361313476584
2025-08-13 15:50:00,449.3602023888653,2025-08-13 13:50:00,365.61684019238095,501.3543502336119
2025-08-13 15:55:00,451.513289232278,2025-08-13 13:55:00,367.368674921321,503.75656442533864
2025-08-13 16:00:00,455.7845266102721,2025-08-13 14:00:00,370.8439188471335,508.52201412238287
2025-08-13 16:05:00,462.02455088961494,2025-08-13 14:05:00,375.9210439410081,515.4840532646579
2025-08-13 16:10:00,470.0351746868348,2025-08-13 14:10:00,382.4387972826244,524.4215627892454
2025-08-13 16:15:00,479.57422899177215,2025-08-13 14:15:00,390.2001407991484,535.0643530218268
2025-08-13 16:20:00,490.3616255053761,2025-08-13 14:20:00,398.97718381773126,547.0999274697616
2025-08-13 16:25:00,502.0865055469844,2025-08-13 14:25:00,408.51699969296504,560.1814589084105
2025-08-13 16:30:00,514.4153074305019,2025-08-13 14:30:00,418.5481897361562,573.9367902096923
2025-08-13 16:35:00,527.0005542035642,2025-08-13 14:35:00,428.78803325978555,587.9782388847088
2025-08-13 16:40:00,539.4901365148423,2025-08-13 14:40:00,438.95004047737285,601.9129540443333
2025-08-13 16:45:00,551.5368445448894,2025-08-13 14:45:00,448.7517080510724,615.3535512417498
2025-08-13 16:50:00,562.8078876295687,2025-08-13 14:50:00,457.92226462547615,627.9287335835193
2025-08-13 16:55:00,572.9941321025891,2025-08-13 14:55:00,466.2101870935855,639.2935984557148
2025-08-13 17:00:00,581.8187876048569,2025-08-13 15:00:00,473.3902681140524,649.139328900589
2025-08-13 17:05:00,589.0452793488623,2025-08-13 15:05:00,479.2700212899537,657.2019767575284
2025-08-13 17:10:00,594.4840601101819,2025-08-13 15:10:00,483.69522366853903,663.270062850063
2025-08-13 17:15:00,597.9981394360121,2025-08-13 15:15:00,486.5544145191422,667.1907459628644
2025-08-13 17:20:00,599.5071398836394,2025-08-13 15:20:00,487.78219564568025,668.8743484156416
2025-08-13 17:25:00,598.9897290316227,2025-08-13 15:25:00,487.36121016501255,668.297069475189
2025-08-13 17:30:00,596.4843216848097,2025-08-13 15:30:00,485.3227138481006,665.5017688104788
2025-08-13 17:35:00,592.0879973386487,2025-08-13 15:35:00,481.74569432710337,660.5967586999519
2025-08-13 17:40:00,585.9536321573495,2025-08-13 15:40:00,476.7545375618856,653.7526041593045
2025-08-13 17:45:00,578.2853010985588,2025-08-13 15:45:00,470.5152868308253,645.1969930595275
2025-08-13 17:50:00,569.3320623358244,2025-08-13 15:50:00,463.2305854965355,635.2078013631684
2025-08-13 17:55:00,559.3802908192667,2025-08-13 15:55:00,455.1334392943188,624.104539623849
2025-08-13 18:00:00,548.7447787704314,2025-08-13 16:00:00,446.47997535058005,612.2384237455423
2025-08-13 18:05:00,537.7588665161791,2025-08-13 16:05:00,437.54141224757836,599.9813638842692
2025-08-13 18:10:00,526.7639049463859,2025-08-13 16:10:00,428.5954862714598,587.71420763776
2025-08-13 18:15:00,516.0983797992228,2025-08-13 16:15:00,419.91760251013017,575.8146059337603
2025-08-13 18:20:00,506.087046726205,2025-08-13 16:20:00,411.7719947219649,564.6448909454009
2025-08-13 18:25:00,497.03043301222124,2025-08-13 16:25:00,404.4031835291921,554.5403630861183
2025-08-13 18:30:00,489.19505702989136,2025-08-13 16:30:00,398.02801858768345,545.7983787858318
2025-08-13 18:35:00,482.8046992527413,2025-08-13 16:35:00,392.8285763456699,538.668611498717
2025-08-13 18:40:00,478.03302925026264,2025-08-13 16:40:00,388.9461610817626,533.344825589542
2025-08-13 18:45:00,474.99785246637714,2025-08-13 16:45:00,386.4766238613988,529.9584574237821
2025-08-13 18:50:00,473.75718945657525,2025-08-13 16:50:00,385.4671724525382,528.5742409448162
2025-08-13 18:55:00,474.3073405840321,2025-08-13 16:55:00,385.9147966875722,529.1880484417198
2025-08-13 19:00:00,476.5830226464577,2025-08-13 17:00:00,387.766379628214,531.7270429848066
2025-08-13 19:05:00,480.45959283683885,2025-08-13 17:05:00,390.9205070659718,536.0521597143287
2025-08-13 19:10:00,485.7573023598039,2025-08-13 17:10:00,395.2309284289375,541.9628516302855
2025-08-13 19:15:00,492.2474495727148,2025-08-13 17:15:00,400.5115632153586,549.2039546953798
2025-08-13 19:20:00,499.6602333563823,2025-08-13 17:20:00,406.5428907997905,557.4744498961693
2025-08-13 19:25:00,507.6940441512531,2025-08-13 17:25:00,413.07950997947967,566.4378293177333
2025-08-13 19:30:00,516.025875532281,2025-08-13 17:30:00,419.8586102343594,575.733712411262
2025-08-13 19:35:00,524.3224950646454,2025-08-13 17:35:00,426.6090607673072,584.9903093966454
2025-08-13 19:40:00,532.2519817075431,2025-08-13 17:40:00,433.0607977820932,593.8372936253373
2025-08-13 19:45:00,539.4952196649602,2025-08-13 17:45:00,438.9541763249056,601.9186253508062
2025-08-13 19:50:00,545.7569360079667,2025-08-13 17:50:00,444.0489509207427,608.9048664816542
2025-08-13 19:55:00,550.7758824287372,2025-08-13 17:55:00,448.1325598422755,614.5045404364588
2025-08-13 20:00:00,554.3337890729742,2025-08-13 18:00:00,451.02741029420696,618.4741219978221
2025-08-13 20:05:00,556.2627609839845,2025-08-13 18:05:00,452.5968964462386,620.6262895772433
2025-08-13 20:10:00,556.4508426216568,2025-08-13 18:10:00,452.7499269409249,620.8361335882277
2025-08-13 20:15:00,554.8455422135565,2025-08-13 18:15:00,451.44379244203304,619.0450885896847
2025-08-13 20:20:00,551.4551823638739,2025-08-13 18:20:00,448.68526454221825,615.2624401698657
2025-08-13 20:25:00,546.3480242502452,2025-08-13 18:25:00,444.52988317568617,609.5643478065753
2025-08-13 20:30:00,539.649195995389,2025-08-13 18:30:00,439.07945742255623,602.0904178297199
2025-08-13 20:35:00,531.5355390560309,2025-08-13 18:35:00,432.4778723315695,593.0379535010471
2025-08-13 20:40:00,522.2285662252389,2025-08-13 18:40:00,424.90535927843126,582.6540982076367
2025-08-13 20:45:00,511.98579718332866,2025-08-13 18:45:00,416.5714462349197,571.2261684748743
2025-08-13 20:50:00,501.0908012488027,2025-08-13 18:50:00,407.7068561659418,559.0705445933779
2025-08-13 20:55:00,489.8423274857761,2025-08-13 18:55:00,398.55466286452946,546.5205430031131
2025-08-13 21:00:00,478.5429389089319,2025-08-13 19:00:00,389.3610433014054,533.9137353956194
2025-08-13 21:05:00,467.4875883244338,2025-08-13 19:05:00,380.36598248730746,521.5792026990648
2025-08-13 21:10:00,456.95257663604076,2025-08-13 19:10:00,371.79428952379305,509.82521578242404
2025-08-13 21:15:00,447.1853211143138,2025-08-13 19:15:00,363.8472726713414,498.9278198411977
2025-08-13 21:20:00,438.39533062365325,2025-08-13 19:20:00,356.6953964450278,489.1207653945043
2025-08-13 21:25:00,430.7467382450993,2025-08-13 19:25:00,350.47220586762455,480.58717687962013
2025-08-13 21:30:00,424.3526819599515,2025-08-13 19:30:00,345.26975437645996,473.4532831410213
2025-08-13 21:35:00,419.2717512903997,2025-08-13 19:35:00,341.1357126728057,467.78445292225
2025-08-13 21:40:00,415.5066371594344,2025-08-13 19:40:00,338.07227019568137,463.58368850508435
2025-08-13 21:45:00,413.00503482120143,2025-08-13 19:45:00,336.0368697809132,460.7926331153097
2025-08-13 21:50:00,411.6627607106774,2025-08-13 19:50:00,334.94474365057744,459.2950484139061
2025-08-13 21:55:00,411.32895549773525,2025-08-13 19:55:00,334.67314681902263,458.9226195812024
2025-08-13 22:00:00,411.8131624252866,2025-08-13 20:00:00,335.06711630254483,459.4628526687134
2025-08-13 22:05:00,412.8939944337011,2025-08-13 20:05:00,335.9465230270267,460.66874457104393
2025-08-13 22:10:00,414.3290395846762,2025-08-13 20:10:00,337.1141312639014,462.26983457723105
2025-08-13 22:15:00,415.86560378199215,2025-08-13 20:15:00,338.36433932324627,463.9841901001327
2025-08-13 22:20:00,417.251855587955,2025-08-13 20:20:00,339.49224740747957,465.5308410268145
2025-08-13 22:25:00,418.24792094186523,2025-08-13 20:25:00,340.30268470340775,466.6421581742724
2025-08-13 22:30:00,418.63647664164455,2025-08-13 20:30:00,340.6188286485921,467.07567251167217
2025-08-13 22:35:00,418.232411560185,2025-08-13 20:35:00,340.29006567062936,466.6248542476375
2025-08-13 22:40:00,416.89116062726686,2025-08-13 20:40:00,339.19877203716635,465.1284111127123
2025-08-13 22:45:00,414.5153708802144,2025-08-13 20:45:00,337.265737612531,462.4777257191393
2025-08-13 22:50:00,411.0596249426974,2025-08-13 20:50:00,334.45400906277115,458.6221255795057
2025-08-13 22:55:00,406.53302649929174,2025-08-13 20:55:00,330.7709934977534,453.5717677389638
2025-08-13 23:00:00,400.9995385934278,2025-08-13 21:00:00,326.2687337234578,447.39801621664003
2025-08-13 23:05:00,394.57605694529855,2025-08-13 21:05:00,321.04234061891134,440.2312923928233
2025-08-13 23:10:00,387.4282926282315,2025-08-13 21:10:00,315.2266431224419,432.2564812819252
2025-08-13 23:15:00,379.76462804907896,2025-08-13 21:15:00,308.9911892196967,423.70607660642526
2025-08-13 23:20:00,371.8281929022894,2025-08-13 21:20:00,302.5337986334029,414.8513398828856
2025-08-13 23:25:00,363.8874798923006,2025-08-13 21:25:00,296.0729274121588,405.99183031717337
2025-08-13 23:30:00,356.22588027985944,2025-08-13 21:30:00,289.839153646195,397.44372953961175
2025-08-13 23:35:00,349.13056390360003,2025-08-13 21:35:00,284.0661298228518,389.5274349665488
2025-08-13 23:40:00,342.8811558194637,2025-08-13 21:40:00,278.98136970246765,382.5549262470172
2025-08-13 23:45:00,337.7386709540215,2025-08-13 21:45:00,274.7972451243568,376.81741957732584
2025-08-13 23:50:00,333.9351582401259,2025-08-13 21:50:00,271.70256007505054,372.57381359009554
2025-08-13 23:55:00,331.66447750692964,2025-08-13 21:55:00,269.8550464093021,370.04039906533876
2025-08-14 00:00:00,331.0745868914378,2025-08-13 22:00:00,269.3750885898318,369.38225394107855
2025-08-14 00:05:00,332.2616574906489,2025-08-13 22:05:00,270.34093514068695,370.7066769891924
2025-08-14 00:10:00,335.2662578944281,2025-08-13 22:10:00,272.78559423561916,374.05893087180215
2025-08-14 00:15:00,340.07176728423985,2025-08-13 22:15:00,276.69554253383836,379.4204716243267
2025-08-14 00:20:00,346.60508507887795,2025-08-13 22:20:00,282.0113025752252,386.70974041223315
2025-08-14 00:25:00,354.7396119706759,2025-08-13 22:25:00,288.6298682666867,395.7854894941823
2025-08-14 00:30:00,364.300384418625,2025-08-13 22:30:00,296.40888250433943,406.4525108122493
2025-08-14 00:35:00,375.071157393792,2025-08-13 22:35:00,305.17239996911536,418.46953826098985
2025-08-14 00:40:00,386.80315070348337,2025-08-13 22:40:00,314.71800347437534,431.5590060230578
2025-08-14 00:45:00,399.2251065119443,2025-08-13 22:45:00,324.82498715373697,445.4182698160543
2025-08-14 00:50:00,412.0542526395527,2025-08-13 22:50:00,335.2632766253164,459.7318387228377
2025-08-14 00:55:00,425.0077289967718,2025-08-13 22:55:00,345.80272598032343,474.1841237445541
2025-08-14 01:00:00,437.814016453278,2025-08-13 23:00:00,356.2224167530084,488.4721890706093
2025-08-14 01:05:00,450.2239065189066,2025-08-13 23:05:00,366.319583277345,502.3179910291451
2025-08-14 01:10:00,462.02056991356324,2025-08-13 23:10:00,375.91780486492354,515.4796116615718
2025-08-14 01:15:00,473.02831792992424,2025-08-13 23:15:00,384.8741343885004,527.7610338367874
2025-08-14 01:20:00,483.11970402738626,2025-08-13 23:20:00,393.08487641349734,539.0200645496839
2025-08-14 01:25:00,492.2206799513315,2025-08-13 23:25:00,400.4897824160549,549.1740876398122
2025-08-14 01:30:00,500.31359933629636,2025-08-13 23:30:00,407.07449463073823,558.2034149326437
2025-08-14 01:35:00,507.43794852422326,2025-08-13 23:35:00,412.8711406725318,566.1521016186522
2025-08-14 01:40:00,513.6887754269018,2025-08-13 23:40:00,417.9570551985563,573.126193324048
2025-08-14 01:45:00,519.2128794672587,2025-08-13 23:45:00,422.4516798969436,579.2894752013767
2025-08-14 01:50:00,524.2029147282934,2025-08-13 23:50:00,426.5117655807426,584.8568927711549
2025-08-14 01:55:00,528.8896413526044,2025-08-13 23:55:00,430.32506762688865,590.0859067536184
2025-08-14 02:00:00,533.5326326147324,2025-08-14 00:00:00,434.10278489084664,595.2661248837279
2025-08-14 02:05:00,538.4098056776999,2025-08-14 00:05:00,438.07104152522135,600.7076213023291
2025-08-14 02:10:00,543.8061884938966,2025-08-14 00:10:00,442.46174729586477,606.728403708166
2025-08-14 02:15:00,550.0023638022204,2025-08-14 00:15:00,447.5031951710083,613.6415202439067
2025-08-14 02:20:00,557.263041263345,2025-08-14 00:20:00,453.4107631685302,621.7423093467828
2025-08-14 02:25:00,565.826200877927,2025-08-14 00:25:00,460.3780810211182,631.296286983637
2025-08-14 02:30:00,575.8932255315713,2025-08-14 00:30:00,468.56900163321774,642.528137461677
2025-08-14 02:35:00,587.6203981298268,2025-08-14 00:35:00,478.1106828212069,655.6122267219624
2025-08-14 02:40:00,601.1120825955305,2025-08-14 00:40:00,489.0880391091021,670.6649943299989
2025-08-14 02:45:00,616.4158388864067,2025-08-14 00:45:00,501.5397671179443,687.7395032663868
2025-08-14 02:50:00,633.5196442551145,2025-08-14 00:50:00,515.4560846755032,706.8223396670389
2025-08-14 02:55:00,652.3513089983193,2025-08-14 00:55:00,530.7782554471252,727.8329609702944
2025-08-14 03:00:00,672.7800880114437,2025-08-14 01:00:00,547.3999001590068,750.6254939399315
2025-08-14 03:05:00,694.620404517273,2025-08-14 01:05:00,565.1700263678085,774.9928892554625
2025-08-14 03:10:00,717.6375204553526,2025-08-14 01:10:00,583.8976421087768,800.673248005616
2025-08-14 03:15:00,741.554915555731,2025-08-14 01:15:00,603.3577597955356,827.3580545730075
2025-08-14 03:20:00,766.0630730750433,2025-08-14 01:20:00,623.2985446347632,854.7019789419144
2025-08-14 03:25:00,790.8293217855476,2025-08-14 01:25:00,643.4493224491216,882.3338574749265
2025-08-14 03:30:00,815.5083477227804,2025-08-14 01:30:00,663.5291324417043,909.8684209440177
2025-08-14 03:35:00,839.7529702522163,2025-08-14 01:35:00,683.255495020646,936.9183174641945
2025-08-14 03:40:00,863.2247752450642,2025-08-14 01:40:00,702.353063362202,963.1059760028022
2025-08-14 03:45:00,885.6042109670113,2025-08-14 01:45:00,720.5618378163002,988.074870433872
2025-08-14 03:50:00,906.5997825202467,2025-08-14 01:50:00,737.6446468601773,1011.4997778419972
2025-08-14 03:55:00,925.9560231277844,2025-08-14 01:55:00,753.3936328436026,1033.0956721405307
2025-08-14 04:00:00,943.4599769426878,2025-08-14 02:00:00,767.6355266531932,1052.6249569876027
2025-08-14 04:05:00,958.945991544907,2025-08-14 02:05:00,780.2355470731964,1069.9028128086775
2025-08-14 04:10:00,972.298691203885,2025-08-14 02:10:00,791.0998199469403,1084.8005140866342
2025-08-14 04:15:00,983.454075858252,2025-08-14 02:15:00,800.1762723492176,1097.24665550117
2025-08-14 04:20:00,992.3987669010684,2025-08-14 02:20:00,807.4540189279891,1107.2263104460706
2025-08-14 04:25:00,999.1674933992704,2025-08-14 02:25:00,812.961316595301,1114.7782263865001
2025-08-14 04:30:00,1003.8389794966865,2025-08-14 02:30:00,816.7622183593204,1119.9902364055108
2025-08-14 04:35:00,1006.5304528079923,2025-08-14 02:35:00,818.9521051412615,1122.9931321804088
2025-08-14 04:40:00,1007.3910415501421,2025-08-14 02:40:00,819.6523134261457,1123.953297115677
2025-08-14 04:45:00,1006.5943645964089,2025-08-14 02:45:00,819.0041062441801,1123.0644390139546
2025-08-14 04:50:00,1004.3306407059779,2025-08-14 02:50:00,817.1622529347693,1120.5387862877853
2025-08-14 04:55:00,1000.7986520622569,2025-08-14 02:55:00,814.2884903704665,1116.5981216225757
2025-08-14 05:00:00,996.1978910757623,2025-08-14 03:00:00,810.545133292069,1111.465020109131
2025-08-14 05:05:00,990.7212006066336,2025-08-14 03:05:00,806.0890861090081,1105.3546378879557
2025-08-14 05:10:00,984.5481858514647,2025-08-14 03:10:00,801.0664825556728,1098.4673617448807
2025-08-14 05:15:00,977.8396341770137,2025-08-14 03:15:00,795.608145452296,1090.9825832801373
2025-08-14 05:20:00,970.7331280073915,2025-08-14 03:20:00,789.8260171802946,1083.0538041756208
2025-08-14 05:25:00,963.3399790110864,2025-08-14 03:25:00,783.8106652182589,1074.8052156457106
2025-08-14 05:30:00,955.7435507366686,2025-08-14 03:30:00,777.6299173734883,1066.3298269900833
2025-08-14 05:35:00,947.9989755394604,2025-08-14 03:35:00,771.3286314625807,1057.6891497667996
2025-08-14 05:40:00,940.134211113286,2025-08-14 03:40:00,764.9295549465279,1048.914376572237
2025-08-14 05:45:00,932.1523266183743,2025-08-14 03:45:00,758.4351850127955,1040.0089316901306
2025-08-14 05:50:00,924.0348588607523,2025-08-14 03:50:00,751.8304992926813,1030.9522156046169
2025-08-14 05:55:00,915.7460382732778,2025-08-14 03:55:00,745.0863942829293,1021.7043199571069
2025-08-14 06:00:00,907.2376535659365,2025-08-14 04:00:00,738.1636434133557,1012.2114550709654
2025-08-14 06:05:00,898.454304090646,2025-08-14 04:05:00,731.0171705739962,1002.4118100520052
2025-08-14 06:10:00,889.3387807732852,2025-08-14 04:10:00,723.6004282495182,992.2415563323401
2025-08-14 06:15:00,879.8373197048628,2025-08-14 04:15:00,715.869672044185,981.6407091391422
2025-08-14 06:20:00,869.904487058602,2025-08-14 04:20:00,707.7879352393246,970.5585776311191
2025-08-14 06:25:00,859.5074784419487,2025-08-14 04:25:00,699.328526912407,958.9585617159032
2025-08-14 06:30:00,848.6296492515705,2025-08-14 04:30:00,690.4779043704117,946.8220908920476
2025-08-14 06:35:00,837.2731331243558,2025-08-14 04:35:00,681.2378036228316,934.1515456732922
2025-08-14 06:40:00,825.460450726101,2025-08-14 04:40:00,671.6265483543721,920.9720525254588
2025-08-14 06:45:00,813.2350599380886,2025-08-14 04:45:00,661.6794975780283,907.3320977135019
2025-08-14 06:50:00,800.6608472950601,2025-08-14 04:50:00,651.4486318493522,893.3029598952636
2025-08-14 06:55:00,787.8206080725158,2025-08-14 04:55:00,641.0013166066946,878.9770143441443
2025-08-14 07:00:00,774.8136066896008,2025-08-14 05:00:00,630.4183172206386,864.4650110733787
2025-08-14 07:05:00,761.7523473560659,2025-08-14 05:05:00,619.7911714674691,849.8924718240522
2025-08-14 07:10:00,748.7587165270203,2025-08-14 05:10:00,609.2190508811631,835.3953861746332
2025-08-14 07:15:00,735.9596823706227,2025-08-14 05:15:00,598.8052616739762,821.1154134067166
2025-08-14 07:20:00,723.4827505657549,2025-08-14 05:20:00,588.6535473976774,807.1948125064052
2025-08-14 07:25:00,711.4513810063104,2025-08-14 05:25:00,578.8643597968933,793.7713285489277
2025-08-14 07:30:00,699.9805658980471,2025-08-14 05:30:00,569.5312609776861,780.9732591500793
2025-08-14 07:35:00,689.172756368999,2025-08-14 05:35:00,560.7376091402407,768.9149097567001
2025-08-14 07:40:00,679.1143041884701,2025-08-14 05:40:00,552.5536634238181,757.6926236474354
2025-08-14 07:45:00,669.872556986447,2025-08-14 05:45:00,545.0342204649234,747.3815410485274
2025-08-14 07:50:00,661.4937130667785,2025-08-14 05:50:00,538.216868990341,738.0332057337347
2025-08-14 07:55:00,654.0015042359142,2025-08-14 05:55:00,532.1209181156538,729.6740954470566
2025-08-14 08:00:00,647.3967377451703,2025-08-14 06:00:00,526.7470246517538,722.3051108444859
2025-08-14 08:05:00,641.6576890129832,2025-08-14 06:05:00,522.0775126388573,715.9020136569989
2025-08-14 08:10:00,636.7413004970435,2025-08-14 06:10:00,518.0773487952413,710.4167642806603
2025-08-14 08:15:00,632.5851085375187,2025-08-14 06:15:00,514.6957102714108,705.779671569209
2025-08-14 08:20:00,629.1097912439567,2025-08-14 06:20:00,511.8680577094278,701.9022355294645
2025-08-14 08:25:00,626.2222079168034,2025-08-14 06:25:00,509.5186082338101,698.6805384253727
2025-08-14 08:30:00,623.8187845146433,2025-08-14 06:30:00,507.5630899986154,695.9990219677059
2025-08-14 08:35:00,621.7890909140203,2025-08-14 06:35:00,505.9116527843864,693.7344784881009
2025-08-14 08:40:00,620.0194548195642,2025-08-14 06:40:00,504.47180841520134,691.7600830041007
2025-08-14 08:45:00,618.3964629264782,2025-08-14 06:45:00,503.15127943988625,689.9492994908593
2025-08-14 08:50:00,616.8102130011864,2025-08-14 06:50:00,501.8606451506069,688.1795092504798
2025-08-14 08:55:00,615.1571989268884,2025-08-14 06:55:00,500.51568896751496,686.3352297777074
2025-08-14 09:00:00,613.3427345784202,2025-08-14 07:00:00,499.0393705970808,684.3108190942237
2025-08-14 09:05:00,611.282848956578,2025-08-14 07:05:00,497.3633679866763,682.0125901633926
2025-08-14 09:10:00,608.9056143877335,2025-08-14 07:10:00,495.42915799915073,679.360292771946
2025-08-14 09:15:00,606.1518990386911,2025-08-14 07:15:00,493.1886286880239,676.2879531161241
2025-08-14 09:20:00,602.9755639353058,2025-08-14 07:20:00,490.6042395994528,672.7440936167377
2025-08-14 09:25:00,599.3431511695433,2025-08-14 07:25:00,487.64876808543727,668.6913850495843
2025-08-14 09:30:00,595.2331330530182,2025-08-14 07:30:00,484.30469838609844,664.1058088207493
2025-08-14 09:35:00,590.6348106964576,2025-08-14 07:35:00,480.56332547133206,658.9754281039384
2025-08-14 09:40:00,585.5469634217056,2025-08-14 07:40:00,476.42365615017917,653.2988809799149
2025-08-14 09:45:00,579.9763582647336,2025-08-14 07:45:00,471.8911963448291,647.0837174784865
2025-08-14 09:50:00,573.9362297568216,2025-08-14 07:50:00,466.97671418179226,640.3447034596368
2025-08-14 09:55:00,567.4448358816015,2025-08-14 07:55:00,461.69506506270034,633.1022094846028
2025-08-14 10:00:00,560.5241856963928,2025-08-14 08:00:00,456.0641564078142,625.3807912140171
2025-08-14 10:05:00,553.1990189335067,2025-08-14 08:05:00,450.1041174201804,617.2080509418792
2025-08-14 10:10:00,545.4960987031707,2025-08-14 08:10:00,443.8367236013743,608.6138484592135
2025-08-14 10:15:00,537.4438559561564,2025-08-14 08:15:00,437.2851074725439,599.6299043785157
2025-08-14 10:20:00,529.0724001544123,2025-08-14 08:20:00,430.4737672564489,590.2898120390504
2025-08-14 10:25:00,520.413885945755,2025-08-14 08:25:00,423.42886521817144,580.6294466083946
2025-08-14 10:30:00,511.5032012800177,2025-08-14 08:30:00,416.17878754302774,570.6877328184819
2025-08-14 10:35:00,502.37892045255217,2025-08-14 08:35:00,408.7549197696217,560.5077082829661
2025-08-14 10:40:00,493.08444607403067,2025-08-14 08:40:00,401.192575940643,550.1377976009915
2025-08-14 10:45:00,483.66924888799997,2025-08-14 08:45:00,393.5320073663797,539.6331956303904
2025-08-14 10:50:00,474.1901040474259,2025-08-14 08:50:00,385.81940850712994,529.0572468101527
2025-08-14 10:55:00,464.7122168371572,2025-08-14 08:55:00,378.10783290453696,518.4827011369254
2025-08-14 11:00:00,455.31013169046577,2025-08-14 09:00:00,370.45793279260346,507.99272836118456
2025-08-14 11:05:00,446.06832389782,2025-08-14 09:05:00,362.9384405348347,497.6815781608911
2025-08-14 11:10:00,437.0813850120631,2025-08-14 09:10:00,355.62631947706234,487.65478699935704
2025-08-14 11:15:00,428.4537286399482,2025-08-14 09:15:00,348.6065245680585,478.0288498747842
2025-08-14 11:20:00,420.298764004169,2025-08-14 09:20:00,341.97132993764035,468.93029825758725
2025-08-14 11:25:00,412.73750759733605,2025-08-14 09:25:00,335.8191992846496,460.4941511029335
2025-08-14 11:30:00,405.89662926925183,2025-08-14 09:30:00,330.2531960979894,452.86173485652125
2025-08-14 11:35:00,399.90595542845426,2025-08-14 09:35:00,325.37895216483366,446.177897758915
2025-08-14 11:40:00,394.89547867736997,2025-08-14 09:40:00,321.3022344941319,440.58767347437396
2025-08-14 11:45:00,390.9919483211485,2025-08-14 09:45:00,318.1261712227306,436.23247709748836
2025-08-14 11:50:00,388.31513900469497,2025-08-14 09:50:00,315.94821563414837,433.245942045173
2025-08-14 11:55:00,386.9739140182604,2025-08-14 09:55:00,314.8569431117479,431.74952785892276
2025-08-14 12:00:00,387.062214908881,2025-08-14 10:00:00,314.9287881314965,431.8480457859817
2025-08-14 12:05:00,388.6551192467338,2025-08-14 10:05:00,316.2248367082027,433.6252604014349
2025-08-14 12:10:00,391.8051130334442,2025-08-14 10:10:00,318.78779348274594,437.1397307078405
2025-08-14 12:15:00,396.53872350362667,2025-08-14 10:15:00,322.63924203918043,442.42105332813713
2025-08-14 12:20:00,402.8536514966073,2025-08-14 10:20:00,327.77731169145903,449.4666630725289
2025-08-14 12:25:00,410.71653075223963,2025-08-14 10:25:00,334.17485435984764,458.23933296900873
2025-08-14 12:30:00,420.06142460597306,2025-08-14 10:30:00,341.77822142389067,468.6654970154327
2025-08-14 12:35:00,430.7891493371113,2025-08-14 10:35:00,350.50671317238385,480.63449523439505
2025-08-14 12:40:00,442.76748863303584,2025-08-14 10:40:00,360.2527532997609,493.99881295247604
2025-08-14 12:45:00,455.83233631146726,2025-08-14 10:45:00,370.8828186691217,508.575355743537
2025-08-14 12:50:00,469.78977504434533,2025-08-14 10:50:00,382.2391306423782,524.1477686756283
2025-08-14 12:55:00,484.419069382541,2025-08-14 10:55:00,394.14209032091856,540.4697756497912
2025-08-14 13:00:00,499.47652161907274,2025-08-14 11:00:00,406.39341582505017,557.2694814138705
2025-08-14 13:05:00,514.7001112056103,2025-08-14 11:05:00,418.7799171027018,574.2545477922606
2025-08-14 13:10:00,529.8148127969943,2025-08-14 11:10:00,431.0778228961266,591.118127065722
2025-08-14 13:15:00,544.5384649764437,2025-08-14 11:15:00,443.05755576371035,607.5454097495267
2025-08-14 13:20:00,558.5880434188625,2025-08-14 11:20:00,454.4888361682597,623.2206236060478
2025-08-14 13:25:00,571.6861775072341,2025-08-14 11:25:00,465.1459846481385,637.8343042796769
2025-08-14 13:30:00,583.5677397948187,2025-08-14 11:30:00,474.8132832585668,651.0906472063192
2025-08-14 13:35:00,593.9863330180677,2025-08-14 11:35:00,483.2902536562204,662.7147452194986
2025-08-14 13:40:00,602.7204998026331,2025-08-14 11:40:00,490.3967095562081,672.4595167631929
2025-08-14 13:45:00,609.5794853581239,2025-08-14 11:45:00,495.9774454834044,680.1121353710575
2025-08-14 13:50:00,614.4083932718715,2025-08-14 11:50:00,499.906431725663,685.4997820219281
2025-08-14 13:55:00,617.0925894327648,2025-08-14 11:55:00,502.09039753657623,688.4945586287351
2025-08-14 14:00:00,617.5612265019848,2025-08-14 12:00:00,502.4716987811777,689.0174203153846
2025-08-14 14:05:00,615.7897835458032,2025-08-14 12:05:00,501.0303842794103,687.0410089030009
2025-08-14 14:10:00,611.8015392473511,2025-08-14 12:10:00,497.7853944681999,682.5912965826984
2025-08-14 14:15:00,605.6679235629623,2025-08-14 12:15:00,492.79484752265614,675.7479782610454
2025-08-14 14:20:00,597.507720253536,2025-08-14 12:20:00,486.155390504747,666.643581818676
2025-08-14 14:25:00,587.4851211037658,2025-08-14 12:25:00,478.0006162008073,655.4612971889468
2025-08-14 14:30:00,575.8066607622777,2025-08-14 12:30:00,468.4985691889273,642.4315565374395
2025-08-14 14:35:00,562.7170893127402,2025-08-14 12:35:00,457.84838760317393,627.8274292604086
2025-08-14 14:40:00,548.4942656049199,2025-08-14 12:40:00,446.2761481502317,611.9589244381887
2025-08-14 14:45:00,533.4431795186745,2025-08-14 12:45:00,434.0300023921913,595.1663214329282
2025-08-14 14:50:00,517.8892337400893,2025-08-14 12:50:00,421.37471053977947,577.8126743187959
2025-08-14 14:55:00,502.17093485516034,2025-08-14 12:55:00,408.5856946434987,560.275657283603
2025-08-14 15:00:00,486.632160822383,2025-08-14 13:00:00,395.9427471102611,542.9389373933793
2025-08-14 15:05:00,471.61418402557365,2025-08-14 13:05:00,383.7235403506462,526.1832746560901
2025-08-14 15:10:00,457.447638949234,2025-08-14 13:10:00,372.19709136891817,510.3775603003334
2025-08-14 15:15:00,444.4446279085911,2025-08-14 13:15:00,361.617338679666,495.8700090826123
2025-08-14 15:20:00,432.8911597858947,2025-08-14 13:20:00,352.21699017121443,482.97972313204065
2025-08-14 15:25:00,423.04011224584394,2025-08-14 13:25:00,344.20179689190076,471.98883984440903
2025-08-14 15:30:00,415.1049003048022,2025-08-14 13:30:00,337.74540155311223,463.1354678601579
2025-08-14 15:35:00,409.25402135338277,2025-08-14 13:35:00,332.9849001486846,456.6076009075657
2025-08-14 15:40:00,405.6066296454136,2025-08-14 13:40:00,330.01724118796164,452.53818022884286
2025-08-14 15:45:00,404.22927206018926,2025-08-14 13:45:00,328.89656978571554,451.0014526470311
2025-08-14 15:50:00,405.1338917296256,2025-08-14 13:50:00,329.6326033359875,452.010743198726
2025-08-14 15:55:00,408.2771774884489,2025-08-14 13:55:00,332.19010219960103,455.5177293110602
2025-08-14 16:00:00,413.56130517625013,2025-08-14 14:00:00,336.4894728561842,461.4132678776386
2025-08-14 16:05:00,420.83608252161764,2025-08-14 14:05:00,342.4085130648555,469.52978832090804
2025-08-14 16:10:00,429.90247359707485,2025-08-14 14:10:00,349.785279497074,479.6452248514135
2025-08-14 16:15:00,440.51744153498817,2025-08-14 14:15:00,358.42202795759914,491.4884195201255
2025-08-14 16:20:00,452.40001163108457,2025-08-14 14:20:00,368.0901465600108,504.7458868658394
2025-08-14 16:25:00,465.23842085896524,2025-08-14 14:25:00,378.5359728482329,519.069790678993
2025-08-14 16:30:00,478.6981860468655,2025-08-14 14:30:00,389.4873583771919,534.0869457234378
2025-08-14 16:35:00,492.43089233136646,2025-08-14 14:35:00,400.6608193386598,549.4086230762911
2025-08-14 16:40:00,506.08347669172247,2025-08-14 14:40:00,411.76909000383466,564.6409078327247
2025-08-14 16:45:00,519.3077608200265,2025-08-14 14:45:00,422.5288790352021,579.3953349965104
2025-08-14 16:50:00,531.7699713358277,2025-08-14 14:50:00,432.6686155013534,593.2995112506798
2025-08-14 16:55:00,543.1599785678592,2025-08-14 14:55:00,441.9359659071198,606.0074227315226
2025-08-14 17:00:00,553.1999836118322,2025-08-14 15:00:00,450.10490231977604,617.2091272402973
2025-08-14 17:05:00,561.6523914449849,2025-08-14 15:05:00,456.9821082395391,626.6395383327167
2025-08-14 17:10:00,568.3266237322698,2025-08-14 15:10:00,462.4125217621754,634.0860264149084
2025-08-14 17:15:00,573.0846488932126,2025-08-14 15:15:00,466.283835055279,639.3945886780509
2025-08-14 17:20:00,575.8450392197597,2025-08-14 15:20:00,468.52979538626613,642.4743756533993
2025-08-14 17:25:00,576.5854037272271,2025-08-14 15:25:00,469.13218458400064,643.3004055612641
2025-08-14 17:30:00,575.3430912888205,2025-08-14 15:30:00,468.1213911362336,641.9143488031591
2025-08-14 17:35:00,572.2141089293167,2025-08-14 15:35:00,465.57553007150705,638.423321094426
2025-08-14 17:40:00,567.3502547533883,2025-08-14 15:40:00,461.6181101987508,632.996684652124
2025-08-14 17:45:00,560.9545209486035,2025-08-14 15:45:00,456.41429381272957,625.8609192930232
2025-08-14 17:50:00,553.2748791435168,2025-08-14 15:50:00,450.16584022102654,617.2926887137512
2025-08-14 17:55:00,544.5966148601321,2025-08-14 15:55:00,443.1048687580937,607.610287985289
2025-08-14 18:00:00,535.2334289766276,2025-08-14 16:00:00,435.4866185911633,597.1637153921098
2025-08-14 18:05:00,525.5175694250504,2025-08-14 16:05:00,427.58141948782446,586.3236622976289
2025-08-14 18:10:00,515.7892946566532,2025-08-14 16:10:00,419.66611888390787,575.4697574580919
2025-08-14 18:15:00,506.3859987988708,2025-08-14 16:15:00,412.0152336906051,564.9784338834394
2025-08-14 18:20:00,497.63134771882403,2025-08-14 16:20:00,404.8921109755598,555.2108078666598
2025-08-14 18:25:00,489.8247816249169,2025-08-14 16:25:00,398.54038687352784,546.5009669622808
2025-08-14 18:30:00,483.2317354999136,2025-08-14 16:30:00,393.17602955249316,539.1450588545111
2025-08-14 18:35:00,478.07491102920284,2025-08-14 16:35:00,388.9802377169349,533.3915533859858
2025-08-14 18:40:00,474.5269045512771,2025-08-14 16:40:00,386.09344242321475,529.43301751007
2025-08-14 18:45:00,472.7044547649683,2025-08-14 16:45:00,384.61062679170743,527.3996974172115
2025-08-14 18:50:00,472.6645229055196,2025-08-14 16:50:00,384.57813668644883,527.3551451597106
2025-08-14 18:55:00,474.4023583544814,2025-08-14 16:55:00,385.9921068205327,529.2940604390241
2025-08-14 19:00:00,477.8516362096417,2025-08-14 17:00:00,388.79857268832643,533.1424440935084
2025-08-14 19:05:00,482.88668213615057,2025-08-14 17:05:00,392.89528079039513,538.760080380526
2025-08-14 19:10:00,489.3267269505292,2025-08-14 17:10:00,398.1351503276018,545.945283845861
2025-08-14 19:15:00,496.9420606092572,2025-08-14 17:15:00,404.331280324235,554.4417653722329
2025-08-14 19:20:00,505.4618865017461,2025-08-14 17:20:00,411.2633401845459,563.947395269417
2025-08-14 19:25:00,514.5836133755157,2025-08-14 17:25:00,418.6851299624477,574.1245703407636
2025-08-14 19:30:00,523.983267794055,2025-08-14 17:30:00,426.33305233994537,584.6118311359444
2025-08-14 19:35:00,533.3266658754518,2025-08-14 17:35:00,433.9352023857646,595.0363263386125
2025-08-14 19:40:00,542.280951497991,2025-08-14 17:40:00,441.2207554856802,605.0266860238465
2025-08-14 19:45:00,550.5260910852484,2025-08-14 17:45:00,447.9293199442421,614.2258464710318
2025-08-14 19:50:00,557.7659119660059,2025-08-14 17:50:00,453.81991822132477,622.3033657399476
2025-08-14 19:55:00,563.7382850460244,2025-08-14 17:55:00,458.6792719477075,628.9667845495516
2025-08-14 20:00:00,568.2240793427319,2025-08-14 18:00:00,462.3290876808237,633.9716169155499
2025-08-14 20:05:00,571.0545593386776,2025-08-14 18:05:00,464.6320756776331,637.1296034298709
2025-08-14 20:10:00,572.1169501690971,2025-08-14 18:10:00,465.49647794646427,638.31492037972
2025-08-14 20:15:00,571.3579627770299,2025-08-14 18:15:00,464.87893644955767,637.468112788032
2025-08-14 20:20:00,568.7851452906488,2025-08-14 18:20:00,462.7855926359274,634.5976021546982
2025-08-14 20:25:00,564.4660079134493,2025-08-14 18:25:00,459.2713754181732,629.7787100903723
2025-08-14 20:30:00,558.5249519692657,2025-08-14 18:30:00,454.43750252473245,623.1502320303146
2025-08-14 20:35:00,551.138117074317,2025-08-14 18:35:00,448.42728795976575,614.9086881878648
2025-08-14 20:40:00,542.5263397019359,2025-08-14 18:40:00,441.420412819084,605.3004673753986
2025-08-14 20:45:00,532.9464894225146,2025-08-14 18:45:00,433.6258761198881,594.612160786071
2025-08-14 20:50:00,522.6815123397038,2025-08-14 18:50:00,425.273893755378,583.1594533852897
2025-08-14 20:55:00,512.0295616709548,2025-08-14 18:55:00,416.6070547146948,571.2749968226907
2025-08-14 21:00:00,501.29263266312853,2025-08-14 19:00:00,407.87107401070216,559.2957293272465
2025-08-14 21:05:00,490.765138891733,2025-08-14 19:05:00,399.3054979152211,547.5501302036754
2025-08-14 21:10:00,480.7228711765693,2025-08-14 19:10:00,391.1347205057727,536.3459012166791
2025-08-14 21:15:00,471.4127663226485,2025-08-14 19:15:00,383.5596591174822,525.9585515029521
2025-08-14 21:20:00,463.04388283548366,2025-08-14 19:20:00,376.7504118360162,516.6213291130231
2025-08-14 21:25:00,455.7799340307715,2025-08-14 19:25:00,370.8401821468285,508.51689014901103
2025-08-14 21:30:00,449.7336691168309,2025-08-14 19:30:00,365.92070716651415,501.77102969863284
2025-08-14 21:35:00,444.9633202734202,2025-08-14 19:35:00,362.03936684872184,496.4487178159571
2025-08-14 21:40:00,441.4712528799398,2025-08-14 19:40:00,359.1980857576156,492.5525935714801
2025-08-14 21:45:00,439.20486880556916,2025-08-14 19:45:00,357.35406801966593,490.02397285930897
2025-08-14 21:50:00,438.05972361635776,2025-08-14 19:50:00,356.4223336039006,488.7463262871201
2025-08-14 21:55:00,437.8847298780762,2025-08-14 19:55:00,356.27995193034826,488.5510845378849
2025-08-14 22:00:00,438.489235815176,2025-08-14 20:00:00,356.7718013407433,489.2255360796455
2025-08-14 22:05:00,439.65169265458576,2025-08-14 20:05:00,357.71762118465824,490.5224973821788
2025-08-14 22:10:00,441.12956028502254,2025-08-14 20:10:00,358.92007144703217,492.1713647310228
2025-08-14 22:15:00,442.67005015455413,2025-08-14 20:15:00,360.1734735851216,493.8901001541302
2025-08-14 22:20:00,444.02127027997767,2025-08-14 20:20:00,361.2728785391771,495.3976659875149
2025-08-14 22:25:00,444.94331999557437,2025-08-14 20:25:00,362.02309384913247,496.42640336476495
2025-08-14 22:30:00,445.218883695415,2025-08-14 20:30:00,362.2473031330696,496.7338517301234
2025-08-14 22:35:00,444.6628919759778,2025-08-14 20:35:00,361.79492676650864,496.1135278435134
2025-08-14 22:40:00,443.13085573944005,2025-08-14 20:40:00,360.5484028311771,494.4042241984188
2025-08-14 22:45:00,440.52553223880943,2025-08-14 20:45:00,358.4286108671455,491.49744637549827
2025-08-14 22:50:00,436.80164852555407,2025-08-14 20:50:00,355.39871505250443,487.34268302645336
2025-08-14 22:55:00,431.96848689743547,2025-08-14 20:55:00,351.46626782371624,481.9502904764284
2025-08-14 23:00:00,426.0902231127743,2025-08-14 21:00:00,346.68348505982283,475.3918700720548
2025-08-14 23:05:00,419.283999587333,2025-08-14 21:05:00,341.14567836090777,467.79811843361
2025-08-14 23:10:00,411.71580793536157,2025-08-14 21:10:00,334.98790492424365,459.35423357699324
2025-08-14 23:15:00,403.5943448065326,2025-08-14 21:15:00,328.37996841559004,450.2930598276172
2025-08-14 23:20:00,395.1630875987855,2025-08-14 21:20:00,321.51997146268207,440.8862466372837
2025-08-14 23:25:00,386.69091002614584,2025-08-14 21:25:00,314.62668011825474,431.4337783069468
2025-08-14 23:30:00,378.4616173229602,2025-08-14 21:30:00,307.9310092974702,422.25229834019734
2025-08-14 23:35:00,370.76282601418154,2025-08-14 21:35:00,301.66697492893405,413.6627025244631
2025-08-14 23:40:00,363.8746402627306,2025-08-14 21:40:00,296.0624805929531,405.97750505181597
2025-08-14 23:45:00,358.05858613337364,2025-08-14 21:45:00,291.33031401064596,399.48849239905786
2025-08-14 23:50:00,353.54725539793367,2025-08-14 21:50:00,287.65972084332543,394.4551688480814
2025-08-14 23:55:00,350.5350819910875,2025-08-14 21:55:00,285.2089000602033,391.0944657124854
2025-08-15 00:00:00,349.17062899293364,2025-08-14 22:00:00,284.0987283290976,389.57213586957295
2025-08-15 00:05:00,349.5507028232105,2025-08-14 22:05:00,284.4079710972086,389.9961869252878
2025-08-15 00:10:00,351.71653731328956,2025-08-14 22:10:00,286.17017780450647,392.41262375639707
2025-08-15 00:15:00,355.65220623364996,2025-08-14 22:15:00,289.37239025468756,396.8036773561869
2025-08-15 00:20:00,361.2853324702376,2025-08-14 22:20:00,293.9557196284884,403.08859606753356
2025-08-15 00:25:00,368.49006841220046,2025-08-14 22:25:00,299.8177714424169,411.1269708225406
2025-08-15 00:30:00,377.09222991048466,2025-08-14 22:30:00,306.8168227360282,420.7244631363899
2025-08-15 00:35:00,386.8763783808587,2025-08-14 22:35:00,314.77758434485355,431.64070665968393
2025-08-15 00:40:00,397.5945664790126,2025-08-14 22:40:00,323.4983167199103,443.59906478989814
2025-08-15 00:45:00,408.97639496032605,2025-08-14 22:45:00,332.7590125777698,456.2978511808238
2025-08-15 00:50:00,420.7399752395928,2025-08-14 22:50:00,342.3303164631392,469.4225607478472
2025-08-15 00:55:00,432.6033551824132,2025-08-14 22:55:00,351.98282121464393,482.6586175040709
2025-08-15 01:00:00,444.29594717000566,2025-08-14 23:00:00,361.4963662803523,495.70412493290456
2025-08-15 01:05:00,455.56949704723615,2025-08-14 23:05:00,370.6689624781289,508.28210412082115
2025-08-15 01:10:00,466.2081518610619,2025-08-14 23:10:00,379.3249834970138,520.1517264042151
2025-08-15 01:15:00,476.0372204945337,2025-08-14 23:15:00,387.32229388787516,531.1180876706082
2025-08-15 01:20:00,484.9302743562546,2025-08-14 23:20:00,394.55802645897927,541.0401306480085
2025-08-15 01:25:00,492.8143026493429,2025-08-14 23:25:00,400.97277680220566,549.8363966748875
2025-08-15 01:30:00,499.67271517711134,2025-08-14 23:30:00,406.5530464918845,557.4883759516769
2025-08-15 01:35:00,505.5460722038414,2025-08-14 23:35:00,411.3318369277506,564.0413218515855
2025-08-15 01:40:00,510.53051245100653,2025-08-14 23:40:00,415.3873702918717,569.6024970248893
2025-08-15 01:45:00,514.7739420740551,2025-08-14 23:45:00,418.83998875276325,574.3369214134215
2025-08-15 01:50:00,518.4701369333958,2025-08-14 23:50:00,421.84735584496076,578.4607921126739
2025-08-15 01:55:00,521.8509929604534,2025-08-14 23:55:00,424.5981510671163,582.2328370504943
2025-08-15 02:00:00,525.1772323511691,2025-08-15 00:00:00,427.3045080815822,585.9439458215611
2025-08-15 02:05:00,528.7279332584171,2025-08-15 00:05:00,430.19349566720916,589.9054878912941
2025-08-15 02:10:00,532.7892957258667,2025-08-15 00:10:00,433.4979772486463,594.4367786689526
2025-08-15 02:15:00,537.643084708574,2025-08-15 00:15:00,437.4472076909147,599.8521853041186
2025-08-15 02:20:00,543.5552011108956,2025-08-15 00:20:00,442.25753425382607,606.4483753130114
2025-08-15 02:25:00,550.7648242477799,2025-08-15 00:25:00,448.1235624785606,614.4922027458953
2025-08-15 02:30:00,559.4745433114409,2025-08-15 00:30:00,455.2101267672765,624.2096977947788
2025-08-15 02:35:00,569.8418534548309,2025-08-15 00:35:00,463.6453712677241,635.7765789137072
2025-08-15 02:40:00,581.9723357272643,2025-08-15 00:40:00,473.5152008050954,649.3106436247901
2025-08-15 02:45:00,595.9147710655045,2025-08-15 00:45:00,484.85930543620077,664.8663171635618
2025-08-15 02:50:00,611.6583604371152,2025-08-15 00:50:00,497.6688986505849,682.4315509732933
2025-08-15 02:55:00,629.1321394887719,2025-08-15 00:55:00,511.88624110575387,701.9271696239807
2025-08-15 03:00:00,648.2065891046554,2025-08-15 01:00:00,527.4059510397748,723.2086677237155
2025-08-15 03:05:00,668.6973579630617,2025-08-15 01:05:00,544.0780330873072,746.0703632013743
2025-08-15 03:10:00,690.3709319405089,2025-08-15 01:10:00,561.7124911260557,770.2517227008074
2025-08-15 03:15:00,712.952011913422,2025-08-15 01:15:00,580.0853311415661,795.4455930462638
2025-08-15 03:20:00,736.1322986410071,2025-08-15 01:20:00,598.9457089476961,821.3080025982343
2025-08-15 03:25:00,759.5803334867501,2025-08-15 01:25:00,618.0239369782295,847.4691406159029
2025-08-15 03:30:00,782.952009116221,2025-08-15 01:30:00,637.0400361971224,873.5450841168899
2025-08-15 03:35:00,805.901344529432,2025-08-15 01:35:00,655.7125030815668,899.1498196569252
2025-08-15 03:40:00,828.091117084579,2025-08-15 01:40:00,673.7669602477126,923.907105553797
2025-08-15 03:45:00,849.2029574069662,2025-08-15 01:45:00,690.9443700590017,947.4617348485085
2025-08-15 03:50:00,868.9465426060136,2025-08-15 01:50:00,707.0085145830822,969.489792242395
2025-08-15 03:55:00,887.0675666284549,2025-08-15 01:55:00,721.752480579434,989.7075466764575
2025-08-15 04:00:00,903.3542219371527,2025-08-15 02:00:00,735.0039332439393,1007.8786829861765
2025-08-15 04:05:00,917.6419909715875,2025-08-15 02:05:00,746.6290147264511,1023.8196477678064
2025-08-15 04:10:00,929.8166183660003,2025-08-15 02:10:00,756.5347624424289,1037.4029655031409
2025-08-15 04:15:00,939.8152088842926,2025-08-15 02:15:00,764.6700023952363,1048.558463533232
2025-08-15 04:20:00,947.6254722241102,2025-08-15 02:20:00,771.0247347195364,1057.2724294809755
2025-08-15 04:25:00,953.283208121509,2025-08-15 02:25:00,775.6280874651804,1063.5848053646305
2025-08-15 04:30:00,956.8681928857468,2025-08-15 02:30:00,778.5449697228223,1067.5845981756468
2025-08-15 04:35:00,958.4986867013591,2025-08-15 02:35:00,779.8716025524504,1069.4037516368135
2025-08-15 04:40:00,958.3248298466592,2025-08-15 02:40:00,779.7301458913504,1069.2097783166164
2025-08-15 04:45:00,956.5212317336259,2025-08-15 02:45:00,778.2626687103303,1067.1974911687219
2025-08-15 04:50:00,953.279079293701,2025-08-15 02:50:00,775.6247280911886,1063.580198802296
2025-08-15 04:55:00,948.798099462479,2025-08-15 02:55:00,771.9788295933963,1058.580737969429
2025-08-15 05:00:00,943.278705190464,2025-08-15 03:00:00,767.488036944688,1052.42271081389
2025-08-15 05:05:00,936.9146347071787,2025-08-15 03:05:00,762.3099830616545,1045.3222724461255
2025-08-15 05:10:00,929.886362561292,2025-08-15 03:10:00,756.5915090171562,1037.4807795942133
2025-08-15 05:15:00,922.3555186027462,2025-08-15 03:15:00,750.4641231083287,1029.0785638228217
2025-08-15 05:20:00,914.4605000500494,2025-08-15 03:20:00,744.0404306648237,1020.2700358857076
2025-08-15 05:25:00,906.313404865144,2025-08-15 03:25:00,737.4116389239966,1011.1802642704077
2025-08-15 05:30:00,897.9983536021457,2025-08-15 03:30:00,730.6461916221365,1001.9031028730304
2025-08-15 05:35:00,889.5712055728629,2025-08-15 03:35:00,723.7895380557543,992.5008743221199
2025-08-15 05:40:00,881.0606146429491,2025-08-15 03:40:00,716.8649921181675,983.0055479378785
2025-08-15 05:45:00,872.4703146608592,2025-08-15 03:45:00,709.8755918128898,973.4212896013881
2025-08-15 05:50:00,863.7824749138917,2025-08-15 03:50:00,702.8068293824438,963.728205460605
2025-08-15 05:55:00,854.9619255015291,2025-08-15 03:55:00,695.6300892355315,953.8870562092263
2025-08-15 06:00:00,845.9610213104306,2025-08-15 04:00:00,688.3066054652088,943.8446838579293
2025-08-15 06:05:00,836.7248937893025,2025-08-15 04:05:00,680.791734896038,933.5398711766702
2025-08-15 06:10:00,827.196831290002,2025-08-15 04:10:00,673.039334737701,922.9093445792387
2025-08-15 06:15:00,817.3235321006335,2025-08-15 04:15:00,665.0060366558939,911.8936349693693
2025-08-15 06:20:00,807.0599888908707,2025-08-15 04:20:00,656.6552209459524,900.4425273508706
2025-08-15 06:25:00,796.3737874895727,2025-08-15 04:25:00,647.9605141845803,888.5198570041607
2025-08-15 06:30:00,785.2486368708248,2025-08-15 04:30:00,638.9086613630193,876.1074479166139
2025-08-15 06:35:00,773.6869870830076,2025-08-15 04:35:00,629.50165593539,863.2080336245054
2025-08-15 06:40:00,761.7116377066691,2025-08-15 04:40:00,619.7580485222268,849.847051780815
2025-08-15 06:45:00,749.366287602135,2025-08-15 04:45:00,609.7133942063948,836.0732575125166
2025-08-15 06:50:00,736.715026065782,2025-08-15 04:50:00,599.4198385181543,821.9581557000405
2025-08-15 06:55:00,723.8408126328316,2025-08-15 04:55:00,588.9448805439181,807.5943048825172
2025-08-15 07:00:00,710.8430370795952,2025-08-15 05:00:00,578.3693876497084,793.0925949350575
2025-08-15 07:05:00,697.8342899882377,2025-08-15 05:05:00,567.7849678877465,778.5786439650583
2025-08-15 07:10:00,684.9365048715954,2025-08-15 05:10:00,557.2908310799962,764.1884940536268
2025-08-15 07:15:00,672.2766575576493,2025-08-15 05:15:00,546.9902896710411,750.0638130284754
2025-08-15 07:20:00,659.9822217243221,2025-08-15 05:20:00,536.9870611754318,736.3468241720111
2025-08-15 07:25:00,648.1765856544722,2025-08-15 05:25:00,527.3815390722873,723.1751926625253
2025-08-15 07:30:00,636.9746301131275,2025-08-15 05:30:00,518.2671947951817,710.677091780604
2025-08-15 07:35:00,626.4786550079958,2025-08-15 05:35:00,509.72726350559395,698.9666582555012
2025-08-15 07:40:00,616.7748210471636,2025-08-15 05:40:00,501.83184888798894,688.1400221975138
2025-08-15 07:45:00,607.9302450375759,2025-08-15 05:45:00,494.6355597723177,678.2720663019861
2025-08-15 07:50:00,599.9908546993371,2025-08-15 05:50:00,488.1757647279653,669.4140324504833
2025-08-15 07:55:00,592.9800716378264,2025-08-15 05:55:00,482.4715204789261,661.5920522934805
2025-08-15 08:00:00,586.8983534224742,2025-08-15 06:00:00,477.5231993213855,654.8066363444213
2025-08-15 08:05:00,581.7235864067978,2025-08-15 06:05:00,473.3128087372944,649.0331122518057
2025-08-15 08:10:00,577.4122848897645,2025-08-15 06:10:00,469.80496707843236,644.2229627119874
2025-08-15 08:15:00,573.9015181039925,2025-08-15 06:15:00,466.94847143853696,640.3059754235154
2025-08-15 08:20:00,571.1114584279869,2025-08-15 06:20:00,464.6783709773337,637.193086145514
2025-08-15 08:25:00,568.9484211123006,2025-08-15 06:25:00,462.91844015930576,634.7797701416225
2025-08-15 08:30:00,567.3082500177314,2025-08-15 06:30:00,461.58393352123835,632.9498196720034
2025-08-15 08:35:00,566.0798953013997,2025-08-15 06:35:00,460.58449661598263,631.5793356429572
2025-08-15 08:40:00,565.1490277216881,2025-08-15 06:40:00,459.82710675074225,630.540760112461
2025-08-15 08:45:00,564.4015402064658,2025-08-15 06:45:00,459.21892199840784,629.7067830145567
2025-08-15 08:50:00,563.7268004064064,2025-08-15 06:50:00,458.6699276007324,628.9539710560495
2025-08-15 08:55:00,563.02053625983,2025-08-15 06:55:00,458.09528377549003,628.1659871615753
2025-08-15 09:00:00,562.1872603831318,2025-08-15 07:00:00,457.4172982942941,627.2362953831168
2025-08-15 09:05:00,561.1421657510198,2025-08-15 07:05:00,456.56696888135656,626.0702759238285
2025-08-15 09:10:00,559.8124545352273,2025-08-15 07:10:00,455.485064408059,624.5867077327694
2025-08-15 09:15:00,558.1380911803432,2025-08-15 07:15:00,454.12273762457386,622.7186087169237
2025-08-15 09:20:00,556.0720001305262,2025-08-15 07:20:00,452.4416860379669,620.4134563462915
2025-08-15 09:25:00,553.5797546779111,2025-08-15 07:25:00,450.4138987472258,617.6328404998591
2025-08-15 09:30:00,550.6388268760581,2025-08-15 07:30:00,448.0210461438328,614.3516265887392
2025-08-15 09:35:00,547.2374867955426,2025-08-15 07:35:00,445.25358430353924,610.556727447861
2025-08-15 09:40:00,543.3734527739718,2025-08-15 07:40:00,442.10965677757645,606.2455974103844
2025-08-15 09:45:00,539.052401671845,2025-08-15 07:45:00,438.5938824792058,601.4245701896465
2025-08-15 09:50:00,534.2864494773874,2025-08-15 07:50:00,434.7161194450472,596.1071636792474
2025-08-15 09:55:00,529.0927081670203,2025-08-15 07:55:00,430.4902906409428,590.3124698320892
2025-08-15 10:00:00,523.4920140967522,2025-08-15 08:00:00,425.93334933201135,584.0637359176724
2025-08-15 10:05:00,517.507908618792,2025-08-15 08:05:00,421.06444967289923,577.3872271888556
2025-08-15 10:10:00,511.16593165474563,2025-08-15 08:10:00,415.9043719316111,570.3114387164833
2025-08-15 10:15:00,504.4932670999225,2025-08-15 08:15:00,410.47523397673956,562.8666997644673
2025-08-15 10:20:00,497.51875445926134,2025-08-15 08:20:00,404.8005007449042,555.085186772071
2025-08-15 10:25:00,490.2732565508366,2025-08-15 08:25:00,398.9052834185458,547.0013336033078
2025-08-15 10:30:00,482.7903486148299,2025-08-15 08:30:00,392.8169001116376,538.6526003906855
2025-08-15 10:35:00,475.10727239460704,2025-08-15 08:35:00,386.5656521469498,530.0805380101996
2025-08-15 10:40:00,467.26607914235365,2025-08-15 08:40:00,380.1857540496417,521.3320633407901
2025-08-15 10:45:00,459.3148705471664,2025-08-15 08:45:00,373.7163432143511,512.4608437765745
2025-08-15 10:50:00,451.309036060716,2025-08-15 08:50:00,367.202486641209,503.5286777198244
2025-08-15 10:55:00,443.31237975076397,2025-08-15 08:55:00,360.6960977874426,494.6067518193903
2025-08-15 11:00:00,435.398030430011,2025-08-15 09:00:00,354.25667708340717,485.77665640788297
2025-08-15 11:05:00,427.6490345313854,2025-08-15 09:05:00,347.9517943188506,477.13104697681814
2025-08-15 11:10:00,420.1585426071974,2025-08-15 09:10:00,341.8572403858385,468.77385225503997
2025-08-15 11:15:00,413.0295163542115,2025-08-15 09:15:00,336.056788903022,460.8199473345257
2025-08-15 11:20:00,406.3739032869503,2025-08-15 09:20:00,330.64152469791696,453.3942328475639
2025-08-15 11:25:00,400.31124965223006,2025-08-15 09:25:00,325.70871522052346,446.63008738570954
2025-08-15 11:30:00,394.96674764296927,2025-08-15 09:30:00,321.36022168095366,440.66718876244335
2025-08-15 11:35:00,390.4687398565812,2025-08-15 09:35:00,317.7004685802623,435.64872971978247
2025-08-15 11:40:00,386.94573013487275,2025-08-15 09:40:00,314.8340116141792,431.7180829012524
2025-08-15 11:45:00,384.5229752948525,2025-08-15 09:45:00,312.8627645734756,429.01499822188737
2025-08-15 11:50:00,383.31875498923444,2025-08-15 09:50:00,311.88296435820297,427.67144112526046
2025-08-15 11:55:00,383.4404362574352,2025-08-15 09:55:00,311.9819689441758,427.807201775247
2025-08-15 12:00:00,384.98046437514313,2025-08-15 10:00:00,313.23499538312274,429.5254220185849
2025-08-15 12:05:00,388.01242185296,2025-08-15 10:05:00,315.7019132515586,432.9081983818361
2025-08-15 12:10:00,392.58730210992167,2025-08-15 10:10:00,319.4242127674409,438.0124245826262
2025-08-15 12:15:00,398.7301435008858,2025-08-15 10:15:00,324.42226610466923,444.8660360902377
2025-08-15 12:20:00,406.43716295749425,2025-08-15 10:20:00,330.6929952125129,453.46481210859537
2025-08-15 12:25:00,415.67351649699873,2025-08-15 10:25:00,338.20804967897635,463.7698769601527
2025-08-15 12:30:00,426.3717971954662,2025-08-15 10:30:00,346.91258462370627,475.7060242639929
2025-08-15 12:35:00,438.4313597302473,2025-08-15 10:35:00,356.7247111196204,489.1609633230924
2025-08-15 12:40:00,451.7185361441671,2025-08-15 10:40:00,367.53567174699714,503.98555985395154
2025-08-15 12:45:00,466.06777971310953,2025-08-15 10:45:00,379.2107712883836,519.9951122077343
2025-08-15 12:50:00,481.28374502524235,2025-08-15 10:50:00,391.59106916150193,536.9716721293447
2025-08-15 12:55:00,497.1442820423564,2025-08-15 10:55:00,404.4958155033538,554.6673852528004
2025-08-15 13:00:00,513.4042933519929,2025-08-15 11:00:00,417.72558957973513,572.8087946646633
2025-08-15 13:05:00,529.8003746685118,2025-08-15 11:05:00,431.06607547638185,591.1020183438427
2025-08-15 13:10:00,546.0561340803391,2025-08-15 11:10:00,444.2923900442585,609.238683883302
2025-08-15 13:15:00,561.8880619972133,2025-08-15 11:15:00,457.173858915665,626.9024776316434
2025-08-15 13:20:00,577.0118054483445,2025-08-15 11:20:00,469.4791215158846,643.776144971859
2025-08-15 13:25:00,591.1486858790033,2025-08-15 11:25:00,480.981434194572,659.5487622730009
2025-08-15 13:30:00,604.032289669199,2025-08-15 11:30:00,491.46403252664595,673.9230899783975
2025-08-15 13:35:00,615.4149563878899,2025-08-15 11:35:00,500.72541040685553,686.6228115966829
2025-08-15 13:40:00,625.0739895126146,2025-08-15 11:40:00,508.58437333147896,697.399463045537
2025-08-15 13:45:00,632.8174202289323,2025-08-15 11:45:00,514.8847280484699,706.0388633634113
2025-08-15 13:50:00,638.4891643606093,2025-08-15 11:50:00,519.4994784353074,712.3668683329468
2025-08-15 13:55:00,641.9734272378901,2025-08-15 11:55:00,522.3344094701849,716.2542850236009
2025-08-15 14:00:00,643.1982292872425,2025-08-15 12:00:00,523.3309557881828,717.6208053170169
2025-08-15 14:05:00,642.1379466447064,2025-08-15 12:05:00,522.4682688225503,716.437840487273
2025-08-15 14:10:00,638.8147853114617,2025-08-15 12:10:00,519.7644162346903,712.7301659266572
2025-08-15 14:15:00,633.2991338713612,2025-08-15 12:15:00,515.2766688987858,706.5763146751088
2025-08-15 14:20:00,625.7087668752845,2025-08-15 12:20:00,509.10085274450046,698.1076886305187
2025-08-15 14:25:00,616.2069000225895,2025-08-15 12:25:00,501.3697663773888,687.506388700943
2025-08-15 14:30:00,604.9991258866328,2025-08-15 12:30:00,492.250687866666,675.0017959719344
2025-08-15 14:35:00,592.3292873434515,2025-08-15 12:35:00,481.94201720718263,660.8659676617884
2025-08-15 14:40:00,578.4743717555474,2025-08-15 12:40:00,470.66912202987896,645.4079405263456
2025-08-15 14:45:00,563.7385340548725,2025-08-15 12:45:00,458.67947455093696,628.9670623704812
2025-08-15 14:50:00,548.4463792628976,2025-08-15 12:50:00,446.23718597030233,611.9054973083227
2025-08-15 14:55:00,532.9356543691966,2025-08-15 12:55:00,433.61706030145035,594.6000720405899
2025-08-15 15:00:00,517.5495165634024,2025-08-15 13:00:00,421.0983035058699,577.4336494664045
2025-08-15 15:05:00,502.6285569089946,2025-08-15 13:05:00,408.9580336455638,560.7862294398219
2025-08-15 15:10:00,488.5027687524829,2025-08-15 13:10:00,397.4647460701291,545.0259878672562
2025-08-15 15:15:00,475.48365402724346,2025-08-15 13:15:00,386.8718908002604,530.5004696549406
2025-08-15 15:20:00,463.8566626575917,2025-08-15 13:20:00,377.41172093448887,517.5281532986758
2025-08-15 15:25:00,453.87415528594335,2025-08-15 13:25:00,369.2895668518253,506.39059934884017
2025-08-15 15:30:00,445.7490723780448,2025-08-15 13:30:00,362.6786851509215,497.325386986401
2025-08-15 15:35:00,439.6494798201811,2025-08-15 13:35:00,357.7158207370027,490.5200285072112
2025-08-15 15:40:00,435.6941437829131,2025-08-15 13:40:00,354.4976063598569,486.1070321662401
2025-08-15 15:45:00,433.949266977237,2025-08-15 13:45:00,353.0779071056176,484.1602607955293
2025-08-15 15:50:00,434.4264926626793,2025-08-15 13:50:00,353.4661963805523,484.6927048619326
2025-08-15 15:55:00,437.0822544658291,2025-08-15 13:55:00,355.6270268982735,487.65575705506205
2025-08-15 16:00:00,441.81851798680634,2025-08-15 14:00:00,359.48063407944437,492.9400397028605
2025-08-15 16:05:00,448.4849260301902,2025-08-15 14:05:00,364.90468149463106,500.37779822089357
2025-08-15 16:10:00,456.8823232445582,2025-08-15 14:10:00,371.7371286473512,509.7468335775666
2025-08-15 16:15:00,466.76759911791885,2025-08-15 14:15:00,379.7801714224664,520.77590565832
2025-08-15 16:20:00,477.859751230617,2025-08-15 14:20:00,388.80517538324983,533.1514980797016
2025-08-15 16:25:00,489.8470349452316,2025-08-15 14:25:00,398.55849303560893,546.5257951488617
2025-08-15 16:30:00,502.39503165959695,2025-08-15 14:30:00,408.76802847079307,560.5256836704091
2025-08-15 16:35:00,515.15543732978,2025-08-15 14:35:00,419.1503880475941,574.7625583635439
2025-08-15 16:40:00,527.775346098386,2025-08-15 14:40:00,429.41843391139076,588.842679671698
2025-08-15 16:45:00,539.9067830742338,2025-08-15 14:45:00,439.2890402323843,602.3778095521203
2025-08-15 16:50:00,551.2162245698903,2025-08-15 14:50:00,448.49083923906244,614.9958332721053
2025-08-15 16:55:00,561.3938368077222,2025-08-15 14:55:00,456.7717381867607,626.3510670985584
2025-08-15 17:00:00,570.1621628133996,2025-08-15 15:00:00,463.9059873501928,636.1339503264074
2025-08-15 17:05:00,577.2839954291875,2025-08-15 15:05:00,469.7005858115627,644.0798292551137
2025-08-15 17:10:00,582.5691898803757,2025-08-15 15:10:00,474.0008244280958,649.9765580171342
2025-08-15 17:15:00,585.8801936674591,2025-08-15 15:15:00,476.6947851661918,653.670668317667
2025-08-15 17:20:00,587.1361033877847,2025-08-15 15:20:00,477.7166418884188,655.0718956592041
2025-08-15 17:25:00,586.3150972990398,2025-08-15 15:25:00,477.04863958125,654.1558933697884
2025-08-15 17:30:00,583.4551380992292,2025-08-15 15:30:00,474.7216661640335,650.9650166995957
2025-08-15 17:35:00,578.6528908648768,2025-08-15 15:35:00,470.81437208166363,645.6071155569475
2025-08-15 17:40:00,572.0608555556931,2025-08-15 15:40:00,465.45083719947434,638.252335223524
2025-08-15 17:45:00,563.8827695898226,2025-08-15 15:45:00,458.79683016064956,629.1279869751104
2025-08-15 17:50:00,554.3673927096709,2025-08-15 15:50:00,451.0547515126831,618.5116138125221
2025-08-15 17:55:00,543.800840904911,2025-08-15 15:55:00,442.45739629064184,606.7224373653813
2025-08-15 18:00:00,532.4976873290558,2025-08-15 16:00:00,433.2607133787068,594.1114291219108
2025-08-15 18:05:00,520.791093453866,2025-08-15 16:05:00,423.7357758357099,581.050299688233
2025-08-15 18:10:00,509.0222718485953,2025-08-15 16:10:00,414.16020740478933,567.919742336784
2025-08-15 18:15:00,497.52961071747967,2025-08-15 16:15:00,404.80933381646906,555.097299176009
2025-08-15 18:20:00,486.6378092929522,2025-08-15 16:20:00,395.9473429243774,542.9452394318708
2025-08-15 18:25:00,476.64737969529335,2025-08-15 16:25:00,387.8187430122304,531.7988465985454
2025-08-15 18:30:00,467.82486660189863,2025-08-15 16:30:00,380.6404051384828,521.955506454376
2025-08-15 18:35:00,460.3941184341165,2025-08-15 16:35:00,374.5944610363418,513.6649682634035
2025-08-15 18:40:00,454.5289144786133,2025-08-15 16:40:00,369.8223042545554,507.1211188026222
2025-08-15 18:45:00,450.3472117387691,2025-08-15 16:45:00,366.419909173198,502.4555635334655
2025-08-15 18:50:00,447.90722425330216,2025-08-15 16:50:00,364.43464098566636,499.73325226991534
2025-08-15 18:55:00,447.2054878032864,2025-08-15 16:55:00,363.8636810694597,498.9503199584588
2025-08-15 19:00:00,448.1769965535507,2025-08-15 17:00:00,364.65413816290624,500.0342391298622
2025-08-15 19:05:00,450.69742695158493,2025-08-15 17:05:00,366.7048578153259,502.84630111888094
2025-08-15 19:10:00,454.5873913339177,2025-08-15 17:10:00,369.8698832856915,507.1863618429249
2025-08-15 19:15:00,459.61859088704034,2025-08-15 17:15:00,373.9634618296102,512.7997067040005
2025-08-15 19:20:00,465.52166894218016,2025-08-15 17:20:00,378.76643444368585,519.3858125651328
2025-08-15 19:25:00,471.995501794487,2025-08-15 17:25:00,384.0337952353426,526.6087135829238
2025-08-15 19:30:00,478.7176101679275,2025-08-15 17:30:00,389.50316259333846,534.1086173524386
2025-08-15 19:35:00,485.35532973890145,2025-08-15 17:35:00,394.90386795781234,541.5143679392668
2025-08-15 19:40:00,491.5773483231764,2025-08-15 17:40:00,399.9663429217885,548.4563180004366
2025-08-15 19:45:00,497.0651994302912,2025-08-15 17:45:00,404.4314708315655,554.5791522242057
2025-08-15 19:50:00,501.52429955749324,2025-08-15 17:50:00,408.0595671559441,559.5542017168293
2025-08-15 19:55:00,504.6941295727432,2025-08-15 17:55:00,410.63866345321634,563.090803443458
2025-08-15 20:00:00,506.35718814540087,2025-08-15 18:00:00,411.99179222865644,564.9462896339633
2025-08-15 20:05:00,506.3463878238869,2025-08-15 18:05:00,411.9830046693577,564.9342396390012
2025-08-15 20:10:00,504.5506189894569,2025-08-15 18:10:00,410.5218976922158,562.9306876725182
2025-08-15 20:15:00,500.9182738462272,2025-08-15 18:15:00,407.5664811985083,558.878054552302
2025-08-15 20:20:00,495.45859641478006,2025-08-15 18:20:00,403.1242764809042,552.7866538973781
2025-08-15 20:25:00,488.2408062427044,2025-08-15 18:25:00,397.2516032404684,544.7337144456728
2025-08-15 20:30:00,479.39102614826874,2025-08-15 18:30:00,390.05107988009087,534.8599523159403
2025-08-15 20:35:00,469.08712805523487,2025-08-15 18:35:00,381.6674298763479,523.3638204692755
2025-08-15 20:40:00,457.5516902935339,2025-08-15 18:40:00,372.28175156694743,510.4936511197587
2025-08-15 20:45:00,445.04333256604576,2025-08-15 18:45:00,362.10446794457056,496.5379880957165
2025-08-15 20:50:00,431.84675792263397,2025-08-15 18:50:00,351.367224421808,481.8144765998506
2025-08-15 20:55:00,418.26188219961506,2025-08-15 18:55:00,340.3140441226809,466.6577348481087
2025-08-15 21:00:00,404.5924674393011,2025-08-15 19:00:00,329.1920795931649,451.4066722956214
2025-08-15 21:05:00,391.13469696037237,2025-08-15 19:05:00,318.24231703657284,436.3917427620584
2025-08-15 21:10:00,378.1661329173209,2025-08-15 19:10:00,307.6905917568388,421.9226243027416
2025-08-15 21:15:00,365.93548363549655,2025-08-15 19:15:00,297.7392624665513,408.27680255211436
2025-08-15 21:20:00,354.6535780569462,2025-08-15 19:20:00,288.5598677470144,395.689500849245
2025-08-15 21:25:00,344.48589748855375,2025-08-15 19:25:00,280.28704958969104,384.34534785650186
2025-08-15 21:30:00,335.5469553284943,2025-08-15 19:30:00,273.0139805242753,374.37210698067946
2025-08-15 21:35:00,327.89674281034513,2025-08-15 19:35:00,266.78947173863656,365.8367108646109
2025-08-15 21:40:00,321.53937790766076,2025-08-15 19:40:00,261.61687377532616,358.74375396046327
2025-08-15 21:45:00,316.4240073148552,2025-08-15 19:45:00,257.45481041810854,353.0364988761761
2025-08-15 21:50:00,312.447922261454,2025-08-15 19:50:00,254.21971383894441,348.60035271141965
2025-08-15 21:55:00,309.4617605715597,2025-08-15 19:55:00,251.79005719476774,345.2686710320664
2025-08-15 22:00:00,307.27658396581666,2025-08-15 20:00:00,250.01211299408683,342.8306540659579
2025-08-15 22:05:00,305.6725441276135,2025-08-15 20:05:00,248.70700414361718,341.04101549414855
2025-08-15 22:10:00,304.4087870726074,2025-08-15 20:10:00,247.67876252638936,339.63103282590725
2025-08-15 22:15:00,303.234194758239,2025-08-15 20:15:00,246.72306879069447,338.3205318882876
2025-08-15 22:20:00,301.8985287987058,2025-08-15 20:20:00,245.63631930758277,336.8303199475972
2025-08-15 22:25:00,300.1635240180593,2025-08-15 20:25:00,244.2246523147197,334.8945628649073
2025-08-15 22:30:00,297.8134809157244,2025-08-15 20:30:00,242.312566356008,332.27260318461384
2025-08-15 22:35:00,294.6649255484889,2025-08-15 20:35:00,239.750779935182,328.75973773297136
2025-08-15 22:40:00,290.5749425472177,2025-08-15 20:40:00,236.4230115804952,324.1965148236707
2025-08-15 22:45:00,285.44783979578466,2025-08-15 20:45:00,232.25140248526336,318.4761700871753
2025-08-15 22:50:00,279.2398708563974,2025-08-15 20:50:00,227.20035885575422,311.54989531399553
2025-08-15 22:55:00,271.9618191764131,2025-08-15 20:55:00,221.27865452179995,303.42972167247774
2025-08-15 23:00:00,263.67933521272283,2025-08-15 21:00:00,214.53970523423496,294.18889584085946
2025-08-15 23:05:00,254.51100845060478,2025-08-15 21:05:00,207.07999998486795,283.95972894509293
2025-08-15 23:10:00,244.6242489521906,2025-08-15 21:10:00,199.0357500750282,272.92900157339307
2025-08-15 23:15:00,234.22914203817777,2025-08-15 21:15:00,190.57788904692947,261.3311074012389
2025-08-15 23:20:00,223.57052300364631,2025-08-15 21:20:00,181.90562436593885,249.43921089585865
2025-08-15 23:25:00,212.91859163112605,2025-08-15 21:25:00,173.23880102541364,237.5547758621983
2025-08-15 23:30:00,202.55844640311733,2025-08-15 21:30:00,164.80938617723174,225.9958886899442
2025-08-15 23:35:00,192.77896334344626,2025-08-15 21:35:00,156.8524205269945,215.08485039830867
2025-08-15 23:40:00,183.8614713582407,2025-08-15 21:40:00,149.5968041534504,205.1355416340064
2025-08-15 23:45:00,176.06868565984126,2025-08-15 21:45:00,143.25629231417636,196.4410756141833
2025-08-15 23:50:00,169.63435060958653,2025-08-15 21:50:00,138.02106846189267,189.26224257299148
2025-08-15 23:55:00,164.7540153485681,2025-08-15 21:55:00,134.05023894088202,183.81721806770005
2025-08-16 00:00:00,161.57731996132088,2025-08-15 22:00:00,131.4655567114265,180.27295659706542
2025-08-16 00:05:00,160.20210886758855,2025-08-15 22:05:00,130.34663177767632,178.73862387096526
2025-08-16 00:10:00,160.67061411527612,2025-08-15 22:10:00,130.72782576718066,179.26133848340032
2025-08-16 00:15:00,162.96786718099116,2025-08-15 22:15:00,132.5969597103823,181.82439994714574
2025-08-16 00:20:00,167.02240745264146,2025-08-15 22:20:00,135.89589048946073,186.34807915278697
2025-08-16 00:25:00,172.70926192192235,2025-08-15 22:25:00,140.52293523138272,192.6929428326643
2025-08-16 00:30:00,179.85507853100972,2025-08-15 22:30:00,146.33704799730998,200.6655808720189
2025-08-16 00:35:00,188.24520768590202,2025-08-15 22:35:00,153.16358157573998,210.02650720342325
2025-08-16 00:40:00,197.632447301092,2025-08-15 22:40:00,160.8014027890757,220.4999167148602
2025-08-16 00:45:00,207.74709919973037,2025-08-15 22:45:00,169.03107476974165,231.7849052463828
2025-08-16 00:50:00,218.30793113362023,2025-08-15 22:50:00,177.62377608362036,243.56769999321224
2025-08-16 00:55:00,229.033602133673,2025-08-15 22:55:00,186.35059683707195,255.5344068499034
2025-08-16 01:00:00,239.6540901251035,2025-08-15 23:00:00,194.99183662663313,267.3837602812954
2025-08-16 01:05:00,249.9216604919285,2025-08-15 23:05:00,203.34592898731546,278.8393610273596
2025-08-16 01:10:00,259.62093349898305,2025-08-15 23:10:00,211.23763263652677,289.66090839701764
2025-08-16 01:15:00,268.5776445567207,2025-08-15 23:15:00,218.52515916432625,299.65397415742586
2025-08-16 01:20:00,276.66574464215654,2025-08-15 23:20:00,225.10595021052072,308.67792452374914
2025-08-16 01:25:00,283.81255538183916,2025-08-15 23:25:00,230.92087183954942,316.6516717216273
2025-08-16 01:30:00,290.001771559591,2025-08-15 23:30:00,235.95665749690713,323.5570239062582
2025-08-16 01:35:00,295.2741909087677,2025-08-15 23:35:00,240.24650179635174,329.4394993967738
2025-08-16 01:40:00,299.7261419052693,2025-08-15 23:40:00,243.86878131149146,334.40657255380296
2025-08-16 01:45:00,303.50567269312444,2025-08-15 23:45:00,246.94395373824233,338.62342173684044
2025-08-16 01:50:00,306.8066532781536,2025-08-15 23:50:00,249.6297592114879,342.30634908007875
2025-08-16 01:55:00,309.86102592369986,2025-08-15 23:55:00,252.11491492732114,345.71413420421396
2025-08-16 02:00:00,312.92951129137526,2025-08-16 00:00:00,254.61155329970458,349.13766499206275
2025-08-16 02:05:00,316.291138287396,2025-08-16 00:05:00,257.34670303850345,352.8882559642007
2025-08-16 02:10:00,320.2320100285299,2025-08-16 00:10:00,260.55314870489104,357.28511438785875
2025-08-16 02:15:00,325.03374700198475,2025-08-16 00:15:00,264.4600276192597,362.6424462288212
2025-08-16 02:20:00,330.9620583315235,2025-08-16 00:20:00,269.28353100131255,369.25670503234426
2025-08-16 02:25:00,338.25588439700175,2025-08-16 00:25:00,275.2180699853974,377.3944782671229
2025-08-16 02:30:00,347.1175285560785,2025-08-16 00:30:00,282.4282464076235,387.2814772175344
2025-08-16 02:35:00,357.704153542706,2025-08-16 00:35:00,291.04193394678583,399.09304945539907
2025-08-16 02:40:00,370.12096172403835,2025-08-16 00:40:00,301.1447293176251,412.94657000446654
2025-08-16 02:45:00,384.4163094045756,2025-08-16 00:45:00,312.7759770797189,428.8959903350572
2025-08-16 02:50:00,400.57892740443754,2025-08-16 00:50:00,325.9265081924681,446.9287373436198
2025-08-16 02:55:00,418.53733615411096,2025-08-16 00:55:00,340.53816411356104,466.96506076981115
2025-08-16 03:00:00,438.1614566596496,2025-08-16 01:00:00,356.5051075425667,488.8598305617437
2025-08-16 03:05:00,459.26633365789223,2025-08-16 01:05:00,373.676851724017,512.4066908265468
2025-08-16 03:10:00,481.6178054183217,2025-08-16 01:10:00,391.8628736174858,537.3443856683291
2025-08-16 03:15:00,504.93988228748435,2025-08-16 01:15:00,410.838617366702,563.3649914822789
2025-08-16 03:20:00,528.9235319722155,2025-08-16 01:20:00,430.35264234576346,590.1237187571821
2025-08-16 03:25:00,553.2365211169908,2025-08-16 01:25:00,450.1346306471037,617.2498923927532
2025-08-16 03:30:00,577.5339264640712,2025-08-16 01:30:00,469.90393936791776,644.3586790752162
2025-08-16 03:35:00,601.4689107914518,2025-08-16 01:35:00,489.3783683300494,671.0631100673519
2025-08-16 03:40:00,624.7033555003685,2025-08-16 01:40:00,508.2828111644138,696.985944061443
2025-08-16 03:45:00,646.9179563327073,2025-08-16 01:45:00,526.3574695771455,721.7709310424623
2025-08-16 03:50:00,667.821417445915,2025-08-16 01:50:00,543.3653340045377,745.0930701823603
2025-08-16 03:55:00,687.1584225325967,2025-08-16 01:55:00,559.0986692242383,766.6675032744743
2025-08-16 04:00:00,704.7161173450603,2025-08-16 02:00:00,573.3842887879396,786.256747331929
2025-08-16 04:05:00,720.3289020598547,2025-08-16 02:05:00,586.0874542745155,803.6760414625857
2025-08-16 04:10:00,733.8814044190597,2025-08-16 02:10:00,597.114294352766,818.7966640237682
2025-08-16 04:15:00,745.3095785582738,2025-08-16 02:15:00,606.4126988303658,831.5471585924084
2025-08-16 04:20:00,754.5999507496551,2025-08-16 02:20:00,613.9717049612304,841.9124924352299
2025-08-16 04:25:00,761.7871055805631,2025-08-16 02:25:00,619.8194521032348,849.9312518205126
2025-08-16 04:30:00,766.9495734047734,2025-08-16 02:30:00,624.0198355894636,855.6910536183788
2025-08-16 04:35:00,770.2043387284386,2025-08-16 02:35:00,626.6680385386344,859.3224182682392
2025-08-16 04:40:00,771.7002374712696,2025-08-16 02:40:00,627.8851596114265,860.9914030564788
2025-08-16 04:45:00,771.610547049069,2025-08-16 02:45:00,627.8121840150427,860.8913348192262
2025-08-16 04:50:00,770.1250958830631,2025-08-16 02:50:00,626.6035634948275,859.2340064662088
2025-08-16 04:55:00,767.442227014307,2025-08-16 02:55:00,624.4206776201318,856.2407107286099
2025-08-16 05:00:00,763.7609452168517,2025-08-16 03:00:00,621.4254443718643,852.1334786377874
2025-08-16 05:05:00,759.2735573987246,2025-08-16 03:05:00,617.7743320880897,847.126868368691
2025-08-16 05:10:00,754.1590848706135,2025-08-16 03:10:00,613.6129994310412,841.4206152615236
2025-08-16 05:15:00,748.5776834396402,2025-08-16 03:15:00,609.0717553596052,835.1934062809718
2025-08-16 05:20:00,742.6662567320717,2025-08-16 03:20:00,604.2619899590197,828.5979857693843
2025-08-16 05:25:00,736.5353907345977,2025-08-16 03:25:00,599.2736802650974,821.7577352928346
2025-08-16 05:30:00,730.2676768957372,2025-08-16 03:30:00,594.1740258746731,814.7648027135208
2025-08-16 05:35:00,723.9174295127256,2025-08-16 03:35:00,589.0072190006468,807.6797868763208
2025-08-16 05:40:00,717.5117427733361,2025-08-16 03:40:00,583.7953045220899,800.532916957815
2025-08-16 05:45:00,711.0527774420265,2025-08-16 03:45:00,578.5400405205352,793.3266037381635
2025-08-16 05:50:00,704.5211176069696,2025-08-16 03:50:00,573.2256294591871,786.0391847474668
2025-08-16 05:55:00,697.8799972674758,2025-08-16 03:55:00,567.8221570979168,778.629639899192
2025-08-16 06:00:00,691.0801656503043,2025-08-16 04:00:00,562.2895511027845,771.0430197579299
2025-08-16 06:05:00,684.0651401895368,2025-08-16 04:05:00,556.5818550736302,763.2163063261254
2025-08-16 06:10:00,676.776588254308,2025-08-16 04:10:00,550.6516073258994,755.0844174757007
2025-08-16 06:15:00,669.1595813972058,2025-08-16 04:15:00,544.454115950356,746.5860691500901
2025-08-16 06:20:00,661.1674811117033,2025-08-16 04:20:00,537.9514340542913,737.6692264382993
2025-08-16 06:25:00,652.7662389208722,2025-08-16 04:25:00,531.1158584800119,728.2959012142414
2025-08-16 06:30:00,643.9379276493341,2025-08-16 04:30:00,523.9328029842756,718.446092001783
2025-08-16 06:35:00,634.6833606113502,2025-08-16 04:35:00,516.402929311021,708.120706221387
2025-08-16 06:40:00,625.0237014040899,2025-08-16 04:40:00,508.5434569814322,697.3433562478281
2025-08-16 06:45:00,615.0010149584887,2025-08-16 04:45:00,500.38861165022814,686.1609742215239
2025-08-16 06:50:00,604.6777599072882,2025-08-16 04:50:00,491.98921207666797,674.6432456799748
2025-08-16 06:55:00,594.1352697122084,2025-08-16 04:55:00,483.4114343108732,662.8809149406262
2025-08-16 07:00:00,583.4713139624319,2025-08-16 05:00:00,474.7348274719555,650.9830642243705
2025-08-16 07:05:00,572.7968701321867,2025-08-16 05:05:00,466.04968712512976,639.0735118826913
2025-08-16 07:10:00,562.2322670447084,2025-08-16 05:10:00,457.4539174548378,627.2865096331793
2025-08-16 07:15:00,551.902885423197,2025-08-16 05:15:00,449.04953306672036,615.7619456338816
2025-08-16 07:20:00,541.9346147226166,2025-08-16 05:20:00,440.93896249025767,604.6402756384658
2025-08-16 07:25:00,532.4492711004901,2025-08-16 05:25:00,433.22132006259176,594.0574107938874
2025-08-16 07:30:00,523.560176469315,2025-08-16 05:30:00,425.98880887458756,584.1397851579587
2025-08-16 07:35:00,515.3680863817457,2025-08-16 05:35:00,419.3234075407229,574.9998124120983
2025-08-16 07:40:00,507.95763287902827,2025-08-16 05:40:00,413.2939759629984,566.7319171222165
2025-08-16 07:45:00,501.3944209554831,2025-08-16 05:45:00,407.9538929021425,559.4092952436395
2025-08-16 07:50:00,495.7228844983544,2025-08-16 05:50:00,403.3393114873495,553.0815219780636
2025-08-16 07:55:00,490.9649704616546,2025-08-16 05:55:00,399.46808860922783,547.7730836970235
2025-08-16 08:00:00,487.1196819559608,2025-08-16 06:00:00,396.3394131599872,543.4828681639519
2025-08-16 08:05:00,484.16347228973905,2025-08-16 06:05:00,393.93412664069984,540.1846041688677
2025-08-16 08:10:00,482.0514450958218,2025-08-16 06:10:00,392.21569963061904,537.8282005179593
2025-08-16 08:15:00,480.71928246256266,2025-08-16 06:15:00,391.13180058925917,536.3418972631259
2025-08-16 08:20:00,480.08579415463373,2025-08-16 06:20:00,390.61637000103065,535.6351098856193
2025-08-16 08:25:00,480.05595830758625,2025-08-16 06:25:00,390.5920944019367,535.6018218204309
2025-08-16 08:30:00,480.5243082343927,2025-08-16 06:30:00,390.97316201636494,536.1243631402624
2025-08-16 08:35:00,481.37851104064407,2025-08-16 06:35:00,391.6681744568187,537.077403241765
2025-08-16 08:40:00,482.5029828255559,2025-08-16 06:40:00,392.5830881912779,538.331984350825
2025-08-16 08:45:00,483.78239126088954,2025-08-16 06:45:00,393.6240643768756,539.7594293745947
2025-08-16 08:50:00,485.10490895507576,2025-08-16 06:50:00,394.7001159227765,541.2349717028122
2025-08-16 08:55:00,486.36509991573837,2025-08-16 06:55:00,395.7254560277236,542.6409756544184
2025-08-16 09:00:00,487.4663447732273,2025-08-16 07:00:00,396.62147143570314,543.8696423165735
2025-08-16 09:05:00,488.32273726517906,2025-08-16 07:05:00,397.3182654891314,544.8251254658709
2025-08-16 09:10:00,488.8604138360741,2025-08-16 07:10:00,397.7557399424787,545.4250150119497
2025-08-16 09:15:00,489.01830748947054,2025-08-16 07:15:00,397.8842083256029,545.601178075754
2025-08-16 09:20:00,488.74834622215445,2025-08-16 07:20:00,397.66455739744833,545.2999803839158
2025-08-16 09:25:00,488.0151425584221,2025-08-16 07:25:00,397.06799453913067,544.4819398799609
2025-08-16 09:30:00,486.7952441125033,2025-08-16 07:30:00,396.07543798253903,543.1208905715147
2025-08-16 09:35:00,485.0760334946038,2025-08-16 07:35:00,394.6766217313445,541.2027551477064
2025-08-16 09:40:00,482.85437912372123,2025-08-16 07:40:00,392.868997810126,538.7240396815032
2025-08-16 09:45:00,480.13514606047914,2025-08-16 07:45:00,390.6565246203689,535.6901721553894
2025-08-16 09:50:00,476.9296771620795,2025-08-16 07:50:00,388.0484311493907,532.1138078752246
2025-08-16 09:55:00,473.2543503658203,2025-08-16 07:55:00,385.05804312041295,528.0132198212782
2025-08-16 10:00:00,469.1293076441942,2025-08-16 08:00:00,381.7017488212699,523.4108805344603
2025-08-16 10:05:00,464.577435965336,2025-08-16 08:05:00,377.99816997441616,518.3323251666978
2025-08-16 10:10:00,459.62366129393286,2025-08-16 08:10:00,373.96758730876184,512.8053637927669
2025-08-16 10:15:00,454.2945943346037,2025-08-16 08:15:00,369.63165232278493,506.85968616367904
2025-08-16 10:20:00,448.6185425334876,2025-08-16 08:20:00,365.0133970494876,500.5268750969387
2025-08-16 10:25:00,442.62587801772975,2025-08-16 08:25:00,360.1375334261925,493.84081698922535
2025-08-16 10:30:00,436.34972700884583,2025-08-16 08:30:00,355.03101422791997,486.83847099975105
2025-08-16 10:35:00,429.8269240814293,2025-08-16 08:35:00,349.7238094891793,479.56093372343736
2025-08-16 10:40:00,423.09915535863684,2025-08-16 08:40:00,344.2498366520301,472.0547146621892
2025-08-16 10:45:00,416.21419962838775,2025-08-16 08:45:00,338.6479703862238,464.37312094700053
2025-08-16 10:50:00,409.227165717514,2025-08-16 08:50:00,332.9630493646688,456.57763788502945
2025-08-16 10:55:00,402.2016194899062,2025-08-16 08:55:00,327.2467932327103,448.7391863593858
2025-08-16 11:00:00,395.21049395299224,2025-08-16 09:00:00,321.55854310596055,440.93913824135524
2025-08-16 11:05:00,388.3366821953796,2025-08-16 09:05:00,315.9657440072973,433.26997793511214
2025-08-16 11:10:00,381.6732238016783,2025-08-16 09:10:00,310.54409654117353,425.83551036205415
2025-08-16 11:15:00,375.32301187573484,2025-08-16 09:15:00,305.3773185163892,418.75053408455545
2025-08-16 11:20:00,369.397967564672,2025-08-16 09:20:00,300.5564733069241,412.1399203166107
2025-08-16 11:25:00,364.0176528505853,2025-08-16 09:25:00,296.1788411656099,406.1370652057369
2025-08-16 11:30:00,359.307317592195,2025-08-16 09:30:00,292.34633022168543,400.881710903557
2025-08-16 11:35:00,355.395403834652,2025-08-16 09:35:00,289.1634458907311,396.51716110663114
2025-08-16 11:40:00,352.41055630516723,2025-08-16 09:40:00,286.73485849829035,393.1869456453246
2025-08-16 11:45:00,350.4782139572743,2025-08-16 09:45:00,285.16263002845545,391.0310176456786
2025-08-16 11:50:00,349.7168795020783,2025-08-16 09:50:00,284.5431788702119,390.1815914190878
2025-08-16 11:55:00,350.23418359765253,2025-08-16 09:55:00,284.964077489709,390.7587512506239
2025-08-16 12:00:00,352.1228753638038,2025-08-16 10:00:00,286.50079015800185,392.865977988053
2025-08-16 12:05:00,355.45688094822174,2025-08-16 10:05:00,289.2134660480304,396.5857515562618
2025-08-16 12:10:00,360.28757676605665,2025-08-16 10:10:00,293.1439069982037,401.975392984345
2025-08-16 12:15:00,366.640423070215,2025-08-16 10:15:00,298.3128284549913,409.06330845621636
2025-08-16 12:20:00,374.5120970793394,2025-08-16 10:20:00,304.71752687496837,417.84579072125723
2025-08-16 12:25:00,383.86825295654506,2025-08-16 10:25:00,312.3300571568803,428.28451988677773
2025-08-16 12:30:00,394.6420192237356,2025-08-16 10:30:00,321.0960100798156,440.3048869725612
2025-08-16 12:35:00,406.73332270987305,2025-08-16 10:35:00,330.93396224137143,453.7952396351762
2025-08-16 12:40:00,420.00910370345343,2025-08-16 10:40:00,341.7356511140289,468.6071222151124
2025-08-16 12:45:00,434.3044591764175,2025-08-16 10:45:00,353.36690521634256,484.5565512397687
2025-08-16 12:50:00,449.4247221324786,2025-08-16 10:50:00,365.6693359511609,501.4263353670629
2025-08-16 12:55:00,465.1484550324495,2025-08-16 10:55:00,378.46277317224667,518.9694151712015
2025-08-16 13:00:00,481.23130627256495,2025-08-16 11:00:00,391.5484029641938,536.9131658427713
2025-08-16 13:05:00,497.41064996232114,2025-08-16 11:05:00,404.7125427451264,554.9645738216302
2025-08-16 13:10:00,513.4109043242705,2025-08-16 11:10:00,417.73096852246726,572.8161705731061
2025-08-16 13:15:00,528.9494009244913,2025-08-16 11:15:00,430.37369032584684,590.1525809298679
2025-08-16 13:20:00,543.7426580646127,2025-08-16 11:20:00,442.4100564814861,606.6575223596968
2025-08-16 13:25:00,557.5128977158339,2025-08-16 11:25:00,453.61405604176423,622.0210759547808
2025-08-16 13:30:00,569.9946352507413,2025-08-16 11:30:00,463.7696804458906,635.9470386420254
2025-08-16 13:35:00,580.9411666788619,2025-08-16 11:35:00,472.6762017856522,648.1601610375595
2025-08-16 13:40:00,590.1307785671553,2025-08-16 11:40:00,480.15322543690246,658.4130758988703
2025-08-16 13:45:00,597.3725107936402,2025-08-16 11:45:00,486.04537885879256,666.492727669708
2025-08-16 13:50:00,602.5113125747392,2025-08-16 11:50:00,490.2265067370342,672.2261250961955
2025-08-16 13:55:00,605.4324463500454,2025-08-16 11:55:00,492.60325415487176,675.4852546721536
2025-08-16 14:00:00,606.0650123636631,2025-08-16 12:00:00,493.11793432877784,676.1910130393859
2025-08-16 14:05:00,604.384488257887,2025-08-16 12:05:00,491.7505949200928,674.3160404302758
2025-08-16 14:10:00,600.414202269029,2025-08-16 12:10:00,488.52021668412664,669.886364322771
2025-08-16 14:15:00,594.2256847914949,2025-08-16 12:15:00,483.4849995162892,662.9817916829057
2025-08-16 14:20:00,585.9378707926182,2025-08-16 12:20:00,476.74171350595117,653.7350190934005
2025-08-16 14:25:00,575.7151539143362,2025-08-16 12:25:00,468.4241156783082,642.3294617011638
2025-08-16 14:30:00,563.7643210631833,2025-08-16 12:30:00,458.7004558582412,628.9958331177068
2025-08-16 14:35:00,550.3304248220536,2025-08-16 12:35:00,447.77011830488635,614.0075402398054
2025-08-16 14:40:00,535.6916764789709,2025-08-16 12:40:00,435.8594664823253,597.6749853656459
2025-08-16 14:45:00,520.1534680360418,2025-08-16 12:45:00,423.216979134863,580.3388965080088
2025-08-16 14:50:00,504.0416535351625,2025-08-16 12:50:00,410.1077837137706,562.3628313219277
2025-08-16 14:55:00,487.69523995045404,2025-08-16 12:55:00,396.80770940468216,544.1250222817774
2025-08-16 15:00:00,471.45865413904505,2025-08-16 13:00:00,383.5969952196672,526.0097488636682
2025-08-16 15:05:00,455.67376547943576,2025-08-16 13:05:00,370.75379930726945,508.3984371467487
2025-08-16 15:10:00,440.67185305928774,2025-08-16 13:10:00,358.5476631458147,491.6606975479131
2025-08-16 15:15:00,426.7657109422988,2025-08-16 13:15:00,347.23308808320195,476.14551661231724
2025-08-16 15:20:00,414.24208628719316,2025-08-16 13:20:00,337.04338269804924,462.1728201693495
2025-08-16 15:25:00,403.35464103122104,2025-08-16 13:25:00,328.184936153174,450.0256206332226
2025-08-16 15:30:00,394.317619842673,2025-08-16 13:30:00,320.8320661968595,439.9429522928895
2025-08-16 15:35:00,387.3003944732295,2025-08-16 13:35:00,315.1225802369223,432.1137844074441
2025-08-16 15:40:00,382.4230376046895,2025-08-16 13:40:00,311.1541740512249,426.67208291566794
2025-08-16 15:45:00,379.753057846228,2025-08-16 13:45:00,308.9817752551661,423.69316764942016
2025-08-16 15:50:00,379.30340268285397,2025-08-16 13:50:00,308.61591842330824,423.191484209133
2025-08-16 15:55:00,381.03180712125913,2025-08-16 13:55:00,310.0222151224479,425.1198772433867
2025-08-16 16:00:00,384.841534166525,2025-08-16 14:00:00,313.12195639210347,429.3704166039992
2025-08-16 16:05:00,390.5835189335029,2025-08-16 14:05:00,317.7938572764602,435.7767895462303
2025-08-16 16:10:00,398.05989217524814,2025-08-16 14:10:00,323.8769237033804,444.1182319543309
2025-08-16 16:15:00,407.02882214724787,2025-08-16 14:15:00,331.1743920124042,454.1249304436454
2025-08-16 16:20:00,417.2105768125325,2025-08-16 14:20:00,339.45866139929115,465.48478600565255
2025-08-16 16:25:00,428.29467235479564,2025-08-16 14:25:00,348.4771102227714,477.8513896545214
2025-08-16 16:30:00,439.9479404481857,2025-08-16 14:30:00,357.95865984725936,490.8530231369716
2025-08-16 16:35:00,451.82331564032165,2025-08-16 14:35:00,367.62092439753746,504.1024630775417
2025-08-16 16:40:00,463.56911797067585,2025-08-16 14:40:00,377.1777634560887,517.2073376614532
2025-08-16 16:45:00,474.838584701489,2025-08-16 14:45:00,386.3470374480197,529.7807612540854
2025-08-16 16:50:00,485.29938949994875,2025-08-16 14:50:00,394.85835281584656,541.451955019736
2025-08-16 16:55:00,494.64288018765353,2025-08-16 14:55:00,402.46057820973965,551.8765535439156
2025-08-16 17:00:00,502.59276457849586,2025-08-16 15:00:00,408.92891162116,560.746295683995
2025-08-16 17:05:00,508.91298255836955,2025-08-16 15:05:00,414.07128541137115,567.79780750411
2025-08-16 17:10:00,513.4145176758486,2025-08-16 15:10:00,417.73390848506176,572.8202020149716
2025-08-16 17:15:00,515.9609261131108,2025-08-16 15:15:00,419.8057648749281,575.6612478857587
2025-08-16 17:20:00,516.4723925426808,2025-08-16 15:20:00,420.22191374358573,576.2318945921209
2025-08-16 17:25:00,514.9281618391127,2025-08-16 15:25:00,418.96546791824306,574.5089854940691
2025-08-16 17:30:00,511.3672409241525,2025-08-16 15:30:00,416.06816493907075,570.5360408895796
2025-08-16 17:35:00,505.88731591666976,2025-08-16 15:35:00,411.6094860105055,564.4220498711272
2025-08-16 17:40:00,498.6418837111692,2025-08-16 15:40:00,405.7143221425874,556.3382700075805
2025-08-16 17:45:00,489.83565383238783,2025-08-16 15:45:00,398.5492329220215,546.5130971609126
2025-08-16 17:50:00,479.7183324175104,2025-08-16 15:50:00,390.3173889196967,535.2251302312756
2025-08-16 17:55:00,468.57695544802965,2025-08-16 15:55:00,381.2523337116064,522.7946172896601
2025-08-16 18:00:00,456.72698888326596,2025-08-16 16:00:00,371.6107426032666,509.5735259340311
2025-08-16 18:05:00,444.50245911151256,2025-08-16 16:05:00,361.664392383052,495.934531763993
2025-08-16 18:10:00,432.2454150195131,2025-08-16 16:10:00,351.691587254356,482.25926113730924
2025-08-16 18:15:00,420.2950518975347,2025-08-16 16:15:00,341.9683096241126,468.9261566340083
2025-08-16 18:20:00,408.97684615897305,2025-08-16 16:20:00,332.75937969043963,456.29835458633966
2025-08-16 18:25:00,398.59205658223846,2025-08-16 16:25:00,324.3099132469855,444.711971540226
2025-08-16 18:30:00,389.40794347439714,2025-08-16 16:30:00,316.8373636161827,434.4651917070863
2025-08-16 18:35:00,381.6490391892773,2025-08-16 16:35:00,310.52441900515606,425.80852741925787
2025-08-16 18:40:00,375.4897748054626,2025-08-16 16:40:00,305.5130032857661,418.93659266257873
2025-08-16 18:45:00,371.0487264482804,2025-08-16 16:45:00,301.89959457964886,413.98168365720943
2025-08-16 18:50:00,368.3846941292736,2025-08-16 16:50:00,299.7320348503546,411.00940399114955
2025-08-16 18:55:00,367.4947660395036,2025-08-16 16:55:00,299.0079549375131,410.0165049386091
2025-08-16 19:00:00,368.3144547619406,2025-08-16 17:00:00,299.67488538450317,410.93103743313475
2025-08-16 19:05:00,370.71992081483677,2025-08-16 17:05:00,301.6320655993386,413.61483289064864
2025-08-16 19:10:00,374.5322258508039,2025-08-16 17:10:00,304.73390442193556,417.8682485336869
2025-08-16 19:15:00,379.52348538034204,2025-08-16 17:15:00,308.794986217939,423.4370320284776
2025-08-16 19:20:00,385.4247217223749,2025-08-16 17:20:00,313.59646034300044,430.0210830772942
2025-08-16 19:25:00,391.93515458145157,2025-08-16 17:25:00,318.893600315713,437.2848189810299
2025-08-16 19:30:00,398.73261230119203,2025-08-16 17:30:00,324.4242748160821,444.86879054816876
2025-08-16 19:35:00,405.4847021507682,2025-08-16 17:35:00,329.91803626263044,452.4021448622737
2025-08-16 19:40:00,411.8603474129509,2025-08-16 17:40:00,335.10550783344286,459.5154972925707
2025-08-16 19:45:00,417.54128075515496,2025-08-16 17:45:00,339.72773491736865,465.85375472916604
2025-08-16 19:50:00,422.23308143546,2025-08-16 17:50:00,343.54516541171654,471.0884298717243
2025-08-16 19:55:00,425.6753566394722,2025-08-16 17:55:00,346.3459336517006,474.92900061888486
2025-08-16 20:00:00,427.6506948563189,2025-08-16 18:00:00,347.95314522343153,477.1328994130682
2025-08-16 20:05:00,427.99206191043106,2025-08-16 18:05:00,348.2308946614253,477.51376504535097
2025-08-16 20:10:00,426.58836505049476,2025-08-16 18:10:00,347.08879260657136,475.947650548791
2025-08-16 20:15:00,423.3879768487452,2025-08-16 18:15:00,344.48483298688956,472.37695483774775
2025-08-16 20:20:00,418.4000854053444,2025-08-16 18:20:00,340.4264915960321,466.8119291404387
2025-08-16 20:25:00,411.69381813844353,2025-08-16 18:25:00,334.9700131749902,459.3296994053265
2025-08-16 20:30:00,403.3951696153987,2025-08-16 18:30:00,328.2179117767511,450.07083866071645
2025-08-16 20:35:00,393.68184768823136,2025-08-16 18:35:00,320.3147773827777,439.2336168117049
2025-08-16 20:40:00,382.776230883537,2025-08-16 18:40:00,311.44154576305635,427.0661431503796
2025-08-16 20:45:00,370.9367036776465,2025-08-16 18:45:00,301.8084485208501,413.85669906114606
2025-08-16 20:50:00,358.44769873002576,2025-08-16 18:50:00,291.6469110686646,399.92262807023025
2025-08-16 20:55:00,345.6088266011097,2025-08-16 18:55:00,281.20070814625683,385.59820779512347
2025-08-16 21:00:00,332.7235095316378,2025-08-16 19:00:00,270.7167158239007,371.2219685719429
2025-08-16 21:05:00,320.08755685921193,2025-08-16 19:05:00,260.43561601943946,357.1239469670289
2025-08-16 21:10:00,307.9781229060027,2025-08-16 19:10:00,250.58291220865715,343.61336601430304
2025-08-16 21:15:00,296.64347483300986,2025-08-16 19:15:00,241.36060415576452,330.9672191380286
2025-08-16 21:20:00,286.2939674399702,2025-08-16 19:20:00,232.93984466154407,319.4202006733513
2025-08-16 21:25:00,277.0945754052838,2025-08-16 19:25:00,225.4548635049299,309.15637403366327
2025-08-16 21:30:00,269.1592735166271,2025-08-16 19:30:00,218.998394981283,300.30290169422307
2025-08-16 21:35:00,262.54748295193457,2025-08-16 19:35:00,213.6187864591542,292.92608028275873
2025-08-16 21:40:00,257.262720685068,2025-08-16 19:40:00,209.3188994845004,287.0298337118371
2025-08-16 21:45:00,253.25350205854147,2025-08-16 19:45:00,206.05684414876202,282.55672018562575
2025-08-16 21:50:00,250.4164571985749,2025-08-16 19:50:00,203.74851472468146,279.3914092061695
2025-08-16 21:55:00,248.60153370229034,2025-08-16 19:55:00,202.27182277382587,277.3664862482258
2025-08-16 22:00:00,247.61907454439097,2025-08-16 20:00:00,201.47245600520762,276.2703496297153
2025-08-16 22:05:00,247.24848487826074,2025-08-16 20:05:00,201.17092991985743,275.85688012289586
2025-08-16 22:10:00,247.24813699595222,2025-08-16 20:10:00,201.17064686935646,275.85649198814826
2025-08-16 22:15:00,247.3661127304502,2025-08-16 20:15:00,201.26663648979286,275.988118348022
2025-08-16 22:20:00,247.3513478637728,2025-08-16 20:20:00,201.2546232232157,275.97164508203184
2025-08-16 22:25:00,246.96472643677066,2025-08-16 20:25:00,200.94005307717313,275.54028882642535
2025-08-16 22:30:00,245.98967398178917,2025-08-16 20:30:00,200.1467126885117,274.4524159186508
2025-08-16 22:35:00,244.2418182061419,2025-08-16 20:35:00,198.7245896290888,272.502320890112
2025-08-16 22:40:00,241.57732276755138,2025-08-16 20:40:00,196.55665308778947,269.529524518263
2025-08-16 22:45:00,237.89955287206016,2025-08-16 20:45:00,193.56427725878686,265.42621068125544
2025-08-16 22:50:00,233.16379840048904,2025-08-16 20:50:00,189.71108425990087,260.14249598347317
2025-08-16 22:55:00,227.37985911482923,2025-08-16 20:55:00,185.00504755650473,253.68931408855488
2025-08-16 23:00:00,220.61238255188061,2025-08-16 21:00:00,179.49876688485756,246.138792709712
2025-08-16 23:05:00,212.97893698550808,2025-08-16 21:05:00,173.28790033966567,237.6221036001132
2025-08-16 23:10:00,204.64589384530342,2025-08-16 21:10:00,166.50781415065356,228.3248685383162
2025-08-16 23:15:00,195.82228330531063,2025-08-16 21:15:00,159.32858335190875,218.4803039652294
2025-08-16 23:20:00,186.75186992849348,2025-08-16 21:20:00,151.94854421973665,208.36037972469967
2025-08-16 23:25:00,177.70376811432521,2025-08-16 21:25:00,144.58665863786138,198.2653486521342
2025-08-16 23:30:00,168.961977291138,2025-08-16 21:30:00,137.47399952518234,188.51207091472463
2025-08-16 23:35:00,160.81426163768475,2025-08-16 21:35:00,130.84470294714743,179.42160703828569
2025-08-16 23:40:00,153.5408264641432,2025-08-16 21:40:00,124.92675478138374,171.306584065598
2025-08-16 23:45:00,147.40325252808776,2025-08-16 21:45:00,119.93298724919404,164.45884949461572
2025-08-16 23:50:00,142.63413991748536,2025-08-16 21:50:00,116.05265277822734,159.13791688561184
2025-08-16 23:55:00,139.42788462755072,2025-08-16 21:55:00,113.4439194686817,155.56067522285954
2025-08-17 00:00:00,137.93296573784477,2025-08-16 22:00:00,112.22759564228906,153.89278366366912
2025-08-17 00:05:00,138.24605977248223,2025-08-16 22:05:00,112.48234105814626,154.24210488851995
2025-08-17 00:10:00,140.4082249865819,2025-08-16 22:10:00,114.24156230059378,156.6544478825143
2025-08-17 00:15:00,144.40331420357234,2025-08-16 22:15:00,117.49212140226221,161.11179712675428
2025-08-17 00:20:00,150.1586842314715,2025-08-16 22:20:00,122.174913052595,167.53310409909355
2025-08-17 00:25:00,157.548176623239,2025-08-16 22:25:00,128.18728985975528,175.77761292950572
2025-08-17 00:30:00,166.39725200014448,2025-08-16 22:30:00,135.3872398346945,185.65058880091465
2025-08-17 00:35:00,176.49007250922847,2025-08-16 22:35:00,143.59914895246462,196.91121989698448
2025-08-17 00:40:00,187.57824798519738,2025-08-16 22:40:00,152.62091736780405,209.28237555669273
2025-08-17 00:45:00,199.39089321310598,2025-08-16 22:45:00,162.23214239303243,222.4618272333084
2025-08-17 00:50:00,211.64559105260525,2025-08-16 22:50:00,172.20303851995018,236.13448012951346
2025-08-17 00:55:00,224.0598186968195,2025-08-16 22:55:00,182.30373426598493,249.98512155510002
2025-08-17 01:00:00,236.36237631357204,2025-08-16 23:00:00,192.31357095870854,263.7111719426708
2025-08-17 01:05:00,248.30435657500936,2025-08-16 23:05:00,202.03002796939882,277.03492362928404
2025-08-17 01:10:00,259.66921305186594,2025-08-16 23:10:00,211.27691474802018,289.7147742350169
2025-08-17 01:15:00,270.28152141329133,2025-08-16 23:15:00,219.91149927425255,301.555001595465
2025-08-17 01:20:00,280.01408087057496,2025-08-16 23:20:00,227.83028606676243,312.413686892642
2025-08-17 01:25:00,288.7930701443314,2025-08-16 23:25:00,234.97321127751798,322.20846720396815
2025-08-17 01:30:00,296.6010509315937,2025-08-16 23:30:00,241.32608642877858,330.91988649171105
2025-08-17 01:35:00,303.4776986199046,2025-08-16 23:35:00,246.92119295034078,338.59221086585546
2025-08-17 01:40:00,309.5182309769842,2025-08-16 23:40:00,251.83600370067978,345.3316754620727
2025-08-17 01:45:00,314.8695980434968,2025-08-16 23:45:00,256.1900829163437,351.3022334781812
2025-08-17 01:50:00,319.7245851439334,2025-08-16 23:50:00,260.14028819353535,356.7189768617565
2025-08-17 01:55:00,324.3140641595821,2025-08-16 23:55:00,263.87446582410934,361.8394910006792
2025-08-17 02:00:00,328.8977006172755,2025-08-17 00:00:00,267.60388972356327,366.95348655644347
2025-08-17 02:05:00,333.7534842704446,2025-08-17 00:05:00,271.5547431068656,372.37111865952596
2025-08-17 02:10:00,339.1664959801801,2025-08-17 00:10:00,275.9589787884341,378.410454039282
2025-08-17 02:15:00,345.41735165613613,2025-08-17 00:15:00,281.04491672551,385.38457784722664
2025-08-17 02:20:00,352.77077430289563,2025-08-17 00:20:00,287.02794579309244,393.5888434084854
2025-08-17 02:25:00,361.4647374828679,2025-08-17 00:25:00,294.1016904854621,403.2887595067027
2025-08-17 02:30:00,371.70059773673734,2025-08-17 00:30:00,302.4299822718182,414.7089810558728
2025-08-17 02:35:00,383.6345917701231,2025-08-17 00:35:00,312.1399413784891,428.0238224514672
2025-08-17 02:40:00,397.37101740630817,2025-08-17 00:40:00,323.3164285483374,443.34964951125255
2025-08-17 02:45:00,412.9573486050865,2025-08-17 00:45:00,335.9980704311622,460.7394292673314
2025-08-17 02:50:00,430.38145674436475,2025-08-17 00:50:00,350.17499871093975,480.1796297304076
2025-08-17 02:55:00,449.5710263835868,2025-08-17 00:55:00,365.7883747483497,501.5895680529145
2025-08-17 03:00:00,470.3951668431196,2025-08-17 01:00:00,382.73170082409337,524.8232085795132
2025-08-17 03:05:00,492.66813597316855,2025-08-17 01:05:00,400.8538499413039,549.6733174823609
2025-08-17 03:10:00,516.1550105939001,2025-08-17 01:10:00,419.9636795149415,575.8777893111883
2025-08-17 03:15:00,540.5790656356808,2025-08-17 01:15:00,439.8360353256881,603.1278799521598
2025-08-17 03:20:00,565.6305598984817,2025-08-17 01:20:00,460.21889995359885,631.0780089616683
2025-08-17 03:25:00,590.9765782023453,2025-08-17 01:25:00,480.8414007323783,659.3567405230943
2025-08-17 03:30:00,616.2715431423518,2025-08-17 01:30:00,501.42236251977533,687.5785114860344
2025-08-17 03:35:00,641.1679913025416,2025-08-17 01:35:00,521.6790756420132,715.355654464253
2025-08-17 03:40:00,665.3272064957523,2025-08-17 01:40:00,541.335947508974,742.3102614164379
2025-08-17 03:45:00,688.4293158583846,2025-08-17 01:45:00,560.1327171873778,768.085447930408
2025-08-17 03:50:00,710.182484257873,2025-08-17 01:50:00,577.8319363263062,792.3556114884395
2025-08-17 03:55:00,730.3308859514507,2025-08-17 01:55:00,594.2254552070855,814.8353255032285
2025-08-17 04:00:00,748.6611872831303,2025-08-17 02:00:00,609.1396973162771,835.2865721086806
2025-08-17 04:05:00,765.0073395526857,2025-08-17 02:05:00,622.4395590092504,853.5240895976698
2025-08-17 04:10:00,779.2535523197938,2025-08-17 02:10:00,634.0308287054282,869.4186897584611
2025-08-17 04:15:00,791.3353926213508,2025-08-17 02:15:00,643.8610812540097,882.8984842792307
2025-08-17 04:20:00,801.2390309141862,2025-08-17 02:20:00,651.9190644037976,893.9480434410285
2025-08-17 04:25:00,808.998727498918,2025-08-17 02:25:00,658.2326536604317,902.6055917031276
2025-08-17 04:30:00,814.6927201753977,2025-08-17 02:30:00,662.865506323809,908.9584195311714
2025-08-17 04:35:00,818.4377327837785,2025-08-17 02:35:00,665.9125934247088,913.1367565376754
2025-08-17 04:40:00,820.3823726109802,2025-08-17 02:40:00,667.4948275993286,915.3064049218048
2025-08-17 04:45:00,820.6997206731584,2025-08-17 02:45:00,667.7530342565225,915.6604723952157
2025-08-17 04:50:00,819.5794411929435,2025-08-17 02:50:00,666.8415315433069,914.4105686701031
2025-08-17 04:55:00,817.2197453908774,2025-08-17 02:55:00,664.9215917747646,911.7778394045728
2025-08-17 05:00:00,813.8195385778686,2025-08-17 03:00:00,662.1550520047449,907.9842046582525
2025-08-17 05:05:00,809.5710606037624,2025-08-17 03:05:00,658.698326010182,903.2441477888045
2025-08-17 05:10:00,804.653298107128,2025-08-17 03:10:00,654.6970442427323,897.7573654525047
2025-08-17 05:15:00,799.2264045695886,2025-08-17 03:15:00,650.2815137691667,891.7025420194639
2025-08-17 05:20:00,793.4273135789997,2025-08-17 03:20:00,645.5631490526305,885.232455260387
2025-08-17 05:25:00,787.3666732662532,2025-08-17 03:25:00,640.6319776918624,878.4705560760726
2025-08-17 05:30:00,781.1271693245315,2025-08-17 03:30:00,635.555275964801,871.509097478155
2025-08-17 05:35:00,774.7632422213114,2025-08-17 03:35:00,630.377338741334,864.4088190805413
2025-08-17 05:40:00,768.3021441022258,2025-08-17 03:40:00,625.1203394211567,857.2001262945109
2025-08-17 05:45:00,761.7462252604903,2025-08-17 03:45:00,619.7861902937295,849.8856413587972
2025-08-17 05:50:00,755.0762906975442,2025-08-17 03:50:00,614.3592735658349,842.4439482779918
2025-08-17 05:55:00,748.255826449906,2025-08-17 03:55:00,608.8098800645638,834.8343081652541
2025-08-17 06:00:00,741.2358646115622,2025-08-17 04:00:00,603.0981676076933,827.0020871821375
2025-08-17 06:05:00,733.9602361174362,2025-08-17 04:05:00,597.1784348714729,818.8846171061892
2025-08-17 06:10:00,726.3709520496257,2025-08-17 04:10:00,591.0034998295083,810.4171992923108
2025-08-17 06:15:00,718.4134576177119,2025-08-17 04:15:00,584.5289745943451,801.5389665756821
2025-08-17 06:20:00,710.041517527204,2025-08-17 04:20:00,577.7172403421814,792.198333911824
2025-08-17 06:25:00,701.2215157102162,2025-08-17 04:25:00,570.540945740045,782.3577956164711
2025-08-17 06:30:00,691.9359861669124,2025-08-17 04:30:00,562.9858797749513,771.9978647502982
2025-08-17 06:35:00,682.1862317461838,2025-08-17 04:35:00,555.0531024951474,761.1199949110114
2025-08-17 06:40:00,671.9939335027321,2025-08-17 04:40:00,546.7602544452786,749.7483758044069
2025-08-17 06:45:00,661.4017012293124,2025-08-17 04:45:00,538.1420046007137,737.9305474770814
2025-08-17 06:50:00,650.4725654166949,2025-08-17 04:50:00,529.2496370065211,725.736833492575
2025-08-17 06:55:00,639.2884577717546,2025-08-17 04:55:00,520.1498144682182,713.2586456346759
2025-08-17 07:00:00,627.9477721069302,2025-08-17 05:00:00,510.92259399710053,700.6057625745703
2025-08-17 07:05:00,616.5621354324929,2025-08-17 05:05:00,501.6587996460292,687.902727355691
2025-08-17 07:10:00,605.2525509413246,2025-08-17 05:10:00,492.45688429267216,675.284544094604
2025-08-17 07:15:00,594.1450979304701,2025-08-17 05:15:00,483.41943092936873,662.8918803531269
2025-08-17 07:20:00,583.3663880911738,2025-08-17 05:20:00,474.64945572496976,650.865997689044
2025-08-17 07:25:00,573.038982769521,2025-08-17 05:25:00,466.24667933085306,639.343638661451
2025-08-17 07:30:00,563.2769714496864,2025-08-17 05:30:00,458.3039293638866,628.4520937132993
2025-08-17 07:35:00,554.1818990297747,2025-08-17 05:35:00,450.90382668053564,618.3046572042991
2025-08-17 07:40:00,545.8392078785881,2025-08-17 05:40:00,444.1158904966406,608.9966577885358
2025-08-17 07:45:00,538.3153337706294,2025-08-17 05:45:00,437.99417552781784,600.6022183286506
2025-08-17 07:50:00,531.6555610265248,2025-08-17 05:50:00,432.5755268487527,593.1718628608677
2025-08-17 07:55:00,525.8827060323448,2025-08-17 05:55:00,427.87850875360243,586.7310477882072
2025-08-17 08:00:00,520.9966596271846,2025-08-17 06:00:00,423.90303242483293,581.2796513190768
2025-08-17 08:05:00,516.9747803488773,2025-08-17 06:05:00,420.6306758931403,576.7924122142911
2025-08-17 08:10:00,513.7730939001744,2025-08-17 06:10:00,418.02565996952603,573.2202680399565
2025-08-17 08:15:00,511.32822049410925,2025-08-17 06:15:00,416.03641640802704,570.4925055203008
2025-08-17 08:20:00,509.5599232941194,2025-08-17 06:20:00,414.59766141516315,568.5196038503091
2025-08-17 08:25:00,508.3741483927629,2025-08-17 06:25:00,413.63286909419514,567.1966264214391
2025-08-17 08:30:00,507.6664107846803,2025-08-17 06:30:00,413.05702640368344,566.4069985755599
2025-08-17 08:35:00,507.3253722497983,2025-08-17 06:35:00,412.7795442616412,566.0264994745015
2025-08-17 08:40:00,507.236455732682,2025-08-17 06:40:00,412.7071983443656,565.927294688615
2025-08-17 08:45:00,507.28534711110314,2025-08-17 06:45:00,412.74697826078,565.9818431446866
2025-08-17 08:50:00,507.3612478057957,2025-08-17 06:50:00,412.8087340015296,566.0665260856048
2025-08-17 08:55:00,507.3597603928391,2025-08-17 06:55:00,412.8075237848207,566.0648665684682
2025-08-17 09:00:00,507.1853130165021,2025-08-17 07:00:00,412.6655866524776,565.8702343991117
2025-08-17 09:05:00,506.7530550827371,2025-08-17 07:05:00,412.3138848794877,565.3879611707217
2025-08-17 09:10:00,505.99018601357005,2025-08-17 07:10:00,411.6931850999643,564.5368227644892
2025-08-17 09:15:00,504.83670830405265,2025-08-17 07:15:00,410.7546710234081,563.2498795405684
2025-08-17 09:20:00,503.2456251091462,2025-08-17 07:20:00,409.4601041990379,561.4746967871575
2025-08-17 09:25:00,501.1826289680962,2025-08-17 07:25:00,407.7815707499029,559.1729974280862
2025-08-17 09:30:00,498.625351556265,2025-08-17 07:30:00,405.70087094195696,556.3198249656388
2025-08-17 09:35:00,495.562262724068,2025-08-17 07:35:00,403.208623399556,552.9023151305221
2025-08-17 09:40:00,491.991320555371,2025-08-17 07:40:00,400.3031667407599,548.9181897424896
2025-08-17 09:45:00,487.9184813108062,2025-08-17 07:45:00,396.98934720958414,544.3740942435792
2025-08-17 09:50:00,483.35617980803727,2025-08-17 07:50:00,393.277282254611,539.2839022476464
2025-08-17 09:55:00,478.32188590459856,2025-08-17 07:55:00,389.18118602759756,533.6671049980774
2025-08-17 10:00:00,472.8368325915886,2025-08-17 08:00:00,384.7183345113122,527.5473922929432
2025-08-17 10:05:00,466.9249961911281,2025-08-17 08:05:00,379.9082357687445,520.9515146841037
2025-08-17 10:10:00,460.61238954677106,2025-08-17 08:10:00,374.7720548554869,513.9084948847596
2025-08-17 10:15:00,453.92670696032934,2025-08-17 08:15:00,369.33232492660295,506.44923162296107
2025-08-17 10:20:00,446.8973354413828,2025-08-17 08:20:00,363.6129563896637,498.60651219276474
2025-08-17 10:25:00,439.5557218261996,2025-08-17 08:25:00,357.63953560689976,490.415422051406
2025-08-17 10:30:00,431.93606142096826,2025-08-17 08:30:00,351.4398852019695,481.914113143414
2025-08-17 10:35:00,424.07625152702985,2025-08-17 08:35:00,345.04483988496617,473.1448677554454
2025-08-17 10:40:00,416.01903387458196,2025-08-17 08:40:00,338.48917598066475,464.155373137633
2025-08-17 10:45:00,407.8132349426316,2025-08-17 08:45:00,331.8126206008062,455.00010533731387
2025-08-17 10:50:00,399.51500268685754,2025-08-17 08:50:00,325.0608578937183,445.7417090250367
2025-08-17 10:55:00,391.18893271447666,2025-08-17 08:55:00,318.286445343743,436.4522539758104
2025-08-17 11:00:00,382.9089777737593,2025-08-17 09:00:00,311.5495537670817,427.21424979297757
2025-08-17 11:05:00,374.75903988388285,2025-08-17 09:05:00,304.9184490915453,418.12130655167255
2025-08-17 11:10:00,366.83315616749553,2025-08-17 09:10:00,298.46964355711555,409.2783421335245
2025-08-17 11:15:00,359.2352051158248,2025-08-17 09:15:00,292.2876567218767,400.80125450456546
2025-08-17 11:20:00,352.0780804753835,2025-08-17 09:20:00,286.4643433042886,392.816000014796
2025-08-17 11:25:00,345.4823034040687,2025-08-17 09:25:00,281.0977639797124,385.45704497094647
2025-08-17 11:30:00,339.57406888345963,2025-08-17 09:30:00,276.2905958658987,378.865186004886
2025-08-17 11:35:00,334.48274932927325,2025-08-17 09:35:00,272.1481013639035,373.18476483418374
2025-08-17 11:40:00,330.33790458115925,2025-08-17 09:40:00,268.7756953701435,368.5603322866133
2025-08-17 11:45:00,327.26587281663575,2025-08-17 09:45:00,266.2761715121234,365.13284475876395
2025-08-17 11:50:00,325.38603946219985,2025-08-17 09:50:00,264.7466663902116,363.03550141382505
2025-08-17 11:55:00,324.8069009183647,2025-08-17 09:55:00,264.2754568720901,362.3893524518205
2025-08-17 12:00:00,325.6220544235101,2025-08-17 10:00:00,264.9386972908869,363.29882497239583
2025-08-17 12:05:00,327.9062561821429,2025-08-17 10:05:00,266.79721218587196,365.84732500068895
2025-08-17 12:10:00,331.7116940386461,2025-08-17 10:10:00,269.8934636056609,370.0930788831178
2025-08-17 12:15:00,337.0646206072333,2025-08-17 10:15:00,274.2488116925283,376.0653768467008
2025-08-17 12:20:00,343.96248586250397,2025-08-17 10:20:00,279.8611816471831,383.76137381009573
2025-08-17 12:25:00,352.3716967269154,2025-08-17 10:25:00,286.70324084248523,393.1435897395251
2025-08-17 12:30:00,362.2261140112515,2025-08-17 10:30:00,294.7211758760783,404.13823267464596
2025-08-17 12:35:00,373.4263759595416,2025-08-17 10:35:00,303.834142180373,416.6344440028398
2025-08-17 12:40:00,385.8401129987842,2025-08-17 10:40:00,313.9344387512281,430.4845380569959
2025-08-17 12:45:00,399.3030905757875,2025-08-17 10:45:00,324.8884380042042,445.50527718664216
2025-08-17 12:50:00,413.6212881436405,2025-08-17 10:50:00,336.5382773183641,461.48019129782847
2025-08-17 12:55:00,428.5738922779738,2025-08-17 10:55:00,348.70429435142466,478.16291729407004
2025-08-17 13:00:00,443.9171527975233,2025-08-17 11:00:00,361.18816452858744,495.2815013772838
2025-08-17 13:05:00,459.3890222409511,2025-08-17 11:05:00,373.7766759003174,512.543575344832
2025-08-17 13:10:00,474.7144740489173,2025-08-17 11:10:00,386.2460562209634,529.642290122805
2025-08-17 13:15:00,489.61137141723265,2025-08-17 11:15:00,398.3667480746678,546.2628636869174
2025-08-17 13:20:00,503.79674054046467,2025-08-17 11:20:00,409.9085130289893,562.0895801646874
2025-08-17 13:25:00,516.9932873187761,2025-08-17 11:25:00,420.6457338796285,576.813060571264
2025-08-17 13:30:00,528.9359868223289,2025-08-17 11:30:00,430.3627760935215,590.1376147213833
2025-08-17 13:35:00,539.3785704513789,2025-08-17 11:35:00,438.8592660131917,601.7884789996843
2025-08-17 13:40:00,548.0997355748011,2025-08-17 11:40:00,445.95514325881896,611.5187444982512
2025-08-17 13:45:00,554.9089082567382,2025-08-17 11:45:00,451.49534950552106,619.115786531419
2025-08-17 13:50:00,559.6513990765799,2025-08-17 11:50:00,455.3540234578961,624.4070170205246
2025-08-17 13:55:00,562.2128069703414,2025-08-17 11:55:00,457.4380839856918,627.2647978908224
2025-08-17 14:00:00,562.5225437093842,2025-08-17 12:00:00,457.69009777600587,627.6103733572761
2025-08-17 14:05:00,560.5563734587588,2025-08-17 12:05:00,456.0903456161744,625.4167033277306
2025-08-17 14:10:00,556.3378858788086,2025-08-17 12:10:00,452.6580209662102,620.7101069527711
2025-08-17 14:15:00,549.9388477307093,2025-08-17 12:15:00,447.4515160386689,613.570654914506
2025-08-17 14:20:00,541.4784052729738,2025-08-17 12:20:00,440.5677728375968,604.1312795347161
2025-08-17 14:25:00,531.1211383462181,2025-08-17 12:25:00,432.14069988663607,592.5756037034904
2025-08-17 14:30:00,519.0739950817324,2025-08-17 12:30:00,422.3386781893641,579.134520911938
2025-08-17 14:35:00,505.58216430877303,2025-08-17 12:35:00,411.3612028602272,564.0815900678637
2025-08-17 14:40:00,490.9239686449168,2025-08-17 12:40:00,399.434727945337,547.7273376806213
2025-08-17 14:45:00,475.40488666654653,2025-08-17 12:45:00,386.80780262917807,530.412588354523
2025-08-17 14:50:00,459.35083433481145,2025-08-17 12:50:00,373.74560474292053,512.5009688283501
2025-08-17 14:55:00,443.10085599491873,2025-08-17 12:55:00,360.5239938787595,494.3707532716618
2025-08-17 15:00:00,426.99939148659996,2025-08-17 13:00:00,347.4232196119124,476.4062356453502
2025-08-17 15:05:00,411.3882989430449,2025-08-17 13:05:00,334.72143094130337,458.9888294820919
2025-08-17 15:10:00,396.59882222390735,2025-08-17 13:10:00,322.68814068238873,442.4881058946439
2025-08-17 15:15:00,382.94369630401343,2025-08-17 13:15:00,311.57780210607604,427.2529855022907
2025-08-17 15:20:00,370.7095857219824,2025-08-17 13:20:00,301.6236565680706,413.6033019545865
2025-08-17 15:25:00,360.1500463687996,2025-08-17 13:25:00,293.0320069478472,401.82194934917743
2025-08-17 15:30:00,351.4791938079837,2025-08-17 13:30:00,285.97706594905327,392.147817931911
2025-08-17 15:35:00,344.86624786650384,2025-08-17 13:35:00,280.5965173676847,384.7697074584082
2025-08-17 15:40:00,340.4311067241803,2025-08-17 13:40:00,276.98791500004495,379.821389174361
2025-08-17 15:45:00,338.24108230089155,2025-08-17 13:45:00,275.20602642751385,377.37796346399176
2025-08-17 15:50:00,338.30890345386996,2025-08-17 13:50:00,275.2612083406391,377.4536320031789
2025-08-17 15:55:00,340.5920649628654,2025-08-17 13:55:00,277.11887684828633,380.0009714176075
2025-08-17 16:00:00,344.99356840710027,2025-08-17 14:00:00,280.70011028378406,384.91175988441915
2025-08-17 16:05:00,351.3640665616669,2025-08-17 14:05:00,285.8833939687697,392.019369650411
2025-08-17 16:10:00,359.50538737723,2025-08-17 14:10:00,292.50748745936943,401.1026987610692
2025-08-17 16:15:00,369.1753761768684,2025-08-17 14:15:00,300.3753643448261,411.8915735337701
2025-08-17 16:20:00,380.09395826433865,2025-08-17 14:20:00,309.25914502006134,424.07351265262173
2025-08-17 16:25:00,391.95028788986986,2025-08-17 14:25:00,318.9059133607404,437.30170332007145
2025-08-17 16:30:00,404.41081589311375,2025-08-17 14:30:00,329.04428086960195,451.2040023831023
2025-08-17 16:35:00,417.12807757667804,2025-08-17 14:35:00,339.391536830246,465.39274102577514
2025-08-17 16:40:00,429.74997571231853,2025-08-17 14:40:00,349.6612013200031,479.4750818847744
2025-08-17 16:45:00,441.9293127679116,2025-08-17 14:45:00,359.57078099846876,493.06365422233733
2025-08-17 16:50:00,453.33331054516907,2025-08-17 14:50:00,368.8495146529316,505.7871750532602
2025-08-17 16:55:00,463.6528483816852,2025-08-17 14:55:00,377.245889756857,517.3007562721428
2025-08-17 17:00:00,472.61114951012416,2025-08-17 15:00:00,384.5347100276769,527.2955960856582
2025-08-17 17:05:00,479.9716536170147,2025-08-17 15:05:00,390.5235008451056,535.5077624819794
2025-08-17 17:10:00,485.54482892164737,2025-08-17 15:10:00,395.05805182199583,541.7257935152976
2025-08-17 17:15:00,489.19370166945106,2025-08-17 15:15:00,398.0269158140091,545.7968666006199
2025-08-17 17:20:00,490.8379124785722,2025-08-17 15:20:00,399.36470932007666,547.6313242082846
2025-08-17 17:25:00,490.4561486013185,2025-08-17 15:25:00,399.05409146438075,547.205387555226
2025-08-17 17:30:00,488.08684630414706,2025-08-17 15:30:00,397.1263354798783,544.561940255286
2025-08-17 17:35:00,483.8271084877898,2025-08-17 15:35:00,393.66044804217245,539.8093207003454
2025-08-17 17:40:00,477.8298368980992,2025-08-17 15:40:00,388.7808359253417,533.1181224477199
2025-08-17 17:45:00,470.2991344054015,2025-08-17 15:45:00,382.6535651185996,524.7160645107738
2025-08-17 17:50:00,461.4840896454461,2025-08-17 15:50:00,375.4813037697847,514.8810568389481
2025-08-17 17:55:00,451.67111074552514,2025-08-17 15:55:00,367.4970846084296,503.93264700186916
2025-08-17 18:00:00,441.1750259763584,2025-08-17 16:00:00,358.95706409194156,492.2220911238285
2025-08-17 18:05:00,430.32921481763594,2025-08-17 16:05:00,350.1324926588359,480.12134304393464
2025-08-17 18:10:00,419.4750705576342,2025-08-17 16:10:00,341.30114109223695,468.0112976641128
2025-08-17 18:15:00,408.95112475419677,2025-08-17 16:15:00,332.73845176070836,456.26965703344075
2025-08-17 18:20:00,399.08218250202395,2025-08-17 16:20:00,324.7086986515133,445.25880848916
2025-08-17 18:25:00,390.16882426807194,2025-08-17 16:25:00,317.45644565786677,435.3141117803151
2025-08-17 18:30:00,382.4776255527483,2025-08-17 16:30:00,311.19858891701796,426.7329870747014
2025-08-17 18:35:00,376.23242803594,2025-08-17 16:35:00,306.11725467706054,419.7651761148638
2025-08-17 18:40:00,371.60696673715915,2025-08-17 16:40:00,302.3538004692735,414.60451628862
2025-08-17 18:45:00,368.71911695174583,2025-08-17 16:45:00,300.0041341929099,411.38252189516624
2025-08-17 18:50:00,367.62697361667983,2025-08-17 16:50:00,299.11552413558564,410.16400986583403
2025-08-17 18:55:00,368.3269161592174,2025-08-17 16:55:00,299.6850244592866,410.94494070205235
2025-08-17 19:00:00,370.7537452429197,2025-08-17 17:00:00,301.659586462226,413.6525710438571
2025-08-17 19:05:00,374.78290686440823,2025-08-17 17:05:00,304.937868189984,418.14793511034264
2025-08-17 19:10:00,380.2347461057279,2025-08-17 17:10:00,309.3736954529493,424.23059064120474
2025-08-17 19:15:00,386.88066036785995,2025-08-17 17:15:00,314.7810683350886,431.64548410281157
2025-08-17 19:20:00,394.4509528544793,2025-08-17 17:20:00,320.9405510920745,440.0917128754766
2025-08-17 19:25:00,402.6441237130807,2025-08-17 17:25:00,327.6068317830509,449.2328914452076
2025-08-17 19:30:00,411.13728172073337,2025-08-17 17:30:00,334.51719362084754,458.7087677950079
2025-08-17 19:35:00,419.5973151938068,2025-08-17 17:35:00,341.40060405618055,468.1476868677229
2025-08-17 19:40:00,427.69242951485836,2025-08-17 17:40:00,347.9871021557557,477.17946306624225
2025-08-17 19:45:00,435.1036409905553,2025-08-17 17:45:00,354.0171504496118,485.4482040319286
2025-08-17 19:50:00,441.53581462382573,2025-08-17 17:50:00,359.2506156894418,492.6246255649317
2025-08-17 19:55:00,446.72784584662577,2025-08-17 17:55:00,363.47505310016203,498.4174114553184
2025-08-17 20:00:00,450.46161445168747,2025-08-17 18:00:00,366.51299164508646,502.5832034479378
2025-08-17 20:05:00,452.56938103744983,2025-08-17 18:05:00,368.22795205958846,504.9348535082485
2025-08-17 20:10:00,452.9393515951489,2025-08-17 18:10:00,368.5289744143743,505.3476322714205
2025-08-17 20:15:00,451.5192018329785,2025-08-17 18:15:00,367.37348564192763,503.7631611556825
2025-08-17 20:20:00,448.31742786019004,2025-08-17 18:20:00,364.76839850533224,500.19091933010765
2025-08-17 20:25:00,443.40247034727093,2025-08-17 18:25:00,360.76939898111937,494.7072665339418
2025-08-17 20:30:00,436.89964286893735,2025-08-17 18:30:00,355.47844704032633,487.45201600719423
2025-08-17 20:35:00,428.9859783469634,2025-08-17 18:35:00,349.0395835150629,478.62268463051925
2025-08-17 20:40:00,419.8831869667313,2025-08-17 18:40:00,341.6332003870554,468.46663602299463
2025-08-17 20:45:00,409.8489917091649,2025-08-17 18:45:00,333.4689910413199,457.2714135339302
2025-08-17 20:50:00,399.1671711007367,2025-08-17 18:50:00,324.777848662459,445.353630868753
2025-08-17 20:55:00,388.1366892016639,2025-08-17 18:55:00,315.8030219726484,433.0468443400974
2025-08-17 21:00:00,377.06032978304313,2025-08-17 19:00:00,306.79086755856724,420.68887193899235
2025-08-17 21:05:00,366.2332720932486,2025-08-17 19:05:00,297.98155467309357,408.6090472367786
2025-08-17 21:10:00,355.9320490693619,2025-08-17 19:10:00,289.60008120907014,397.115899983647
2025-08-17 21:15:00,346.40431555924897,2025-08-17 19:15:00,281.84794872906025,386.4857404417747
2025-08-17 21:20:00,337.8598233468719,2025-08-17 19:20:00,274.8958193968897,376.9525901573502
2025-08-17 21:25:00,330.4629537930535,2025-08-17 19:25:00,268.8774402453644,368.69985057515595
2025-08-17 21:30:00,324.3270982816186,2025-08-17 19:30:00,263.8850708899081,361.85403326265464
2025-08-17 21:35:00,319.511104807426,2025-08-17 19:35:00,259.9665923351525,356.48079534317003
2025-08-17 21:40:00,316.0179276311244,2025-08-17 19:40:00,257.12440828182076,352.5834329061645
2025-08-17 21:45:00,313.7955301239249,2025-08-17 19:45:00,255.31617971615321,350.103888317526
2025-08-17 21:50:00,312.7400013911803,2025-08-17 19:50:00,254.45736071539,348.9262274584984
2025-08-17 21:55:00,312.7007592185786,2025-08-17 19:55:00,254.42543176602456,348.8824446894817
2025-08-17 22:00:00,313.48762818637965,2025-08-17 20:00:00,255.06565879130062,349.76035995205655
2025-08-17 22:05:00,314.8795065853165,2025-08-17 20:05:00,256.19814488919263,351.3132885082425
2025-08-17 22:10:00,316.63427172261004,2025-08-17 20:10:00,257.62588967247854,353.2710923603493
2025-08-17 22:15:00,318.49952235776715,2025-08-17 20:15:00,259.1435297299815,355.3521656624366
2025-08-17 22:20:00,320.2237233279334,2025-08-17 20:20:00,260.54640632478794,357.27586885750014
2025-08-17 22:25:00,321.56730002992475,2025-08-17 20:25:00,261.6395922939207,358.77490686939996
2025-08-17 22:30:00,322.31323170939197,2025-08-17 20:30:00,262.2465111581111,359.6071481103684
2025-08-17 22:35:00,322.27671234900555,2025-08-17 20:35:00,262.2167975940719,359.5664032021631
2025-08-17 22:40:00,321.313484511433,2025-08-17 20:40:00,261.43307817146524,358.491723103512
2025-08-17 22:45:00,319.3265050160077,2025-08-17 20:45:00,259.81639480524274,356.2748360526325
2025-08-17 22:50:00,316.270668202052,2025-08-17 20:50:00,257.3300477853632,352.8654173454661
2025-08-17 22:55:00,312.15539117926903,2025-08-17 20:55:00,253.98169923649868,348.27397371779205
2025-08-17 23:00:00,307.04495171943836,2025-08-17 21:00:00,249.82364803978675,342.5722203333782
2025-08-17 23:05:00,301.0565614046384,2025-08-17 21:05:00,244.95126207170065,335.89093098184884
2025-08-17 23:10:00,294.35624790183954,2025-08-17 21:10:00,239.49962786340086,328.4153439033781
2025-08-17 23:15:00,287.1527107271363,2025-08-17 21:15:00,233.63855141287848,320.3783066214657
2025-08-17 23:20:00,279.68939681574295,2025-08-17 21:20:00,227.5661105622174,312.051434600436
2025-08-17 23:25:00,272.23511599269744,2025-08-17 21:25:00,221.50101938160134,303.73464085984847
2025-08-17 23:30:00,265.07357612637276,2025-08-17 21:30:00,215.67411356547052,295.74446027138987
2025-08-17 23:35:00,258.4922628522574,2025-08-17 21:35:00,210.31930254569994,288.4016425881884
2025-08-17 23:40:00,252.77111588814574,2025-08-17 21:40:00,205.6643561036815,282.01851852972754
2025-08-17 23:45:00,248.17146334257137,2025-08-17 21:45:00,201.92190089568686,276.8866537116429
2025-08-17 23:50:00,244.92566546984966,2025-08-17 21:50:00,199.28099421143023,273.2652941101092
2025-08-17 23:55:00,243.22789124923304,2025-08-17 21:55:00,197.89961944214267,271.3710754260878
2025-08-18 00:00:00,243.22640541705164,2025-08-17 22:00:00,197.89841051161358,271.36941767263323
2025-08-18 00:05:00,245.01768277475065,2025-08-17 22:05:00,199.35586304957403,273.36795846681827
2025-08-18 00:10:00,248.64259235176627,2025-08-17 22:10:00,202.30522967903056,277.41229567331516
2025-08-18 00:15:00,254.084810130976,2025-08-17 22:15:00,206.73322854830195,283.4842164709748
2025-08-18 00:20:00,261.27152835535145,2025-08-17 22:20:00,212.58062045034515,291.50248873126674
2025-08-18 00:25:00,270.0764361398722,2025-08-17 22:25:00,219.7446339638871,301.3261865080342
2025-08-18 00:30:00,280.3248536439924,2025-08-17 22:30:00,228.08314281471357,312.76041826996175
2025-08-18 00:35:00,291.80081442767937,2025-08-17 22:35:00,237.42042835446048,325.56422873520813
2025-08-18 00:40:00,304.255811356858,2025-08-17 22:40:00,247.55429556754177,339.4603567398556
2025-08-18 00:45:00,317.4188538358859,2025-08-17 22:45:00,258.26425602446614,354.14645616318546
2025-08-18 00:50:00,331.00743061579163,2025-08-17 22:50:00,269.320447646619,369.307327210225
2025-08-18 00:55:00,344.7389359416685,2025-08-17 22:55:00,280.49293146170186,384.6276646450627
2025-08-18 01:00:00,358.3420980149777,2025-08-17 23:00:00,291.560990242671,399.8048086069229
2025-08-18 01:05:00,371.5679482774939,2025-08-17 23:05:00,302.3220535414055,414.56098311770586
2025-08-18 01:10:00,384.1998896202478,2025-08-17 23:10:00,312.5998895729028,428.65452925378537
2025-08-18 01:15:00,396.06245737265283,2025-08-17 23:15:00,322.2517334948732,441.88967984342867
2025-08-18 01:20:00,407.02842054878215,2025-08-17 23:20:00,331.1740652563602,454.12448237740193
2025-08-18 01:25:00,417.02393750887927,2025-08-17 23:25:00,339.3068044433466,465.2765512169159
2025-08-18 01:30:00,426.0315593061572,2025-08-17 23:30:00,346.63575391786816,475.3264184488528
2025-08-18 01:35:00,434.0909600609714,2025-08-17 23:35:00,353.19319407868886,484.3183487693877
2025-08-18 01:40:00,441.2973655044252,2025-08-17 23:40:00,359.0566042636003,492.3585861989948
2025-08-18 01:45:00,447.79774251765593,2025-08-17 23:45:00,364.34556241121106,499.6111027245271
2025-08-18 01:50:00,453.78490199389387,2025-08-17 23:50:00,369.21694692143893,506.29101882078317
2025-08-18 01:55:00,459.4897497964012,2025-08-17 23:55:00,373.8586317351871,512.655957789572
2025-08-18 02:00:00,465.17199359226663,2025-08-18 00:00:00,378.4819250548951,518.9956773085689
2025-08-18 02:05:00,471.1096731920585,2025-08-18 00:05:00,383.31305082395465,525.6203883573522
2025-08-18 02:10:00,477.5879271391598,2025-08-18 00:10:00,388.58400878932713,532.8482220218177
2025-08-18 02:15:00,484.88743640912173,2025-08-18 00:15:00,394.5231718483845,540.9923360479617
2025-08-18 02:20:00,493.2729961684956,2025-08-18 00:20:00,401.345987589894,550.3481642725267
2025-08-18 02:25:00,502.9826589371419,2025-08-18 00:25:00,409.24614475097246,561.1813035725431
2025-08-18 02:30:00,514.2178668169829,2025-08-18 00:30:00,418.3875444167516,573.7165043232824
2025-08-18 02:35:00,527.1349482939111,2025-08-18 00:35:00,428.8973814895396,588.1281833201147
2025-08-18 02:40:00,541.8382989911246,2025-08-18 00:40:00,440.8605962859927,604.5328154968628
2025-08-18 02:45:00,558.3754963586646,2025-08-18 00:45:00,454.3158996595777,622.9834833504285
2025-08-18 02:50:00,576.7345207576609,2025-08-18 00:50:00,469.2535119672363,643.4667764848672
2025-08-18 02:55:00,596.8431707945686,2025-08-18 00:55:00,485.6146873627073,665.9021392956677
2025-08-18 03:00:00,618.570674780072,2025-08-18 01:00:00,503.2930249418163,690.1436688858283
2025-08-18 03:05:00,641.7314141027883,2025-08-18 01:05:00,522.1374982233265,715.9842692601846
2025-08-18 03:10:00,666.0905934825657,2025-08-18 01:10:00,541.9570686863256,743.161977667045
2025-08-18 03:15:00,691.3716197293021,2025-08-18 01:15:00,562.5266894137828,771.368197131498
2025-08-18 03:20:00,717.2648873066672,2025-08-18 01:20:00,583.5944533669856,800.257498570883
2025-08-18 03:25:00,743.437620231418,2025-08-18 01:25:00,604.889601135469,829.4586014713374
2025-08-18 03:30:00,769.5443833802572,2025-08-18 01:30:00,626.1310733428128,858.5861014270687
2025-08-18 03:35:00,795.2378586754219,2025-08-18 01:35:00,647.0362785680184,887.2524932066934
2025-08-18 03:40:00,820.1794778510343,2025-08-18 01:40:00,667.3297445754457,915.0800338057209
2025-08-18 03:45:00,844.0495184342194,2025-08-18 01:45:00,686.751332795525,941.7120066039628
2025-08-18 03:50:00,866.5562977885298,2025-08-18 01:50:00,705.0637189540772,966.8229792246907
2025-08-18 03:55:00,887.4441444808257,2025-08-18 01:55:00,722.0588788847095,990.1276972449414
2025-08-18 04:00:00,906.4998809033982,2025-08-18 02:00:00,737.5633630408981,1011.3883169027862
2025-08-18 04:05:00,923.5576156532109,2025-08-18 02:05:00,751.4421957610892,1030.419751988684
2025-08-18 04:10:00,938.5017167756131,2025-08-18 02:10:00,763.6012944147787,1047.092991114484
2025-08-18 04:15:00,951.2679106081026,2025-08-18 02:15:00,773.9883634642962,1061.3363237011677
2025-08-18 04:20:00,961.8425275797795,2025-08-18 02:20:00,782.5922808180708,1073.1344985119767
2025-08-18 04:25:00,970.25998832751,2025-08-18 02:25:00,789.4410524375152,1082.5259188944683
2025-08-18 04:30:00,976.5986911173839,2025-08-18 02:30:00,794.598466184064,1089.5980543476012
2025-08-18 04:35:00,980.9755202242901,2025-08-18 02:35:00,798.1596236244025,1094.4813134820574
2025-08-18 04:40:00,983.5392430637285,2025-08-18 02:40:00,800.245567681534,1097.3416771535901
2025-08-18 04:45:00,984.4631002450656,2025-08-18 02:45:00,800.9972536155216,1098.372431133127
2025-08-18 04:50:00,983.9369148967216,2025-08-18 02:50:00,800.5691288652782,1097.7853624251754
2025-08-18 04:55:00,982.1590561869222,2025-08-18 02:55:00,799.1225942582307,1095.8017929111859
2025-08-18 05:00:00,979.328586240242,2025-08-18 03:00:00,796.8196144378924,1092.6438176089014
2025-08-18 05:05:00,975.6379004318126,2025-08-18 03:05:00,793.8167297225853,1088.526093396644
2025-08-18 05:10:00,971.2661393661467,2025-08-18 03:10:00,790.2596958366124,1083.6484887115794
2025-08-18 05:15:00,966.3736088278781,2025-08-18 03:15:00,786.2789437663645,1078.1898578493626
2025-08-18 05:20:00,961.0973928156743,2025-08-18 03:20:00,781.9860103550407,1072.3031463951038
2025-08-18 05:25:00,955.548287844709,2025-08-18 03:25:00,777.4710439325703,1066.111970802992
2025-08-18 05:30:00,949.8091257826372,2025-08-18 03:30:00,772.8014397100967,1059.7087471725526
2025-08-18 05:35:00,943.934490916027,2025-08-18 03:35:00,768.0216095742821,1053.1543755776681
2025-08-18 05:40:00,937.951776700177,2025-08-18 03:40:00,763.1538418998315,1046.4794190898099
2025-08-18 05:45:00,931.8634720906796,2025-08-18 03:45:00,758.2001617972779,1039.6866546543038
2025-08-18 05:50:00,925.6505179475494,2025-08-18 03:50:00,753.145062013195,1032.754817854113
2025-08-18 05:55:00,919.2765332709762,2025-08-18 03:55:00,747.9589415590596,1025.6433181509042
2025-08-18 06:00:00,912.6926800710621,2025-08-18 04:00:00,742.6020639574245,1018.2976666545575
2025-08-18 06:05:00,905.8429160528342,2025-08-18 04:05:00,737.028831029599,1010.65533658092
2025-08-18 06:10:00,898.6693758067316,2025-08-18 04:10:00,731.1921612403523,1002.651767084022
2025-08-18 06:15:00,891.1176246961766,2025-08-18 04:15:00,725.0477644640416,994.2262250555317
2025-08-18 06:20:00,883.1415441392711,2025-08-18 04:20:00,718.5581168387451,985.327255668034
2025-08-18 06:25:00,874.7076312053412,2025-08-18 04:25:00,711.6959590843015,975.9174794652492
2025-08-18 06:30:00,865.798529443497,2025-08-18 04:30:00,704.447169320986,965.9775317323853
2025-08-18 06:35:00,856.415647578012,2025-08-18 04:35:00,696.8128937413512,955.5089841930593
2025-08-18 06:40:00,846.5807687455124,2025-08-18 04:40:00,688.8108559478446,944.5361404465915
2025-08-18 06:45:00,836.3366010550699,2025-08-18 04:45:00,680.4758049097928,933.1066502317874
2025-08-18 06:50:00,825.7462694075014,2025-08-18 04:50:00,671.8591014879295,921.2909424461423
2025-08-18 06:55:00,814.8917960537904,2025-08-18 04:55:00,663.0274821579607,909.1805298941457
2025-08-18 07:00:00,803.871661389406,2025-08-18 05:00:00,654.0610743784839,896.8852878482821
2025-08-18 07:05:00,792.797575046148,2025-08-18 05:05:00,645.0507694264318,884.529851533407
2025-08-18 07:10:00,781.7906188513454,2025-08-18 05:10:00,636.0950841594994,872.2493127990941
2025-08-18 07:15:00,770.9769467233402,2025-08-18 05:15:00,627.2966622847997,860.1844224626693
2025-08-18 07:20:00,760.4832409526052,2025-08-18 05:20:00,618.7585774134462,848.4765208499743
2025-08-18 07:25:00,750.4321294561465,2025-08-18 05:25:00,610.5806043614928,837.2624247937512
2025-08-18 07:30:00,740.9377643154478,2025-08-18 05:30:00,602.8556216773987,826.6694945772108
2025-08-18 07:35:00,732.1017489600306,2025-08-18 05:35:00,595.666297841054,816.8110898639785
2025-08-18 07:40:00,724.0095803734732,2025-08-18 05:40:00,589.0821965049929,807.7826002422308
2025-08-18 07:45:00,716.7277449185295,2025-08-18 05:45:00,583.1574135453898,799.6582050162779
2025-08-18 07:50:00,710.301573604728,2025-08-18 05:50:00,577.9288320248264,792.4884803134819
2025-08-18 07:55:00,704.7539255893221,2025-08-18 05:55:00,573.4150510377488,786.2989302569734
2025-08-18 08:00:00,700.0847306271895,2025-08-18 06:00:00,569.6160134300085,781.0894764737739
2025-08-18 08:05:00,696.2713823693823,2025-08-18 06:05:00,566.5133258017746,776.8348969007636
2025-08-18 08:10:00,693.2699378475687,2025-08-18 06:10:00,564.071234454467,773.486164057943
2025-08-18 08:15:00,691.0170449310416,2025-08-18 06:15:00,562.2381936443251,770.9725955258239
2025-08-18 08:20:00,689.4324907706591,2025-08-18 06:20:00,560.9489390949616,769.2046972623256
2025-08-18 08:25:00,688.4222419025623,2025-08-18 06:25:00,560.1269615433273,768.0775554679558
2025-08-18 08:30:00,687.8818302362592,2025-08-18 06:30:00,559.687261710573,767.4746143566209
2025-08-18 08:35:00,687.6999310507272,2025-08-18 06:35:00,559.5392614980615,767.2716681511366
2025-08-18 08:40:00,687.7619774526012,2025-08-18 06:40:00,559.589744850343,767.3408937597476
2025-08-18 08:45:00,687.953662247795,2025-08-18 06:45:00,559.7457070133452,767.5547578390167
2025-08-18 08:50:00,688.1641905722155,2025-08-18 06:50:00,559.9170010005216,767.7896457768769
2025-08-18 08:55:00,688.2891656962987,2025-08-18 06:55:00,560.0186855950341,767.9290814051258
2025-08-18 09:00:00,688.2330134521678,2025-08-18 07:00:00,559.9729979574558,767.8664319499209
2025-08-18 09:05:00,687.9108780811491,2025-08-18 07:05:00,559.7108961606347,767.5070232422388
2025-08-18 09:10:00,687.2499510763085,2025-08-18 07:10:00,559.1731403873753,766.7696223168739
2025-08-18 09:15:00,686.1902243372302,2025-08-18 07:15:00,558.3109057262961,765.5872777125425
2025-08-18 09:20:00,684.684687894127,2025-08-18 07:20:00,557.0859430478133,763.907540074068
2025-08-18 09:25:00,682.6990187129363,2025-08-18 07:25:00,555.47032580393,761.6921149500308
2025-08-18 09:30:00,680.2108305916875,2025-08-18 07:30:00,553.4458397149106,758.916025896848
2025-08-18 09:35:00,677.2085733210772,2025-08-18 07:35:00,551.003087083748,755.5663862644572
2025-08-18 09:40:00,673.6901828242399,2025-08-18 07:40:00,548.1403884976739,751.6408931477268
2025-08-18 09:45:00,669.6615912881667,2025-08-18 07:45:00,544.8625706134586,747.146165129564
2025-08-18 09:50:00,665.1352076021061,2025-08-18 07:50:00,541.1797297833227,742.0960468953081
2025-08-18 09:55:00,660.1284740155254,2025-08-18 07:55:00,537.1060576960323,736.50999888583
2025-08-18 10:00:00,654.6625943402594,2025-08-18 08:00:00,532.6588065929782,730.4116783436903
2025-08-18 10:05:00,648.7615142807724,2025-08-18 08:05:00,527.8574596254405,723.8278016604135
2025-08-18 10:10:00,642.4512147436524,2025-08-18 08:10:00,522.723155863861,716.7873559169017
2025-08-18 10:15:00,635.7593569492205,2025-08-18 08:15:00,517.278401546923,709.3212029319523
2025-08-18 10:20:00,628.7152937483897,2025-08-18 08:20:00,511.5470792893847,701.4620918885562
2025-08-18 10:25:00,621.3504369035941,2025-08-18 08:25:00,505.55474691604917,693.2450691118244
2025-08-18 10:30:00,613.6989459030445,2025-08-18 08:30:00,499.3291979076827,684.7082465839158
2025-08-18 10:35:00,605.7986815358489,2025-08-18 08:35:00,492.90123726661346,675.8938658545304
2025-08-18 10:40:00,597.6923485402347,2025-08-18 08:40:00,486.3056112195188,666.8495729015989
2025-08-18 10:45:00,589.4287360024628,2025-08-18 08:45:00,479.5820164539554,657.6298020531077
2025-08-18 10:50:00,581.0639542195197,2025-08-18 08:50:00,472.7761064776824,648.2971559635365
2025-08-18 10:55:00,572.662561052562,2025-08-18 08:55:00,465.94040806338717,638.9236622943482
2025-08-18 11:00:00,564.2984714566514,2025-08-18 09:00:00,459.135061277255,629.591788482736
2025-08-18 11:05:00,556.055549833695,2025-08-18 09:05:00,452.4283014402306,620.3951026339797
2025-08-18 11:10:00,548.0277959396999,2025-08-18 09:10:00,445.8966103893515,611.4384809394836
2025-08-18 11:15:00,540.3190512606552,2025-08-18 09:15:00,439.62447757380875,602.837780078274
2025-08-18 11:20:00,533.0421730649111,2025-08-18 09:20:00,433.7037280320182,594.7189157014077
2025-08-18 11:25:00,526.3176466557179,2025-08-18 09:25:00,428.2323932666136,587.2163141123325
2025-08-18 11:30:00,520.2716319044994,2025-08-18 09:30:00,423.31312182836524,580.4707327702695
2025-08-18 11:35:00,515.0334669754866,2025-08-18 09:35:00,419.05114824999555,574.6264751781628
2025-08-18 11:40:00,510.73267845580966,2025-08-18 09:40:00,415.5518603723851,569.8280550637156
2025-08-18 11:45:00,507.4955723250571,2025-08-18 09:45:00,412.9180256255578,566.2163929000595
2025-08-18 11:50:00,505.4415030519584,2025-08-18 09:50:00,411.246755421445,563.9246533105842
2025-08-18 11:55:00,504.678937340091,2025-08-18 09:55:00,410.6263024651533,563.0738533622326
2025-08-18 12:00:00,505.30144416284764,2025-08-18 10:00:00,411.1327980923239,563.7683886192045
2025-08-18 12:05:00,507.3837529773602,2025-08-18 10:05:00,412.82704507952815,566.0916352644031
2025-08-18 12:10:00,510.97802645796054,2025-08-18 10:10:00,415.75148499605456,570.1017915618423
2025-08-18 12:15:00,516.1104937634597,2025-08-18 10:15:00,419.9274588999549,575.8281215691825
2025-08-18 12:20:00,522.7785831960501,2025-08-18 10:20:00,425.35287435842974,583.2677560250237
2025-08-18 12:25:00,530.94868187258,2025-08-18 10:25:00,432.00038262972924,592.3831927983307
2025-08-18 12:30:00,540.5546327771398,2025-08-18 10:30:00,439.8161558070099,603.1006200393927
2025-08-18 12:35:00,551.4970583416481,2025-08-18 10:35:00,448.71933645733753,615.3091614939077
2025-08-18 12:40:00,563.6435752842707,2025-08-18 10:40:00,458.60221242253436,628.8611161997235
2025-08-18 12:45:00,576.829937530573,2025-08-18 10:45:00,469.3311467440323,643.573233652036
2025-08-18 12:50:00,590.8621152697508,2025-08-18 10:50:00,480.7482692634323,659.2290334211042
2025-08-18 12:55:00,605.519288125418,2025-08-18 10:55:00,492.6739119820216,675.5821446540292
2025-08-18 13:00:00,620.5577012911045,2025-08-18 11:00:00,504.9097465617553,692.3606083923528
2025-08-18 13:05:00,635.715305153228,2025-08-18 11:05:00,517.242559301949,709.2720540321629
2025-08-18 13:10:00,650.7170734338375,2025-08-18 11:10:00,529.4485781859005,726.0096328134979
2025-08-18 13:15:00,665.2808721358681,2025-08-18 11:15:00,541.2982480817369,742.2585658440001
2025-08-18 13:20:00,679.1237328183586,2025-08-18 11:20:00,552.5613349217585,757.7031432363669
2025-08-18 13:25:00,691.9683693525684,2025-08-18 11:25:00,563.0122279872585,772.033994899156
2025-08-18 13:30:00,703.5497673870268,2025-08-18 11:30:00,572.4353013521414,784.9554424494622
2025-08-18 13:35:00,713.621671549625,2025-08-18 11:35:00,580.6301921214467,796.192737030091
2025-08-18 13:40:00,721.9627951111096,2025-08-18 11:40:00,587.4168528537318,805.4989874749568
2025-08-18 13:45:00,728.3825827386327,2025-08-18 11:45:00,592.6402403602425,812.6615898539038
2025-08-18 13:50:00,732.7263663080457,2025-08-18 11:50:00,596.1745106732019,817.5079798488815
2025-08-18 13:55:00,734.8797687848272,2025-08-18 11:55:00,597.9266022136583,819.9105461949861
2025-08-18 14:00:00,734.7722286792782,2025-08-18 12:00:00,597.8391034245449,819.790562940005
2025-08-18 14:05:00,732.3795395945692,2025-08-18 12:05:00,595.8923190451907,817.1210228361014
2025-08-18 14:10:00,727.7253233701651,2025-08-18 12:10:00,592.1054687177864,811.9282809363335
2025-08-18 14:15:00,720.8813816331233,2025-08-18 12:15:00,586.5369730231173,804.2924468229199
2025-08-18 14:20:00,711.9668982201417,2025-08-18 12:20:00,579.2838045402947,794.3464947438881
2025-08-18 14:25:00,701.1464931914113,2025-08-18 12:25:00,570.4799045171621,782.2740924625906
2025-08-18 14:30:00,688.6271575781446,2025-08-18 12:30:00,560.2936888623334,768.3061813338828
2025-08-18 14:35:00,674.654125709329,2025-08-18 12:35:00,548.9246897105954,752.7163710299403
2025-08-18 14:40:00,659.5057683213637,2025-08-18 12:40:00,536.5994002593949,735.8152417466274
2025-08-18 14:45:00,643.4876146601569,2025-08-18 12:45:00,523.566410919902,717.943674620603
2025-08-18 14:50:00,626.9256338617178,2025-08-18 12:50:00,510.09094278840945,699.4653557182152
2025-08-18 14:55:00,610.1589259501704,2025-08-18 12:55:00,496.44890075963275,680.758621330384
2025-08-18 15:00:00,593.5319888142183,2025-08-18 13:00:00,482.9205816396776,662.207830183649
2025-08-18 15:05:00,577.3867411042938,2025-08-18 13:05:00,469.78418366663783,644.1944633302019
2025-08-18 15:10:00,562.0544894623445,2025-08-18 13:10:00,457.30927073807163,627.0881619294478
2025-08-18 15:15:00,547.8480339073012,2025-08-18 13:15:00,445.75034904728614,611.2379191708384
2025-08-18 15:20:00,535.0541062551157,2025-08-18 13:20:00,435.34071468942625,596.9636437657224
2025-08-18 15:25:00,523.9263318117409,2025-08-18 13:25:00,426.2867270226692,584.5483072585155
2025-08-18 15:30:00,514.678897601563,2025-08-18 13:30:00,418.7626568939881,574.2308796244596
2025-08-18 15:35:00,507.48109692528425,2025-08-18 13:35:00,412.90624788044965,566.2002425943384
2025-08-18 15:40:00,502.45290339009665,2025-08-18 13:40:00,408.81511514898415,560.5902515686951
2025-08-18 15:45:00,499.66170613886436,2025-08-18 13:45:00,406.54408911257946,557.4760930899822
2025-08-18 15:50:00,499.12031305511744,2025-08-18 13:50:00,406.1035907606353,556.8720570042765
2025-08-18 15:55:00,500.7862996213425,2025-08-18 13:55:00,407.4591018648854,558.7308099778762
2025-08-18 16:00:00,504.56274970039124,2025-08-18 14:00:00,410.53176770780135,562.944221992349
2025-08-18 16:05:00,510.3003998916296,2025-08-18 14:05:00,415.2001418136916,569.3457588178258
2025-08-18 16:10:00,517.8011633707354,2025-08-18 14:10:00,421.30305308104914,577.7144135859417
2025-08-18 16:15:00,526.822972008171,2025-08-18 14:15:00,428.6435455174155,587.7801091755998
2025-08-18 16:20:00,537.0858389111087,2025-08-18 14:20:00,436.9938109579672,599.2304622337991
2025-08-18 16:25:00,548.2790072337657,2025-08-18 14:25:00,446.1010056140926,611.718759153794
2025-08-18 16:30:00,560.0690178216224,2025-08-18 14:30:00,455.6938142207537,624.8729572027061
2025-08-18 16:35:00,572.1084968482847,2025-08-18 14:35:00,465.4895999977093,638.3054889500103
2025-08-18 16:40:00,584.0454388616942,2025-08-18 14:40:00,475.201957694944,651.6236194277294
2025-08-18 16:45:00,595.5327387959111,2025-08-18 14:45:00,484.5484692061169,664.4400810632751
2025-08-18 16:50:00,606.2377115856186,2025-08-18 14:50:00,493.25844909510425,676.3836947805572
2025-08-18 16:55:00,615.8513302282047,2025-08-18 14:55:00,501.08046104060173,687.1096769710684
2025-08-18 17:00:00,624.0969120385063,2025-08-18 15:00:00,507.789385308936,696.3093308096262
2025-08-18 17:05:00,630.7379911195898,2025-08-18 15:05:00,513.192824100768,703.7188296256013
2025-08-18 17:10:00,635.585130315861,2025-08-18 15:10:00,517.1366440196039,709.126817047094
2025-08-18 17:15:00,638.5014506101712,2025-08-18 15:15:00,519.5094750031361,712.3805761883225
2025-08-18 17:20:00,639.4066873856088,2025-08-18 15:20:00,520.2460106547179,713.3905552495397
2025-08-18 17:25:00,638.2796225494517,2025-08-18 15:25:00,519.3289871134763,712.1330810548986
2025-08-18 17:30:00,635.1587868235401,2025-08-18 15:30:00,516.7897544649209,708.6511426027786
2025-08-18 17:35:00,630.1413772696823,2025-08-18 15:35:00,512.7073959977482,703.0531833412383
2025-08-18 17:40:00,623.3803893760114,2025-08-18 15:40:00,507.2063947583823,695.5099014165179
2025-08-18 17:45:00,615.0800192621409,2025-08-18 15:45:00,500.452892607263,686.2491198808694
2025-08-18 17:50:00,605.4894481976464,2025-08-18 15:50:00,492.6496330626927,675.5488520359481
2025-08-18 17:55:00,594.8951762226609,2025-08-18 15:55:00,484.02972363804605,663.7287479991857
2025-08-18 18:00:00,583.6121227123019,2025-08-18 16:00:00,474.84939491679205,651.1401655406931
2025-08-18 18:05:00,571.9737573682761,2025-08-18 16:05:00,465.3799707455681,638.1551591609202
2025-08-18 18:10:00,560.3215626787567,2025-08-18 16:10:00,455.8992944839844,625.1547232827467
2025-08-18 18:15:00,548.994158308237,2025-08-18 16:15:00,446.6828801875826,612.5166582564613
2025-08-18 18:20:00,538.3164362727539,2025-08-18 16:20:00,437.9950725661869,600.6034483980543
2025-08-18 18:25:00,528.5890626902474,2025-08-18 16:25:00,430.0805052019654,589.7505490179778
2025-08-18 18:30:00,520.0786973389694,2025-08-18 16:30:00,423.15614280388115,580.2554743134131
2025-08-18 18:35:00,513.0092647225533,2025-08-18 16:35:00,417.4041790086311,572.3680584339436
2025-08-18 18:40:00,507.554581178008,2025-08-18 16:40:00,412.9660375105547,566.2822294938921
2025-08-18 18:45:00,503.8326016832496,2025-08-18 16:45:00,409.9376910417306,562.1295906948678
2025-08-18 18:50:00,501.9014991849334,2025-08-18 16:50:00,408.366471361464,559.9750460041478
2025-08-18 18:55:00,501.75772934916665,2025-08-18 16:55:00,408.2494946626184,559.8146409833853
2025-08-18 19:00:00,503.3361672463439,2025-08-18 17:00:00,409.5337727836845,561.5757152888455
2025-08-18 19:05:00,506.51233139607416,2025-08-18 17:05:00,412.11802277775,565.1193840540319
2025-08-18 19:10:00,511.1066374145696,2025-08-18 17:10:00,415.8561278445301,570.2452837141088
2025-08-18 19:15:00,516.8905512403043,2025-08-18 17:15:00,420.5621438327465,576.6984372032089
2025-08-18 19:20:00,523.5944425082519,2025-08-18 17:20:00,426.0166890491455,584.1780160195146
2025-08-18 19:25:00,530.9168756761919,2025-08-18 17:25:00,431.9745038782063,592.3477064004726
2025-08-18 19:30:00,538.5350216541037,2025-08-18 17:30:00,438.1729220864971,600.8473256512125
2025-08-18 19:35:00,546.1158286543307,2025-08-18 17:35:00,444.3409598584152,609.3052855409409
2025-08-18 19:40:00,553.3275596639138,2025-08-18 17:40:00,450.20870312990195,617.3514647422762
2025-08-18 19:45:00,559.851286323038,2025-08-18 17:45:00,455.51665945248635,624.6300326325776
2025-08-18 19:50:00,565.3919265926005,2025-08-18 17:50:00,460.0247386665131,630.8117640975745
2025-08-18 19:55:00,569.6884265027223,2025-08-18 17:55:00,463.52053716552257,635.6053993800641
2025-08-18 20:00:00,572.5227140417145,2025-08-18 18:00:00,465.8266231266158,638.7676339970428
2025-08-18 20:05:00,573.7270956034445,2025-08-18 18:05:00,466.80655454609786,640.1113710082523
2025-08-18 20:10:00,573.1898205037905,2025-08-18 18:10:00,466.36940674527966,639.5119293864715
2025-08-18 20:15:00,570.8586053608966,2025-08-18 18:15:00,464.4726399425624,636.9109761934495
2025-08-18 20:20:00,566.7419847351565,2025-08-18 18:20:00,461.12319818636655,632.3180334984705
2025-08-18 20:25:00,560.908435271707,2025-08-18 18:25:00,456.3767967235894,625.8095011779506
2025-08-18 20:30:00,553.4833040573255,2025-08-18 18:30:00,450.3354227919774,617.5252298615421
2025-08-18 20:35:00,544.64365513747,2025-08-18 18:35:00,443.1431425470732,607.6627711548134
2025-08-18 20:40:00,534.611227287061,2025-08-18 18:40:00,434.98037123215744,596.469520574392
2025-08-18 20:45:00,523.6437697312168,2025-08-18 18:45:00,426.05682358553753,584.2330507504208
2025-08-18 20:50:00,512.025084805629,2025-08-18 18:50:00,416.6034121639178,571.2700019524407
2025-08-18 20:55:00,500.0541579807756,2025-08-18 18:55:00,406.8634031096901,557.9139543806648
2025-08-18 21:00:00,488.0337921224059,2025-08-18 19:00:00,397.0831685456815,544.5027473301612
2025-08-18 21:05:00,476.2591832195494,2025-08-18 19:05:00,387.50289134561467,531.3657330499381
2025-08-18 21:10:00,465.00687872323397,2025-08-18 19:10:00,378.3475812114404,518.8114574834983
2025-08-18 21:15:00,454.5245456904831,2025-08-18 19:15:00,369.8187496395647,507.1162445148623
2025-08-18 21:20:00,445.0219459851362,2025-08-18 19:20:00,362.0870669951916,496.514126936409
2025-08-18 21:25:00,436.6634688794929,2025-08-18 19:25:00,355.2862867482104,487.1885150198114
2025-08-18 21:30:00,429.56251159573134,2025-08-18 19:30:00,349.50867326435485,479.2659268464242
2025-08-18 21:35:00,423.77792593956036,2025-08-18 19:35:00,344.8021106489117,472.81202379136334
2025-08-18 21:40:00,419.31266803650465,2025-08-18 19:40:00,341.1690041199394,467.83010402474656
2025-08-18 21:45:00,416.1147012290171,2025-08-18 19:45:00,338.56701464027947,464.26210988037616
2025-08-18 21:50:00,414.08011280248525,2025-08-18 19:50:00,336.9115948063778,461.9921052089478
2025-08-18 21:55:00,413.05831695722617,2025-08-18 19:55:00,336.08022218753155,460.8520803706379
2025-08-18 22:00:00,412.859133022444,2025-08-18 20:00:00,335.9181584345223,460.62984944838706
2025-08-18 22:05:00,413.2614525405959,2025-08-18 20:05:00,336.2455011546663,461.078720175116
2025-08-18 22:10:00,414.02314452276585,2025-08-18 20:10:00,336.8652432106836,461.92854529707574
2025-08-18 22:15:00,414.89179805131954,2025-08-18 20:15:00,337.5720133177011,462.8977081714713
2025-08-18 22:20:00,415.6158670675912,2025-08-18 20:20:00,338.16114387355157,463.70555708476473
2025-08-18 22:25:00,415.95576476907365,2025-08-18 20:25:00,338.4376977894169,464.08478334994516
2025-08-18 22:30:00,415.694457235915,2025-08-18 20:30:00,338.22508787406605,463.7932406904007
2025-08-18 22:35:00,414.6471242312889,2025-08-18 20:35:00,337.3729372346794,462.6247238630957
2025-08-18 22:40:00,412.6694932619379,2025-08-18 20:40:00,335.76386019083606,460.41826702875676
2025-08-18 22:45:00,409.6645053222078,2025-08-18 20:45:00,333.31888578166587,457.0655807695507
2025-08-18 22:50:00,405.587038330051,2025-08-18 20:50:00,330.0013009360657,452.51632205998044
2025-08-18 22:55:00,400.4464923854044,2025-08-18 20:55:00,325.8187539389042,446.7809786579094
2025-08-18 23:00:00,394.3071279351966,2025-08-18 21:00:00,320.82352957514996,439.9312463976465
2025-08-18 23:05:00,387.2861389083147,2025-08-18 21:05:00,315.11098135795703,432.09787937302605
2025-08-18 23:10:00,379.54953519365677,2025-08-18 21:10:00,308.8161813535587,423.4660959891013
2025-08-18 23:15:00,371.3059985303473,2025-08-18 21:15:00,302.1089210959157,414.2687239354811
2025-08-18 23:20:00,362.7989581584851,2025-08-18 21:20:00,295.1872640296816,404.77735893392446
2025-08-18 23:25:00,354.2972065047817,2025-08-18 21:25:00,288.26991006908884,395.2918945925553
2025-08-18 23:30:00,346.0844343671399,2025-08-18 21:30:00,281.5876810193829,386.1288467374163
2025-08-18 23:35:00,338.44811088688425,2025-08-18 21:35:00,275.374472892149,377.60894671898046
2025-08-18 23:40:00,331.6681598954681,2025-08-18 21:40:00,269.85804254303764,370.04450753222835
2025-08-18 23:45:00,326.00589444120806,2025-08-18 21:45:00,265.2510043747454,363.7270779900052
2025-08-18 23:50:00,321.6936606592492,2025-08-18 21:50:00,261.74240418908346,358.9158883156279
2025-08-18 23:55:00,318.92561446358025,2025-08-18 21:55:00,259.49021474687913,355.8275596330507
2025-08-19 00:00:00,317.8500087639948,2025-08-18 22:00:00,258.6150603493942,354.6274987603779
2025-08-19 00:05:00,318.5633078876359,2025-08-18 22:05:00,259.19542810406233,355.4233316284293
2025-08-19 00:10:00,321.1063718884575,2025-08-18 22:10:00,261.26456333109064,358.26064608786834
2025-08-19 00:15:00,325.4628694306297,2025-08-18 22:15:00,264.8091782240146,363.1212211520125
2025-08-19 00:20:00,331.55998721667896,2025-08-18 22:20:00,269.77002906787055,369.92381851081734
2025-08-19 00:25:00,339.2714107480719,2025-08-18 22:25:00,276.04434150129157,378.52750818650435
2025-08-19 00:30:00,348.4224586458731,2025-08-18 22:30:00,283.4899879983703,388.73739693136594
2025-08-19 00:35:00,358.797165130268,2025-08-18 22:35:00,291.93125044792146,400.3125302001708
2025-08-19 00:40:00,370.14702611581026,2025-08-18 22:40:00,301.1659363148414,412.9756502303779
2025-08-19 00:45:00,382.20105649606694,2025-08-18 22:45:00,310.9735616358719,426.42441702561814
2025-08-19 00:50:00,394.6767531610009,2025-08-18 22:50:00,321.12427095455007,440.3436398715854
2025-08-19 00:55:00,407.29152127868633,2025-08-18 22:55:00,331.3881341859372,454.41802571921517
2025-08-19 01:00:00,419.77410282054825,2025-08-18 23:00:00,341.5444453067646,468.34493007097745
2025-08-19 01:05:00,431.8755460664458,2025-08-18 23:05:00,351.39064756902826,481.8465957351423
2025-08-19 01:10:00,443.3792739109027,2025-08-18 23:10:00,360.75052546334103,494.68138610612175
2025-08-19 01:15:00,454.10984497144455,2025-08-18 23:15:00,369.481333095522,506.65355999489435
2025-08-19 01:20:00,463.9400549272574,2025-08-18 23:20:00,377.4795721103819,517.621194642681
2025-08-19 01:25:00,472.796092395497,2025-08-18 23:25:00,384.68518671209756,527.5019381685429
2025-08-19 01:30:00,480.6605423150116,2025-08-18 23:30:00,391.08400733336805,536.2763604658049
2025-08-19 01:35:00,487.57311649156935,2025-08-18 23:35:00,396.7083450352667,543.988768276523
2025-08-19 01:40:00,493.62908221484776,2025-08-18 23:40:00,401.6357129692484,550.745451988366
2025-08-19 01:45:00,498.9754519358974,2025-08-18 23:45:00,405.98572615136555,556.7104344308608
2025-08-19 01:50:00,503.80508622599484,2025-08-18 23:50:00,409.9153034015158,562.0988915049529
2025-08-19 01:55:00,508.3489448512995,2025-08-18 23:55:00,413.61236251808424,567.1685066522944
2025-08-19 02:00:00,512.8667936985796,2025-08-19 00:00:00,417.28825907329343,572.2091025066679
2025-08-19 02:05:00,517.6367351863385,2025-08-19 00:05:00,421.1692679507724,577.530959899767
2025-08-19 02:10:00,522.9439750092314,2025-08-19 00:10:00,425.4874435343549,583.4522848386362
2025-08-19 02:15:00,529.0692658514624,2025-08-19 00:15:00,430.4712170663461,590.2863150751214
2025-08-19 02:20:00,536.2774792974759,2025-08-19 00:20:00,436.3360983120667,598.3285697059486
2025-08-19 02:25:00,544.806749033157,2025-08-19 00:25:00,443.2758420484504,607.8447361656545
2025-08-19 02:30:00,554.8586031296913,2025-08-19 00:30:00,451.45441930854645,619.0596607460247
2025-08-19 02:35:00,566.5894609740395,2025-08-19 00:35:00,460.9990989552878,632.1478616613931
2025-08-19 02:40:00,580.1038140306862,2025-08-19 00:40:00,471.9948992855082,647.225920776382
2025-08-19 02:45:00,595.4493406564894,2025-08-19 00:45:00,484.4806132543634,664.3470331703417
2025-08-19 02:50:00,612.6141271438702,2025-08-19 00:50:00,498.4465474085904,683.4979066356165
2025-08-19 02:55:00,631.5260831720143,2025-08-19 00:55:00,513.834046274998,704.5981094923254
2025-08-19 03:00:00,652.0545533042111,2025-08-19 01:00:00,530.536803537027,727.5018685473188
2025-08-19 03:05:00,674.0140404101808,2025-08-19 01:05:00,548.4038915551645,752.0022233427563
2025-08-19 03:10:00,697.1698758844543,2025-08-19 01:10:00,567.2443748759196,777.8373524587844
2025-08-19 03:15:00,721.2455984964575,2025-08-19 01:15:00,586.8333139496372,804.6988061486687
2025-08-19 03:20:00,745.931739964776,2025-08-19 01:20:00,606.9189134135125,832.2413084660268
2025-08-19 03:25:00,770.8956668161527,2025-08-19 01:25:00,627.2305298087169,860.0937378963939
2025-08-19 03:30:00,795.7920917995698,2025-08-19 01:30:00,647.4872240734362,887.8708550161236
2025-08-19 03:35:00,820.2738499546194,2025-08-19 01:35:00,667.4065293688735,915.1853254279464
2025-08-19 03:40:00,844.0025315337529,2025-08-19 01:40:00,686.7131024360324,941.6595829873904
2025-08-19 03:45:00,866.6585777576182,2025-08-19 01:45:00,705.1469378927244,966.9370937082867
2025-08-19 03:50:00,887.9504750260419,2025-08-19 01:50:00,722.4708489992206,990.6926138088711
2025-08-19 03:55:00,907.6227261956376,2025-08-19 01:55:00,738.4769533980125,1012.6410833224888
2025-08-19 04:00:00,925.4623331433972,2025-08-19 02:00:00,752.9919475782705,1032.5448587395588
2025-08-19 04:05:00,941.3035891679465,2025-08-19 02:05:00,765.8810061588568,1050.2190599234884
2025-08-19 04:10:00,955.0310521171377,2025-08-19 02:10:00,777.0502009399246,1065.5348872501193
2025-08-19 04:15:00,966.5806432839934,2025-08-19 02:15:00,786.4473950071583,1078.4208476536885
2025-08-19 04:20:00,975.9388930417726,2025-08-19 02:20:00,794.0616289512883,1088.8619129765475
2025-08-19 04:25:00,983.1404269482623,2025-08-19 02:25:00,799.9210754653134,1096.8967151979712
2025-08-19 04:30:00,988.2638531499335,2025-08-19 02:30:00,804.0896931774641,1102.6129579819415
2025-08-19 04:35:00,991.426270579343,2025-08-19 02:35:00,806.6627583082063,1106.1412894342159
2025-08-19 04:40:00,992.7766660894129,2025-08-19 02:40:00,807.761492323317,1107.6479352384288
2025-08-19 04:45:00,992.4885043810896,2025-08-19 02:45:00,807.5270328124358,1107.326431186066
2025-08-19 04:50:00,990.7518372476881,2025-08-19 02:50:00,806.1140132650778,1105.3888194046713
2025-08-19 04:55:00,987.7652669853011,2025-08-19 02:55:00,803.684024190519,1102.0566818781033
2025-08-19 05:00:00,983.7280932350449,2025-08-19 03:00:00,800.3992234849172,1097.552378622987
2025-08-19 05:05:00,978.8329530899398,2025-08-19 03:05:00,796.4163481376175,1092.0908362039995
2025-08-19 05:10:00,973.2592330407456,2025-08-19 03:10:00,791.8813539354835,1085.8721973953282
2025-08-19 05:15:00,967.1674887468304,2025-08-19 03:15:00,786.9248751726539,1079.0755952796333
2025-08-19 05:20:00,960.6950579565611,2025-08-19 03:20:00,781.6586551528972,1071.854258552356
2025-08-19 05:25:00,953.9529946794889,2025-08-19 03:25:00,776.1730517135276,1064.3320909559802
2025-08-19 05:30:00,947.0243918563331,2025-08-19 03:30:00,770.5356724848301,1056.6017998710922
2025-08-19 05:35:00,939.9640982944352,2025-08-19 03:35:00,764.7911445777996,1048.7245804992692
2025-08-19 05:40:00,932.7997752701049,2025-08-19 03:40:00,758.9619742766736,1040.7312947217752
2025-08-19 05:45:00,925.5341826677327,2025-08-19 03:45:00,753.0504071301339,1032.6250217611087
2025-08-19 05:50:00,918.1485352605837,2025-08-19 03:50:00,747.0411587511684,1024.3848028071804
2025-08-19 05:55:00,910.6067287350813,2025-08-19 03:55:00,740.904853273875,1015.970356022441
2025-08-19 06:00:00,902.8602044352535,2025-08-19 04:00:00,734.6019814976922,1007.3275041716041
2025-08-19 06:05:00,894.8532018095327,2025-08-19 04:05:00,728.0871744812606,998.3940348136231
2025-08-19 06:10:00,886.5281394424285,2025-08-19 04:10:00,721.3135817579087,989.1057039567175
2025-08-19 06:15:00,877.8308687786603,2025-08-19 04:15:00,714.2371459688019,979.4020976754787
2025-08-19 06:20:00,868.7155591411479,2025-08-19 04:20:00,706.8205775025131,969.2320823599291
2025-08-19 06:25:00,859.1489972196765,2025-08-19 04:25:00,699.036852725288,958.5586016853803
2025-08-19 06:30:00,849.1141176093786,2025-08-19 04:30:00,690.8720865637018,947.3626156591417
2025-08-19 06:35:00,838.61262136543,2025-08-19 04:35:00,682.3276630620362,935.6460221604825
2025-08-19 06:40:00,827.6665849647115,2025-08-19 04:40:00,673.4215444957148,923.4334520705158
2025-08-19 06:45:00,816.319010714071,2025-08-19 04:45:00,664.1887192047529,910.7728833665827
2025-08-19 06:50:00,804.6333183161506,2025-08-19 04:50:00,654.6807879120514,897.7350738586564
2025-08-19 06:55:00,792.6918252227343,2025-08-19 04:55:00,644.9647272801049,884.4118657088435
2025-08-19 07:00:00,780.5933071780273,2025-08-19 05:00:00,635.1209050746654,870.9134637122985
2025-08-19 07:05:00,768.4497691195068,2025-08-19 05:05:00,625.2404528447858,857.3648325685059
2025-08-19 07:10:00,756.3825878882648,2025-08-19 05:10:00,615.4221274827693,843.901393275978
2025-08-19 07:15:00,744.5182118517887,2025-08-19 05:15:00,605.7688122709411,830.6642251710304
2025-08-19 07:20:00,732.98361704574,2025-08-19 05:20:00,596.3838198228616,817.7949963130859
2025-08-19 07:25:00,721.9017241111162,2025-08-19 05:25:00,587.3671631261452,805.4308501291104
2025-08-19 07:30:00,711.386976626718,2025-08-19 05:30:00,578.8119579027426,793.6994721279294
2025-08-19 07:35:00,701.5412680410018,2025-08-19 05:35:00,570.8011086031657,782.7145455493411
2025-08-19 07:40:00,692.4503836260336,2025-08-19 05:40:00,563.4044134426127,772.5717816270233
2025-08-19 07:45:00,684.1810961201409,2025-08-19 05:45:00,556.6762013035002,763.3456791765351
2025-08-19 07:50:00,676.7790206613902,2025-08-19 05:50:00,550.6535864263776,755.0871313294548
2025-08-19 07:55:00,670.2672981209008,2025-08-19 05:55:00,545.3553971189878,747.8219565190619
2025-08-19 08:00:00,664.6461372677635,2025-08-19 06:00:00,540.7818032439372,741.550387670505
2025-08-19 08:05:00,659.8932078396786,2025-08-19 06:05:00,536.9146360361701,736.2475107524871
2025-08-19 08:10:00,655.9648398026288,2025-08-19 06:10:00,533.7183638670208,731.8646027997504
2025-08-19 08:15:00,652.7979504841132,2025-08-19 06:15:00,531.1416602343464,728.3312820292292
2025-08-19 08:20:00,650.3125929071491,2025-08-19 06:20:00,529.1194771856316,725.5583510342883
2025-08-19 08:25:00,648.4149955105969,2025-08-19 06:25:00,527.5755185520089,723.4411882221482
2025-08-19 08:30:00,647.0009480032371,2025-08-19 06:30:00,526.424994810088,721.8635254351835
2025-08-19 08:35:00,645.9593790734931,2025-08-19 06:35:00,525.5775340449577,720.7014396269183
2025-08-19 08:40:00,645.1759706171862,2025-08-19 06:40:00,524.9401226256726,719.8273852814482
2025-08-19 08:45:00,644.5366593631912,2025-08-19 06:45:00,524.4199542633156,719.1141012019065
2025-08-19 08:50:00,643.930889299453,2025-08-19 06:50:00,523.9270763105959,718.4382392651307
2025-08-19 08:55:00,643.2544972095236,2025-08-19 06:55:00,523.3767375459781,717.6835838351507
2025-08-19 09:00:00,642.4121369004519,2025-08-19 07:00:00,522.691360619252,716.743756491358
2025-08-19 09:05:00,641.3191748321186,2025-08-19 07:05:00,521.8020844088761,715.5243309955393
2025-08-19 09:10:00,639.9030186818844,2025-08-19 07:10:00,520.6498449935583,713.944315580833
2025-08-19 09:15:00,638.103870357254,2025-08-19 07:15:00,519.1859883324836,711.9369930932745
2025-08-19 09:20:00,635.8749234398035,2025-08-19 07:20:00,517.3724309133298,709.450141281381
2025-08-19 09:25:00,633.1820518147299,2025-08-19 07:25:00,515.1814064092258,706.4456853979403
2025-08-19 09:30:00,630.0030593605672,2025-08-19 07:30:00,512.5948551972862,702.8988610735311
2025-08-19 09:35:00,626.3265788695949,2025-08-19 07:35:00,509.6035284776693,698.7969858342483
2025-08-19 09:40:00,622.1507220543706,2025-08-19 07:40:00,506.20588986668054,694.1379529044615
2025-08-19 09:45:00,617.4815894038338,2025-08-19 07:45:00,502.40690295806456,688.9285686427493
2025-08-19 09:50:00,612.3317505211169,2025-08-19 07:50:00,498.2167948670738,683.182857044066
2025-08-19 09:55:00,606.718800523938,2025-08-19 07:55:00,493.64988166199544,676.9204491054694
2025-08-19 10:00:00,600.6640880968234,2025-08-19 08:00:00,488.72353345824536,670.1651637050047
2025-08-19 10:05:00,594.191695667741,2025-08-19 08:05:00,483.457344650634,662.9438697775744
2025-08-19 10:10:00,587.3277325355434,2025-08-19 08:10:00,477.87255877451554,655.285697652237
2025-08-19 10:15:00,580.099979795127,2025-08-19 08:15:00,471.9917796031637,647.2216428926994
2025-08-19 10:20:00,572.5379015409729,2025-08-19 08:20:00,465.83898026340665,638.7845787971874
2025-08-19 10:25:00,564.6730119938999,2025-08-19 08:25:00,459.4398019441515,630.0096660043547
2025-08-19 10:30:00,556.5395641381206,2025-08-19 08:30:00,452.8221141981278,620.9351208105095
2025-08-19 10:35:00,548.1755032260229,2025-08-19 08:35:00,446.0167907502551,611.6032790016296
2025-08-19 10:40:00,539.6236092122701,2025-08-19 08:40:00,439.05863902621206,602.0618704751545
2025-08-19 10:45:00,530.9327371261875,2025-08-19 08:45:00,431.98740936738267,592.3654031322126
2025-08-19 10:50:00,522.1590537453986,2025-08-19 08:50:00,424.8488012363572,582.5765426431293
2025-08-19 10:55:00,513.367163888521,2025-08-19 08:55:00,417.69537961222915,572.7673690601382
2025-08-19 11:00:00,504.6310198306756,2025-08-19 09:00:00,410.58731492622746,563.020391458686
2025-08-19 11:05:00,496.0345135792756,2025-08-19 09:05:00,403.5928649602044,553.4292087437109
2025-08-19 11:10:00,487.6716626772414,2025-08-19 09:10:00,396.7885260233179,544.0987169516014
2025-08-19 11:15:00,479.64631649333705,2025-08-19 09:15:00,390.2587939784896,535.1447815562517
2025-08-19 11:20:00,472.07133029309216,2025-08-19 09:20:00,384.0954922345632,526.6933159741576
2025-08-19 11:25:00,465.06717731138866,2025-08-19 09:25:00,378.3966424748811,518.8787330440032
2025-08-19 11:30:00,458.759995303318,2025-08-19 09:30:00,373.2648752555103,511.84176554966115
2025-08-19 11:35:00,453.2790902561705,2025-08-19 09:35:00,368.8053989287696,505.7266810940359
2025-08-19 11:40:00,448.75394641627173,2025-08-19 09:40:00,365.1235668854235,500.6779461648959
2025-08-19 11:45:00,445.3108172738937,2025-08-19 09:45:00,362.322103848158,496.8364226726719
2025-08-19 11:50:00,443.0689946443778,2025-08-19 09:50:00,360.4980702516846,494.3352053379261
2025-08-19 11:55:00,442.136872389907,2025-08-19 09:55:00,359.73965953453416,493.29522995794326
2025-08-19 12:00:00,442.60793649268874,2025-08-19 10:00:00,360.1229355075098,493.82079950307207
2025-08-19 12:05:00,444.5568232175241,2025-08-19 10:05:00,361.70862512229803,495.99518618087404
2025-08-19 12:10:00,448.0355919305231,2025-08-19 10:10:00,364.53908589262267,499.87647299365085
2025-08-19 12:15:00,453.0703583426333,2025-08-19 10:15:00,368.63556657096603,505.49379742448053
2025-08-19 12:20:00,459.65842723339335,2025-08-19 10:20:00,373.9958742217201,512.8441523968663
2025-08-19 12:25:00,467.7660521902162,2025-08-19 10:25:00,380.5925514584222,521.8898868000393
2025-08-19 12:30:00,477.32693263147405,2025-08-19 10:30:00,388.3716535636077,532.5570286070033
2025-08-19 12:35:00,488.2415375587748,2025-08-19 10:35:00,397.2521982675077,544.7345303801756
2025-08-19 12:40:00,500.37732037843085,2025-08-19 10:40:00,407.1263405351043,558.2745089492159
2025-08-19 12:45:00,513.5698619822966,2025-08-19 10:45:00,417.8603026209097,572.9935207543876
2025-08-19 12:50:00,527.6249498252167,2025-08-19 10:50:00,429.29606568678935,588.6748814879436
2025-08-19 12:55:00,542.3215712066888,2025-08-19 10:55:00,441.2538052516911,605.0720057196107
2025-08-19 13:00:00,557.4157695846588,2025-08-19 11:00:00,453.5350288376967,621.9127094131161
2025-08-19 13:05:00,572.6452841931325,2025-08-19 11:05:00,465.9263509423527,638.9043863803103
2025-08-19 13:10:00,587.7348684270543,2025-08-19 11:10:00,478.20382028230324,655.7399420407255
2025-08-19 13:15:00,602.402158835352,2025-08-19 11:15:00,490.1376950330208,672.1043414985489
2025-08-19 13:20:00,616.36394862237,2025-08-19 11:20:00,501.49754719220766,687.6816089324622
2025-08-19 13:25:00,629.34270443558,2025-08-19 11:25:00,512.0575648903213,702.1620984216975
2025-08-19 13:30:00,641.0731561180983,2025-08-19 11:30:00,521.6019140680891,715.2498461794447
2025-08-19 13:35:00,651.3087839719036,2025-08-19 11:35:00,529.9300167647647,726.6698084382226
2025-08-19 13:40:00,659.8280286639039,2025-08-19 11:40:00,536.8616037378794,736.1747898859182
2025-08-19 13:45:00,666.4400541245659,2025-08-19 11:45:00,542.2414033804539,743.5518733724741
2025-08-19 13:50:00,670.989903579491,2025-08-19 11:50:00,545.9433368677039,748.6281725307177
2025-08-19 13:55:00,673.362903592011,2025-08-19 11:55:00,547.8741014564273,751.2757453977775
2025-08-19 14:00:00,673.4881887414209,2025-08-19 12:00:00,547.9760382995362,751.4155269234722
2025-08-19 14:05:00,671.3412413868527,2025-08-19 12:05:00,546.229198896172,749.0201626027933
2025-08-19 14:10:00,666.945365032206,2025-08-19 12:10:00,542.6525438783974,744.1156523195617
2025-08-19 14:15:00,660.372036073322,2025-08-19 12:15:00,537.3042292063017,736.7817427932322
2025-08-19 14:20:00,651.7401064946366,2025-08-19 12:20:00,530.2809574511608,727.1510380219203
2025-08-19 14:25:00,641.2138581129269,2025-08-19 12:25:00,521.716394652895,715.4068283884139
2025-08-19 14:30:00,628.9999375016694,2025-08-19 12:30:00,511.7786764559815,701.7796709336404
2025-08-19 14:35:00,615.3432286965196,2025-08-19 12:35:00,500.66704998300474,686.5427845050324
2025-08-19 14:40:00,600.521746436745,2025-08-19 12:40:00,488.60771877837624,670.0063521099405
2025-08-19 14:45:00,584.8406586311735,2025-08-19 12:45:00,475.84897925544243,652.5108517386923
2025-08-19 14:50:00,568.6255679065475,2025-08-19 12:50:00,462.6557543043816,634.4195605406595
2025-08-19 14:55:00,552.2152029577585,2025-08-19 12:55:00,449.30364669208376,616.1104005121157
2025-08-19 15:00:00,535.9536857981393,2025-08-19 13:00:00,436.07264739791606,597.9673110127959
2025-08-19 15:05:00,520.1825549010479,2025-08-19 13:05:00,423.2406453332003,580.3713489286458
2025-08-19 15:10:00,505.2327327110726,2025-08-19 13:10:00,411.07689179766436,563.6917267673647
2025-08-19 15:15:00,491.4166313792834,2025-08-19 13:15:00,399.8355774003223,548.277004971493
2025-08-19 15:20:00,479.0205914259612,2025-08-19 13:20:00,389.74967986302744,534.4466556810377
2025-08-19 15:25:00,468.29784373268643,2025-08-19 13:25:00,381.02523762503273,522.483210378357
2025-08-19 15:30:00,459.4621781395312,2025-08-19 13:30:00,373.8361983687917,512.6251958973496
2025-08-19 15:35:00,452.6824882112624,2025-08-19 13:35:00,368.31998043075396,505.0610479805941
2025-08-19 15:40:00,448.0783456446278,2025-08-19 13:40:00,364.5738719679679,499.92417361431353
2025-08-19 15:45:00,445.7167357992122,2025-08-19 13:45:00,362.6523748597285,497.2893088371052
2025-08-19 15:50:00,445.61006118264345,2025-08-19 13:50:00,362.56558026592324,497.1702912142896
2025-08-19 15:55:00,447.71549066875775,2025-08-19 13:55:00,364.2786391257615,499.51933375602334
2025-08-19 16:00:00,451.93570056030933,2025-08-19 14:00:00,367.712365115057,504.2278517261958
2025-08-19 16:05:00,458.12101928731477,2025-08-19 14:05:00,372.744979655749,511.12885549751337
2025-08-19 16:10:00,466.0729515387324,2025-08-19 14:10:00,379.2149792857368,520.0008824500942
2025-08-19 16:15:00,475.5490207401175,2025-08-19 14:15:00,386.9250756859885,530.5733997579752
2025-08-19 16:20:00,486.2688318970356,2025-08-19 14:20:00,395.6471286444294,542.5335687463112
2025-08-19 16:25:00,497.9212207185229,2025-08-19 14:25:00,405.12796285929034,555.5342212188918
2025-08-19 16:30:00,510.1723215875787,2025-08-19 14:30:00,415.09593235193836,569.202860949779
2025-08-19 16:35:00,522.6743555217444,2025-08-19 14:35:00,425.268070691488,583.151468472966
2025-08-19 16:40:00,535.0749135462802,2025-08-19 14:40:00,435.3576443062639,596.9868586073716
2025-08-19 16:45:00,547.0264890059974,2025-08-19 14:45:00,445.08190834138014,610.3213157244467
2025-08-19 16:50:00,558.1959975299301,2025-08-19 14:50:00,454.16985247019323,622.7832152399695
2025-08-19 16:55:00,568.2740153824574,2025-08-19 14:55:00,462.36971757407883,634.0273309076141
2025-08-19 17:00:00,576.9834660383947,2025-08-19 15:00:00,469.4560634758897,643.7445264921053
2025-08-19 17:05:00,584.0874929550107,2025-08-19 15:05:00,475.23617453175734,651.6705394765395
2025-08-19 17:10:00,589.3962718651172,2025-08-19 15:10:00,479.5556023762228,657.5935815858785
2025-08-19 17:15:00,592.7725404676557,2025-08-19 15:15:00,482.30266509236566,661.3605083017762
2025-08-19 17:20:00,594.1356549799805,2025-08-19 15:20:00,483.41174777963323,662.8813447865996
2025-08-19 17:25:00,593.4640225745702,2025-08-19 15:25:00,482.8652816784265,662.1319997702402
2025-08-19 17:30:00,590.7958039706015,2025-08-19 15:30:00,480.6943158257777,659.1550494364936
2025-08-19 17:35:00,586.2278312375383,2025-08-19 15:35:00,476.97763653849586,654.0585300088834
2025-08-19 17:40:00,579.9127401908324,2025-08-19 15:40:00,471.83943421940006,647.0127383442991
2025-08-19 17:45:00,572.0543728730412,2025-08-19 15:45:00,465.44556263814343,638.2451024487224
2025-08-19 17:50:00,562.9015623430889,2025-08-19 15:50:00,457.9984819953748,628.0332471227259
2025-08-19 17:55:00,552.7404665560874,2025-08-19 15:55:00,449.7310214708652,616.6964408170684
2025-08-19 18:00:00,541.8856692787061,2025-08-19 16:00:00,440.89913858407004,604.585666861146
2025-08-19 18:05:00,530.6703112309186,2025-08-19 16:05:00,431.77388950936506,592.0726127081663
2025-08-19 18:10:00,519.4355528824947,2025-08-19 16:10:00,422.632855599733,579.5379135028027
2025-08-19 18:15:00,508.5196990608693,2025-08-19 16:15:00,413.751294747108,567.3590183294153
2025-08-19 18:20:00,498.2473343985664,2025-08-19 16:20:00,405.3933015621999,555.8980685540394
2025-08-19 18:25:00,488.91882528418773,2025-08-19 16:25:00,397.8032657557947,545.4901850769877
2025-08-19 18:30:00,480.80053968677043,2025-08-19 16:30:00,391.1979146095923,536.4325565218406
2025-08-19 18:35:00,474.1161184486201,2025-08-19 16:35:00,385.7592109624624,528.9747005552357
2025-08-19 18:40:00,469.0391025743928,2025-08-19 16:40:00,381.62835448769346,523.310238101246
2025-08-19 18:45:00,465.68718028425104,2025-08-19 16:45:00,378.9011008729385,519.5704747379713
2025-08-19 18:50:00,464.118266525697,2025-08-19 16:50:00,377.6245719594134,517.8200265812122
2025-08-19 18:55:00,464.3285679284789,2025-08-19 16:55:00,377.79568131436827,518.0546613409983
2025-08-19 19:00:00,466.2527196803117,2025-08-19 17:00:00,379.3612455984678,520.2014510347955
2025-08-19 19:05:00,469.7660097328008,2025-08-19 17:05:00,382.2197942657545,524.1212535497579
2025-08-19 19:10:00,474.6886326455981,2025-08-19 17:10:00,386.22503065577655,529.6134586866846
2025-08-19 19:15:00,480.7918429373043,2025-08-19 17:15:00,391.1908385978698,536.4228534970633
2025-08-19 19:20:00,487.8058086392124,2025-08-19 17:20:00,396.8976723662287,544.2483845484267
2025-08-19 19:25:00,495.4289025866904,2025-08-19 17:25:00,403.1001164339271,552.7535242837437
2025-08-19 19:30:00,503.3381141107729,2025-08-19 17:30:00,409.5353568278812,561.5778874192335
2025-08-19 19:35:00,511.2002200948192,2025-08-19 17:35:00,415.93227033260024,570.3496945711456
2025-08-19 19:40:00,518.6833225098109,2025-08-19 17:40:00,422.0208118751323,578.6986447653444
2025-08-19 19:45:00,525.4683424091924,2025-08-19 17:45:00,427.54136648381024,586.2687393684993
2025-08-19 19:50:00,531.2600577460086,2025-08-19 17:50:00,432.253730083175,592.7305970585907
2025-08-19 19:55:00,535.7972851000611,2025-08-19 17:55:00,435.9453937409806,597.7928136497802
2025-08-19 20:00:00,538.8618337602577,2025-08-19 18:00:00,438.43882905590254,601.2119522253022
2025-08-19 20:05:00,540.2859021540775,2025-08-19 18:05:00,439.5975061786168,602.8007953860365
2025-08-19 20:10:00,539.9576424838243,2025-08-19 18:10:00,439.33042141507406,602.4345537544617
2025-08-19 20:15:00,537.8246851070057,2025-08-19 18:15:00,437.59496479868557,600.0547981507257
2025-08-19 20:20:00,533.8954892324306,2025-08-19 18:20:00,434.3980190689079,595.6709665738174
2025-08-19 20:25:00,528.2384671144013,2025-08-19 18:25:00,429.79524708176507,589.3593870588443
2025-08-19 20:30:00,520.9789123765239,2025-08-19 18:30:00,423.8885925752998,581.2598505862213
2025-08-19 20:35:00,512.2938465767631,2025-08-19 18:35:00,416.8220871355868,571.5698613579203
2025-08-19 20:40:00,502.40497696847785,2025-08-19 18:40:00,408.77612035874495,560.5367797217402
2025-08-19 20:45:00,491.57003220824976,2025-08-19 18:45:00,399.9603902477249,548.448155359362
2025-08-19 20:50:00,480.0728049577242,2025-08-19 18:50:00,390.60580148805275,535.6206177469252
2025-08-19 20:55:00,468.21228192269484,2025-08-19 18:55:00,380.955621227221,522.3877484628933
2025-08-19 21:00:00,456.2912780631467,2025-08-19 19:00:00,371.2562314283945,509.0874002959587
2025-08-19 21:05:00,444.6050122439258,2025-08-19 19:05:00,361.74783357794513,496.0489510178391
2025-08-19 21:10:00,433.43006552600787,2025-08-19 19:10:00,352.6554647241772,483.5809840708939
2025-08-19 21:15:00,423.0141492281783,2025-08-19 19:15:00,344.18067237657806,471.9598727223037
2025-08-19 21:20:00,413.5670800515475,2025-08-19 19:20:00,336.4941715180762,461.4197109467778
2025-08-19 21:25:00,405.2533125964622,2025-08-19 19:25:00,329.72976877198676,452.1439819029524
2025-08-19 21:30:00,398.186319764661,2025-08-19 19:30:00,323.97979007986083,444.25928810840225
2025-08-19 21:35:00,392.42503934085295,2025-08-19 19:35:00,319.2921895028251,437.8313868656208
2025-08-19 21:40:00,387.97252354256597,2025-08-19 19:40:00,315.6694504431085,432.86368355525224
2025-08-19 21:45:00,384.77684184428404,2025-08-19 19:45:00,313.0693202166774,429.2982389233551
2025-08-19 21:50:00,382.73419749905753,2025-08-19 19:50:00,311.4073457757538,427.01924620656536
2025-08-19 21:55:00,381.69413041235407,2025-08-19 19:55:00,310.56110696820684,425.8588360151832
2025-08-19 22:00:00,381.46659519960633,2025-08-19 20:00:00,310.3759755189261,425.60497337194965
2025-08-19 22:05:00,381.8306280457257,2025-08-19 20:05:00,310.6721667219228,426.0111273883926
2025-08-19 22:10:00,382.5442518265762,2025-08-19 20:10:00,311.25279863025304,426.8073224787846
2025-08-19 22:15:00,383.3552185613214,2025-08-19 20:15:00,311.912632530724,427.7121237900663
2025-08-19 22:20:00,384.0121538890257,2025-08-19 20:20:00,312.4471405210826,428.44507117306944
2025-08-19 22:25:00,384.27565141840637,2025-08-19 20:25:00,312.6615323020603,428.7390572268599
2025-08-19 22:30:00,383.92886602756846,2025-08-19 20:30:00,312.379374295746,428.35214631803944
2025-08-19 22:35:00,382.78717446170293,2025-08-19 20:35:00,311.4504498815078,427.07835297779974
2025-08-19 22:40:00,380.7065092582531,2025-08-19 20:40:00,309.75754019983276,424.75694012106754
2025-08-19 22:45:00,377.590024134303,2025-08-19 20:45:00,307.2218473692978,421.27985566627063
2025-08-19 22:50:00,373.39281725710083,2025-08-19 20:50:00,303.8068375221453,416.5970023216063
2025-08-19 22:55:00,368.1245162590874,2025-08-19 20:55:00,299.52034407248914,410.71912170455863
2025-08-19 23:00:00,361.84961610344806,2025-08-19 21:00:00,294.41484261679466,403.7181713008802
2025-08-19 23:05:00,354.685551980881,2025-08-19 21:05:00,288.58588296815645,395.7251743819111
2025-08-19 23:10:00,346.7985815885801,2025-08-19 21:10:00,282.1687388192216,386.92562583416964
2025-08-19 23:15:00,338.39764061169683,2025-08-19 21:15:00,275.3334083242599,377.55263667663985
2025-08-19 23:20:00,329.7264182264975,2025-08-19 21:20:00,268.2781664220443,367.8780926436979
2025-08-19 23:25:00,321.05397240843126,2025-08-19 21:25:00,261.22192908753044,358.2021836180691
2025-08-19 23:30:00,312.6642649374885,2025-08-19 21:30:00,254.3957386074709,348.84172776242434
2025-08-19 23:35:00,304.8450409247155,2025-08-19 21:35:00,248.03371553308992,340.1177643286033
2025-08-19 23:40:00,297.87650504161047,2025-08-19 21:40:00,242.3638452223603,332.34291964680756
2025-08-19 23:45:00,292.0202555850408,2025-08-19 21:45:00,237.5989741672319,325.8090607837042
2025-08-19 23:50:00,287.5089281451742,2025-08-19 21:50:00,233.92838368131734,320.7757409096222
2025-08-19 23:55:00,284.536971952435,2025-08-19 21:55:00,231.51028517904015,317.45990840373395
2025-08-20 00:00:00,283.2529367899556,2025-08-19 22:00:00,230.4655445092926,316.0273013078236
2025-08-20 00:05:00,283.75358709397017,2025-08-19 22:05:00,230.87289295987205,316.58588038654295
2025-08-20 00:10:00,286.08008596076877,2025-08-19 22:10:00,232.7658224179507,319.18157159702906
2025-08-20 00:15:00,290.2164076879652,2025-08-19 22:15:00,236.13129375225444,323.7964949499903
2025-08-20 00:20:00,296.0900469080589,2025-08-19 22:20:00,240.91031379155535,330.34975569502706
2025-08-20 00:25:00,303.574998999791,2025-08-19 22:25:00,247.0003603026218,338.7007695866236
2025-08-20 00:30:00,312.49689412118255,2025-08-19 22:30:00,254.25955923806325,348.6549909610542
2025-08-20 00:35:00,322.6400793295649,2025-08-19 22:35:00,262.5124470230959,359.97181430769984
2025-08-20 00:40:00,333.7563643563608,2025-08-19 22:40:00,271.5570864561577,372.37433199171574
2025-08-20 00:45:00,345.57507857752466,2025-08-19 22:45:00,281.17324944902396,385.56055488695273
2025-08-20 00:50:00,357.81403369586894,2025-08-19 22:50:00,291.13133668914196,399.21564351802346
2025-08-20 00:55:00,370.19094973084685,2025-08-19 22:55:00,301.20167426683213,413.0246561177696
2025-08-20 01:00:00,382.43488315258116,2025-08-19 23:00:00,311.1638120471299,426.6852990770788
2025-08-20 01:05:00,394.2971961320544,2025-08-19 23:05:00,320.8154486759894,439.9201654147634
2025-08-20 01:10:00,405.5616244533436,2025-08-19 23:10:00,329.9806232230653,452.48796761831915
2025-08-20 01:15:00,416.05303838294776,2025-08-19 23:15:00,338.5168433638351,464.19331220768436
2025-08-20 01:20:00,425.6445436202961,2025-08-19 23:20:00,346.32086298756946,474.8946223158539
2025-08-20 01:25:00,434.2626368994346,2025-08-19 23:25:00,353.33287699426404,484.5098898300787
2025-08-20 01:30:00,441.8902090524281,2025-08-19 23:30:00,359.53896470316965,493.02002593090486
2025-08-20 01:35:00,448.56727521355214,2025-08-19 23:35:00,364.9716839751648,500.4696757861457
2025-08-20 01:40:00,454.38940314641826,2025-08-19 23:40:00,369.7087924389184,506.9654650243592
2025-08-20 01:45:00,459.5039026676312,2025-08-19 23:45:00,373.8701470585986,512.6717482479208
2025-08-20 01:50:00,464.10392821125765,2025-08-19 23:50:00,377.61290575223455,517.8040292225655
2025-08-20 01:55:00,468.42072967368335,2025-08-19 23:55:00,381.12522237938464,522.620315090287
2025-08-20 02:00:00,472.71435904199524,2025-08-20 00:00:00,384.618685294556,527.4107476890135
2025-08-20 02:05:00,477.2632004923228,2025-08-20 00:05:00,388.3197986302796,532.4859222094111
2025-08-20 02:10:00,482.35273687291834,2025-08-20 00:10:00,392.4608422732749,538.1643538807492
2025-08-20 02:15:00,488.26399314332656,2025-08-20 00:15:00,397.2704689995949,544.7595842343936
2025-08-20 02:20:00,495.2621079909377,2025-08-20 00:20:00,402.9644058998476,552.5674303757128
2025-08-20 02:25:00,503.58547681103965,2025-08-20 00:25:00,409.73662068785853,561.8538717302716
2025-08-20 02:30:00,513.4358836781522,2025-08-20 00:30:00,417.751292690891,572.8440402145832
2025-08-20 02:35:00,524.9699980804455,2025-08-20 00:35:00,427.1358942638949,585.7127330826661
2025-08-20 02:40:00,538.2925554042371,2025-08-20 00:40:00,437.9756421679412,600.5768043444541
2025-08-20 02:45:00,553.4514715008723,2025-08-20 00:45:00,450.3095225928859,617.4897140535733
2025-08-20 02:50:00,570.4350635256327,2025-08-20 00:50:00,464.1280299244183,636.4384275776918
2025-08-20 02:55:00,589.1714651608575,2025-08-20 00:55:00,479.3726909469761,657.3427631588279
2025-08-20 03:00:00,609.5302379267794,2025-08-20 01:00:00,495.93737586856076,680.0571896642256
2025-08-20 03:05:00,631.3260942839948,2025-08-20 01:05:00,513.6713275809022,704.3749804780649
2025-08-20 03:10:00,654.3245677960084,2025-08-20 01:10:00,532.3837751230055,730.0345397418432
2025-08-20 03:15:00,678.2493917265311,2025-08-20 01:15:00,551.8499371932885,756.7276347074734
2025-08-20 03:20:00,702.7912844066843,2025-08-20 01:20:00,571.8181702641228,784.1091976334966
2025-08-20 03:25:00,727.6177909585613,2025-08-20 01:25:00,592.0179761887642,811.8083062655413
2025-08-20 03:30:00,752.3837945123106,2025-08-20 01:30:00,612.1685545341053,839.4399112754312
2025-08-20 03:35:00,776.7422922170538,2025-08-20 01:35:00,631.9875703599319,866.6168591326433
2025-08-20 03:40:00,800.3550278282703,2025-08-20 01:40:00,651.1998053032482,892.9617549571179
2025-08-20 03:45:00,822.9025875287678,2025-08-20 01:45:00,669.5453719286857,918.1182264979911
2025-08-20 03:50:00,844.0935938745181,2025-08-20 01:50:00,686.787194278421,941.7611818838712
2025-08-20 03:55:00,863.6726770685493,2025-08-20 01:55:00,702.7174936089137,963.605703229397
2025-08-20 04:00:00,881.4269572562287,2025-08-20 02:00:00,717.1630626370586,983.4142789778488
2025-08-20 04:05:00,897.1908370344347,2025-08-20 02:05:00,729.9891649110037,1001.0021509374666
2025-08-20 04:10:00,910.8489743324479,2025-08-20 02:10:00,741.1019536610229,1016.2406311456474
2025-08-20 04:15:00,922.3373812876307,2025-08-20 02:15:00,750.449365887269,1029.0583278923002
2025-08-20 04:20:00,931.6426698170033,2025-08-20 02:20:00,758.02050852763,1039.440303998726
2025-08-20 04:25:00,938.7995376876675,2025-08-20 02:25:00,763.8436130273966,1047.4252720086424
2025-08-20 04:30:00,943.8866558253494,2025-08-20 02:30:00,767.982689094429,1053.1010056292891
2025-08-20 04:35:00,947.0211765015886,2025-08-20 02:35:00,770.5330563478524,1056.5982124771037
2025-08-20 04:40:00,948.3521304620133,2025-08-20 02:40:00,771.6159719662473,1058.0831672071226
2025-08-20 04:45:00,948.0530168136711,2025-08-20 02:45:00,771.3726015333876,1057.7494439979614
2025-08-20 04:50:00,946.3139122720521,2025-08-20 02:50:00,769.9575988164344,1055.8091127830105
2025-08-20 04:55:00,943.3334345983558,2025-08-20 02:55:00,767.5325669076723,1052.4837728006578
2025-08-20 05:00:00,939.3108894157647,2025-08-20 03:00:00,764.2596685704997,1047.9957907417613
2025-08-20 05:05:00,934.4389103982307,2025-08-20 03:05:00,760.2956380123754,1042.5600893563196
2025-08-20 05:10:00,928.8968712283536,2025-08-20 03:10:00,755.7864205989486,1036.3767971283655
2025-08-20 05:15:00,922.8453054056629,2025-08-20 03:15:00,750.8626325942563,1029.625022416671
2025-08-20 05:20:00,916.4215192576107,2025-08-20 03:20:00,745.6359917367957,1022.4579588601407
2025-08-20 05:25:00,909.7365261461794,2025-08-20 03:25:00,740.1968227914465,1014.9994648504787
2025-08-20 05:30:00,902.8733692571786,2025-08-20 03:30:00,734.6126929059753,1007.342192256368
2025-08-20 05:35:00,895.886838602081,2025-08-20 03:35:00,728.9281813527838,999.5472706804192
2025-08-20 05:40:00,888.8045277020408,2025-08-20 03:40:00,723.1657392878946,991.6454864089911
2025-08-20 05:45:00,881.6291199070163,2025-08-20 03:45:00,717.3275499886153,983.6398332745763
2025-08-20 05:50:00,874.3417447140178,2025-08-20 03:50:00,711.3982596838749,975.5092573237656
2025-08-20 05:55:00,866.9062039873804,2025-08-20 03:55:00,705.3484161704915,967.2133720410435
2025-08-20 06:00:00,859.2738367903312,2025-08-20 04:00:00,699.1384270282882,958.6978860757118
2025-08-20 06:05:00,851.3887720267032,2025-08-20 04:05:00,692.7228333725441,949.9004636513343
2025-08-20 06:10:00,843.1933096137709,2025-08-20 04:10:00,686.0546881843355,940.7567283782582
2025-08-20 06:15:00,834.6331743550111,2025-08-20 04:15:00,679.0898310646149,931.2061250365465
2025-08-20 06:20:00,825.6624011815586,2025-08-20 04:20:00,671.7908630556012,921.1973700743584
2025-08-20 06:25:00,816.2476347842297,2025-08-20 04:25:00,664.1306449876869,910.6932487377534
2025-08-20 06:30:00,806.3716603698447,2025-08-20 04:30:00,656.0951702393389,899.6745543604462
2025-08-20 06:35:00,796.0360223710087,2025-08-20 04:35:00,647.6856954206576,888.1430100767982
2025-08-20 06:40:00,785.2626337278045,2025-08-20 04:40:00,638.9200497472027,876.1230643087623
2025-08-20 06:45:00,774.0943263973536,2025-08-20 04:45:00,629.8330829558639,863.6625049732872
2025-08-20 06:50:00,762.594343201083,2025-08-20 04:50:00,620.4762518521442,850.831892532726
2025-08-20 06:55:00,750.8448184252173,2025-08-20 04:55:00,610.9163840679549,837.7228647900773
2025-08-20 07:00:00,738.9443385802232,2025-08-20 05:00:00,601.2336934011597,824.4454154110776
2025-08-20 07:05:00,727.0047135364248,2025-08-20 05:05:00,591.5191526866312,811.1242914574116
2025-08-20 07:10:00,715.1471195255947,2025-08-20 05:10:00,581.8713555931714,797.8946901063575
2025-08-20 07:15:00,703.4977990303672,2025-08-20 05:15:00,572.3930178872265,784.8974609870469
2025-08-20 07:20:00,692.1835171413471,2025-08-20 05:20:00,563.1872805493,772.2740368060137
2025-08-20 07:25:00,681.326978826851,2025-08-20 05:25:00,554.3539810873716,760.1613203626907
2025-08-20 07:30:00,671.0424074873421,2025-08-20 05:30:00,545.9860560777812,748.6867515113782
2025-08-20 07:35:00,661.431472219746,2025-08-20 05:35:00,538.1662274299582,737.9637631812877
2025-08-20 07:40:00,652.579730064187,2025-08-20 05:40:00,530.9641076607656,728.0878119661079
2025-08-20 07:45:00,644.553721874416,2025-08-20 05:45:00,524.4338369823605,719.1331379661392
2025-08-20 07:50:00,637.3988276255286,2025-08-20 05:50:00,518.6123382976036,711.1503719399726
2025-08-20 07:55:00,631.1379500313193,2025-08-20 05:55:00,513.5182461402275,704.1650666070792
2025-08-20 08:00:00,625.7710569629493,2025-08-20 06:00:00,509.15153436896617,698.1771861210867
2025-08-20 08:05:00,621.2755748944456,2025-08-20 06:05:00,505.4938362900307,693.1615450397007
2025-08-20 08:10:00,617.607588445185,2025-08-20 06:10:00,502.5094206512674,689.0691466627227
2025-08-20 08:15:00,614.7037678400313,2025-08-20 06:15:00,500.146759898273,685.8293335129325
2025-08-20 08:20:00,612.483917529271,2025-08-20 06:20:00,498.3406038301442,683.3526308493441
2025-08-20 08:25:00,610.8540162655979,2025-08-20 06:25:00,497.01445312369145,681.5341385025595
2025-08-20 08:30:00,609.7096032800799,2025-08-20 06:30:00,496.0833144571699,680.2573088552006
2025-08-20 08:35:00,608.9393562678965,2025-08-20 06:35:00,495.45661169785785,679.3979388258574
2025-08-20 08:40:00,608.4287059873591,2025-08-20 06:40:00,495.0411268796187,678.8282027027329
2025-08-20 08:45:00,608.0633381834197,2025-08-20 06:45:00,494.7438495033085,678.4205592644255
2025-08-20 08:50:00,607.7324463388929,2025-08-20 06:50:00,494.47462310097444,678.0513808974308
2025-08-20 08:55:00,607.3316175635148,2025-08-20 06:55:00,494.1484933068074,677.6041734029391
2025-08-20 09:00:00,606.7652570950709,2025-08-20 07:00:00,493.6876805250311,676.9722810298601
2025-08-20 09:05:00,605.9484842763978,2025-08-20 07:05:00,493.0231225701194,676.0610018297499
2025-08-20 09:10:00,604.8084614556889,2025-08-20 07:10:00,492.09555591148126,674.7890703202626
2025-08-20 09:15:00,603.2851472866978,2025-08-20 07:15:00,490.85612858764176,673.0894979475065
2025-08-20 09:20:00,601.3314945082137,2025-08-20 07:20:00,489.2665611272722,670.909793750001
2025-08-20 09:25:00,598.9131388946006,2025-08-20 07:25:00,487.2988934673187,668.2116173185964
2025-08-20 09:30:00,596.0076492275501,2025-08-20 07:30:00,484.9348747010121,664.9699419846646
2025-08-20 09:35:00,592.6034265534585,2025-08-20 07:35:00,482.1650674710973,661.1718267137827
2025-08-20 09:40:00,588.6983544840962,2025-08-20 07:40:00,478.9877498022571,656.8149102366615
2025-08-20 09:45:00,584.2983093572408,2025-08-20 07:45:00,475.4077029101814,651.9057488248457
2025-08-20 09:50:00,579.4156408652782,2025-08-20 07:50:00,471.4349749822342,646.4581211173175
2025-08-20 09:55:00,574.0677287371597,2025-08-20 07:55:00,467.0837068380714,640.4914178003668
2025-08-20 10:00:00,568.2757111356894,2025-08-20 08:00:00,462.3710973044937,634.0292228714669
2025-08-20 10:05:00,562.0634650205712,2025-08-20 08:05:00,457.3165735993851,627.0981760231277
2025-08-20 10:10:00,555.4568996339822,2025-08-20 08:10:00,451.9412164842511,619.7271843797625
2025-08-20 10:15:00,548.4836016591408,2025-08-20 08:15:00,446.26747155150537,611.9470265985968
2025-08-20 10:20:00,541.1728467059166,2025-08-20 08:20:00,440.3191585696059,603.7903656842441
2025-08-20 10:25:00,533.5559666792527,2025-08-20 08:25:00,434.1217703882125,595.2921588642489
2025-08-20 10:30:00,525.6670386897927,2025-08-20 08:30:00,427.70303346251654,586.4904262115366
2025-08-20 10:35:00,517.5438387550622,2025-08-20 08:35:00,421.09368382140843,577.4273146955546
2025-08-20 10:40:00,509.22898454701283,2025-08-20 08:40:00,414.32839685107604,568.1503731537749
2025-08-20 10:45:00,500.77117591523324,2025-08-20 08:45:00,407.446796632668,558.7139363521985
2025-08-20 10:50:00,492.22643185316093,2025-08-20 08:50:00,400.4944623858448,549.1805050772911
2025-08-20 10:55:00,483.6592169313056,2025-08-20 08:55:00,393.5238449784156,539.6220029054821
2025-08-20 11:00:00,475.1433509910877,2025-08-20 09:00:00,386.59500708842813,530.1207911550035
2025-08-20 11:05:00,466.7626015565195,2025-08-20 09:05:00,379.7761052132254,520.7703298437845
2025-08-20 11:10:00,458.6108698318115,2025-08-20 09:10:00,373.1435410042914,511.6753852082936
2025-08-20 11:15:00,450.79189725107,2025-08-20 09:15:00,366.78172250473574,502.95170229896524
2025-08-20 11:20:00,443.4184395627965,2025-08-20 09:20:00,360.78239215249897,494.7250835004444
2025-08-20 11:25:00,436.61087922074495,2025-08-20 09:25:00,355.2434977678868,487.1298403662697
2025-08-20 11:30:00,430.49527197927074,2025-08-20 09:30:00,350.2676031879959,480.3066141915139
2025-08-20 11:35:00,425.20085077826974,2025-08-20 09:35:00,345.95985733095984,474.3995910795876
2025-08-20 11:40:00,420.8570358991234,2025-08-20 09:40:00,342.4255615431905,469.5531661521195
2025-08-20 11:45:00,417.5900260684185,2025-08-20 09:45:00,339.7673959895216,465.90814021931016
2025-08-20 11:50:00,415.5190676266443,2025-08-20 09:50:00,338.08238410456613,463.59755726510804
2025-08-20 11:55:00,414.7525183821929,2025-08-20 09:55:00,337.4586899920963,462.7423128613292
2025-08-20 12:00:00,415.38383773232545,2025-08-20 10:00:00,337.9723558323748,463.44668031730987
2025-08-20 12:05:00,417.4876449138053,2025-08-20 10:05:00,339.68409472241797,465.7939128423097
2025-08-20 12:10:00,421.1159918986465,2025-08-20 10:10:00,342.63625815982715,469.84208518898527
2025-08-20 12:15:00,426.29499665835806,2025-08-20 10:15:00,346.85009673636495,475.6203373625389
2025-08-20 12:20:00,433.02197596376936,2025-08-20 10:20:00,352.3234272730012,483.1256756652418
2025-08-20 12:25:00,441.263205112019,2025-08-20 10:25:00,359.0288100471457,492.32047320801894
2025-08-20 12:30:00,450.95241499792024,2025-08-20 10:30:00,366.91232595178377,503.13079308236183
2025-08-20 12:35:00,461.9901158588007,2025-08-20 10:35:00,375.89302626812275,515.4456338576713
2025-08-20 12:40:00,474.24381211682555,2025-08-20 10:40:00,385.8631074696156,529.1171692823543
2025-08-20 12:45:00,487.54914537024064,2025-08-20 10:45:00,396.6888412038426,543.9620235272234
2025-08-20 12:50:00,501.7119734976806,2025-08-20 10:50:00,408.2122659321886,559.7635908568516
2025-08-20 12:55:00,516.5113639148273,2025-08-20 10:55:00,420.2536223592272,576.2753752271577
2025-08-20 13:00:00,531.7034497743215,2025-08-20 11:00:00,432.61449098611314,593.2252926748732
2025-08-20 13:05:00,547.0260695693967,2025-08-20 11:05:00,445.0815670715396,610.3208477560701
2025-08-20 13:10:00,562.2040853770354,2025-08-20 11:10:00,457.4309877600603,627.2550671475975
2025-08-20 13:15:00,576.9552518726967,2025-08-20 11:15:00,469.4331073394622,643.7130477482475
2025-08-20 13:20:00,590.9964895995885,2025-08-20 11:20:00,480.8576014152718,659.3789558095706
2025-08-20 13:25:00,604.0504017220403,2025-08-20 11:25:00,491.4787691933423,673.9432977236214
2025-08-20 13:30:00,615.8518636405418,2025-08-20 11:30:00,501.0808950455095,687.1102721029787
2025-08-20 13:35:00,626.1545101313098,2025-08-20 11:35:00,509.4635266972419,698.6050075281594
2025-08-20 13:40:00,634.7369450627083,2025-08-20 11:40:00,516.446527693087,708.180490772067
2025-08-20 13:45:00,641.4085041670808,2025-08-20 11:45:00,521.8747662107173,715.6239963652109
2025-08-20 13:50:00,646.0144109075181,2025-08-20 11:50:00,525.6223100735407,720.762839032658
2025-08-20 13:55:00,648.4401802934533,2025-08-20 11:55:00,527.5960098653917,723.4692870621826
2025-08-20 14:00:00,648.615143445788,2025-08-20 12:00:00,527.7383666530349,723.664494686461
2025-08-20 14:05:00,646.5149870857315,2025-08-20 12:05:00,526.0295982125014,721.3213354086976
2025-08-20 14:10:00,642.1632267143239,2025-08-20 12:10:00,522.4888376649271,716.4660456394193
2025-08-20 14:15:00,635.6315581596697,2025-08-20 12:15:00,517.1744195089775,709.1786169202064
2025-08-20 14:20:00,627.0390599848394,2025-08-20 12:20:00,510.1832306690685,699.5919060445566
2025-08-20 14:25:00,616.5502475260128,2025-08-20 12:25:00,501.6491271855383,687.889463934504
2025-08-20 14:30:00,604.3720075806095,2025-08-20 12:30:00,491.7404401583551,674.3021156505253
2025-08-20 14:35:00,590.7494707831646,2025-08-20 12:35:00,480.65661735248915,659.1033551721637
2025-08-20 14:40:00,575.9609046654192,2025-08-20 12:40:00,468.62406799408575,642.6036475491177
2025-08-20 14:45:00,560.3117357329305,2025-08-20 12:45:00,455.8912989007917,625.1437592899114
2025-08-20 14:50:00,544.1278308313349,2025-08-20 12:50:00,442.7234479414964,607.0872623348017
2025-08-20 14:55:00,527.7481881476843,2025-08-20 12:55:00,429.3963371523346,588.8123793543683
2025-08-20 15:00:00,511.51720410935263,2025-08-20 13:00:00,416.19018078655034,570.7033558740292
2025-08-20 15:05:00,495.7766963139506,2025-08-20 13:05:00,403.3830948617532,553.1415602006292
2025-08-20 15:10:00,480.85787059398535,2025-08-20 13:10:00,391.244561253042,536.4965210197696
2025-08-20 15:15:00,467.0734265833639,2025-08-20 13:15:00,380.02900447658567,521.1171195206217
2025-08-20 15:20:00,454.709995845358,2025-08-20 13:20:00,369.9696390580715,507.32315256191174
2025-08-20 15:25:00,444.0211036979284,2025-08-20 13:25:00,361.2727430015791,495.39748013074654
2025-08-20 15:30:00,435.22083735195196,2025-08-20 13:30:00,354.11250594194985,485.57896083973094
2025-08-20 15:35:00,428.4783903902595,2025-08-20 13:35:00,348.62659032193363,478.05636516371544
2025-08-20 15:40:00,423.91363674552474,2025-08-20 13:40:00,344.9125302094177,472.96343729567957
2025-08-20 15:45:00,421.5938659260936,2025-08-20 13:45:00,343.0250749508923,470.3752526151405
2025-08-20 15:50:00,421.5317861021589,2025-08-20 13:50:00,342.97456440512957,470.3059897173005
2025-08-20 15:55:00,423.6848729423418,2025-08-20 13:55:00,344.7263991314417,472.7082039054238
2025-08-20 16:00:00,427.95611031800394,2025-08-20 14:00:00,348.2016430553569,477.47365359986617
2025-08-20 16:05:00,434.19613460015887,2025-08-20 14:05:00,353.2787681515195,484.43569274527863
2025-08-20 16:10:00,442.2067584007433,2025-08-20 14:10:00,359.7965214958734,493.37320227362005
2025-08-20 16:15:00,451.7458126992374,2025-08-20 14:15:00,367.5578650071548,504.0159924990126
2025-08-20 16:20:00,462.5332092201442,2025-08-20 14:20:00,376.3349080316796,516.0515669550953
2025-08-20 16:25:00,474.2580892565046,2025-08-20 14:25:00,385.87472390264344,529.133098387889
2025-08-20 16:30:00,486.58689114553283,2025-08-20 14:30:00,395.90591395031834,542.8884296953191
2025-08-20 16:35:00,499.17213791276,2025-08-20 14:35:00,406.1457574692,556.9298783638254
2025-08-20 16:40:00,511.6617202277269,2025-08-20 14:40:00,416.3077646897887,570.8645935275655
2025-08-20 16:45:00,523.7084282584383,2025-08-20 14:45:00,426.1094322640287,584.3051907257232
2025-08-20 16:50:00,534.9794713406824,2025-08-20 14:50:00,435.27998883645114,596.8803730647758
2025-08-20 16:55:00,545.1657158168189,2025-08-20 14:55:00,443.5679113070958,608.2452379404479
2025-08-20 17:00:00,553.9903713161341,2025-08-20 15:00:00,450.7479923251604,618.090968382028
2025-08-20 17:05:00,561.2168630594858,2025-08-20 15:05:00,456.62774550052984,626.153616238238
2025-08-20 17:10:00,566.6556438167112,2025-08-20 15:10:00,461.05294787578396,632.2217023262046
2025-08-20 17:15:00,570.1697231470132,2025-08-20 15:15:00,463.9121387300255,636.1423854439952
2025-08-20 17:20:00,571.6787235918199,2025-08-20 15:20:00,465.1399198542686,637.8259878936256
2025-08-20 17:25:00,571.1613127412969,2025-08-20 15:25:00,464.7189343748163,637.2487089548393
2025-08-20 17:30:00,568.6559053952949,2025-08-20 15:30:00,462.6804380585641,634.453408291034
2025-08-20 17:35:00,564.2595810549338,2025-08-20 15:35:00,459.103418542286,629.5483981869781
2025-08-20 17:40:00,558.1252158696977,2025-08-20 15:40:00,454.1122617738651,622.7042436419384
2025-08-20 17:45:00,550.4568848086711,2025-08-20 15:45:00,447.87301104098555,614.1486325396667
2025-08-20 17:50:00,541.5036460512815,2025-08-20 15:50:00,440.5883097110445,604.1594408492708
2025-08-20 17:55:00,531.5518745292248,2025-08-20 15:55:00,432.4911635043535,593.0561791038161
2025-08-20 18:00:00,520.9163624772505,2025-08-20 16:00:00,423.83769955806076,581.1900632220072
2025-08-20 18:05:00,509.930450231142,2025-08-20 16:05:00,414.8991364616852,568.9330033698202
2025-08-20 18:10:00,498.93548865320616,2025-08-20 16:10:00,405.95321047894146,556.6658471142263
2025-08-20 18:15:00,488.26996350922883,2025-08-20 16:15:00,397.27532672020385,544.7662454137809
2025-08-20 18:20:00,478.25863043333237,2025-08-20 16:20:00,389.1297189296964,533.5965304222098
2025-08-20 18:25:00,469.2020167227513,2025-08-20 16:25:00,381.7609077396922,523.4920025667236
2025-08-20 18:30:00,461.3666407419357,2025-08-20 16:30:00,375.38574279941565,514.7500182681266
2025-08-20 18:35:00,454.97628296315577,2025-08-20 16:35:00,370.186300556076,507.6202509791934
2025-08-20 18:40:00,450.2046129618976,2025-08-20 16:40:00,366.3038852931617,502.29646507138006
2025-08-20 18:45:00,447.1694361778229,2025-08-20 16:45:00,363.834348072644,498.91009690540903
2025-08-20 18:50:00,445.9287731680366,2025-08-20 16:50:00,362.8248966637961,497.5258804264606
2025-08-20 18:55:00,446.47892429573596,2025-08-20 16:55:00,363.27252089902737,498.13968792363477
2025-08-20 19:00:00,448.7546063570992,2025-08-20 17:00:00,365.12410383880473,500.6786824655362
2025-08-20 19:05:00,452.6311765498549,2025-08-20 17:05:00,368.27823127849456,505.0037991977077
2025-08-20 19:10:00,457.9288860662936,2025-08-20 17:10:00,372.58865263615024,510.9144911063829
2025-08-20 19:15:00,464.41903328668315,2025-08-20 17:15:00,377.86928742865626,518.1555941798213
2025-08-20 19:20:00,471.83181706910796,2025-08-20 17:20:00,383.90061501207697,526.4260893792242
2025-08-20 19:25:00,479.86562786137085,2025-08-20 17:25:00,390.43723418964436,535.3894687978786
2025-08-20 19:30:00,488.19745924485295,2025-08-20 17:30:00,397.2163344465208,544.6853518941455
2025-08-20 19:35:00,496.4940787771318,2025-08-20 17:35:00,403.96678497939905,553.9419488794334
2025-08-20 19:40:00,504.4235654226901,2025-08-20 17:40:00,410.4185219963498,562.7889331110937
2025-08-20 19:45:00,511.6668033683273,2025-08-20 17:45:00,416.31190052957754,570.8702648234197
2025-08-20 19:50:00,517.9285197231465,2025-08-20 17:50:00,421.4066751350259,577.8565059674471
2025-08-20 19:55:00,522.9474661346436,2025-08-20 17:55:00,425.4902840490136,583.4561799119055
2025-08-20 20:00:00,526.5053727877178,2025-08-20 18:00:00,428.3851345081353,587.4257614831283
2025-08-20 20:05:00,528.4343446903927,2025-08-20 18:05:00,429.9546206533849,589.5779290532497
2025-08-20 20:10:00,528.6224263359045,2025-08-20 18:10:00,430.10765115444985,589.7877730729808
2025-08-20 20:15:00,527.0171259248104,2025-08-20 18:15:00,428.80151665312206,587.9967280710976
2025-08-20 20:20:00,523.6267660712936,2025-08-20 18:20:00,426.04298875018765,584.2140796470007
2025-08-20 20:25:00,518.5196079629907,2025-08-20 18:25:00,421.8876073879888,578.5159872896523
2025-08-20 20:30:00,511.82077970490855,2025-08-20 18:30:00,416.43718163223406,571.0420573091976
2025-08-20 20:35:00,503.7071227679343,2025-08-20 18:35:00,409.835596543187,561.9895929831847
2025-08-20 20:40:00,494.4001499313324,2025-08-20 18:40:00,402.2630834853216,551.6057376832921
2025-08-20 20:45:00,484.1573808938102,2025-08-20 18:45:00,393.92917044538035,540.1778079554255
2025-08-20 20:50:00,473.2623849560966,2025-08-20 18:50:00,385.06458037380884,528.0221840703726
2025-08-20 20:55:00,462.0139111960682,2025-08-20 18:55:00,375.9123870748359,515.4721824834528
2025-08-20 21:00:00,450.7145226212455,2025-08-20 19:00:00,366.7187675133567,502.86537487821465
2025-08-20 21:05:00,439.6591720375634,2025-08-20 19:05:00,357.7237066999227,490.5308421825705
2025-08-20 21:10:00,429.1241603446075,2025-08-20 19:10:00,349.1520137326957,478.77685526083883
2025-08-20 21:15:00,419.35690483297503,2025-08-20 19:15:00,341.20499688845734,467.87945933087497
2025-08-20 21:20:00,410.5669143324642,2025-08-20 19:20:00,334.05312065412915,458.07240487319154
2025-08-20 21:25:00,402.9183219566078,2025-08-20 19:25:00,327.8299300789207,449.53881636131706
2025-08-20 21:30:00,396.5242656679741,2025-08-20 19:30:00,322.62747858491986,442.40492261882895
2025-08-20 21:35:00,391.4433350047726,2025-08-20 19:35:00,318.49343688643245,436.7360924071428
2025-08-20 21:40:00,387.67822086779097,2025-08-20 19:40:00,315.42999440441304,432.53532798326466
2025-08-20 21:45:00,385.17661853636946,2025-08-20 19:45:00,313.39459399518694,429.7442726010896
2025-08-20 21:50:00,383.83434441894974,2025-08-20 19:50:00,312.3024678592406,428.24668789199245
2025-08-20 21:55:00,383.5005392069405,2025-08-20 19:55:00,312.03087102844484,427.8742590603296
2025-08-20 22:00:00,383.98474613607345,2025-08-20 20:00:00,312.4248405132539,428.4144921496052
2025-08-20 22:05:00,385.0655781485146,2025-08-20 20:05:00,313.304247241012,429.6203840564283
2025-08-20 22:10:00,386.5006232895515,2025-08-20 20:10:00,314.4718554698006,431.2214740515273
2025-08-20 22:15:00,388.0371874906693,2025-08-20 20:15:00,315.72206353223874,432.9358295786707
2025-08-20 22:20:00,389.4234393009308,2025-08-20 20:20:00,316.8499716199696,434.48248051014855
2025-08-20 22:25:00,390.41950465024775,2025-08-20 20:25:00,317.6604089121605,435.59379765248167
2025-08-20 22:30:00,390.80806035788476,2025-08-20 20:30:00,317.97655286373816,436.0273119986483
2025-08-20 22:35:00,390.40399526866827,2025-08-20 20:35:00,317.6477898794641,435.5764937259591
2025-08-20 22:40:00,389.06274433431287,2025-08-20 20:40:00,316.55649624483164,434.08005058943036
2025-08-20 22:45:00,386.6869545916167,2025-08-20 20:45:00,314.6234618237408,431.42936520071777
2025-08-20 22:50:00,383.23120865226923,2025-08-20 20:50:00,311.8117332724916,427.5737650590419
2025-08-20 22:55:00,378.7046102059252,2025-08-20 20:55:00,308.12871770508303,422.52340721522154
2025-08-20 23:00:00,373.1711223025392,2025-08-20 21:00:00,303.6264579328036,416.3496556956625
2025-08-20 23:05:00,366.7476406557246,2025-08-20 21:05:00,298.40006482932677,409.18293187331255
2025-08-20 23:10:00,359.59987634305116,2025-08-20 21:10:00,292.5843673364322,401.2081207673164
2025-08-20 23:15:00,351.936211766739,2025-08-20 21:15:00,286.34891343599804,392.6577160949855
2025-08-20 23:20:00,343.99977661257446,2025-08-20 21:20:00,279.8915228437036,383.80297936321756
2025-08-20 23:25:00,336.05906359964763,2025-08-20 21:25:00,273.43065162006906,374.9434697942274
2025-08-20 23:30:00,328.3974639914853,2025-08-20 21:30:00,267.1968778575867,366.39536902143965
2025-08-20 23:35:00,321.3021476152915,2025-08-20 21:35:00,261.4238540342969,358.47907444844986
2025-08-20 23:40:00,315.05273952570985,2025-08-20 21:40:00,256.33909390948224,351.5065657228429
2025-08-20 23:45:00,309.91025466584586,2025-08-20 21:45:00,252.15496933591,345.7690590593752
2025-08-20 23:50:00,306.10674194951787,2025-08-20 21:50:00,249.06028428462466,341.5254530694311
2025-08-20 23:55:00,303.83606121403926,2025-08-20 21:55:00,247.21277061701917,338.9920385421279
2025-08-21 00:00:00,303.24617060150115,2025-08-20 22:00:00,246.7328127999522,338.3338934211631
2025-08-21 00:05:00,304.43324120331397,2025-08-20 22:05:00,247.69865935292418,339.6583164721797
2025-08-21 00:10:00,307.4378416051335,2025-08-20 22:10:00,250.14331844626187,343.010570352603
2025-08-21 00:15:00,312.2433509961701,2025-08-20 22:15:00,254.05326674547769,348.3721111064942
2025-08-21 00:20:00,318.77666879235227,2025-08-20 22:20:00,259.36902678812083,355.6613798961234
2025-08-21 00:25:00,326.91119568423414,2025-08-20 22:25:00,265.9875924796506,364.7371289781661
2025-08-21 00:30:00,336.4719681273747,2025-08-20 22:30:00,273.76660671339096,375.4041502908682
2025-08-21 00:35:00,347.24274110477853,2025-08-20 22:35:00,282.53012417998684,387.42117774210436
2025-08-21 00:40:00,358.9747344182965,2025-08-20 22:40:00,292.07572768836036,400.51064550844177
2025-08-21 00:45:00,371.3966902268897,2025-08-20 22:45:00,302.18271136782954,414.3699093015858
2025-08-21 00:50:00,384.2258363506645,2025-08-20 22:50:00,312.6210008362898,428.68347820409207
2025-08-21 00:55:00,397.17931270306826,2025-08-20 22:55:00,323.1604501873789,443.1357632204359
2025-08-21 01:00:00,409.9856001645216,2025-08-20 23:00:00,333.5801409640891,457.4238285520107
2025-08-21 01:05:00,422.3954902299835,2025-08-20 23:05:00,343.67730748829,471.2696305103605
2025-08-21 01:10:00,434.19215362444646,2025-08-20 23:10:00,353.275529075711,484.4312511425711
2025-08-21 01:15:00,445.1999016364804,2025-08-20 23:15:00,362.23185859576716,496.712673312959
2025-08-21 01:20:00,455.29128773881996,2025-08-20 23:20:00,370.4426006247327,507.9717040312973
2025-08-21 01:25:00,464.39226366462924,2025-08-20 23:25:00,377.8475066288069,518.1257271235054
2025-08-21 01:30:00,472.4851830437514,2025-08-20 23:30:00,384.43221883873633,527.1550544098181
2025-08-21 01:35:00,479.6095322358875,2025-08-20 23:35:00,390.2288648839547,535.1037411005229
2025-08-21 01:40:00,485.86035914082856,2025-08-20 23:40:00,395.3147794118201,542.0778328084431
2025-08-21 01:45:00,491.3844631779589,2025-08-20 23:45:00,399.809404107582,548.2411146821718
2025-08-21 01:50:00,496.3744984430711,2025-08-20 23:50:00,403.8694897946987,553.8085322564992
2025-08-21 01:55:00,501.06122506344144,2025-08-20 23:55:00,407.68279183763855,559.0375462345661
2025-08-21 02:00:00,505.7042163248672,2025-08-21 00:00:00,411.4605091010252,564.2177643638922
2025-08-21 02:05:00,510.5813893889361,2025-08-21 00:05:00,415.428765736296,569.6592607837223
2025-08-21 02:10:00,515.9777722081891,2025-08-21 00:10:00,419.8194715094262,575.680043192969
2025-08-21 02:15:00,522.1739475145253,2025-08-21 00:15:00,424.86091938295243,582.5931597264921
2025-08-21 02:20:00,529.4346249760199,2025-08-21 00:20:00,430.7684873807754,590.6939488297811
2025-08-21 02:25:00,537.9977845872593,2025-08-21 00:25:00,437.7358052306437,600.2479264629059
2025-08-21 02:30:00,548.0648092438653,2025-08-21 00:30:00,445.9267258451531,611.4797769442504
2025-08-21 02:35:00,559.7919818397471,2025-08-21 00:35:00,455.468407031211,624.5638662018874
2025-08-21 02:40:00,573.2836663083817,2025-08-21 00:40:00,466.44576332149074,639.6166338131939
2025-08-21 02:45:00,588.5874225867182,2025-08-21 00:45:00,478.8974913201301,656.6911427355911
2025-08-21 02:50:00,605.6912279689362,2025-08-21 00:50:00,492.8138088886816,675.7739791513168
2025-08-21 02:55:00,624.522892708135,2025-08-21 00:55:00,508.1359796570441,696.7846004501027
2025-08-21 03:00:00,644.951671725656,2025-08-21 01:00:00,524.757624372503,719.5771334246451
2025-08-21 03:05:00,666.7919882219946,2025-08-21 01:05:00,542.5277505735827,743.9445287295873
2025-08-21 03:10:00,689.8091041675525,2025-08-21 01:10:00,561.2553663206355,769.6248874880843
2025-08-21 03:15:00,713.7264992733718,2025-08-21 01:15:00,580.7154840118213,796.3096940615462
2025-08-21 03:20:00,738.234656765294,2025-08-21 01:20:00,600.6562688287631,823.6536183998937
2025-08-21 03:25:00,763.0009054990855,2025-08-21 01:25:00,620.8070466620691,851.2854969588878
2025-08-21 03:30:00,787.6799314260421,2025-08-21 01:30:00,640.8868566462905,878.8200604165136
2025-08-21 03:35:00,811.9245539652404,2025-08-21 01:35:00,660.6132192331753,905.8699569475824
2025-08-21 03:40:00,835.3963589531932,2025-08-21 01:40:00,679.7107875707484,932.0576154807286
2025-08-21 03:45:00,857.7757946794798,2025-08-21 01:45:00,697.9195620283774,957.02650991664
2025-08-21 03:50:00,878.7713662279432,2025-08-21 01:50:00,715.002371068372,980.4514173194411
2025-08-21 03:55:00,898.1276068398337,2025-08-21 01:55:00,730.7513570553388,1002.047311622831
2025-08-21 04:00:00,915.6315606550451,2025-08-21 02:00:00,744.99325086518,1021.5765964702466
2025-08-21 04:05:00,931.1175752591714,2025-08-21 02:05:00,757.5932712867349,1038.8544522934492
2025-08-21 04:10:00,944.4702749172948,2025-08-21 02:10:00,768.4575441597834,1053.7521535704525
2025-08-21 04:15:00,955.6256595715189,2025-08-21 02:15:00,777.5339965619445,1066.1982949848286
2025-08-21 04:20:00,964.570350611916,2025-08-21 02:20:00,784.8117431387475,1076.17794992703
2025-08-21 04:25:00,971.3390771106036,2025-08-21 02:25:00,790.3190408064547,1083.7298658680015
2025-08-21 04:30:00,976.0105632065311,2025-08-21 02:30:00,794.1199425692628,1088.9418758853512
2025-08-21 04:35:00,978.702036515243,2025-08-21 02:35:00,796.3098293490933,1091.9447716573552
2025-08-21 04:40:00,979.5626252601605,2025-08-21 02:40:00,797.0100376362295,1092.9049365957114
2025-08-21 04:45:00,978.7659483083955,2025-08-21 02:45:00,796.3618304558653,1092.016078496185
2025-08-21 04:50:00,976.502224419376,2025-08-21 02:50:00,794.5199771476031,1089.4904257715907
2025-08-21 04:55:00,972.9702357723459,2025-08-21 02:55:00,791.6462145806078,1085.549761102689
2025-08-21 05:00:00,968.369474787002,2025-08-21 03:00:00,787.9028575031465,1080.416659590528
2025-08-21 05:05:00,962.892784315376,2025-08-21 03:05:00,783.4468103180537,1074.3062773665665
2025-08-21 05:10:00,956.719769562379,2025-08-21 03:10:00,778.4242067664856,1067.4190012259148
2025-08-21 05:15:00,950.0112178873152,2025-08-21 03:15:00,772.96586966261,1059.9342227604875
2025-08-21 05:20:00,942.9047117190947,2025-08-21 03:20:00,767.1837413917491,1052.005443657535
2025-08-21 05:25:00,935.5115627181159,2025-08-21 03:25:00,761.1683894259108,1043.7568551224103
2025-08-21 05:30:00,927.9151344468344,2025-08-21 03:30:00,754.987641583692,1035.2814664702823
2025-08-21 05:35:00,920.1705592512657,2025-08-21 03:35:00,748.6863556741183,1026.6407892488278
2025-08-21 05:40:00,912.3057948229867,2025-08-21 03:40:00,742.2872791563532,1017.866016051917
2025-08-21 05:45:00,904.3239103243611,2025-08-21 03:45:00,735.792909219599,1008.9605711656669
2025-08-21 05:50:00,896.2064425730989,2025-08-21 03:50:00,729.1882235046595,999.9038550872491
2025-08-21 05:55:00,887.9176219824765,2025-08-21 03:55:00,722.4441184923461,990.6559594362268
2025-08-21 06:00:00,879.4092372709576,2025-08-21 04:00:00,715.5213676193734,981.1630945454243
2025-08-21 06:05:00,870.6258878003091,2025-08-21 04:05:00,708.3748947837909,971.3634495316431
2025-08-21 06:10:00,861.5103644850349,2025-08-21 04:10:00,700.9581524610106,961.1931958143063
2025-08-21 06:15:00,852.0089034213613,2025-08-21 04:15:00,693.2273962595413,950.5923486264065
2025-08-21 06:20:00,842.0760707697584,2025-08-21 04:20:00,685.1456594503344,939.5102171124232
2025-08-21 06:25:00,831.6790621500701,2025-08-21 04:25:00,676.6862511209474,927.9102011938211
2025-08-21 06:30:00,820.8012329623507,2025-08-21 04:30:00,667.8356285811152,915.773730372932
2025-08-21 06:35:00,809.4447168319887,2025-08-21 04:35:00,658.5955278309744,903.103185150665
2025-08-21 06:40:00,797.6320344302827,2025-08-21 04:40:00,648.9842725597068,889.9236919989811
2025-08-21 06:45:00,785.4066436592275,2025-08-21 04:45:00,639.0372217971601,876.2837372059435
2025-08-21 06:50:00,772.8324310023779,2025-08-21 04:50:00,628.8063560572388,862.2545993722849
2025-08-21 06:55:00,759.9921917814922,2025-08-21 04:55:00,618.3590408159306,847.9286538230161
2025-08-21 07:00:00,746.985190409312,2025-08-21 05:00:00,607.7760414386089,833.4166505642277
2025-08-21 07:05:00,733.9239310632967,2025-08-21 05:05:00,597.1488956752847,818.8441113009765
2025-08-21 07:10:00,720.9303002413053,2025-08-21 05:10:00,586.5767750947183,804.347025659428
2025-08-21 07:15:00,708.1312660772526,2025-08-21 05:15:00,576.162985881303,790.0670528829704
2025-08-21 07:20:00,695.6543342738029,2025-08-21 05:20:00,566.011271606158,776.1464519842411
2025-08-21 07:25:00,683.6229647126332,2025-08-21 05:25:00,556.2220840039703,762.7229680248389
2025-08-21 07:30:00,672.1521496067371,2025-08-21 05:30:00,546.8889851866891,749.9248986286317
2025-08-21 07:35:00,661.3443400820476,2025-08-21 05:35:00,538.0953333527899,737.8665492401153
2025-08-21 07:40:00,651.2858878949374,2025-08-21 05:40:00,529.9113876310126,726.6442631235079
2025-08-21 07:45:00,642.0441407019507,2025-08-21 05:45:00,522.3919446794703,716.3331805346819
2025-08-21 07:50:00,633.6652967737086,2025-08-21 05:50:00,515.5745931979121,706.9848452103236
2025-08-21 07:55:00,626.1730879483198,2025-08-21 05:55:00,509.47864232767984,698.6257349297545
2025-08-21 08:00:00,619.5683214533001,2025-08-21 06:00:00,504.1047488603009,691.2567503224132
2025-08-21 08:05:00,613.8292727233779,2025-08-21 06:05:00,499.4352368492474,684.8536531374532
2025-08-21 08:10:00,608.9128842057011,2025-08-21 06:10:00,495.4350730042178,679.3684037591764
2025-08-21 08:15:00,604.7566922450458,2025-08-21 06:15:00,492.05343447946757,674.7313110464637
2025-08-21 08:20:00,601.2813749533135,2025-08-21 06:20:00,489.22578191897327,670.8538750087608
2025-08-21 08:25:00,598.3937916336498,2025-08-21 06:25:00,486.8763324494494,667.6321779130251
2025-08-21 08:30:00,595.9903682246271,2025-08-21 06:30:00,484.92081420867106,664.9506614477016
2025-08-21 08:35:00,593.9606746257043,2025-08-21 06:35:00,483.2693769958253,662.6861179699936
2025-08-21 08:40:00,592.1910385242667,2025-08-21 06:40:00,481.8295326209599,660.711722478204
2025-08-21 08:45:00,590.5680466392656,2025-08-21 06:45:00,480.50900365222304,658.9009389739832
2025-08-21 08:50:00,588.9817967092745,2025-08-21 06:50:00,479.2183693591201,657.1311487283606
2025-08-21 08:55:00,587.3287826399743,2025-08-21 06:55:00,477.87341318009453,655.2868692611642
2025-08-21 09:00:00,585.5143182872637,2025-08-21 07:00:00,476.3970948062086,653.2624585729474
2025-08-21 09:05:00,583.4544326694808,2025-08-21 07:05:00,474.72109219910686,650.9642296466451
2025-08-21 09:10:00,581.0771981000946,2025-08-21 07:10:00,472.78688221114066,648.3119322545941
2025-08-21 09:15:00,578.3234827487584,2025-08-21 07:15:00,470.5463528981474,645.2395925962129
2025-08-21 09:20:00,575.147147643497,2025-08-21 07:20:00,467.9619638080499,641.6957330947334
2025-08-21 09:25:00,571.5147348769649,2025-08-21 07:25:00,465.0064922934082,637.6430245267214
2025-08-21 09:30:00,567.4047167650095,2025-08-21 07:30:00,461.66242259778755,633.057448302985
2025-08-21 09:35:00,562.8063944081271,2025-08-21 07:35:00,457.9210496827592,627.9270675858149
2025-08-21 09:40:00,557.7185471338152,2025-08-21 07:40:00,453.78138036196435,622.2505204622823
2025-08-21 09:45:00,552.1479419730373,2025-08-21 07:45:00,449.24892055351773,616.0353569566079
2025-08-21 09:50:00,546.1078134685206,2025-08-21 07:50:00,444.33443839324343,609.2963429415463
2025-08-21 09:55:00,539.616419596357,2025-08-21 07:55:00,439.05278927663835,602.0538489699223
2025-08-21 10:00:00,532.6957694053573,2025-08-21 08:00:00,433.4218806170405,594.3324306928757
2025-08-21 10:05:00,525.3706026437039,2025-08-21 08:05:00,427.46184163040965,586.159690422113
2025-08-21 10:10:00,517.6676824127636,2025-08-21 08:10:00,421.1944478111119,577.5654879387732
2025-08-21 10:15:00,509.6154396635251,2025-08-21 08:15:00,414.6428316804718,568.5815438555937
2025-08-21 10:20:00,501.24398386884695,2025-08-21 08:20:00,407.83149147012597,559.2414515240121
2025-08-21 10:25:00,492.5854696558363,2025-08-21 08:25:00,400.78658942830634,549.5810860884991
2025-08-21 10:30:00,483.6747849929169,2025-08-21 08:30:00,393.5365117554554,539.6393723017304
2025-08-21 10:35:00,474.55050416262304,2025-08-21 08:35:00,386.1126439797482,529.4593477630591
2025-08-21 10:40:00,465.25602978517105,2025-08-21 08:40:00,378.5503001516397,519.0894370822776
2025-08-21 10:45:00,455.8408325972127,2025-08-21 08:45:00,370.88973157580796,508.5848351095259
2025-08-21 10:50:00,446.3616877584314,2025-08-21 08:50:00,363.1771327180169,498.0088862912884
2025-08-21 10:55:00,436.88380055581626,2025-08-21 08:55:00,355.4655571216511,487.4343406266002
2025-08-21 11:00:00,427.48171540051726,2025-08-21 09:00:00,347.81565700271415,476.9443678412559
2025-08-21 11:05:00,418.239907611429,2025-08-21 09:05:00,340.29616474783995,466.63321764493156
2025-08-21 11:10:00,409.25296872202847,2025-08-21 09:10:00,332.984043687103,456.6064264793323
2025-08-21 11:15:00,400.62531234891895,2025-08-21 09:15:00,325.96424877728987,446.9804893536497
2025-08-21 11:20:00,392.4703477149661,2025-08-21 09:20:00,319.3290541483577,437.8819377384905
2025-08-21 11:25:00,384.9090913070049,2025-08-21 09:25:00,313.176923494449,429.4457905825779
2025-08-21 11:30:00,378.06821298014046,2025-08-21 09:30:00,307.61092030878126,421.81337433752657
2025-08-21 11:35:00,372.0775391417126,2025-08-21 09:35:00,302.7366763775536,415.1295372425642
2025-08-21 11:40:00,367.0670623868647,2025-08-21 09:40:00,298.6599587037896,409.5393129538241
2025-08-21 11:45:00,363.16353203155086,2025-08-21 09:45:00,295.48389543312675,405.1841165779511
2025-08-21 11:50:00,360.48672271728594,2025-08-21 09:50:00,293.30593984632526,402.1975815280777
2025-08-21 11:55:00,359.14549772797284,2025-08-21 09:55:00,292.21466732158274,400.7011673386158
2025-08-21 12:00:00,359.2337986209284,2025-08-21 10:00:00,292.28651234323115,400.79968526827986
2025-08-21 12:05:00,360.82670296062383,2025-08-21 10:05:00,293.5825609214366,402.5768998857889
2025-08-21 12:10:00,363.9766967414664,2025-08-21 10:10:00,296.14551769120555,406.0913701856478
2025-08-21 12:15:00,368.71030721550704,2025-08-21 10:15:00,299.99696625077917,411.37269281024896
2025-08-21 12:20:00,375.02523520209843,2025-08-21 10:20:00,305.1350358978592,418.4183025475122
2025-08-21 12:25:00,382.8881144616755,2025-08-21 10:25:00,311.5325785694574,427.19097244839327
2025-08-21 12:30:00,392.23300831679893,2025-08-21 10:30:00,319.13594563463147,437.61713649636806
2025-08-21 12:35:00,402.9607330488615,2025-08-21 10:35:00,327.8644373838767,449.58613471636164
2025-08-21 12:40:00,414.9390723485999,2025-08-21 10:40:00,337.61047751435683,462.9504524386978
2025-08-21 12:45:00,428.0039200280612,2025-08-21 10:45:00,348.2405428845556,477.5269952309078
2025-08-21 12:50:00,441.96135875585156,2025-08-21 10:50:00,359.5968548536726,493.0994081573227
2025-08-21 12:55:00,456.590653093837,2025-08-21 10:55:00,371.49981453204185,509.4214151312511
2025-08-21 13:00:00,471.6481053185101,2025-08-21 11:00:00,383.7511400265248,526.2211208820995
2025-08-21 13:05:00,486.8716949168069,2025-08-21 11:05:00,396.13764131374427,543.2061872736097
2025-08-21 13:10:00,501.9863965095908,2025-08-21 11:10:00,408.43554710830807,560.0697665486329
2025-08-21 13:15:00,516.7100486861106,2025-08-21 11:15:00,420.41527997350806,576.4970492291689
2025-08-21 13:20:00,530.7596271313915,2025-08-21 11:20:00,431.8465603803862,592.1722630888833
2025-08-21 13:25:00,543.8577612175359,2025-08-21 11:25:00,442.50370885845285,606.7859437600275
2025-08-21 13:30:00,555.7393235057493,2025-08-21 11:30:00,452.17100746939275,620.0422866873713
2025-08-21 13:35:00,566.1579167255096,2025-08-21 11:35:00,460.6479778642078,631.6663846966584
2025-08-21 13:40:00,574.8920835171914,2025-08-21 11:40:00,467.7544337699858,641.4111562482926
2025-08-21 13:45:00,581.7510690692511,2025-08-21 11:45:00,473.33516969439034,649.0637748523291
2025-08-21 13:50:00,586.5799769828018,2025-08-21 11:50:00,477.2641559364887,654.4514215029799
2025-08-21 13:55:00,589.2641731429943,2025-08-21 11:55:00,479.44812174683176,657.446198109005
2025-08-21 14:00:00,589.7328102138688,2025-08-21 12:00:00,479.82942299277937,657.9690597975003
2025-08-21 14:05:00,587.9613672549556,2025-08-21 12:05:00,478.3881084887895,655.9926483820692
2025-08-21 14:10:00,583.9731229650774,2025-08-21 12:10:00,475.14311868455513,651.5429360713326
2025-08-21 14:15:00,577.8395072712578,2025-08-21 12:15:00,470.1525717313382,644.6996177391576
2025-08-21 14:20:00,569.6793039712306,2025-08-21 12:20:00,463.5131147210764,635.5952213072749
2025-08-21 14:25:00,559.6567048136859,2025-08-21 12:25:00,455.35834041081114,624.4129366688716
2025-08-21 14:30:00,547.9782444780125,2025-08-21 12:30:00,445.85629340366216,611.3831960238517
2025-08-21 14:35:00,534.8886730299286,2025-08-21 12:35:00,435.2061118190915,596.7790687484427
2025-08-21 14:40:00,520.6658493117013,2025-08-21 12:40:00,423.63387235768175,580.9105639146115
2025-08-21 14:45:00,505.61476323772507,2025-08-21 12:45:00,411.38772660962405,564.1179609230398
2025-08-21 14:50:00,490.0608174464701,2025-08-21 12:50:00,398.7324347469036,546.7643137947719
2025-08-21 14:55:00,474.3425185751752,2025-08-21 12:55:00,385.943418861716,529.2272967747906
2025-08-21 15:00:00,458.8037445288806,2025-08-21 13:00:00,373.30047131748023,511.8905768694855
2025-08-21 15:05:00,443.785767741653,2025-08-21 13:05:00,361.0812645656614,495.1349141428868
2025-08-21 15:10:00,429.61922266312,2025-08-21 13:10:00,349.5548155821488,479.329199784683
2025-08-21 15:15:00,416.61621161501597,2025-08-21 13:15:00,338.975062886826,464.8216485586374
2025-08-21 15:20:00,405.0627434941106,2025-08-21 13:20:00,329.5747143798316,451.931362610064
2025-08-21 15:25:00,395.21169595264007,2025-08-21 13:25:00,321.55952109936277,440.94047932084834
2025-08-21 15:30:00,387.2764840182876,2025-08-21 13:30:00,315.1031257660169,432.0871073440605
2025-08-21 15:35:00,381.42560506196355,2025-08-21 13:35:00,310.34262435759865,425.5592403859962
2025-08-21 15:40:00,377.7782133616359,2025-08-21 13:40:00,307.3749654030932,421.489819715799
2025-08-21 15:45:00,376.4008557711694,2025-08-21 13:45:00,306.25429399658185,419.9530921281385
2025-08-21 15:50:00,377.3054754413077,2025-08-21 13:50:00,306.9903275474249,420.96238268061666
2025-08-21 15:55:00,380.44876119980654,2025-08-21 13:55:00,309.5478264107745,424.4693687925888
2025-08-21 16:00:00,385.7328888870974,2025-08-21 14:00:00,313.8471970669424,430.36490735859775
2025-08-21 16:05:00,393.0076662314226,2025-08-21 14:05:00,319.7662372747657,438.4814278007043
2025-08-21 16:10:00,402.07405731026205,2025-08-21 14:10:00,327.14300370973604,448.59686433498337
2025-08-21 16:15:00,412.6890252465729,2025-08-21 14:15:00,335.7797521689574,460.4400590019075
2025-08-21 16:20:00,424.5715953400003,2025-08-21 14:20:00,345.4478707691974,473.6975263446435
2025-08-21 16:25:00,437.410004560532,2025-08-21 14:25:00,355.89369705144014,488.0214301495978
2025-08-21 16:30:00,450.8697697619281,2025-08-21 14:30:00,366.8450825913799,503.0385852091001
2025-08-21 16:35:00,464.60247603408715,2025-08-21 14:35:00,378.0185435428059,518.3602625481834
2025-08-21 16:40:00,478.2550604047636,2025-08-21 14:40:00,389.12681421637785,533.5925473161316
2025-08-21 16:45:00,491.4793445325326,2025-08-21 14:45:00,399.88660324731,548.3469744793205
2025-08-21 16:50:00,503.9415550498623,2025-08-21 14:50:00,410.02633971470493,562.2511507351952
2025-08-21 16:55:00,515.3315622800959,2025-08-21 14:55:00,419.2936901190085,574.959062214032
2025-08-21 17:00:00,525.3715673193976,2025-08-21 15:00:00,427.462626527864,586.1607667175949
2025-08-21 17:05:00,533.8239751571406,2025-08-21 15:05:00,434.3398324513619,595.5911778151357
2025-08-21 17:10:00,540.4982074435222,2025-08-21 15:10:00,439.77024597326323,603.0376658963196
2025-08-21 17:15:00,545.2562326096348,2025-08-21 15:15:00,443.64155927057317,608.3462281652302
2025-08-21 17:20:00,548.0166229295442,2025-08-21 15:20:00,445.8875195961596,611.4260151331728
2025-08-21 17:25:00,548.7569874372235,2025-08-21 15:25:00,446.48990879406654,612.252045041274
2025-08-21 17:30:00,547.5146749974847,2025-08-21 15:30:00,445.47911534521563,610.8659882816827
2025-08-21 17:35:00,544.3856926460004,2025-08-21 15:35:00,442.933254287014,607.374960581897
2025-08-21 17:40:00,539.5218384633672,2025-08-21 15:40:00,438.9758344088025,601.9483241321144
2025-08-21 17:45:00,533.126104655901,2025-08-21 15:45:00,433.77201802059955,594.8125587700218
2025-08-21 17:50:00,525.4464628537995,2025-08-21 15:50:00,427.5235644313253,586.2443281940805
2025-08-21 17:55:00,516.7681985763464,2025-08-21 15:55:00,420.4625929732187,576.5619274722362
2025-08-21 18:00:00,507.4050126836892,2025-08-21 16:00:00,412.84434279884135,566.1153548688453
2025-08-21 18:05:00,497.6891531356647,2025-08-21 16:05:00,404.9391436983931,555.2753017783281
2025-08-21 18:10:00,487.96087836418394,2025-08-21 16:10:00,397.02384309196765,544.4213969353508
2025-08-21 18:15:00,478.55758251222073,2025-08-21 16:15:00,389.3729579033996,533.9300733671909
2025-08-21 18:20:00,469.8029314265256,2025-08-21 16:20:00,382.2498351837585,524.1624473441093
2025-08-21 18:25:00,461.99636533573204,2025-08-21 16:25:00,375.8981110842599,515.4526064432041
2025-08-21 18:30:00,455.403319213892,2025-08-21 16:30:00,370.53375376579896,508.0966983389638
2025-08-21 18:35:00,450.2464947405258,2025-08-21 16:35:00,366.3379619280801,502.34319286747575
2025-08-21 18:40:00,446.6984882608315,2025-08-21 16:40:00,363.451166632921,498.38465698958674
2025-08-21 18:45:00,444.87603847684284,2025-08-21 16:45:00,361.96835100330145,496.3513368993169
2025-08-21 18:50:00,444.8361066170056,2025-08-21 16:50:00,361.93586089772674,496.3067846413824
2025-08-21 18:55:00,446.57394206620586,2025-08-21 16:55:00,363.34983103200454,498.24569992096195
2025-08-21 19:00:00,450.02321991521836,2025-08-21 17:00:00,366.15629689479624,502.09408356858717
2025-08-21 19:05:00,455.05826584972755,2025-08-21 17:05:00,370.2530050033743,507.7117198645307
2025-08-21 19:10:00,461.4983106554562,2025-08-21 17:10:00,375.49287453354304,514.8969233202149
2025-08-21 19:15:00,469.1136443228138,2025-08-21 17:15:00,381.6890045371976,523.3934048562149
2025-08-21 19:20:00,477.6334702113767,2025-08-21 17:20:00,388.62106439431415,532.8990347490187
2025-08-21 19:25:00,486.7551970905863,2025-08-21 17:25:00,396.04285417664215,543.0762098264348
2025-08-21 19:30:00,496.15485150639876,2025-08-21 17:30:00,403.69077655192115,553.5634706185733
2025-08-21 19:35:00,505.49824959095844,2025-08-21 17:35:00,411.2929266003138,563.9879658247702
2025-08-21 19:40:00,514.4525352129504,2025-08-21 17:40:00,418.57847969978405,573.9783255093936
2025-08-21 19:45:00,522.6976747918313,2025-08-21 17:45:00,425.28704415153067,583.1774859472333
2025-08-21 19:50:00,529.9374956808562,2025-08-21 17:50:00,431.17764243534,591.2550052253729
2025-08-21 19:55:00,535.9098687501328,2025-08-21 17:55:00,436.0369961529826,597.918424022992
2025-08-21 20:00:00,540.3956630600017,2025-08-21 18:00:00,439.6868118968075,602.9232564036748
2025-08-21 20:05:00,543.2261430442186,2025-08-21 18:05:00,441.98979988407393,606.0812429049099
2025-08-21 20:10:00,544.2885338828157,2025-08-21 18:10:00,442.85420215955867,607.2665598638828
2025-08-21 20:15:00,543.5295464816282,2025-08-21 18:15:00,442.2366606552315,606.4197522620192
2025-08-21 20:20:00,540.956729003917,2025-08-21 18:20:00,440.14331684865533,603.5492416383584
2025-08-21 20:25:00,536.6375916266526,2025-08-21 18:25:00,436.6290996308483,598.7303495739602
2025-08-21 20:30:00,530.696535680895,2025-08-21 18:30:00,431.7952267361269,592.1018715121462
2025-08-21 20:35:00,523.3097007905387,2025-08-21 18:35:00,425.7850121748968,583.8603276748203
2025-08-21 20:40:00,514.6979234085795,2025-08-21 18:40:00,418.778137026422,574.2521068516678
2025-08-21 20:45:00,505.1180731340472,2025-08-21 18:45:00,410.98360033120395,563.5638002677948
2025-08-21 20:50:00,494.85309605132954,2025-08-21 18:50:00,402.6316179667696,552.1110928671175
2025-08-21 20:55:00,484.2011453811755,2025-08-21 18:55:00,393.9647789249432,540.2266363029509
2025-08-21 21:00:00,473.46421637504545,2025-08-21 19:00:00,385.2287982223307,528.2473688093992
2025-08-21 21:05:00,462.9367226013122,2025-08-21 19:05:00,376.66322212494754,516.5017696832198
2025-08-21 21:10:00,452.89445488544095,2025-08-21 19:10:00,368.4924447149234,505.297540695434
2025-08-21 21:15:00,443.58435003416025,2025-08-21 19:15:00,360.91738332878106,494.9101909846527
2025-08-21 21:20:00,435.2154665448613,2025-08-21 19:20:00,354.10813604557865,485.5729685923426
2025-08-21 21:25:00,427.9515177419197,2025-08-21 19:25:00,348.1979063578315,477.46852963030597
2025-08-21 21:30:00,421.9052528280816,2025-08-21 19:30:00,343.27843137760055,470.72266918004215
2025-08-21 21:35:00,417.1349039879119,2025-08-21 19:35:00,339.39709106244527,465.4003573009824
2025-08-21 21:40:00,413.6428365883879,2025-08-21 19:40:00,336.55580996642175,461.50423304976255
2025-08-21 21:45:00,411.3764525164512,2025-08-21 19:45:00,334.71179223045243,458.97561234030695
2025-08-21 21:50:00,410.23130732470133,2025-08-21 19:50:00,333.7800578126217,457.6979657652859
2025-08-21 21:55:00,410.05631358889326,2025-08-21 19:55:00,333.63767614108184,457.50272401881034
2025-08-21 22:00:00,410.6608195241122,2025-08-21 20:00:00,334.12952554994655,458.17717555847247
2025-08-21 22:05:00,411.82327636580385,2025-08-21 20:05:00,335.0753453957181,459.47413686355173
2025-08-21 22:10:00,413.3011439945464,2025-08-21 20:10:00,336.2777956567136,461.1230042105054
2025-08-21 22:15:00,414.84163386320284,2025-08-21 20:15:00,337.531197794091,462.84173963263646
2025-08-21 22:20:00,416.1928539886509,2025-08-21 20:20:00,338.63060274816644,464.3493054660485
2025-08-21 22:25:00,417.11490370994477,2025-08-21 20:25:00,339.3808180627572,465.37804284965495
2025-08-21 22:30:00,417.3904674117239,2025-08-21 20:30:00,339.60502734827156,465.6854912171761
2025-08-21 22:35:00,416.8344756845844,2025-08-21 20:35:00,339.15265097544375,465.06516732197264
2025-08-21 22:40:00,415.3024394477623,2025-08-21 20:40:00,337.90612703988086,463.35586367656083
2025-08-21 22:45:00,412.69711595098875,2025-08-21 20:45:00,335.7863350789875,460.44908585794366
2025-08-21 22:50:00,408.97323223276777,2025-08-21 20:50:00,332.7564392603062,456.29432250335856
2025-08-21 22:55:00,404.1400706077866,2025-08-21 20:55:00,328.8239920340707,450.901929956834
2025-08-21 23:00:00,398.2618068232274,2025-08-21 21:00:00,324.0412092702603,444.34350955257423
2025-08-21 23:05:00,391.45558329413325,2025-08-21 21:05:00,318.50340256837313,436.7497579100539
2025-08-21 23:10:00,383.8873916462698,2025-08-21 21:10:00,312.34562913505147,428.30587305802044
2025-08-21 23:15:00,375.76592851342934,2025-08-21 21:15:00,305.7376926231339,419.24469930416876
2025-08-21 23:20:00,367.3346713062288,2025-08-21 21:20:00,298.8776956706706,409.8378861144451
2025-08-21 23:25:00,358.8624937430102,2025-08-21 21:25:00,291.9844043339086,400.3854177946193
2025-08-21 23:30:00,350.6332010333337,2025-08-21 21:30:00,285.28873350784295,391.20393782062797
2025-08-21 23:35:00,342.93440972502793,2025-08-21 21:35:00,279.0246991396915,382.6143420054213
2025-08-21 23:40:00,336.046223969438,2025-08-21 21:40:00,273.4202048003429,374.92914452815626
2025-08-21 23:45:00,330.2301698420255,2025-08-21 21:45:00,268.68803821961785,368.4401318775676
2025-08-21 23:50:00,325.7188391097903,2025-08-21 21:50:00,265.01744505490484,363.4068083301667
2025-08-21 23:55:00,322.70666570241315,2025-08-21 21:55:00,262.5666242713507,360.0461051939783
2025-08-22 00:00:00,321.34221270117206,2025-08-21 22:00:00,261.4564525377331,358.52377534762144
