reading_time,yhat,ds,yhat_lower,yhat_upper
2025-07-30 02:00:00,482.714945566507,2025-07-30 00:00:00,433.9504215289141,578.1066572713962
2025-07-30 02:05:00,477.0505717534297,2025-07-30 00:05:00,428.8582705059175,571.3229182538054
2025-07-30 02:10:00,471.84596381254346,2025-07-30 00:10:00,424.1794391778555,565.089801739083
2025-07-30 02:15:00,467.1589874096451,2025-07-30 00:15:00,419.96594754181996,559.476608516301
2025-07-30 02:20:00,463.03777847362494,2025-07-30 00:20:00,416.2610687693265,554.5409868957117
2025-07-30 02:25:00,459.5203341121117,2025-07-30 00:25:00,413.09896144822045,550.3284427831898
2025-07-30 02:30:00,456.63430216994374,2025-07-30 00:30:00,410.504480400239,546.8720876523016
2025-07-30 02:35:00,454.3969713855535,2025-07-30 00:35:00,408.49316783181143,544.1926267554439
2025-07-30 02:40:00,452.81546121666247,2025-07-30 00:40:00,407.07142398330245,542.2985864619425
2025-07-30 02:45:00,451.88710740585077,2025-07-30 00:45:00,406.2368537442208,541.1867760171599
2025-07-30 02:50:00,451.60003575024587,2025-07-30 00:50:00,405.9787824599092,540.8429746976786
2025-07-30 02:55:00,451.9339127492549,2025-07-30 00:55:00,406.27893074781593,541.2428307982814
2025-07-30 03:00:00,452.86085743976025,2025-07-30 01:00:00,407.1122342178519,542.3529536594549
2025-07-30 03:05:00,454.34649437024376,2025-07-30 01:05:00,408.44779007362854,544.1321747249905
2025-07-30 03:10:00,456.3511230826799,2025-07-30 01:10:00,410.2499084516906,546.5329481310358
2025-07-30 03:15:00,458.83097508835914,2025-07-30 01:15:00,412.4792424159226,549.5028560791905
2025-07-30 03:20:00,461.73952521493186,2025-07-30 01:20:00,415.09396683052086,552.9861793253889
2025-07-30 03:25:00,465.02882085884187,2025-07-30 01:25:00,418.05097332952784,556.9254891125482
2025-07-30 03:30:00,468.65078999743037,2025-07-30 01:30:00,421.3070461917646,561.263213665477
2025-07-30 03:35:00,472.55848742348195,2025-07-30 01:35:00,424.8199826790582,565.9431307000564
2025-07-30 03:40:00,476.70723851860834,2025-07-30 01:40:00,428.549621264074,570.9117372233945
2025-07-30 03:45:00,481.0556412656218,2025-07-30 01:45:00,432.4587424180284,576.1194495588712
2025-07-30 03:50:00,485.566390226113,2025-07-30 01:50:00,436.51380934892495,581.5215901540411
2025-07-30 03:55:00,490.20689096104024,2025-07-30 01:55:00,440.6855203525352,587.0791234199437
2025-07-30 04:00:00,494.9496396232486,2025-07-30 02:00:00,444.9491500579623,592.7591103367977
2025-07-30 04:05:00,499.7723503605284,2025-07-30 02:05:00,449.2846639602686,598.5348610338135
2025-07-30 04:10:00,504.6578223590979,2025-07-30 02:10:00,453.6765988954069,604.3857755584745
2025-07-30 04:15:00,509.5935484470612,2025-07-30 02:15:00,458.11371118309313,610.2968751341692
2025-07-30 04:20:00,514.5710780361906,2025-07-30 02:20:00,462.58840392508057,616.258039209717
2025-07-30 04:25:00,519.5851581265423,2025-07-30 02:25:00,467.0959547866648,622.2629767136148
2025-07-30 04:30:00,524.6326867652538,2025-07-30 02:30:00,471.6335751785039,628.3079727005996
2025-07-30 04:35:00,529.7115233219345,2025-07-30 02:35:00,476.19934071961745,634.3904635196163
2025-07-30 04:40:00,534.8192083917917,2025-07-30 02:40:00,480.79104045764865,640.5075037506057
2025-07-30 04:45:00,539.9516530726302,2025-07-30 02:45:00,485.4049985568947,646.6541964629844
2025-07-30 04:50:00,545.101861754432,2025-07-30 02:50:00,490.03492611342995,652.8221636092934
2025-07-30 04:55:00,550.2587547435495,2025-07-30 02:55:00,494.6708627194133,658.998135982277
2025-07-30 05:00:00,555.4061560290562,2025-07-30 03:00:00,499.298266486667,665.1627409486853
2025-07-30 05:05:00,560.5220077891987,2025-07-30 03:05:00,503.89730790476085,671.2895617304223
2025-07-30 05:10:00,565.577866430246,2025-07-30 03:10:00,508.44241679070643,677.3445338531155
2025-07-30 05:15:00,570.5387252355088,2025-07-30 03:15:00,512.9021228542151,683.285732747921
2025-07-30 05:20:00,575.363196602776,2025-07-30 03:20:00,517.2392195252594,689.063592001811
2025-07-30 05:25:00,580.0040723496073,2025-07-30 03:25:00,521.4112676565582,694.6215743875933
2025-07-30 05:30:00,584.4092645625356,2025-07-30 03:30:00,525.3714413269064,699.8972986390254
2025-07-30 05:35:00,588.5231123815803,2025-07-30 03:35:00,529.0697026125296,704.8241044755426
2025-07-30 05:40:00,592.2880227547129,2025-07-30 03:40:00,532.4542765902879,709.3330175944099
2025-07-30 05:45:00,595.6463963855292,2025-07-30 03:45:00,535.4733827234821,713.355056214534
2025-07-30 05:50:00,598.5427742143719,2025-07-30 03:50:00,538.0771645025158,716.8238017344436
2025-07-30 05:55:00,600.9261263586728,2025-07-30 03:55:00,540.2197471533542,719.6781400015661
2025-07-30 06:00:00,602.7521943696479,2025-07-30 04:00:00,541.8613432762444,721.8650664339684
2025-07-30 06:05:00,603.985790063416,2025-07-30 04:05:00,542.9703194457695,723.3424391349766
2025-07-30 06:10:00,604.602950420353,2025-07-30 04:10:00,543.5251334193238,724.0815596329561
2025-07-30 06:15:00,604.5928484966317,2025-07-30 04:15:00,543.5160520057537,724.0694614176261
2025-07-30 06:20:00,603.9593650318856,2025-07-30 04:20:00,542.9465639070673,723.3107921209643
2025-07-30 06:25:00,602.722234431581,2025-07-30 04:25:00,541.8344099320989,721.8291859628808
2025-07-30 06:30:00,600.9176923902213,2025-07-30 04:30:00,540.2121651959313,719.6680393544785
2025-07-30 06:35:00,598.5985689226027,2025-07-30 04:35:00,538.1273227530075,716.8906223136798
2025-07-30 06:40:00,595.8337912716994,2025-07-30 04:40:00,535.6418467219409,713.5794831402561
2025-07-30 06:45:00,592.7072833093337,2025-07-30 04:45:00,532.8311828702347,709.8351303215662
2025-07-30 06:50:00,589.3162723717435,2025-07-30 04:50:00,529.7827364956368,705.7740047734432
2025-07-30 06:55:00,585.7690391765689,2025-07-30 04:55:00,526.5938496495896,701.5257851070355
2025-07-30 07:00:00,582.182170453769,2025-07-30 05:00:00,523.3693313111297,697.2300973383968
2025-07-30 07:05:00,578.6773968620175,2025-07-30 05:05:00,520.2186147412935,693.0327279297437
2025-07-30 07:10:00,575.3781185436054,2025-07-30 05:10:00,517.2526340312165,689.0814627419074
2025-07-30 07:15:00,572.4057373831571,2025-07-30 05:15:00,514.5805268810901,685.5216944923733
2025-07-30 07:20:00,569.8759271857178,2025-07-30 05:20:00,512.3062815699603,682.4919558646283
2025-07-30 07:25:00,567.894980204521,2025-07-30 05:25:00,510.5254525622569,680.1195440550299
2025-07-30 07:30:00,566.556369897987,2025-07-30 05:30:00,509.32207049978183,678.5164042790464
2025-07-30 07:35:00,565.9376660812941,2025-07-30 05:35:00,508.76586898888735,677.7754353105186
2025-07-30 07:40:00,566.097928425152,2025-07-30 05:40:00,508.90994141156887,677.9673678967065
2025-07-30 07:45:00,567.0756891794366,2025-07-30 05:45:00,509.78892743711714,679.1383488378648
2025-07-30 07:50:00,568.8876155042517,2025-07-30 05:50:00,511.41781048632555,681.3083389748629
2025-07-30 07:55:00,571.5279171515971,2025-07-30 05:55:00,513.7913852499665,684.4704038198693
2025-07-30 08:00:00,574.9685371783864,2025-07-30 06:00:00,516.8844291357195,688.590941957121
2025-07-30 08:05:00,579.1601330308707,2025-07-30 06:05:00,520.6525842421038,693.6108600043415
2025-07-30 08:10:00,584.0338239380403,2025-07-30 06:10:00,525.033928227809,699.4476653172808
2025-07-30 08:15:00,589.5036492769088,2025-07-30 06:15:00,529.9511843295563,705.9984101648442
2025-07-30 08:20:00,595.4696531099916,2025-07-30 06:20:00,535.314494295381,713.1433858174297
2025-07-30 08:25:00,601.8214830670419,2025-07-30 06:25:00,541.024653702414,720.7504326216615
2025-07-30 08:30:00,608.4423692261422,2025-07-30 06:30:00,546.9766888859624,728.6797051680501
2025-07-30 08:35:00,615.2133306764254,2025-07-30 06:35:00,553.063638549512,736.7887101335849
2025-07-30 08:40:00,622.0174460161726,2025-07-30 06:40:00,559.1803928512655,744.9374206942948
2025-07-30 08:45:00,628.7440185957145,2025-07-30 06:45:00,565.2274378685092,752.993264882605
2025-07-30 08:50:00,635.2924691837975,2025-07-30 06:50:00,571.1143550214989,760.8357875029492
2025-07-30 08:55:00,641.5757975019753,2025-07-30 06:55:00,576.7629329189117,768.3607957172641
2025-07-30 09:00:00,647.5234693975493,2025-07-30 07:00:00,582.1097628646285,775.483816766596
2025-07-30 09:05:00,653.0836083413639,2025-07-30 07:05:00,587.1082089674231,782.1427225417233
2025-07-30 09:10:00,658.2243969426054,2025-07-30 07:10:00,591.7296680728207,788.2994080582963
2025-07-30 09:15:00,662.9346257929463,2025-07-30 07:15:00,595.9640631622544,793.9404487608133
2025-07-30 09:20:00,667.2233616593115,2025-07-30 07:20:00,599.8195450654534,799.0767031453022
2025-07-30 09:25:00,671.1187433912713,2025-07-30 07:25:00,603.3214100069173,803.7418707199595
2025-07-30 09:30:00,674.6659506931352,2025-07-30 07:30:00,606.5102735754313,807.9900593761499
2025-07-30 09:35:00,677.924426056909,2025-07-30 07:35:00,609.4395733011561,811.8924583336584
2025-07-30 09:40:00,680.9644628611665,2025-07-30 07:40:00,612.1725014294176,815.5332519967358
2025-07-30 09:45:00,683.8633007108688,2025-07-30 07:45:00,614.7784947146389,819.0049436745156
2025-07-30 09:50:00,686.7008920155108,2025-07-30 07:50:00,617.3294286645523,822.4032855715203
2025-07-30 09:55:00,689.5555198272773,2025-07-30 07:55:00,619.8956780703386,825.8220306449249
2025-07-30 10:00:00,692.4994559971442,2025-07-30 08:00:00,622.5422137817379,829.3477327471973
2025-07-30 10:05:00,695.5948495606431,2025-07-30 08:05:00,625.3249064537077,833.054822495234
2025-07-30 10:10:00,698.8900285151624,2025-07-30 08:10:00,628.2872019232394,837.0011782234011
2025-07-30 10:15:00,702.4163832292771,2025-07-30 08:15:00,631.45731946094,841.2243935078121
2025-07-30 10:20:00,706.185977776346,2025-07-30 08:20:00,634.8461044109769,845.7389164636261
2025-07-30 10:25:00,710.1900069112921,2025-07-30 08:25:00,638.4456410461742,850.5342017973014
2025-07-30 10:30:00,714.3981825658581,2025-07-30 08:30:00,642.2287010403566,855.5739760641142
2025-07-30 10:35:00,718.7590957554703,2025-07-30 08:35:00,646.1490688148872,860.7966710932452
2025-07-30 10:40:00,723.2015594489757,2025-07-30 08:40:00,650.1427487498664,866.1170322287139
2025-07-30 10:45:00,727.6368967247361,2025-07-30 08:45:00,654.1300221875684,871.4288586594283
2025-07-30 10:50:00,731.9620981848366,2025-07-30 08:50:00,658.0182858803475,876.6087847857876
2025-07-30 10:55:00,736.0637349132099,2025-07-30 08:55:00,661.7055696563807,881.5209664370078
2025-07-30 11:00:00,739.8224796450193,2025-07-30 09:00:00,665.0846008543355,886.0224954913705
2025-07-30 11:05:00,743.1180609562989,2025-07-30 09:05:00,668.0472580339971,889.9693330880272
2025-07-30 11:10:00,745.834454251843,2025-07-30 09:10:00,670.489237563461,893.2225264319343
2025-07-30 11:15:00,747.8651000603207,2025-07-30 09:15:00,672.3147447549375,895.6544583023335
2025-07-30 11:20:00,749.117935397499,2025-07-30 09:20:00,673.4410169527804,897.1548726887943
2025-07-30 11:25:00,749.5200279981877,2025-07-30 09:25:00,673.8024896089828,897.6364248168829
2025-07-30 11:30:00,749.021615741236,2025-07-30 09:30:00,673.3544276399349,897.0395188241105
2025-07-30 11:35:00,747.5993745140188,2025-07-30 09:35:00,672.0758631667708,895.336221403445
2025-07-30 11:40:00,745.2587660998473,2025-07-30 09:40:00,669.971706215981,892.533073668481
2025-07-30 11:45:00,742.0353522516477,2025-07-30 09:45:00,667.0739260435716,888.6726649077827
2025-07-30 11:50:00,737.9950007859068,2025-07-30 09:50:00,663.4417364091164,883.8338794060828
2025-07-30 11:55:00,733.2329525930498,2025-07-30 09:55:00,659.1607568380239,878.1307790819216
2025-07-30 12:00:00,727.8717629925131,2025-07-30 10:00:00,654.3411619437348,871.710138023611
2025-07-30 12:05:00,722.0581756138049,2025-07-30 10:05:00,649.1148711135952,864.7476986023166
2025-07-30 12:10:00,715.959029277726,2025-07-30 10:10:00,643.6318688825335,857.4432694916297
2025-07-30 12:15:00,709.7563374478558,2025-07-30 10:15:00,638.0557814650883,850.0148327448815
2025-07-30 12:20:00,703.6417131968105,2025-07-30 10:20:00,632.5588649192002,842.6918670511346
2025-07-30 12:25:00,697.8103395474408,2025-07-30 10:25:00,627.3165846117886,835.7081265253853
2025-07-30 12:30:00,692.4547041066214,2025-07-30 10:30:00,622.5019827884055,829.2941372120387
2025-07-30 12:35:00,687.7583274226052,2025-07-30 10:35:00,618.280040500508,823.6696860716298
2025-07-30 12:40:00,683.8897159153099,2025-07-30 10:40:00,614.8022414189978,819.0365789194586
2025-07-30 12:45:00,680.9967625745147,2025-07-30 10:45:00,612.2015381815453,815.5719346177859
2025-07-30 12:50:00,679.2018022965506,2025-07-30 10:50:00,610.5879072459295,813.4222632729077
2025-07-30 12:55:00,678.5975040421347,2025-07-30 10:55:00,610.0446560277076,812.6985466217786
2025-07-30 13:00:00,679.243750453517,2025-07-30 11:00:00,610.6256177427043,813.4725010147164
2025-07-30 13:05:00,681.1656179803305,2025-07-30 11:05:00,612.3533355833124,815.7741583838302
2025-07-30 13:10:00,684.3525287832784,2025-07-30 11:10:00,615.2183002980289,819.5908505501608
2025-07-30 13:15:00,688.7586011724945,2025-07-30 11:15:00,619.1792652280526,824.8676289139137
2025-07-30 13:20:00,694.3041801888213,2025-07-30 11:20:00,624.1646222671487,831.5090975015511
2025-07-30 13:25:00,700.8784854533633,2025-07-30 11:25:00,630.0747822218185,839.3825840701215
2025-07-30 13:30:00,708.3432721253299,2025-07-30 11:30:00,636.7854659341732,848.3225245252698
2025-07-30 13:35:00,716.537363510602,2025-07-30 11:35:00,644.151779000184,858.1358912412239
2025-07-30 13:40:00,725.2818827598484,2025-07-30 11:40:00,652.0129149544993,868.608458620911
2025-07-30 13:45:00,734.385986774052,2025-07-30 11:45:00,660.1973099289912,879.5116701071963
2025-07-30 13:50:00,743.6528893728412,2025-07-30 11:50:00,668.5280573523853,890.6098516195968
2025-07-30 13:55:00,752.8859530200102,2025-07-30 11:55:00,676.8283842813353,901.6675070961115
2025-07-30 14:00:00,761.8946294235761,2025-07-30 12:00:00,684.926991872938,912.4564330449305
2025-07-30 14:05:00,770.5000391737432,2025-07-30 12:05:00,692.6630713600388,922.7624008025298
2025-07-30 14:10:00,778.5399980148779,2025-07-30 12:10:00,699.8908225623368,932.3911760723596
2025-07-30 14:15:00,785.8733227474498,2025-07-30 12:15:00,706.4833248002222,941.173675737576
2025-07-30 14:20:00,792.3832804476094,2025-07-30 12:20:00,712.3356376694753,948.9700986981303
2025-07-30 14:25:00,797.9800810290077,2025-07-30 12:25:00,717.3670418010809,955.6729110001806
2025-07-30 14:30:00,802.602351998434,2025-07-30 12:30:00,721.5223646350349,961.2086120255583
2025-07-30 14:35:00,806.2175750508612,2025-07-30 12:35:00,724.7723729099614,965.5382573645409
2025-07-30 14:40:00,808.8215049078417,2025-07-30 12:40:00,727.113250211248,968.6567628079998
2025-07-30 14:45:00,810.4366293908911,2025-07-30 12:45:00,728.5652126099228,970.5910601081944
2025-07-30 14:50:00,811.1097653757154,2025-07-30 12:50:00,729.1703474768741,971.3972178575037
2025-07-30 14:55:00,810.9089159945029,2025-07-30 12:55:00,728.9897881748648,971.1566776267646
2025-07-30 15:00:00,809.9195393056594,2025-07-30 13:00:00,728.1003596723546,969.9717852681941
2025-07-30 15:05:00,808.2403967124787,2025-07-30 13:05:00,726.590846360595,967.9608189193348
2025-07-30 15:10:00,805.9791600828892,2025-07-30 13:10:00,724.5580429481475,965.2527280237908
2025-07-30 15:15:00,803.2479595224779,2025-07-30 13:15:00,722.1027520039661,961.9818012774392
2025-07-30 15:20:00,800.159049139971,2025-07-30 13:20:00,719.325887573177,958.2824758841757
2025-07-30 15:25:00,796.8207562498005,2025-07-30 13:25:00,716.3248335967431,954.284486260166
2025-07-30 15:30:00,793.3338611747733,2025-07-30 13:30:00,713.1901894314183,950.1085284312359
2025-07-30 15:35:00,789.7885307279162,2025-07-30 13:35:00,710.003013115451,945.8625875247454
2025-07-30 15:40:00,786.261900145469,2025-07-30 13:40:00,706.8326475780143,941.6390418562828
2025-07-30 15:45:00,782.8163666938344,2025-07-30 13:45:00,703.7351866283144,937.5126193277581
2025-07-30 15:50:00,779.4986251704446,2025-07-30 13:50:00,700.7526078914797,933.539242328779
2025-07-30 15:55:00,776.3394420882711,2025-07-30 13:55:00,697.9125698052602,929.7557572966338
2025-07-30 16:00:00,773.354133530469,2025-07-30 14:00:00,695.2288412011422,926.1805070021784
2025-07-30 16:05:00,770.5436822644511,2025-07-30 14:05:00,692.7023055660303,922.8146684224033
2025-07-30 16:10:00,767.8964042802027,2025-07-30 14:10:00,690.3224592245821,919.6442486117095
2025-07-30 16:15:00,765.3900544290318,2025-07-30 14:15:00,688.0693042634525,916.6426064464507
2025-07-30 16:20:00,762.9942460115603,2025-07-30 14:20:00,685.9155236891963,913.7733503597935
2025-07-30 16:25:00,760.6730504353596,2025-07-30 14:25:00,683.8288184649336,910.9934517306849
2025-07-30 16:30:00,758.3876408894638,2025-07-30 14:30:00,681.7742841172477,908.2564109880922
2025-07-30 16:35:00,756.0988479871025,2025-07-30 14:35:00,679.7167082043942,905.515318287062
2025-07-30 16:40:00,753.7695054535966,2025-07-30 14:40:00,677.6226790395963,902.7256627397185
2025-07-30 16:45:00,751.3664792173688,2025-07-30 14:45:00,675.4624098005067,899.8477624850852
2025-07-30 16:50:00,748.8622933432073,2025-07-30 14:50:00,673.2112002084693,896.8487119311424
2025-07-30 16:55:00,746.2362893650792,2025-07-30 14:55:00,670.8504787439455,893.7037701891886
2025-07-30 17:00:00,743.4752815053525,2025-07-30 15:00:00,668.3683916745947,890.3971457742072
2025-07-30 17:05:00,740.5736967684539,2025-07-30 15:05:00,665.7599289964787,886.9221643831306
2025-07-30 17:10:00,737.5332154487571,2025-07-30 15:10:00,663.0266012583355,883.2808383616974
2025-07-30 17:15:00,734.3619526032437,2025-07-30 15:15:00,660.175703722991,879.4828864238365
2025-07-30 17:20:00,731.0732434038316,2025-07-30 15:20:00,657.2192244250566,875.5442789714019
2025-07-30 17:25:00,727.6841140073602,2025-07-30 15:25:00,654.1724695157202,871.4854067851369
2025-07-30 17:30:00,724.2135340111613,2025-07-30 15:30:00,651.0524922576453,867.3289881392611
2025-07-30 17:35:00,720.680555797715,2025-07-30 15:35:00,647.8764203355751,863.0978404527292
2025-07-30 17:40:00,717.1024500068938,2025-07-30 15:40:00,644.6597796857197,858.8126473028311
2025-07-30 17:45:00,713.4929448620582,2025-07-30 15:45:00,641.4149116875392,854.4898498157221
2025-07-30 17:50:00,709.8606703003663,2025-07-30 15:50:00,638.1495744701364,850.1397833335517
2025-07-30 17:55:00,706.207896025995,2025-07-30 15:55:00,634.8658084490675,845.7651660880766
2025-07-30 18:00:00,702.5296367286497,2025-07-30 16:00:00,631.5591319369028,841.3600275969322
2025-07-30 18:05:00,698.8131783324043,2025-07-30 16:05:00,628.2181152510558,836.9091412921375
2025-07-30 18:10:00,695.0380571750202,2025-07-30 16:10:00,624.8243619964369,832.3879995849369
2025-07-30 18:15:00,691.176500953893,2025-07-30 16:15:00,621.3529054664363,827.7633419492768
2025-07-30 18:20:00,687.194316735508,2025-07-30 16:20:00,617.7730069444506,822.9942184152462
2025-07-30 18:25:00,683.0521886137988,2025-07-30 16:25:00,614.0493222710187,818.0335436641861
2025-07-30 18:30:00,678.7073271704476,2025-07-30 16:30:00,610.1433846733869,812.8300724470781
2025-07-30 18:35:00,674.1153950144502,2025-07-30 16:35:00,606.0153357844331,807.3307056396029
2025-07-30 18:40:00,669.2326185084918,2025-07-30 16:40:00,601.6258240395555,801.4830192773127
2025-07-30 18:45:00,664.0179865326776,2025-07-30 16:45:00,596.9379813182844,795.237897828047
2025-07-30 18:50:00,658.4354316974377,2025-07-30 16:50:00,591.9193838080756,788.5521464452154
2025-07-30 18:55:00,652.4558900772935,2025-07-30 16:55:00,586.5439036609548,781.3909577358418
2025-07-30 19:00:00,646.0591400599033,2025-07-30 17:00:00,580.7933620795172,773.7301139937565
2025-07-30 19:05:00,639.2353310597662,2025-07-30 17:05:00,574.6589035978825,765.5578180100512
2025-07-30 19:10:00,631.9861262934824,2025-07-30 17:10:00,568.1420234122351,756.8760616778665
2025-07-30 19:15:00,624.3254016360992,2025-07-30 17:15:00,561.255195637746,747.7014629532322
2025-07-30 19:20:00,616.2794623317866,2025-07-30 17:20:00,554.0220681268403,738.0655253910218
2025-07-30 19:25:00,607.8867613496685,2025-07-30 17:25:00,546.4772092771063,728.0143008436721
2025-07-30 19:30:00,599.1971256811603,2025-07-30 17:30:00,538.6654124891357,717.6074628632734
2025-07-30 19:35:00,590.2705189167418,2025-07-30 17:35:00,530.6405837494825,706.9168247449574
2025-07-30 19:40:00,581.1753896669745,2025-07-30 17:40:00,522.4642568964481,696.0243615711403
2025-07-30 19:45:00,571.986673430854,2025-07-30 17:45:00,514.2037973424261,685.0198172191006
2025-07-30 19:50:00,562.7835316468577,2025-07-30 17:50:00,505.9303695291053,673.9979966146093
2025-07-30 19:55:00,553.6469224614929,2025-07-30 17:55:00,497.7167531003019,663.0558564479161
2025-07-30 20:00:00,544.6571058360324,2025-07-30 18:00:00,489.63510004622486,652.2895172521646
2025-07-30 20:05:00,535.8911877161947,2025-07-30 18:05:00,481.7547269644939,641.7913222641747
2025-07-30 20:10:00,527.4208062626301,2025-07-30 18:10:00,474.140035030787,631.6470664193777
2025-07-30 20:15:00,519.3100564238486,2025-07-30 18:15:00,466.84864423424926,621.9335107892331
2025-07-30 20:20:00,511.61373820630087,2025-07-30 18:20:00,459.9298186097269,612.7162846832093
2025-07-30 20:25:00,504.37599955319683,2025-07-30 18:25:00,453.42324621482294,604.0482603401066
2025-07-30 20:30:00,497.62942676437905,2025-07-30 18:30:00,447.35822143679974,595.9684636012583
2025-07-30 20:35:00,491.39461597680486,2025-07-30 18:35:00,441.75325976268874,588.5015607091299
2025-07-30 20:40:00,485.6802374302567,2025-07-30 18:40:00,436.6161555527908,581.6579352728978
2025-07-30 20:45:00,480.48358311671615,2025-07-30 18:45:00,431.9444743657614,575.4343441415517
2025-07-30 20:50:00,475.7915671861616,2025-07-30 18:50:00,427.72645230204637,569.8151155048795
2025-07-30 20:55:00,471.5821290315289,2025-07-30 18:55:00,423.9422573472807,564.7738292490552
2025-07-30 21:00:00,467.82597190633385,2025-07-30 19:00:00,420.5655523523809,560.2753991511756
2025-07-30 21:05:00,464.48855581011674,2025-07-30 19:05:00,417.56528659497593,556.2784595887523
2025-07-30 21:10:00,461.53225320812794,2025-07-30 19:10:00,414.9076337253419,552.7379472619323
2025-07-30 21:15:00,458.9185697035516,2025-07-30 19:15:00,412.55798810328025,549.6077607038535
2025-07-30 21:20:00,456.6103300918315,2025-07-30 19:20:00,410.4829300142456,546.8433783320856
2025-07-30 21:25:00,454.57373239429523,2025-07-30 19:25:00,408.65207220168406,544.4043183900994
2025-07-30 21:30:00,452.78017941046687,2025-07-30 19:30:00,407.0397063934256,542.256332441781
2025-07-30 21:35:00,451.20780750666813,2025-07-30 19:35:00,405.6261776499704,540.3732362715853
2025-07-30 21:40:00,449.8426464020411,2025-07-30 19:40:00,404.39892698734064,538.738298861668
2025-07-30 21:45:00,448.6793601558714,2025-07-30 19:45:00,403.3531575088512,537.3451298094155
2025-07-30 21:50:00,447.72153800809025,2025-07-30 19:50:00,402.4920958645063,536.1980276423915
2025-07-30 21:55:00,446.98152338548505,2025-07-30 19:55:00,401.82683853123643,535.3117750336097
2025-07-30 22:00:00,446.4797891511138,2025-07-30 20:00:00,401.3757901754716,534.7108905908656
2025-07-30 22:05:00,446.24388657158033,2025-07-30 20:05:00,401.16371879717985,534.4283701241836
2025-07-30 22:10:00,446.307013132,2025-07-30 20:10:00,401.2204682261242,534.5039714395447
2025-07-30 22:15:00,446.7062602662037,2025-07-30 20:15:00,401.57938286875776,534.9821157943021
2025-07-30 22:20:00,447.4806148219841,2025-07-30 20:20:00,402.27551106818487,535.9094944219925
2025-07-30 22:25:00,448.6687979014696,2025-07-30 20:25:00,403.34366226783567,537.3324802951597
2025-07-30 22:30:00,450.30703068496405,2025-07-30 20:30:00,404.81639853483813,539.2944524424835
2025-07-30 22:35:00,452.4268192445386,2025-07-30 20:35:00,406.72204315477006,541.8331430083196
2025-07-30 22:40:00,455.05284873787707,2025-07-30 20:40:00,409.08278755692277,544.9781153076718
2025-07-30 22:45:00,458.20107231647773,2025-07-30 20:45:00,411.9129732836102,548.748475073997
2025-07-30 22:50:00,461.8770715144628,2025-07-30 20:50:00,415.2176180147433,553.1509068362568
2025-07-30 22:55:00,466.07475350660746,2025-07-30 20:55:00,418.99124443063505,558.1781137355981
2025-07-30 23:00:00,470.7754369126295,2025-07-30 21:00:00,423.21705836959086,563.8077226708617
2025-07-30 23:05:00,475.94736216345984,2025-07-30 21:05:00,427.86650865764835,570.0016979058861
2025-07-30 23:10:00,481.54564610760167,2025-07-30 21:10:00,432.8992463006642,576.7062867054016
2025-07-30 23:15:00,487.5126835275428,2025-07-30 21:15:00,438.2634854389891,583.8525001971076
2025-07-30 23:20:00,493.7789817082019,2025-07-30 21:20:00,443.89675360666854,591.3571128633578
2025-07-30 23:25:00,500.26439870132583,2025-07-30 21:25:00,449.7270049046764,599.1241455051706
2025-07-30 23:30:00,506.87974211150276,2025-07-30 21:30:00,455.6740572753788,607.0467799723333
2025-07-30 23:35:00,513.528673096136,2025-07-30 21:35:00,461.6513041578264,615.0096394223209
2025-07-30 23:40:00,520.1098513013918,2025-07-30 21:40:00,467.56764273933857,622.8913571277521
2025-07-30 23:45:00,526.5192495823202,2025-07-30 21:45:00,473.3295548394319,630.5673486199154
2025-07-30 23:50:00,532.6525636389835,2025-07-30 21:50:00,478.8432731212114,637.9126975051297
2025-07-30 23:55:00,538.4076410258572,2025-07-30 21:55:00,484.0169647189191,644.8050644828274
2025-07-31 00:00:00,543.6868557184306,2025-07-30 22:00:00,488.762865922569,651.127531162122
2025-07-31 00:05:00,548.3993590390262,2025-07-30 22:05:00,492.99930571216134,656.7712958043222
2025-07-31 00:10:00,552.4631444602348,2025-07-30 22:10:00,496.6525619718509,661.6381461624896
2025-07-31 00:15:00,555.8068723094447,2025-07-30 22:15:00,499.65850186032833,665.6426447749438
2025-07-31 00:20:00,558.3714103262686,2025-07-30 22:20:00,501.9639667390294,668.7139739599385
2025-07-31 00:25:00,560.1110570875925,2025-07-30 22:25:00,503.5278720051113,670.797401007845
2025-07-31 00:30:00,560.9944263462602,2025-07-30 22:30:00,504.3220020930344,671.8553372784226
2025-07-31 00:35:00,561.0049817910989,2025-07-30 22:35:00,504.33149121239825,671.8679786374436
2025-07-31 00:40:00,560.1412224895466,2025-07-30 22:40:00,503.55499005690115,670.8335275455648
2025-07-31 00:45:00,558.4165292316794,2025-07-30 22:45:00,502.00452767090394,668.7680090376305
2025-07-31 00:50:00,555.858690791103,2025-07-30 22:50:00,499.70508556809443,665.7047033656121
2025-07-31 00:55:00,552.5091367031166,2025-07-30 22:55:00,496.6939080154506,661.6932271622329
2025-07-31 01:00:00,548.4219089142708,2025-07-30 23:00:00,493.019577568166,656.7983018730575
2025-07-31 01:05:00,543.6624092718157,2025-07-30 23:05:00,488.7408890894279,651.0982537310739
2025-07-31 01:10:00,538.3059623720519,2025-07-30 23:10:00,483.92555778179286,644.6832926023272
2025-07-31 01:15:00,532.4362348960465,2025-07-30 23:15:00,478.6487982037709,637.6536189586716
2025-07-31 01:20:00,526.14355239277,2025-07-30 23:20:00,472.99181109383227,630.1174080320136
2025-07-31 01:25:00,519.5231535023524,2025-07-30 23:25:00,467.0402139544178,622.1887190459064
2025-07-31 01:30:00,512.6734195484703,2025-07-30 23:30:00,460.88244949332443,613.9853749488432
2025-07-31 01:35:00,505.69411474054044,2025-07-30 23:35:00,454.60820360308054,605.6268548540171
2025-07-31 01:40:00,498.68466914283385,2025-07-30 23:40:00,448.30686178686847,597.2322376973839
2025-07-31 01:45:00,491.74253316687077,2025-07-30 23:45:00,442.06602988234823,588.9182315530795
2025-07-31 01:50:00,484.96162907096493,2025-07-30 23:50:00,435.97014199283586,580.7973191260538
2025-07-31 01:55:00,478.4309213736147,2025-07-30 23:55:00,430.09917531948935,572.9760456577113
2025-07-31 02:00:00,472.2331253475379,2025-07-31 00:00:00,424.5274891250421,565.5534721990001
2025-07-31 02:05:00,466.44356960283983,2025-07-31 00:05:00,419.3228022203755,558.6198134229581
2025-07-31 02:10:00,461.12922636298214,2025-07-31 00:10:00,414.5453212033353,552.2552762686726
2025-07-31 02:15:00,456.34792045599994,2025-07-31 00:15:00,410.24702935873825,546.5291126172996
2025-07-31 02:20:00,452.1477260450257,2025-07-31 00:20:00,406.47114433200346,541.4988968074935
2025-07-31 02:25:00,448.5665575978791,2025-07-31 00:25:00,403.2517504195538,537.2100357744546
2025-07-31 02:30:00,445.6319596219343,2025-07-31 00:30:00,400.6136095449541,533.6955172332524
2025-07-31 02:35:00,443.36109690112505,2025-07-31 00:35:00,398.5721524821881,530.9758979865175
2025-07-31 02:40:00,441.7609445446645,2025-07-31 00:40:00,397.1336497053958,529.0595315296374
2025-07-31 02:45:00,440.8286737030867,2025-07-31 00:45:00,396.2955581393536,527.9430299900722
2025-07-31 02:50:00,440.55222557879443,2025-07-31 00:50:00,396.04703718269104,527.611951570994
2025-07-31 02:55:00,440.91106227979384,2025-07-31 00:55:00,396.3696237093543,528.0416997849791
2025-07-31 03:00:00,441.87707893855463,2025-07-31 01:00:00,397.2380520439716,529.1986158212317
2025-07-31 03:05:00,443.415656948151,2025-07-31 01:05:00,398.6212007986386,531.0412399169807
2025-07-31 03:10:00,445.48683374977793,2025-07-31 01:10:00,400.4831444868998,533.5217123125502
2025-07-31 03:15:00,448.0465601294635,2025-07-31 01:15:00,402.78428380662734,536.587279008756
2025-07-31 03:20:00,451.04801191385405,2025-07-31 01:20:00,405.48252482650383,540.1818626734464
2025-07-31 03:25:00,454.4429195677552,2025-07-31 01:25:00,408.5344742658012,544.247654987456
2025-07-31 03:30:00,458.182876617581,2025-07-31 01:30:00,411.8966157391033,548.7266836321481
2025-07-31 03:35:00,462.22058626499495,2025-07-31 01:35:00,415.5264304353322,553.5623052526048
2025-07-31 03:40:00,466.5110055917833,2025-07-31 01:40:00,419.38342573347984,558.7005757745405
2025-07-31 03:45:00,471.01234801297824,2025-07-31 01:45:00,423.4300363865457,564.0914509571951
2025-07-31 03:50:00,475.686907727069,2025-07-31 01:50:00,427.63236568466,569.689773767269
2025-07-31 03:55:00,480.5016746024227,2025-07-31 01:55:00,431.96073822483714,575.4560107761214
2025-07-31 04:00:00,485.4287142659807,2025-07-31 02:00:00,436.3900416025924,581.3567073596927
2025-07-31 04:05:00,490.44529603163704,2025-07-31 02:05:00,440.8998414168202,587.3646409074487
2025-07-31 04:10:00,495.53376045284006,2025-07-31 02:10:00,445.47426220241346,593.4586622013902
2025-07-31 04:15:00,500.6811285074086,2025-07-31 02:15:00,450.10163609576375,599.6232273699286
2025-07-31 04:20:00,505.8784650660366,2025-07-31 02:20:00,454.77393060654873,605.8476355682219
2025-07-31 04:25:00,511.12002049939855,2025-07-31 02:25:00,459.4859769408614,612.1250009539723
2025-07-31 04:30:00,516.4021847245423,2025-07-31 02:30:00,464.2345297112671,618.4510000377021
2025-07-31 04:35:00,521.7222980650212,2025-07-31 02:35:00,469.01719792547163,624.822447551016
2025-07-31 04:40:00,527.0773717989181,2025-07-31 02:40:00,473.83129478633384,631.2357641557295
2025-07-31 04:45:00,532.4627780683696,2025-07-31 02:45:00,478.6726599485214,637.6854074598689
2025-07-31 04:50:00,537.8709732846735,2025-07-31 02:50:00,483.5345118869805,644.162343148486
2025-07-31 04:55:00,543.2903214364169,2025-07-31 02:55:00,488.4063900760866,650.6526357598273
2025-07-31 05:00:00,548.7040825137318,2025-07-31 03:00:00,493.27324560466474,657.136237207053
2025-07-31 05:05:00,554.0896276811251,2025-07-31 03:05:00,498.114735633134,663.5860468574504
2025-07-31 05:10:00,559.4179360028306,2025-07-31 03:10:00,502.9047709603529,669.9673088031676
2025-07-31 05:15:00,564.65341779489,2025-07-31 03:15:00,507.6113572209146,676.2374003050179
2025-07-31 05:20:00,569.754097555312,2025-07-31 03:20:00,512.1967593354514,682.3460508723809
2025-07-31 05:25:00,574.6721749900902,2025-07-31 03:25:00,516.6180058610363,688.2360141563742
2025-07-31 05:30:00,579.3549665555844,2025-07-31 03:30:00,520.827735417666,693.844195555128
2025-07-31 05:35:00,583.7462129763575,2025-07-31 03:35:00,524.7753721188571,699.1032181167535
2025-07-31 05:40:00,587.7877207282298,2025-07-31 03:40:00,528.4086012298371,703.9433884040633
2025-07-31 05:45:00,591.4212887047807,2025-07-31 03:45:00,531.675101199561,708.2950038992641
2025-07-31 05:50:00,594.5908554245038,2025-07-31 03:50:00,534.5244739540625,712.0909245314446
2025-07-31 05:55:00,597.2447887445916,2025-07-31 03:55:00,536.9103033002206,715.2693148721384
2025-07-31 06:00:00,599.3382288048691,2025-07-31 04:00:00,538.7922611822928,717.7764500801125
2025-07-31 06:05:00,600.8353876172,2025-07-31 04:05:00,540.1381749636535,719.5694699241226
2025-07-31 06:10:00,601.7117047126068,2025-07-31 04:10:00,540.9259653074939,720.6189604182294
2025-07-31 06:15:00,601.9557587884849,2025-07-31 04:15:00,541.1453647068203,720.911243239168
2025-07-31 06:20:00,601.5708400153162,2025-07-31 04:20:00,540.7993309545923,720.4502587444442
2025-07-31 06:25:00,600.5760968251109,2025-07-31 04:25:00,539.9050780820279,719.2589393833705
2025-07-31 06:30:00,599.0071841803621,2025-07-31 04:30:00,538.4946591385419,717.3799860736855
2025-07-31 06:35:00,596.9163573986132,2025-07-31 04:35:00,536.615050538027,714.8759805672643
2025-07-31 06:40:00,594.3719757696559,2025-07-31 04:40:00,534.3277058213214,711.8287909746301
2025-07-31 06:45:00,591.4574026278141,2025-07-31 04:45:00,531.7075668446945,708.3382544750283
2025-07-31 06:50:00,588.2693129754559,2025-07-31 04:50:00,528.8415423695476,704.520150500967
2025-07-31 06:55:00,584.9154440256483,2025-07-31 04:55:00,525.8264858483253,700.5035067543679
2025-07-31 07:00:00,581.5118486083815,2025-07-31 05:00:00,522.7667262954003,696.4273098446758
2025-07-31 07:05:00,578.1797337025849,2025-07-31 05:05:00,519.7712261949089,692.4367190673931
2025-07-31 07:10:00,575.041986723539,2025-07-31 05:10:00,516.9504587073598,688.6789062337946
2025-07-31 07:15:00,572.2195084166248,2025-07-31 05:15:00,514.4131110194728,685.2986638894928
2025-07-31 07:20:00,569.8274837420577,2025-07-31 05:20:00,512.2627319492375,682.4339392700763
2025-07-31 07:25:00,567.9717289828397,2025-07-31 05:25:00,510.59444807401627,680.2114595428163
2025-07-31 07:30:00,566.7452551971842,2025-07-31 05:30:00,509.49187434770505,678.7426161457588
2025-07-31 07:35:00,566.2251839733598,2025-07-31 05:35:00,509.02434143024215,678.1197710494768
2025-07-31 07:40:00,566.4701415223211,2025-07-31 05:40:00,509.24455303256514,678.4131358833275
2025-07-31 07:45:00,567.5182420240303,2025-07-31 05:45:00,510.18677298804545,679.6683567607679
2025-07-31 07:50:00,569.3857505285557,2025-07-31 05:50:00,511.865623229147,681.9049129496592
2025-07-31 07:55:00,572.0664912011455,2025-07-31 05:55:00,514.2755518123914,685.115408177694
2025-07-31 08:00:00,575.5320385842442,2025-07-31 06:00:00,517.3910048588249,689.2657996906554
2025-07-31 08:05:00,579.7326992352354,2025-07-31 06:05:00,521.1673090253723,694.2965738764971
2025-07-31 08:10:00,584.5992596051229,2025-07-31 06:10:00,525.5422428104247,700.1248395510629
2025-07-31 08:15:00,590.0454449258192,2025-07-31 06:15:00,530.4382470409693,706.6472727583738
2025-07-31 08:20:00,595.9710042160607,2025-07-31 06:20:00,535.7651982269889,713.743811419974
2025-07-31 08:25:00,602.2653096284357,2025-07-31 06:25:00,541.4236442975291,721.2819659669043
2025-07-31 08:30:00,608.8113357843368,2025-07-31 06:30:00,547.3083819377919,729.1215850509125
2025-07-31 08:35:00,615.4898667207985,2025-07-31 06:35:00,553.3122385444486,737.1198938470703
2025-07-31 08:40:00,622.1837668498885,2025-07-31 06:40:00,559.3299117268731,745.1366090187856
2025-07-31 08:45:00,628.7821465107984,2025-07-31 06:45:00,565.2617140494617,753.0389274454494
2025-07-31 08:50:00,635.1842550510555,2025-07-31 06:50:00,571.017072828457,760.7061886348728
2025-07-31 08:55:00,641.3029426690069,2025-07-31 06:55:00,576.5176422543688,768.0340206777579
2025-07-31 09:00:00,647.0675479231633,2025-07-31 07:00:00,581.6998992011744,774.9377983721866
2025-07-31 09:05:00,652.4260894987157,2025-07-31 07:05:00,586.5171135775848,781.355268116068
2025-07-31 09:10:00,657.3466679824727,2025-07-31 07:10:00,590.94060849276,787.2482266938223
2025-07-31 09:15:00,661.8180150041665,2025-07-31 07:15:00,594.9602539226087,792.6031789362439
2025-07-31 09:20:00,665.8491615781825,2025-07-31 07:20:00,598.584168556091,797.4309405215838
2025-07-31 09:25:00,669.4682342746019,2025-07-31 07:25:00,601.8376375787082,801.7651962519379
2025-07-31 09:30:00,672.720424107768,2025-07-31 07:30:00,604.7612867467244,805.6600675637371
2025-07-31 09:35:00,675.6652086701098,2025-07-31 07:35:00,607.4085851448303,809.1867857135593
2025-07-31 09:40:00,678.3729402994189,2025-07-31 07:40:00,609.8427780214294,812.429605716099
2025-07-31 09:45:00,680.9209415619707,2025-07-31 07:45:00,612.1333767113931,815.4811302362035
2025-07-31 09:50:00,683.3892718771057,2025-07-31 07:50:00,614.3523529220186,818.437239634991
2025-07-31 09:55:00,685.8563454056198,2025-07-31 07:55:00,616.5701993083264,821.3918438872754
2025-07-31 10:00:00,688.3945892353236,2025-07-31 08:00:00,618.8520262746543,824.4316827594854
2025-07-31 10:05:00,691.0663317567307,2025-07-31 08:05:00,621.2538657122559,827.6314016667338
2025-07-31 10:10:00,693.9201044118705,2025-07-31 08:10:00,623.8193463505077,831.049122591739
2025-07-31 10:15:00,696.9875250397102,2025-07-31 08:15:00,626.5768919510388,834.7227115325675
2025-07-31 10:20:00,700.2809091302802,2025-07-31 08:20:00,629.537573876232,838.6669177047542
2025-07-31 10:25:00,703.7917267061929,2025-07-31 08:25:00,632.6937238586828,842.8715254794702
2025-07-31 10:30:00,707.4899886667251,2025-07-31 08:30:00,636.0183823376406,847.3006194599935
2025-07-31 10:35:00,711.3246085415047,2025-07-31 08:35:00,639.465623667844,851.8930177233489
2025-07-31 10:40:00,715.2247451663377,2025-07-31 08:40:00,642.9717631563994,856.5638798290122
2025-07-31 10:45:00,719.1020906435823,2025-07-31 08:45:00,646.4574138902686,861.2074469145633
2025-07-31 10:50:00,722.8540275000881,2025-07-31 08:50:00,649.8303249537945,865.7008227553764
2025-07-31 10:55:00,726.3675413955594,2025-07-31 08:55:00,652.9888988699141,869.908659682828
2025-07-31 11:00:00,729.5237419887217,2025-07-31 09:00:00,655.8262557622415,873.68857284141
2025-07-31 11:05:00,732.2028168430498,2025-07-31 09:05:00,658.2346868104637,876.8970730605151
2025-07-31 11:10:00,734.2892220418373,2025-07-31 09:10:00,660.1103205023755,879.3957832128788
2025-07-31 11:15:00,735.6769001276793,2025-07-31 09:15:00,661.3578134499802,881.0576872971483
2025-07-31 11:20:00,736.2743111011289,2025-07-31 09:20:00,661.8948731497792,881.7731556373151
2025-07-31 11:25:00,736.0090662148199,2025-07-31 09:25:00,661.6564236646755,881.4554943840417
2025-07-31 11:30:00,734.8319669661518,2025-07-31 09:30:00,660.5982365920928,880.045782672867
2025-07-31 11:35:00,732.7202725244493,2025-07-31 09:35:00,658.6998684111749,877.5167857439683
2025-07-31 11:40:00,729.680047106802,2025-07-31 09:40:00,655.9667707235061,873.8757661946669
2025-07-31 11:45:00,725.7474735613064,2025-07-31 09:45:00,652.4314711363791,869.1660571464162
2025-07-31 11:50:00,720.9890589489748,2025-07-31 09:50:00,648.1537580765374,863.4673084527789
2025-07-31 11:55:00,715.500700970019,2025-07-31 09:55:00,643.2198415273525,856.8943686375442
2025-07-31 12:00:00,709.4056287833483,2025-07-31 10:00:00,637.7405018695534,849.5948187892816
2025-07-31 12:05:00,702.8512762684103,2025-07-31 10:05:00,631.8482790104322,841.7452279328345
2025-07-31 12:10:00,696.0051883235401,2025-07-31 10:10:00,625.6937922335335,833.5462503508371
2025-07-31 12:15:00,689.0500996502233,2025-07-31 10:15:00,619.4413161308623,825.2167318619521
2025-07-31 12:20:00,682.1783591244167,2025-07-31 10:20:00,613.2637682318399,816.9870323643568
2025-07-31 12:25:00,675.5858993935315,2025-07-31 10:25:00,607.3372877998478,809.0918037346618
2025-07-31 12:30:00,669.4659708983997,2025-07-31 10:30:00,601.8356028518657,801.7624855986583
2025-07-31 12:35:00,664.0028694678435,2025-07-31 10:35:00,596.9243914000164,795.2197934045167
2025-07-31 12:40:00,659.3658885565332,2025-07-31 10:40:00,592.7558446426269,789.6664755321585
2025-07-31 12:45:00,655.7037192149014,2025-07-31 10:45:00,589.4636326568425,785.2806066132505
2025-07-31 12:50:00,653.1395046413277,2025-07-31 10:50:00,587.158458546712,782.2096647887424
2025-07-31 12:55:00,651.7667315968545,2025-07-31 10:55:00,585.9243649128107,780.5656112055219
2025-07-31 13:00:00,651.646109225937,2025-07-31 11:00:00,585.8159279787853,780.4211520453413
2025-07-31 13:05:00,652.8035483951168,2025-07-31 11:05:00,586.8564410599997,781.8073185505117
2025-07-31 13:10:00,655.2293127912969,2025-07-31 11:10:00,589.037151419023,784.7124503664696
2025-07-31 13:15:00,658.8783685345143,2025-07-31 11:15:00,592.3175745600411,789.0826142432741
2025-07-31 13:20:00,663.6719139260696,2025-07-31 11:20:00,596.6268694397389,794.8234360849068
2025-07-31 13:25:00,669.5000264536146,2025-07-31 11:25:00,601.8662180683131,801.8032710422573
2025-07-31 13:30:00,676.2253229133114,2025-07-31 11:30:00,607.9121158810839,809.857586930305
2025-07-31 13:35:00,683.6874911552317,2025-07-31 11:35:00,614.6204456807769,818.7943915143657
2025-07-31 13:40:00,691.7085208801401,2025-07-31 11:40:00,621.8311800120603,828.4004969907547
2025-07-31 13:45:00,700.0984367278327,2025-07-31 11:45:00,629.3735350854577,838.4483860193525
2025-07-31 13:50:00,708.661320523489,2025-07-31 11:50:00,637.0713846481376,848.70342405614
2025-07-31 13:55:00,717.2014021096281,2025-07-31 11:55:00,644.7487355116934,858.9311538248833
2025-07-31 14:00:00,725.5289990976701,2025-07-31 12:00:00,652.2350672618792,868.9044088526728
2025-07-31 14:05:00,733.466095563074,2025-07-31 12:05:00,659.3703473863334,878.4099945988738
2025-07-31 14:10:00,740.8513674733105,2025-07-31 12:10:00,666.0095490269447,887.2547069830255
2025-07-31 14:15:00,747.5444876229312,2025-07-31 12:15:00,672.0265210244928,895.2704880396325
2025-07-31 14:20:00,753.4295740057919,2025-07-31 12:20:00,677.3170879315921,902.3185557404496
2025-07-31 14:25:00,758.4176814570394,2025-07-31 12:25:00,681.8012899455987,908.2923880222884
2025-07-31 14:30:00,762.4482754992198,2025-07-31 12:30:00,685.4247078647671,913.1194878872166
2025-07-31 14:35:00,765.489668056638,2025-07-31 12:35:00,688.1588547861509,916.7619052206093
2025-07-31 14:40:00,767.5384353936179,2025-07-31 12:40:00,690.0006528445343,919.2155397052807
2025-07-31 14:45:00,768.6178772707608,2025-07-31 12:45:00,690.9710480268346,920.5082954839141
2025-07-31 14:50:00,768.7756120405304,2025-07-31 12:50:00,691.1128482144194,920.6972010094722
2025-07-31 14:55:00,768.0804329539446,2025-07-31 12:55:00,690.4878970699962,919.8646441109502
2025-07-31 15:00:00,766.6185759426801,2025-07-31 13:00:00,689.1737188534739,918.1139022332586
2025-07-31 15:05:00,764.4895671846849,2025-07-31 13:05:00,687.2597854721768,915.5641694195342
2025-07-31 15:10:00,761.8018293420762,2025-07-31 13:10:00,684.8435665825991,912.3452942757599
2025-07-31 15:15:00,758.6682284952036,2025-07-31 13:15:00,682.0265263792802,908.5924469122247
2025-07-31 15:20:00,755.2017390460376,2025-07-31 13:20:00,678.9102264355821,904.4409271668145
2025-07-31 15:25:00,751.5113921090039,2025-07-31 13:25:00,675.5926833936232,900.0213123371213
2025-07-31 15:30:00,747.6986544555102,2025-07-31 13:30:00,672.1651137127819,895.4551205501087
2025-07-31 15:35:00,743.8543612248068,2025-07-31 13:35:00,668.7091762423009,890.8511373306441
2025-07-31 15:40:00,740.0562970101317,2025-07-31 13:40:00,665.294797669419,886.3025186739934
2025-07-31 15:45:00,736.3674887313153,2025-07-31 13:45:00,661.9786378483199,881.884746564454
2025-07-31 15:50:00,732.8352403229035,2025-07-31 13:50:00,658.8032220053811,877.6544729033749
2025-07-31 15:55:00,729.4909061904481,2025-07-31 13:55:00,655.796737081221,873.6492481970145
2025-07-31 16:00:00,726.3503682986848,2025-07-31 14:00:00,652.9734606227744,869.8880929244949
2025-07-31 16:05:00,723.4151525997648,2025-07-31 14:05:00,650.3347644284195,866.3728345889948
2025-07-31 16:10:00,720.6740948208068,2025-07-31 14:10:00,647.8706120553911,863.0901026898996
2025-07-31 16:15:00,718.1054454552168,2025-07-31 14:15:00,645.5614511619997,860.0138496919718
2025-07-31 16:20:00,715.6792886684802,2025-07-31 14:20:00,643.3803880522507,857.1082479431994
2025-07-31 16:25:00,713.36014129706,2025-07-31 14:25:00,641.29552412032,854.3308022748494
2025-07-31 16:30:00,711.1095959186979,2025-07-31 14:30:00,639.272331914278,851.6355153820941
2025-07-31 16:35:00,708.8888758584116,2025-07-31 14:35:00,637.2759520318859,848.9759477375063
2025-07-31 16:40:00,706.6611803268229,2025-07-31 14:40:00,635.2733013498432,846.3080261638873
2025-07-31 16:45:00,704.3937129204904,2025-07-31 14:45:00,633.2348966022415,843.5924731966837
2025-07-31 16:50:00,702.059307038347,2025-07-31 14:50:00,631.1363155952108,840.7967537070855
2025-07-31 16:55:00,699.6375846782864,2025-07-31 14:55:00,628.9592389402899,837.896462694196
2025-07-31 17:00:00,697.1156111974691,2025-07-31 15:00:00,626.6920386699502,834.8761094357912
2025-07-31 17:05:00,694.4880348979244,2025-07-31 15:05:00,624.3299037220698,831.7292846581316
2025-07-31 17:10:00,691.7567271306556,2025-07-31 15:10:00,621.8745164012142,828.4582295192398
2025-07-31 17:15:00,688.9299633497255,2025-07-31 15:15:00,619.333316163758,825.0728548269948
2025-07-31 17:20:00,686.0212080493794,2025-07-31 15:20:00,616.7184073023216,821.5892858616086
2025-07-31 17:25:00,683.0475853141601,2025-07-31 15:25:00,614.0451840030057,818.0280306835109
2025-07-31 17:30:00,680.0281309113622,2025-07-31 15:30:00,611.3307590138566,814.411886813061
2025-07-31 17:35:00,676.9819313411979,2025-07-31 15:35:00,608.5922906907293,810.7637125291209
2025-07-31 17:40:00,673.9262590321982,2025-07-31 15:40:00,605.8453065778002,807.104193551105
2025-07-31 17:45:00,670.874811423625,2025-07-31 15:45:00,603.1021203802821,803.4497341376705
2025-07-31 17:50:00,667.836154873131,2025-07-31 15:50:00,600.370433070661,799.8105934871975
2025-07-31 17:55:00,664.8124625124524,2025-07-31 15:55:00,597.6521982479327,796.1893741748402
2025-07-31 18:00:00,661.7986193321384,2025-07-31 16:00:00,594.9428176278974,792.5799503885789
2025-07-31 18:05:00,658.7817482555203,2025-07-31 16:05:00,592.230714993784,788.9669003482996
2025-07-31 18:10:00,655.7411892647779,2025-07-31 16:10:00,589.4973174310305,785.3254813068576
2025-07-31 18:15:00,652.6489402561074,2025-07-31 16:15:00,586.7174516466594,781.6221575248369
2025-07-31 18:20:00,649.4705450040534,2025-07-31 16:20:00,583.8601422302384,777.8156637099503
2025-07-31 18:25:00,646.166390818714,2025-07-31 16:25:00,580.88977821998,773.8585591107668
2025-07-31 18:30:00,642.6933580567286,2025-07-31 16:30:00,577.7675959778732,769.6992029958051
2025-07-31 18:35:00,639.0067456446307,2025-07-31 16:35:00,574.4534101940332,765.2840606891754
2025-07-31 18:40:00,635.062382965695,2025-07-31 16:40:00,570.907512427851,760.5602327979351
2025-07-31 18:45:00,630.8188286934062,2025-07-31 16:45:00,567.0926478122974,755.4780885680242
2025-07-31 18:50:00,626.2395521659802,2025-07-31 16:50:00,562.9759760630068,749.9938783311011
2025-07-31 18:55:00,621.2949933074586,2025-07-31 16:55:00,558.5309233033253,744.0722004969357
2025-07-31 19:00:00,615.9644016774312,2025-07-31 17:00:00,553.738835330714,737.688204026933
2025-07-31 19:05:00,610.2373654027656,2025-07-31 17:05:00,548.5903520937057,730.829419505701
2025-07-31 19:10:00,604.1149542624986,2025-07-31 17:10:00,543.0864353007956,723.4971281166554
2025-07-31 19:15:00,597.6104188220932,2025-07-31 17:15:00,537.2389969272001,715.707198935691
2025-07-31 19:20:00,590.7494074833924,2025-07-31 17:20:00,531.0710943381272,707.4903488734612
2025-07-31 19:25:00,583.5696852212177,2025-07-31 17:25:00,524.6166774389885,698.8918058301094
2025-07-31 19:30:00,576.1203602215323,2025-07-31 17:30:00,517.9198934396335,689.9703825055378
2025-07-31 19:35:00,568.4606469532708,2025-07-31 17:35:00,511.03397488235373,680.7969950356818
2025-07-31 19:40:00,560.6582149588687,2025-07-31 17:40:00,504.01975523985254,671.4526854792881
2025-07-31 19:45:00,552.7871913083927,2025-07-31 17:45:00,496.94387316419073,662.026229527027
2025-07-31 19:50:00,544.9259000443225,2025-07-31 17:50:00,489.8767402959484,652.6114292266656
2025-07-31 19:55:00,537.1544335981032,2025-07-31 17:55:00,482.8903580195993,643.3042044751137
2025-07-31 20:00:00,529.5521583919437,2025-07-31 18:00:00,476.0560750528268,634.1996056897327
2025-07-31 20:05:00,522.1952596398962,2025-07-31 18:05:00,469.4423802751566,625.3888734252926
2025-07-31 20:10:00,515.1544281742731,2025-07-31 18:10:00,463.1128232343332,616.9566680826016
2025-07-31 20:15:00,508.4927857027768,2025-07-31 18:15:00,457.12414899681164,608.978585165334
2025-07-31 20:20:00,502.2641337412222,2025-07-31 18:20:00,451.524723975692,601.5190581756003
2025-07-31 20:25:00,496.5115971801967,2025-07-31 18:25:00,446.3533165261301,594.6297341290388
2025-07-31 20:30:00,491.26671546671764,2025-07-31 18:30:00,441.6382799370673,588.3483851403415
2025-07-31 20:35:00,486.54901480567815,2025-07-31 18:35:00,437.3971678494714,582.6983960852899
2025-07-31 20:40:00,482.36607321213995,2025-07-31 18:40:00,433.6367927369576,577.6888425083566
2025-07-31 20:45:00,478.7140689705838,2025-07-31 18:45:00,430.3537189589357,573.3151474657279
2025-07-31 20:50:00,475.57878186352013,2025-07-31 18:50:00,427.53516284373666,569.5602806117018
2025-07-31 20:55:00,472.9369971080427,2025-07-31 18:55:00,425.1602547975756,566.396439574157
2025-07-31 21:00:00,470.7582448197575,2025-07-31 19:00:00,423.2016030454554,563.7871331626375
2025-07-31 21:05:00,469.0067938099916,2025-07-31 19:05:00,421.62708601225444,561.6895691697885
2025-07-31 21:10:00,467.6438081979465,2025-07-31 19:10:00,420.4017910709704,560.0572371624095
2025-07-31 21:15:00,466.6295690422254,2025-07-31 19:15:00,419.49001174199236,558.8425691406859
2025-07-31 21:20:00,465.92566129661077,2025-07-31 19:20:00,418.85721371961404,557.9995586692219
2025-07-31 21:25:00,465.49702885391616,2025-07-31 19:25:00,418.47188231254523,557.4862220283738
2025-07-31 21:30:00,465.31380705271175,2025-07-31 19:30:00,418.3071698283013,557.2667928517835
2025-07-31 21:35:00,465.3528524734201,2025-07-31 19:35:00,418.3422708272051,557.3135542331221
2025-07-31 21:40:00,465.59890374776734,2025-07-31 19:40:00,418.5634656652795,557.6082289288958
2025-07-31 21:45:00,466.0453235561443,2025-07-31 19:45:00,418.9647875340207,558.1428679856122
2025-07-31 21:50:00,466.6943905296499,2025-07-31 19:50:00,419.54828487409725,558.9202003260439
2025-07-31 21:55:00,467.55712929225393,2025-07-31 19:55:00,420.32386858688653,559.9534292051749
2025-07-31 22:00:00,468.6526868147547,2025-07-31 20:00:00,421.30875139000847,561.265485322348
2025-07-31 22:05:00,470.0072823986134,2025-07-31 20:05:00,422.52650387522897,562.88776930616
2025-07-31 22:10:00,471.6527766430465,2025-07-31 20:10:00,424.0057680404541,564.8584378879916
2025-07-31 22:15:00,473.6249202331948,2025-07-31 20:15:00,425.7786829877136,567.2203066244606
2025-07-31 22:20:00,475.9613565242315,2025-07-31 20:20:00,427.879089288954,570.018457762196
2025-07-31 22:25:00,478.6994614909323,2025-07-31 20:25:00,430.34058714685807,573.2976533290537
2025-07-31 22:30:00,481.8741106772981,2025-07-31 20:30:00,433.1945289302704,577.0996607994986
2025-07-31 22:35:00,485.515465119605,2025-07-31 20:35:00,436.4680287663295,581.4606014828493
2025-07-31 22:40:00,489.6468666935042,2025-07-31 20:40:00,440.1820705024824,586.4084299594042
2025-07-31 22:45:00,494.28292812229313,2025-07-31 20:45:00,444.3497906647323,591.9606466457068
2025-07-31 22:50:00,499.4278945281771,2025-07-31 20:50:00,448.97500552723307,598.1223355637671
2025-07-31 22:55:00,505.074341807481,2025-07-31 20:55:00,454.0510409794172,604.884605495697
2025-07-31 23:00:00,511.2022635743501,2025-07-31 21:00:00,459.55991170789287,612.2234964937949
2025-07-31 23:05:00,517.7785826580723,2025-07-31 21:05:00,465.4718820429748,620.0993948424133
2025-07-31 23:10:00,524.7571068586266,2025-07-31 21:10:00,471.74542618386783,628.456980070141
2025-07-31 23:15:00,532.0789315820475,2025-07-31 21:15:00,478.32759015925603,637.225707151952
2025-07-31 23:20:00,539.6732755080177,2025-07-31 21:20:00,485.1547430746121,646.3208073172461
2025-07-31 23:25:00,547.4587200276774,2025-07-31 21:25:00,492.153691340304,655.6447724191559
2025-07-31 23:30:00,555.3448091178066,2025-07-31 21:30:00,499.24311692429944,665.0892709678566
2025-07-31 23:35:00,563.233954420848,2025-07-31 21:35:00,506.3352899783985,674.5374296829699
2025-07-31 23:40:00,571.0235813495891,2025-07-31 21:40:00,513.337998140486,683.8664037007121
2025-07-31 23:45:00,578.6084448157927,2025-07-31 21:45:00,520.156628325088,692.9501499252275
2025-07-31 23:50:00,585.8830400316167,2025-07-31 21:50:00,526.6963339823352,701.6623142405191
2025-07-31 23:55:00,592.7440325273432,2025-07-31 21:55:00,532.8642196319769,709.8791417361205
2025-08-01 00:00:00,599.0926337898525,2025-07-31 22:00:00,538.5714765116073,717.4823218073548
2025-08-01 00:05:00,604.8368532600701,2025-07-31 22:05:00,543.7354070742506,724.3616851812474
2025-08-01 00:10:00,609.893564153972,2025-07-31 22:10:00,548.2812821173017,730.4176779747389
2025-08-01 00:15:00,614.1903291582187,2025-07-31 22:15:00,552.1439820438915,735.5635481751542
2025-08-01 00:20:00,617.6669420435549,2025-07-31 22:20:00,555.2693827403914,739.7271918995258
2025-08-01 00:25:00,620.2766520272273,2025-07-31 22:25:00,557.6154562520657,742.852619709386
2025-08-01 00:30:00,621.9870490905948,2025-07-31 22:30:00,559.1530666646853,744.9010168804116
2025-08-01 00:35:00,622.780599713003,2025-07-31 22:35:00,559.8664517178338,745.8513850053463
2025-08-01 00:40:00,622.654833216202,2025-07-31 22:40:00,559.7533903245575,745.7007651628696
2025-08-01 00:45:00,621.6221890219742,2025-07-31 22:45:00,558.8250652592365,744.4640549910412
2025-08-01 00:50:00,619.7095438185964,2025-07-31 22:50:00,557.1056380903366,742.1734424147654
2025-08-01 00:55:00,616.957445183902,2025-07-31 22:55:00,554.6315602239196,738.8774878212791
2025-08-01 01:00:00,613.4190841016044,2025-07-31 23:00:00,551.4506492177718,734.6398935302932
2025-08-01 01:05:00,609.1590432437553,2025-07-31 23:05:00,547.6209635140807,729.5380047182936
2025-08-01 01:10:00,604.2518606425784,2025-07-31 23:10:00,543.2095112111052,723.6610892503928
2025-08-01 01:15:00,598.7804497816159,2025-07-31 23:15:00,538.2908297588745,717.1084455577941
2025-08-01 01:20:00,592.8344171145864,2025-07-31 23:20:00,532.9454734445926,709.987387673148
2025-08-01 01:25:00,586.508317044485,2025-07-31 23:25:00,527.2584446561368,702.4111553673538
2025-08-01 01:30:00,579.8998821592946,2025-07-31 23:30:00,521.3176029017776,694.4967946533105
2025-08-01 01:35:00,573.1082641332886,2025-07-31 23:35:00,515.2120834180379,686.3630510629381
2025-08-01 01:40:00,566.2323173165909,2025-07-31 23:40:00,509.0307541533833,678.1283140482969
2025-08-01 01:45:00,559.3689538445791,2025-07-31 23:45:00,502.8607370467236,669.9086470359429
2025-08-01 01:50:00,552.6115956820742,2025-07-31 23:50:00,496.7860164482149,661.8159335718368
2025-08-01 01:55:00,546.0487456218178,2025-07-31 23:55:00,490.886154477426,653.9561659276932
2025-08-01 02:00:00,539.7626962696579,2025-08-01 00:00:00,485.2351304286056,646.4278989622786
2025-08-01 02:05:00,533.8283931293511,2025-08-01 00:05:00,479.9003187082137,639.3208885347234
2025-08-01 02:10:00,528.3124653033711,2025-08-01 00:10:00,474.94161745566,632.7149306572742
2025-08-01 02:15:00,523.2724349128774,2025-08-01 00:15:00,470.41073782874787,626.6789146847935
2025-08-01 02:20:00,518.7561142307773,2025-08-01 00:20:00,466.35066203918,621.2701013122752
2025-08-01 02:25:00,514.801196991136,2025-08-01 00:25:00,462.79527594845075,616.533633120865
2025-08-01 02:30:00,511.4350484282215,2025-08-01 00:30:00,459.76918031743315,612.5022831254726
2025-08-01 02:35:00,508.6746958335111,2025-08-01 00:35:00,457.28768231733045,609.1964434657006
2025-08-01 02:40:00,506.52701882198323,2025-08-01 00:40:00,455.3569665750061,606.6243532716092
2025-08-01 02:45:00,504.9891352804091,2025-08-01 00:45:00,453.97444213225185,604.7825608811772
2025-08-01 02:50:00,504.0489755462301,2025-08-01 00:50:00,453.12925862032915,603.6566114855365
2025-08-01 02:55:00,503.68603343260753,2025-08-01 00:55:00,452.80298141544114,603.221946567832
2025-08-01 03:00:00,503.8722784304996,2025-08-01 01:00:00,452.97041168890837,603.4449963701093
2025-08-01 03:05:00,504.57320903302576,2025-08-01 01:05:00,453.600533323265,604.2844413703673
2025-08-01 03:10:00,505.7490225614584,2025-08-01 01:10:00,454.65756456082886,605.6926132837083
2025-08-01 03:15:00,507.3558724656446,2025-08-01 01:15:00,456.1020882899149,607.6170008241764
2025-08-01 03:20:00,509.3471799666654,2025-08-01 01:20:00,457.892231183559,610.0018205476752
2025-08-01 03:25:00,511.67496363828616,2025-08-01 01:25:00,459.9848589648316,612.7896091786492
2025-08-01 03:30:00,514.2911476695808,2025-08-01 01:30:00,462.33675250698235,615.9227904050222
2025-08-01 03:35:00,517.1488083631599,2025-08-01 01:35:00,464.9057284087123,619.3451677031645
2025-08-01 03:40:00,520.2033181766108,2025-08-01 01:40:00,467.65166746298297,623.0032944590793
2025-08-01 03:45:00,523.4133479396493,2025-08-01 01:45:00,470.5374156288205,626.8476742386902
2025-08-01 03:50:00,526.7416910745967,2025-08-01 01:50:00,473.52952498791285,630.8337478866451
2025-08-01 03:55:00,530.155878177207,2025-08-01 01:55:00,476.59880623964114,634.9226295575302
2025-08-01 04:00:00,533.6285568361051,2025-08-01 02:00:00,479.72067015063885,639.0815615933245
2025-08-01 04:05:00,537.1376191278077,2025-08-01 02:05:00,482.8752421700912,643.2840672133495
2025-08-01 04:10:00,540.6660688839172,2025-08-01 02:10:00,486.0472431057787,647.5097915514693
2025-08-01 04:15:00,544.2016303480217,2025-08-01 02:15:00,489.22563731499247,651.7440329777261
2025-08-01 04:20:00,547.7361112743831,2025-08-01 02:20:00,492.4030601438639,655.9769803357789
2025-08-01 04:25:00,551.2645439929045,2025-08-01 02:25:00,495.57504576312374,660.2026842694276
2025-08-01 04:30:00,554.784138933883,2025-08-01 02:30:00,498.73908640921604,664.4178039481658
2025-08-01 04:35:00,558.2930949619495,2025-08-01 02:35:00,501.89356289993015,668.6201823052666
2025-08-01 04:40:00,561.7893193017646,2025-08-01 02:40:00,505.0365938749539,672.8073130016021
2025-08-01 04:45:00,565.2691168328255,2025-08-01 02:45:00,508.1648574999116,676.9747707054483
2025-08-01 04:50:00,568.7259128534862,2025-08-01 02:50:00,511.2724432585102,681.1146814555245
2025-08-01 04:55:00,572.1490756951032,2025-08-01 02:55:00,514.3497935078141,685.214312606038
2025-08-01 05:00:00,575.5229044063101,2025-08-01 03:00:00,517.382793428039,689.2548604621916
2025-08-01 05:05:00,578.8258432263477,2025-08-01 03:05:00,520.3520648508606,693.210509521665
2025-08-01 05:10:00,582.029977487679,2025-08-01 03:10:00,523.2325130866371,697.0478287600265
2025-08-01 05:15:00,585.1008561915377,2025-08-01 03:15:00,525.9931674236179,700.7255591445502
2025-08-01 05:20:00,587.9976740997413,2025-08-01 03:20:00,528.5973448245935,704.1948317101015
2025-08-01 05:25:00,590.6738318772267,2025-08-01 03:25:00,531.0031534830654,707.3998383942375
2025-08-01 05:30:00,593.0778767832206,2025-08-01 03:30:00,533.1643384845079,710.2789586230579
2025-08-01 05:35:00,595.154809229588,2025-08-01 03:35:00,535.0314563744056,712.7663240650762
2025-08-01 05:40:00,596.8477233728191,2025-08-01 03:40:00,536.5533500153933,714.7937834287848
2025-08-01 05:45:00,598.0997327753013,2025-08-01 03:45:00,537.6788797155929,716.2932086634682
2025-08-01 05:50:00,598.8561166473404,2025-08-01 03:50:00,538.3588526543297,717.1990653308341
2025-08-01 05:55:00,599.0666085349133,2025-08-01 03:55:00,538.5480803635182,717.4511535717827
2025-08-01 06:00:00,598.6877382323282,2025-08-01 04:00:00,538.2074840571026,716.9974128161288
2025-08-01 06:05:00,597.6851303321688,2025-08-01 04:05:00,537.3061609783407,715.79667456048
2025-08-01 06:10:00,596.0356587693209,2025-08-01 04:10:00,535.8233212888471,713.8212426824736
2025-08-01 06:15:00,593.7293573848585,2025-08-01 04:15:00,533.7500056247015,711.0591815607339
2025-08-01 06:20:00,590.7709911368231,2025-08-01 04:20:00,531.0904975813671,707.5161977804635
2025-08-01 06:25:00,587.1812017203032,2025-08-01 04:25:00,527.8633536016615,703.2170121452289
2025-08-01 06:30:00,582.997154713687,2025-08-01 04:30:00,524.1019847464108,698.2061347090174
2025-08-01 06:35:00,578.2726322477423,2025-08-01 04:35:00,519.8547400019719,692.5479757581162
2025-08-01 06:40:00,573.0775353879583,2025-08-01 04:40:00,515.1844589325902,686.3262498567435
2025-08-01 06:45:00,567.4967831009415,2025-08-01 04:45:00,510.1674818747176,679.6426572326935
2025-08-01 06:50:00,561.6286185814265,2025-08-01 04:50:00,504.8921273611838,672.6148554091678
2025-08-01 06:55:00,555.5823586430772,2025-08-01 04:55:00,499.45666887161735,665.3737638414499
2025-08-01 07:00:00,549.4756458588541,2025-08-01 05:00:00,493.96686456535207,658.0602730390042
2025-08-01 07:05:00,543.4312858816996,2025-08-01 05:05:00,488.5331141003019,650.8214568933037
2025-08-01 07:10:00,537.5737724472913,2025-08-01 05:10:00,483.26733468468905,643.806410969018
2025-08-01 07:15:00,532.0256190651438,2025-08-01 05:15:00,478.2796633457285,637.1618592822703
2025-08-01 07:20:00,526.9036286025329,2025-08-01 05:20:00,473.67510336528585,631.0276866984052
2025-08-01 07:25:00,522.3152391124876,2025-08-01 05:25:00,469.5502392573241,625.5325626407976
2025-08-01 07:30:00,518.355086079738,2025-08-01 05:30:00,465.99014630046764,620.7898239850485
2025-08-01 07:35:00,515.1019168225159,2025-08-01 05:35:00,463.0656166511532,616.8937797003132
2025-08-01 07:40:00,512.6159833809768,2025-08-01 05:40:00,460.8308156060298,613.9165885333797
2025-08-01 07:45:00,510.9370245224803,2025-08-01 05:45:00,459.32146746782536,611.9058422279334
2025-08-01 07:50:00,510.0829274093147,2025-08-01 05:50:00,458.5536524132286,610.882962717754
2025-08-01 07:55:00,510.04913455093583,2025-08-01 05:55:00,458.52327335562353,610.842491883825
2025-08-01 08:00:00,510.8088337957299,2025-08-01 06:00:00,459.206226743625,611.7523190913172
2025-08-01 08:05:00,512.3139386862058,2025-08-01 06:05:00,460.5592838794481,613.5548552776677
2025-08-01 08:10:00,514.4968350844618,2025-08-01 06:10:00,462.5216610978818,616.1691247374305
2025-08-01 08:15:00,517.2728387961871,2025-08-01 06:15:00,465.0172291177517,619.4937084096329
2025-08-01 08:20:00,520.5432793227062,2025-08-01 06:20:00,467.9572852691158,623.4104370254664
2025-08-01 08:25:00,524.1990979571777,2025-08-01 06:25:00,471.2437881048636,627.7887002422485
2025-08-01 08:30:00,528.1248258743399,2025-08-01 06:30:00,474.77293361839446,632.4902108633547
2025-08-01 08:35:00,532.2027898773648,2025-08-01 06:35:00,478.4389361201724,637.3740417037176
2025-08-01 08:40:00,536.3173820934485,2025-08-01 06:40:00,482.1378666028274,642.3017390412912
2025-08-01 08:45:00,540.3592243645633,2025-08-01 06:45:00,485.77139643945844,647.1423099538619
2025-08-01 08:50:00,544.2290601269897,2025-08-01 06:50:00,489.25029610017185,651.7768832923363
2025-08-01 08:55:00,547.8412150598692,2025-08-01 06:55:00,492.4975462011838,656.102854205341
2025-08-01 09:00:00,551.1264834348406,2025-08-01 07:00:00,495.4509322714687,660.0373408748292
2025-08-01 09:05:00,554.0343187390378,2025-08-01 07:05:00,498.0650140760255,663.5198080390317
2025-08-01 09:10:00,556.5342343336964,2025-08-01 07:10:00,500.3123847780361,666.5137444422079
2025-08-01 09:15:00,558.6163514491366,2025-08-01 07:15:00,502.1841635746455,669.0073191216536
2025-08-01 09:20:00,560.291066483911,2025-08-01 07:20:00,503.6896966060047,671.012982960173
2025-08-01 09:25:00,561.5878460450541,2025-08-01 07:25:00,504.8554737222026,672.5660256082114
2025-08-01 09:30:00,562.553194831462,2025-08-01 07:30:00,505.7233016538455,673.7221417905191
2025-08-01 09:35:00,563.2478767038564,2025-08-01 07:35:00,506.34780581333507,674.5541032178696
2025-08-01 09:40:00,563.7435018703387,2025-08-01 07:40:00,506.7933622476049,675.1476713493026
2025-08-01 09:45:00,564.1186213641427,2025-08-01 07:45:00,507.1305866570726,675.5969200801159
2025-08-01 09:50:00,564.4544927176643,2025-08-01 07:50:00,507.4325278270713,675.9991646495889
2025-08-01 09:55:00,564.8306969280869,2025-08-01 07:55:00,507.77072737360135,676.4497124532904
2025-08-01 10:00:00,565.3207957012012,2025-08-01 08:00:00,508.2113156983198,677.0366620931558
2025-08-01 10:05:00,565.9882189846462,2025-08-01 08:05:00,508.8113149687988,677.8359782256296
2025-08-01 10:10:00,566.8825658269437,2025-08-01 08:10:00,509.61531366983877,678.9070614149745
2025-08-01 10:15:00,568.0364869260203,2025-08-01 08:15:00,510.6526640812036,680.2890146266349
2025-08-01 10:20:00,569.4632950689494,2025-08-01 08:20:00,511.935334114008,681.9977814540392
2025-08-01 10:25:00,571.1554212540684,2025-08-01 08:25:00,513.4565193974898,684.0242971472969
2025-08-01 10:30:00,573.0838002925541,2025-08-01 08:30:00,515.1900909479549,686.3337528004316
2025-08-01 10:35:00,575.198231858824,2025-08-01 08:35:00,517.090919745373,688.8660277507563
2025-08-01 10:40:00,577.4287225000628,2025-08-01 08:40:00,519.096083171266,691.5372967896058
2025-08-01 10:45:00,579.687772932516,2025-08-01 08:45:00,521.126921239202,694.2427694626765
2025-08-01 10:50:00,581.8735346224121,2025-08-01 08:50:00,523.0918742935952,696.8604704386734
2025-08-01 10:55:00,583.873721892587,2025-08-01 08:55:00,524.8899999099681,699.2559247068659
2025-08-01 11:00:00,585.5701322657856,2025-08-01 09:00:00,526.4150365869899,701.2875712080104
2025-08-01 11:05:00,586.8435998422334,2025-08-01 09:05:00,527.5598567270715,702.8126950736072
2025-08-01 11:10:00,587.5791854576034,2025-08-01 09:10:00,528.221132477475,703.6936434369097
2025-08-01 11:15:00,587.67139418144,2025-08-01 09:15:00,528.3040261499104,703.8040739872749
2025-08-01 11:20:00,587.0292059108053,2025-08-01 09:20:00,527.7267126167325,703.0349796845497
2025-08-01 11:25:00,585.5807088035157,2025-08-01 09:25:00,526.4245446684124,701.3002378281944
2025-08-01 11:30:00,583.2771379367445,2025-08-01 09:30:00,524.3536836813262,698.5414468153866
2025-08-01 11:35:00,580.0961424341685,2025-08-01 09:35:00,521.4940366952476,694.7318389014835
2025-08-01 11:40:00,576.044132592475,2025-08-01 09:40:00,517.8513664299243,689.8790911539216
2025-08-01 11:45:00,571.1575932594667,2025-08-01 09:45:00,513.4584719839321,684.0268983735318
2025-08-01 11:50:00,565.5032891965644,2025-08-01 09:50:00,508.3753734511748,677.2552190397496
2025-08-01 11:55:00,559.1773313874277,2025-08-01 09:55:00,502.6884725522865,669.67915710782
2025-08-01 12:00:00,552.303117742761,2025-08-01 10:00:00,496.5087013722538,661.4464957659925
2025-08-01 12:05:00,545.0282062870585,2025-08-01 10:05:00,489.9687114221133,652.7339527170802
2025-08-01 12:10:00,537.5202214358965,2025-08-01 10:10:00,483.2191934697101,643.7422774747574
2025-08-01 12:15:00,529.9619327683673,2025-08-01 10:15:00,476.42445346127255,634.690357627632
2025-08-01 12:20:00,522.5456794281356,2025-08-01 10:20:00,469.7574001770991,625.8085414183419
2025-08-01 12:25:00,515.4673398557039,2025-08-01 10:25:00,463.3941241497189,617.3314158044913
2025-08-01 12:30:00,508.9200658449512,2025-08-01 10:30:00,457.5082647146084,609.490302270801
2025-08-01 12:35:00,503.0880103680984,2025-08-01 10:35:00,452.2653714588586,602.5057451782338
2025-08-01 12:40:00,498.14027996115124,2025-08-01 10:40:00,447.81746754491127,596.5802690501155
2025-08-01 12:45:00,494.225334919467,2025-08-01 10:45:00,444.29801560602914,591.8916721623742
2025-08-01 12:50:00,491.4660441430128,2025-08-01 10:50:00,441.81747215785003,588.5871041520682
2025-08-01 12:55:00,489.9555768173275,2025-08-01 10:55:00,440.45959430735684,586.7781458328994
2025-08-01 13:00:00,489.7542816014717,2025-08-01 11:00:00,440.27863420952957,586.5370716639061
2025-08-01 13:05:00,490.8876663235802,2025-08-01 11:05:00,441.2975228568165,587.8944302025601
2025-08-01 13:10:00,493.3455494818121,2025-08-01 11:10:00,443.50710729661836,590.8380279295822
2025-08-01 13:15:00,497.0824103264022,2025-08-01 11:15:00,446.86646534757256,595.3133485124554
2025-08-01 13:20:00,502.0189190395465,2025-08-01 11:20:00,451.30428119857356,601.2253853718026
2025-08-01 13:25:00,508.0445843151295,2025-08-01 11:25:00,456.7212255263748,608.4418124625682
2025-08-01 13:30:00,515.021413979556,2025-08-01 11:30:00,462.99324631549734,616.7973682884191
2025-08-01 13:35:00,522.7884473146315,2025-08-01 11:35:00,469.9756433196539,626.0992838795895
2025-08-01 13:40:00,531.166986513756,2025-08-01 11:40:00,477.50777102908205,636.1335480632657
2025-08-01 13:45:00,539.9663303605354,2025-08-01 11:45:00,485.4181931251008,646.6717742030702
2025-08-01 13:50:00,548.9897971884443,2025-08-01 11:50:00,493.53009699214965,657.4784133858692
2025-08-01 13:55:00,558.0408163931679,2025-08-01 11:55:00,501.6667698572225,668.3180497082981
2025-08-01 14:00:00,566.9288689662333,2025-08-01 12:00:00,509.65693920266585,678.9625147489177
2025-08-01 14:05:00,575.4750669030427,2025-08-01 12:05:00,517.3397885347817,689.1975695509403
2025-08-01 14:10:00,583.5171794611169,2025-08-01 12:10:00,524.5694758825882,698.8289241444726
2025-08-01 14:15:00,590.9139389027649,2025-08-01 12:15:00,531.2190045684757,707.6873941685017
2025-08-01 14:20:00,597.5484897357426,2025-08-01 12:20:00,537.1833240018566,715.6330317332317
2025-08-01 14:25:00,603.3308812478601,2025-08-01 12:25:00,542.3815704145169,722.5581105169053
2025-08-01 14:30:00,608.199542206198,2025-08-01 12:30:00,546.7583925837012,728.3888918876982
2025-08-01 14:35:00,612.1217175678403,2025-08-01 12:35:00,550.2843444257298,733.086147915042
2025-08-01 14:40:00,615.0928873102318,2025-08-01 12:40:00,552.9553625369085,736.6444653521457
2025-08-01 14:45:00,617.1352266266556,2025-08-01 12:45:00,554.7913819421644,739.090401543009
2025-08-01 14:50:00,618.2952019825735,2025-08-01 12:50:00,555.8341750010638,740.4796054234481
2025-08-01 14:55:00,618.6404284521312,2025-08-01 12:55:00,556.1445262204811,740.8930538201688
2025-08-01 15:00:00,618.2559385697515,2025-08-01 13:00:00,555.7988780319079,740.4325829714853
2025-08-01 15:05:00,617.2400309191162,2025-08-01 13:05:00,554.8855987616539,739.2159167352328
2025-08-01 15:10:00,615.6998774959566,2025-08-01 13:10:00,553.5010337438566,737.3714059005766
2025-08-01 15:15:00,613.747071712549,2025-08-01 13:15:00,551.7455030716516,735.0326964114367
2025-08-01 15:20:00,611.493294439863,2025-08-01 13:20:00,549.7194054616706,732.333538953576
2025-08-01 15:25:00,609.0462635119519,2025-08-01 13:25:00,547.5195769450394,729.4029380203187
2025-08-01 15:30:00,606.5061138473085,2025-08-01 13:30:00,545.2360366738242,726.3608166916064
2025-08-01 15:35:00,603.9623312970829,2025-08-01 13:35:00,542.9492305160973,723.3143445646447
2025-08-01 15:40:00,601.4913349277502,2025-08-01 13:40:00,540.7278575797158,720.3550422593718
2025-08-01 15:45:00,599.1547710740426,2025-08-01 13:45:00,538.62733660236,717.5567383506688
2025-08-01 15:50:00,596.9985492208203,2025-08-01 13:50:00,536.6889392299364,714.9744147260316
2025-08-01 15:55:00,595.0526166708833,2025-08-01 13:55:00,534.9395874477557,712.6439367243622
2025-08-01 16:00:00,593.3314368764866,2025-08-01 14:00:00,533.3922835903437,710.5826259929657
2025-08-01 16:05:00,591.8351070444137,2025-08-01 14:05:00,532.0471150445215,708.7905989481434
2025-08-01 16:10:00,590.5510251952198,2025-08-01 14:10:00,530.8927529000445,707.2527632703416
2025-08-01 16:15:00,589.4559963965502,2025-08-01 14:15:00,529.9083454083491,705.941340360757
2025-08-01 16:20:00,588.5186528585012,2025-08-01 14:20:00,529.0656935965715,704.8187636838312
2025-08-01 16:25:00,587.7020542505279,2025-08-01 14:25:00,528.3315888968835,703.8407929457719
2025-08-01 16:30:00,586.9663319575485,2025-08-01 14:30:00,527.6701902762298,702.9596808953148
2025-08-01 16:35:00,586.2712453802282,2025-08-01 14:35:00,527.0453222956595,702.1272347872763
2025-08-01 16:40:00,585.5785282842792,2025-08-01 14:40:00,526.4225844282116,701.2976264056592
2025-08-01 16:45:00,584.8539185937016,2025-08-01 14:45:00,525.7711757996657,700.4298229744754
2025-08-01 16:50:00,584.0687849903888,2025-08-01 14:50:00,525.0653574668311,699.4895351978253
2025-08-01 16:55:00,583.2012870258823,2025-08-01 14:55:00,524.2854953332248,698.45060662713
2025-08-01 17:00:00,582.237031050676,2025-08-01 15:00:00,523.4186498155013,697.2957992119044
2025-08-01 17:05:00,581.1692110830004,2025-08-01 15:05:00,522.4587024814779,696.0169620063231
2025-08-01 17:10:00,579.9982501230099,2025-08-01 15:10:00,521.406033599255,694.6146016017142
2025-08-01 17:15:00,578.7309824024101,2025-08-01 15:15:00,520.2667869971037,693.0969027764496
2025-08-01 17:20:00,577.3794395743569,2025-08-01 15:20:00,519.0517788741219,691.4782748187675
2025-08-01 17:25:00,575.9593224192948,2025-08-01 15:25:00,517.7751238964385,689.7775212187662
2025-08-01 17:30:00,574.4882541636176,2025-08-01 15:30:00,516.4526649680129,688.0157478166406
2025-08-01 17:35:00,572.9839206827369,2025-08-01 15:35:00,515.1003013129324,686.2141354819887
2025-08-01 17:40:00,571.4622068656212,2025-08-01 15:40:00,513.7323131069556,684.3917081960383
2025-08-01 17:45:00,569.9354368621107,2025-08-01 15:45:00,512.3597794974493,682.5632255454424
2025-08-01 17:50:00,568.4108191020366,2025-08-01 15:50:00,510.98918070880353,680.7373204538595
2025-08-01 17:55:00,566.8891852949769,2025-08-01 15:55:00,509.6212644301574,678.914988989152
2025-08-01 18:00:00,565.3640965939089,2025-08-01 16:00:00,508.2502422756212,677.0885198915729
2025-08-01 18:05:00,563.8213707737488,2025-08-01 16:05:00,506.86336472788673,675.240928315695
2025-08-01 18:10:00,562.239062426376,2025-08-01 16:10:00,505.440903333978,673.3459321116749
2025-08-01 18:15:00,560.5879048340734,2025-08-01 16:15:00,503.9565479400311,671.3684810195109
2025-08-01 18:20:00,558.8321989893979,2025-08-01 16:20:00,502.3782059011627,669.2658213725716
2025-08-01 18:25:00,556.9311122597293,2025-08-01 16:25:00,500.6691695531488,666.9890513977329
2025-08-01 18:30:00,554.8403288394386,2025-08-01 16:30:00,498.78959993365834,664.4850978216442
2025-08-01 18:35:00,552.5139762774459,2025-08-01 16:35:00,496.69825868936175,661.6990231090206
2025-08-01 18:40:00,549.906738300028,2025-08-01 16:40:00,494.3544074584891,658.5765558109194
2025-08-01 18:45:00,546.9760544939943,2025-08-01 16:45:00,491.7197853390025,655.066724938297
2025-08-01 18:50:00,543.684302667,2025-08-01 16:50:00,488.76057078388584,651.1244735894448
2025-08-01 18:55:00,540.0008595232247,2025-08-01 16:55:00,485.4492341045477,646.7131268460824
2025-08-01 19:00:00,535.9039406171102,2025-08-01 17:00:00,481.766191549916,641.8065953295446
2025-08-01 19:05:00,531.3821300642614,2025-08-01 17:05:00,477.7011804838515,636.3912072054956
2025-08-01 19:10:00,526.4355243926119,2025-08-01 17:10:00,473.2542876829036,630.4670780772354
2025-08-01 19:15:00,521.0764324510762,2025-08-01 17:15:00,468.4365785392343,624.0489492067995
2025-08-01 19:20:00,515.3295931573813,2025-08-01 17:20:00,463.2702928112647,617.1664482930255
2025-08-01 19:25:00,509.2318949106876,2025-08-01 17:25:00,457.7885923816179,609.8637534359008
2025-08-01 19:30:00,502.8316029071042,2025-08-01 17:30:00,452.03486663027695,602.1986677580373
2025-08-01 19:35:00,496.18712283123546,2025-08-01 17:35:00,446.0616210197028,594.2411387831289
2025-08-01 19:40:00,489.36535024936495,2025-08-01 17:40:00,439.928993234576,586.0712816444764
2025-08-01 19:45:00,482.4396735861801,2025-08-01 17:45:00,433.70295790054485,577.7769874199676
2025-08-01 19:50:00,475.4877141581048,2025-08-01 17:50:00,427.4532949224808,569.4512165621078
2025-08-01 19:55:00,468.5888980267018,2025-08-01 17:55:00,421.2514066325722,561.1890909132431
2025-08-01 20:00:00,461.82196210459,2025-08-01 18:00:00,415.16807583283213,553.0849069806104
2025-08-01 20:05:00,455.26249933857724,2025-08-01 18:05:00,409.2712589671893,545.2291960108464
2025-08-01 20:10:00,448.98064599303405,2025-08-01 18:10:00,403.6240070386581,537.7059542458766
2025-08-01 20:15:00,443.03900720229063,2025-08-01 18:15:00,398.28260072527013,530.590158533358
2025-08-01 20:20:00,437.49090627319976,2025-08-01 18:20:00,393.2949765404867,523.9456696651774
2025-08-01 20:25:00,432.37902851267296,2025-08-01 18:25:00,388.6995076631319,517.8236082049715
2025-08-01 20:30:00,427.73451267417005,2025-08-01 18:30:00,384.5241871672009,512.261266390819
2025-08-01 20:35:00,423.57652337447445,2025-08-01 18:35:00,380.7862436336771,507.2815960551589
2025-08-01 20:40:00,419.91231633136863,2025-08-01 18:40:00,377.49219979780855,502.8932867544096
2025-08-01 20:45:00,416.7377869793263,2025-08-01 18:45:00,374.6383657428924,499.09142279934736
2025-08-01 20:50:00,414.0384717890509,2025-08-01 18:50:00,372.2117390651443,495.8586824504016
2025-08-01 20:55:00,411.7909522945628,2025-08-01 18:55:00,370.19126706404865,493.16701940154786
2025-08-01 21:00:00,409.9645945878434,2025-08-01 19:00:00,368.54941051087445,490.9797460251781
2025-08-01 21:05:00,408.5235431347713,2025-08-01 19:05:00,367.25393604659905,489.2539211959635
2025-08-01 21:10:00,407.4288773402501,2025-08-01 19:10:00,366.2698548878766,487.9429330255905
2025-08-01 21:15:00,406.6408331295337,2025-08-01 19:15:00,365.56141998117926,486.99915946186815
2025-08-01 21:20:00,406.1209897716895,2025-08-01 19:20:00,365.0940919103636,486.37658726130087
2025-08-01 21:25:00,405.83432484474724,2025-08-01 19:25:00,364.8363862664288,486.033273046165
2025-08-01 21:30:00,405.751046489303,2025-08-01 19:30:00,364.76152080435605,485.9335376389001
2025-08-01 21:35:00,405.84812306813194,2025-08-01 19:35:00,364.8487905744146,486.0497980053991
2025-08-01 21:40:00,406.11044369987445,2025-08-01 19:40:00,365.08461121714777,486.36395712755353
2025-08-01 21:45:00,406.53155997986596,2025-08-01 19:45:00,365.46318575455,486.86829229924115
2025-08-01 21:50:00,407.1139775894774,2025-08-01 19:50:00,365.9867667406331,487.56580436204524
2025-08-01 21:55:00,407.8689859782244,2025-08-01 19:55:00,366.6655031492813,488.47001372999455
2025-08-01 22:00:00,408.81603433850944,2025-08-01 20:00:00,367.51687938887886,489.60421304755704
2025-08-01 22:05:00,409.98168120872896,2025-08-01 20:05:00,368.5647710179478,491.0002092185698
2025-08-01 22:10:00,411.39816296376017,2025-08-01 20:10:00,369.83815784868375,492.69660900898026
2025-08-01 22:15:00,413.1016421336609,2025-08-01 20:15:00,371.3695492228966,494.7367212070541
2025-08-01 22:20:00,415.1302095161112,2025-08-01 20:20:00,373.1931879537857,497.16616392327626
2025-08-01 22:25:00,417.5217235390063,2025-08-01 20:25:00,375.34310795907925,500.030276978593
2025-08-01 22:30:00,420.31157668868155,2025-08-01 20:30:00,377.8511263277348,503.37144694536096
2025-08-01 22:35:00,423.53048081163837,2025-08-01 20:35:00,380.74485235351375,507.2264547914839
2025-08-01 22:40:00,427.20236182583517,2025-08-01 20:40:00,384.04579492541757,511.62395455508533
2025-08-01 22:45:00,431.3424491199727,2025-08-01 20:45:00,387.7676449384703,516.5821851804428
2025-08-01 22:50:00,435.9556363606472,2025-08-01 20:50:00,391.91480169437546,522.107007396054
2025-08-01 22:55:00,441.0351792201957,2025-08-01 20:55:00,396.48120218667503,528.1903440939765
2025-08-01 23:00:00,446.5617815267874,2025-08-01 21:00:00,401.4494995692091,534.8090858894735
2025-08-01 23:05:00,452.5031060534923,2025-08-01 21:05:00,406.7906233659415,541.924505234667
2025-08-01 23:10:00,458.8137294506368,2025-08-01 21:10:00,412.4637389561108,549.4822024448505
2025-08-01 23:15:00,465.43554406440444,2025-08-01 21:15:00,418.4166088005662,557.4125869224711
2025-08-01 23:20:00,472.29859281989206,2025-08-01 21:20:00,424.5863429837955,565.6318770255966
2025-08-01 23:25:00,479.3223077470317,2025-08-01 21:25:00,430.90051262226433,574.0435833451318
2025-08-01 23:30:00,486.4171089950159,2025-08-01 21:30:00,437.2785873442172,582.5404237084721
2025-08-01 23:35:00,493.4863090348434,2025-08-01 21:35:00,443.6336471270776,591.0066036810257
2025-08-01 23:40:00,500.42825781108405,2025-08-01 21:40:00,449.8743107430475,599.3203856321354
2025-08-01 23:45:00,507.13865755146963,2025-08-01 21:45:00,455.906816723467,607.3568609857552
2025-08-01 23:50:00,513.5129725975304,2025-08-01 21:50:00,461.6371897450644,614.990836269757
2025-08-01 23:55:00,519.4488584492597,2025-08-01 21:55:00,466.973424289206,622.099742176245
2025-08-02 00:00:00,524.8485364395564,2025-08-01 22:00:00,471.8276194234787,628.5664775072775
2025-08-02 00:05:00,529.6210446900467,2025-08-01 22:05:00,476.1180023628757,634.2821049533122
2025-08-02 00:10:00,533.6843029189735,2025-08-01 22:10:00,479.7707846879688,639.1483239380976
2025-08-02 00:15:00,536.9669371213041,2025-08-01 22:15:00,482.721802693336,643.079655882931
2025-08-02 00:20:00,539.4098201075457,2025-08-01 22:20:00,484.91790229903853,646.0052891790451
2025-08-02 00:25:00,540.9672948246293,2025-08-01 22:25:00,486.3180387899564,647.8705442550429
2025-08-02 00:30:00,541.6080586108344,2025-08-01 22:30:00,486.89407174207025,648.6379325738546
2025-08-02 00:35:00,541.315697825204,2025-08-01 22:35:00,486.63124564288256,648.2877969129427
2025-08-02 00:40:00,540.0888731295993,2025-08-01 22:40:00,485.52835645602516,646.8185332608681
2025-08-02 00:45:00,537.9411656336447,2025-08-01 22:45:00,483.5976133088526,644.2464065581701
2025-08-02 00:50:00,534.9006029738231,2025-08-01 22:50:00,480.8642124476753,640.6049831225837
2025-08-02 00:55:00,531.0088918202764,2025-08-01 22:55:00,477.3656472777728,635.9442114876754
2025-08-02 01:00:00,526.3203892833285,2025-08-01 23:00:00,473.1507836798368,630.3291905438708
2025-08-02 01:05:00,520.9008500879848,2025-08-01 23:05:00,468.2787337466163,623.8386691358492
2025-08-02 01:10:00,514.8259891094677,2025-08-01 23:10:00,462.81756353307907,616.5633245335447
2025-08-02 01:15:00,508.17990037137963,2025-08-01 23:15:00,456.84287176954314,608.6038690006399
2025-08-02 01:20:00,501.0533734433118,2025-08-01 23:20:00,450.43627633910165,600.069033487095
2025-08-02 01:25:00,493.5421472651963,2025-08-01 23:25:00,443.6838445030272,591.073476383008
2025-08-02 01:30:00,485.7451393332034,2025-08-01 23:30:00,436.67450097673185,581.735662765091
2025-08-02 01:35:00,477.762685414374,2025-08-01 23:35:00,429.4984454708352,572.1757562525183
2025-08-02 01:40:00,469.69482208293016,2025-08-01 23:40:00,422.2456087280056,562.5135621466578
2025-08-02 01:45:00,461.6396407031078,2025-08-01 23:45:00,415.0041727886989,552.8665561362291
2025-08-02 01:50:00,453.69173836950256,2025-08-01 23:50:00,407.8591784196289,543.3480291202326
2025-08-02 01:55:00,445.9407878448756,2025-08-01 23:55:00,400.8912395184121,534.0653745440223
2025-08-02 02:00:00,438.47024541730167,2025-08-02 00:00:00,394.175381504754,525.1185409096494
2025-08-02 02:05:00,431.35621295292344,2025-08-02 00:05:00,387.78001833019084,516.5986689531776
2025-08-02 02:10:00,424.66646748399177,2025-08-02 00:10:00,381.7660800984729,508.5869294647682
2025-08-02 02:15:00,418.45966964806075,2025-08-02 00:15:00,376.18630146931525,501.1535753035906
2025-08-02 02:20:00,412.7847596942238,2025-08-02 00:20:00,371.0846786809094,494.3572180458333
2025-08-02 02:25:00,407.6805478466083,2025-08-02 00:25:00,366.4961012954585,488.2443373978827
2025-08-02 02:30:00,403.17550325251773,2025-08-02 00:30:00,362.44616246806663,482.84902843745306
2025-08-02 02:35:00,399.287743606067,2025-08-02 00:35:00,358.95114961860855,478.19298918669693
2025-08-02 02:40:00,396.02522438475296,2025-08-02 00:40:00,356.01821455136326,474.2857472447594
2025-08-02 02:45:00,393.3861238439447,2025-08-02 00:45:00,353.64571955683414,471.1251208629529
2025-08-02 02:50:00,391.35941626509634,2025-08-02 00:50:00,351.82375274964335,468.69790547541277
2025-08-02 02:55:00,389.9256220132403,2025-08-02 00:55:00,350.5348023541911,466.9807719791986
2025-08-02 03:00:00,389.0577188505506,2025-08-02 01:00:00,349.75457595607645,465.9413581370832
2025-08-02 03:05:00,388.7221943638554,2025-08-02 01:05:00,349.45294661194293,465.53952898052285
2025-08-02 03:10:00,388.88021490883307,2025-08-02 01:10:00,349.59500370533334,465.7287767547554
2025-08-02 03:15:00,389.48888207478,2025-08-02 01:15:00,350.14218248166793,466.45772567984716
2025-08-02 03:20:00,390.5025434899689,2025-08-02 01:20:00,351.05344243425253,467.67170179084604
2025-08-02 03:25:00,391.87412159600126,2025-08-02 01:25:00,352.28646184402874,469.3143242978712
2025-08-02 03:30:00,393.5564211199114,2025-08-02 01:30:00,353.79881316905755,471.32907143431135
2025-08-02 03:35:00,395.50337485414275,2025-08-02 01:35:00,355.5490829740983,473.6607724216044
2025-08-02 03:40:00,397.67118691483995,2025-08-02 01:40:00,357.49789969538506,476.2569766525124
2025-08-02 03:45:00,400.01933427758763,2025-08-02 01:45:00,359.60883399985437,479.06915314534
2025-08-02 03:50:00,402.5113903251106,2025-08-02 01:50:00,361.8491391369309,482.0536768370101
2025-08-02 03:55:00,405.1156387646445,2025-08-02 01:55:00,364.19030283712556,485.1725638197123
2025-08-02 04:00:00,407.8054527971433,2025-08-02 02:00:00,366.6083881770509,488.393925439632
2025-08-02 04:05:00,410.5594220897756,2025-08-02 02:05:00,369.0841477249823,491.6921203611157
2025-08-02 04:10:00,413.3612193662084,2025-08-02 02:10:00,371.6029036083737,495.0475947931944
2025-08-02 04:15:00,416.19920862141316,2025-08-02 02:15:00,374.15419530733965,498.4464132817604
2025-08-02 04:20:00,419.06580766441084,2025-08-02 02:20:00,376.7312065942045,501.8794952811998
2025-08-02 04:25:00,421.9566286693511,2025-08-02 02:25:00,379.3299929072867,505.3415858654776
2025-08-02 04:30:00,424.8694313382042,2025-08-02 02:30:00,381.9485402665277,508.83000202007923
2025-08-02 04:35:00,427.80293272415383,2025-08-02 02:35:00,384.5856953301534,512.3432072686594
2025-08-02 04:40:00,430.7555268339638,2025-08-02 02:40:00,387.2400143445608,515.8792782496361
2025-08-02 04:45:00,433.72397351649823,2025-08-02 02:45:00,389.9085844831136,519.4343345094219
2025-08-02 04:50:00,436.70212094197575,2025-08-02 02:50:00,392.58587538228915,523.0010085244219
2025-08-02 04:55:00,439.67972788016505,2025-08-02 02:55:00,395.2626803949415,526.5670352437407
2025-08-02 05:00:00,442.64145117053243,2025-08-02 03:00:00,397.92520634759995,530.1140394682479
2025-08-02 05:05:00,445.5660599160103,2025-08-02 03:05:00,400.5543671174573,533.6165947572513
2025-08-02 05:10:00,448.42593122810433,2025-08-02 03:10:00,403.12533031799626,537.041619525276
2025-08-02 05:15:00,451.1868726143182,2025-08-02 03:15:00,405.6073576290795,540.3481643305817
2025-08-02 05:20:00,453.80830394284067,2025-08-02 03:20:00,407.9639683793151,543.4876297987994
2025-08-02 05:25:00,456.2438174882022,2025-08-02 03:25:00,410.1534430151349,546.4044373420085
2025-08-02 05:30:00,458.4421185471416,2025-08-02 03:30:00,412.1296686943599,549.0371556544034
2025-08-02 05:35:00,460.34833198154905,2025-08-02 03:35:00,413.84331384038785,551.3200654477139
2025-08-02 05:40:00,461.9056427836973,2025-08-02 03:40:00,415.24330297528127,553.1851242167271
2025-08-02 05:45:00,463.057221785228,2025-08-02 03:45:00,416.27854789099774,554.5642724972461
2025-08-02 05:50:00,463.7483719655446,2025-08-02 03:50:00,416.89987713477365,555.3920043172054
2025-08-02 05:55:00,463.9288172037192,2025-08-02 03:55:00,417.0620935481827,555.6081082402759
2025-08-02 06:00:00,463.5550443740508,2025-08-02 04:00:00,416.7260797609976,555.160472294625
2025-08-02 06:05:00,462.59260200033157,2025-08-02 04:05:00,415.8608646322582,554.0078368757357
2025-08-02 06:10:00,461.01825502660256,2025-08-02 04:10:00,414.4455603431385,552.1223753321747
2025-08-02 06:15:00,458.8218955973288,2025-08-02 04:15:00,412.4710801474947,549.4919823445828
2025-08-02 06:20:00,456.0081145066687,2025-08-02 04:20:00,409.9415510711802,546.1221559168844
2025-08-02 06:25:00,452.597347137927,2025-08-02 04:25:00,406.87534408712776,542.0373697705604
2025-08-02 06:30:00,448.6265208891365,2025-08-02 04:30:00,403.30565613711315,537.2818487112326
2025-08-02 06:35:00,444.1491481992649,2025-08-02 04:35:00,399.28059376032763,531.9196800382445
2025-08-02 06:40:00,439.2348293473036,2025-08-02 04:40:00,394.8627261203826,526.0342180893939
2025-08-02 06:45:00,433.96815174963757,2025-08-02 04:45:00,390.12809549716485,519.7267660229581
2025-08-02 06:50:00,428.4469967897363,2025-08-02 04:50:00,385.16469516290795,513.1145480515423
2025-08-02 06:55:00,422.7802896533534,2025-08-02 04:55:00,380.0704465321175,506.3280146109717
2025-08-02 07:00:00,417.08525192257684,2025-08-02 05:00:00,374.9507293023284,499.50755202572924
2025-08-02 07:05:00,411.48423948553267,2025-08-02 05:05:00,369.9155388024951,492.7996955421993
2025-08-02 07:10:00,406.10126803666674,2025-08-02 05:10:00,365.07636249198737,486.35296821570404
2025-08-02 07:15:00,401.0583453324776,2025-08-02 05:15:00,360.5428827368653,480.31348836497057
2025-08-02 07:20:00,396.4717414168796,2025-08-02 05:20:00,356.4196238221779,474.82050273809625
2025-08-02 07:25:00,392.4483350587598,2025-08-02 05:25:00,352.8026674773953,470.0020109513806
2025-08-02 07:30:00,389.08217661118107,2025-08-02 05:30:00,349.7765629602757,465.970649117966
2025-08-02 07:35:00,386.45140314506864,2025-08-02 05:35:00,347.4115538279673,462.8199953656823
2025-08-02 07:40:00,384.61563197795874,2025-08-02 05:40:00,345.7612347750466,460.6214482879911
2025-08-02 07:45:00,383.613943444504,2025-08-02 05:45:00,344.8607381873074,459.4218110796942
2025-08-02 07:50:00,383.4635432642415,2025-08-02 05:50:00,344.72553163896583,459.24168956851423
2025-08-02 07:55:00,384.1591702813407,2025-08-02 05:55:00,345.35088546334936,460.074782915336
2025-08-02 08:00:00,385.6732872323065,2025-08-02 06:00:00,346.7120442489854,461.8881120804679
2025-08-02 08:05:00,387.95706189747534,2025-08-02 06:05:00,348.7651088738314,464.6231948653865
2025-08-02 08:10:00,390.9421145415778,2025-08-02 06:10:00,351.44860741700177,468.1981386737576
2025-08-02 08:15:00,394.54297639473054,2025-08-02 06:15:00,354.68570528064714,472.5105848251383
2025-08-02 08:20:00,398.66017423563517,2025-08-02 06:20:00,358.3869781643398,477.4414026980696
2025-08-02 08:25:00,403.1838293800043,2025-08-02 06:25:00,362.45364747876636,482.8589999325838
2025-08-02 08:30:00,407.9976366224876,2025-08-02 06:30:00,366.7811573294983,488.6240876707207
2025-08-02 08:35:00,412.98307093638834,2025-08-02 06:35:00,371.262956250149,494.59471856318845
2025-08-02 08:40:00,418.02365802041845,2025-08-02 06:40:00,375.79433633265506,500.63140124019606
2025-08-02 08:45:00,423.0091396782238,2025-08-02 06:45:00,380.27617781446435,506.6020888324339
2025-08-02 08:50:00,427.8393665910832,2025-08-02 06:50:00,384.6184485980129,512.3868410140312
2025-08-02 08:55:00,432.42775991563104,2025-08-02 06:55:00,388.74331615311047,517.8819696638966
2025-08-02 09:00:00,436.70419862765254,2025-08-02 07:00:00,392.58774317731707,523.0034967919439
2025-08-02 09:05:00,440.6172110743181,2025-08-02 07:05:00,396.1054577545726,527.689779174911
2025-08-02 09:10:00,444.13537663285837,2025-08-02 07:10:00,399.2682134163956,531.903187003807
2025-08-02 09:15:00,447.2478746780844,2025-08-02 07:15:00,402.0662826519537,535.6307613356472
2025-08-02 09:20:00,449.96415286182344,2025-08-02 07:20:00,404.5081586983645,538.8838168199305
2025-08-02 09:25:00,452.31272315072476,2025-08-02 07:25:00,406.61947320440896,541.6964998154616
2025-08-02 09:30:00,454.33913072965925,2025-08-02 07:30:00,408.44117031808753,544.1233559186063
2025-08-02 09:35:00,456.10317601475504,2025-08-02 07:35:00,410.02700933569866,546.2360030044455
2025-08-02 09:40:00,457.67550291242515,2025-08-02 07:40:00,411.44049761960594,548.1190452746267
2025-08-02 09:45:00,459.13369424945694,2025-08-02 07:45:00,412.75138047332024,549.8653970858893
2025-08-02 09:50:00,460.55803846145005,2025-08-02 07:50:00,414.03183548486186,551.5712130726573
2025-08-02 09:55:00,462.0271475715168,2025-08-02 07:55:00,415.3525331832463,553.3306401726219
2025-08-02 10:00:00,463.61361542527663,2025-08-02 08:00:00,416.7787338845177,555.2306178638643
2025-08-02 10:05:00,465.3799062175646,2025-08-02 08:05:00,418.36659156511314,557.3459542027888
2025-08-02 10:10:00,467.37465636239386,2025-08-02 08:10:00,420.15982932197943,559.7348968881361
2025-08-02 10:15:00,469.6295580051562,2025-08-02 08:15:00,422.18693771663374,562.4354009084606
2025-08-02 10:20:00,472.1569704704687,2025-08-02 08:20:00,424.45902751781574,565.4622679762559
2025-08-02 10:25:00,474.9483773439076,2025-08-02 08:25:00,426.96844265093523,568.8052987059018
2025-08-02 10:30:00,477.9737730459061,2025-08-02 08:30:00,429.68820874111344,572.4285579653659
2025-08-02 10:35:00,481.18202484594394,2025-08-02 08:35:00,432.57235855620445,576.2708084298263
2025-08-02 10:40:00,484.50221582367374,2025-08-02 08:40:00,435.55713930015145,580.2471189320532
2025-08-02 10:45:00,487.8459330973503,2025-08-02 08:45:00,438.5630696814505,584.2516048790902
2025-08-02 10:50:00,491.1104253421164,2025-08-02 08:50:00,441.49777845462006,588.1612097435
2025-08-02 10:55:00,494.18251580966194,2025-08-02 08:55:00,444.2595221412627,591.8403913543858
2025-08-02 11:00:00,496.9431235736307,2025-08-02 09:00:00,446.74124953307637,595.146536608688
2025-08-02 11:05:00,499.27221779508346,2025-08-02 09:05:00,448.8350554706444,597.935894773793
2025-08-02 11:10:00,501.05400876352746,2025-08-02 09:10:00,450.4368474784002,600.0697943561121
2025-08-02 11:15:00,502.18216625079833,2025-08-02 09:15:00,451.4510369532623,601.4208926799406
2025-08-02 11:20:00,502.5648509418579,2025-08-02 09:20:00,451.79506231341156,601.8792016044297
2025-08-02 11:25:00,502.12934869697244,2025-08-02 09:25:00,451.40355510096543,601.3576375854631
2025-08-02 11:30:00,500.8261100194803,2025-08-02 09:30:00,450.23197137718665,599.7968594028287
2025-08-02 11:35:00,498.6320179692638,2025-08-02 09:35:00,448.2595295068665,597.1691818623957
2025-08-02 11:40:00,495.5527360625102,2025-08-02 09:40:00,445.4913208700407,593.4813876760763
2025-08-02 11:45:00,491.6240223821326,2025-08-02 09:45:00,441.9594912191782,588.7763012601708
2025-08-02 11:50:00,486.9119356834725,2025-08-02 09:50:00,437.72342596380355,583.133035570648
2025-08-02 11:55:00,481.5119024154706,2025-08-02 09:55:00,432.8689114424654,576.6658747537083
2025-08-02 12:00:00,475.54665808109206,2025-08-02 10:00:00,427.50628424974695,569.5218086881599
2025-08-02 12:05:00,469.1631211163587,2025-08-02 10:05:00,421.7676209203146,561.8767890960703
2025-08-02 12:10:00,462.5282997651003,2025-08-02 10:10:00,415.80305829677985,553.9308275545907
2025-08-02 12:15:00,455.82437151107126,2025-08-02 10:15:00,409.7763700443137,545.9021025500734
2025-08-02 12:20:00,449.24310803303825,2025-08-02 10:20:00,403.8599548043969,538.0202827206856
2025-08-02 12:25:00,442.979845488534,2025-08-02 10:25:00,398.229415608756,530.5193055778147
2025-08-02 12:30:00,437.22721915394965,2025-08-02 10:30:00,393.05792745468295,523.629874017093
2025-08-02 12:35:00,432.168891714941,2025-08-02 10:35:00,388.5105991721228,517.571945224941
2025-08-02 12:40:00,427.97350614774587,2025-08-02 10:40:00,384.7390371931912,512.5474885585548
2025-08-02 12:45:00,424.78908637153256,2025-08-02 10:45:00,381.87631185828155,508.7337796831955
2025-08-02 12:50:00,422.73809252089205,2025-08-02 10:50:00,380.0325122116928,506.27747869237686
2025-08-02 12:55:00,421.9133130350102,2025-08-02 10:55:00,379.29105307757214,505.2897104122595
2025-08-02 13:00:00,422.37474418986903,2025-08-02 11:00:00,379.7058698260417,505.8423272826223
2025-08-02 13:05:00,424.1475701691349,2025-08-02 11:05:00,381.29960250008804,507.9654902594688
2025-08-02 13:10:00,427.22131484453934,2025-08-02 11:10:00,384.0628332842491,511.6466529744919
2025-08-02 13:15:00,431.5501921600301,2025-08-02 11:15:00,387.9544014924793,516.8309813603872
2025-08-02 13:20:00,437.05463658071966,2025-08-02 11:20:00,392.9027794090516,523.4231865394634
2025-08-02 13:25:00,443.62395084551105,2025-08-02 11:25:00,398.808452561592,531.2906958118909
2025-08-02 13:30:00,451.11996682314975,2025-08-02 11:30:00,405.5472107524457,540.2680369518052
2025-08-02 13:35:00,459.38157801205637,2025-08-02 11:35:00,412.9742226791773,550.1622663970726
2025-08-02 13:40:00,468.2299710533489,2025-08-02 11:40:00,420.92873895299203,560.7592345877339
2025-08-02 13:45:00,477.474359606926,2025-08-02 11:45:00,429.239246730815,571.8304529419834
2025-08-02 13:50:00,486.91800730229363,2025-08-02 11:50:00,437.7288842193869,583.1403070323939
2025-08-02 13:55:00,496.3643193527979,2025-08-02 11:55:00,446.2209169062953,594.4533519944691
2025-08-02 14:00:00,505.62278304916725,2025-08-02 12:00:00,454.54407793673425,605.5414269507877
2025-08-02 14:05:00,514.5145471656742,2025-08-02 12:05:00,462.5375838804243,616.1903369914886
2025-08-02 14:10:00,522.8774481781762,2025-08-02 12:10:00,470.0556531942318,626.2058726483663
2025-08-02 14:15:00,530.570315903387,2025-08-02 12:15:00,476.9713768998726,635.4189663930262
2025-08-02 14:20:00,537.4764226632823,2025-08-02 12:20:00,483.1798193090114,643.6898234078984
2025-08-02 14:25:00,543.5059756029336,2025-08-02 12:25:00,488.6002585637395,650.9109064234491
2025-08-02 14:30:00,548.5975913082261,2025-08-02 12:30:00,493.17751228639327,657.0087017424706
2025-08-02 14:35:00,552.718732235141,2025-08-02 12:35:00,496.8823299201543,661.9442419143356
2025-08-02 14:40:00,555.865125351968,2025-08-02 12:40:00,499.71087010082,665.7124094921924
2025-08-02 14:45:00,558.059222050918,2025-08-02 12:45:00,501.68331615025227,668.3400926000182
2025-08-02 14:50:00,559.347793922194,2025-08-02 12:50:00,502.8417147286395,669.8833055955948
2025-08-02 14:55:00,559.7987897639168,2025-08-02 12:55:00,503.247150353579,670.4234249784652
2025-08-02 15:00:00,559.4976040767206,2025-08-02 13:00:00,502.976390856452,670.0627204831057
2025-08-02 15:05:00,558.542925290164,2025-08-02 13:05:00,502.1181550266814,668.91938285262
2025-08-02 15:10:00,557.0423427053587,2025-08-02 13:10:00,500.7691633470246,667.1222626473539
2025-08-02 15:15:00,555.10789406922,2025-08-02 13:15:00,499.03013535796316,664.8055379530545
2025-08-02 15:20:00,552.8517311541041,2025-08-02 13:20:00,497.00189310641355,662.103523414046
2025-08-02 15:25:00,550.3820687715239,2025-08-02 13:25:00,494.7817193956182,659.1458187113113
2025-08-02 15:30:00,547.7995643971232,2025-08-02 13:30:00,492.46010314535636,656.0529727470716
2025-08-02 15:35:00,545.194251439634,2025-08-02 13:35:00,490.1179824662662,652.9328108817034
2025-08-02 15:40:00,542.64312101138,2025-08-02 13:40:00,487.8245707231995,649.8775388258312
2025-08-02 15:45:00,540.2084153388196,2025-08-02 13:45:00,485.63582234776544,646.9616988032029
2025-08-02 15:50:00,537.936663063221,2025-08-02 13:50:00,483.5935655942515,644.2410142123132
2025-08-02 15:55:00,535.8584532736038,2025-08-02 13:55:00,481.72529940006626,641.7521190048645
2025-08-02 16:00:00,533.9889131507974,2025-08-02 14:00:00,480.0446227775413,639.5131297194553
2025-08-02 16:05:00,532.3288249138056,2025-08-02 14:05:00,478.5522389248468,637.5249831532938
2025-08-02 16:10:00,530.8662921856711,2025-08-02 14:10:00,477.2374532532969,635.7734320269461
2025-08-02 16:15:00,529.5788454471682,2025-08-02 14:15:00,476.08006614523106,634.2315665072502
2025-08-02 16:20:00,528.4358614704855,2025-08-02 14:20:00,475.05254797319657,632.8627117573743
2025-08-02 16:25:00,527.4011628031975,2025-08-02 14:25:00,474.12237598049376,631.6235411178014
2025-08-02 16:30:00,526.4356612628912,2025-08-02 14:30:00,473.2544107263601,630.4672419951344
2025-08-02 16:35:00,525.4999134725475,2025-08-02 14:35:00,472.413193457672,629.3465764095891
2025-08-02 16:40:00,524.5564663288295,2025-08-02 14:40:00,471.56505463481824,628.2166899629888
2025-08-02 16:45:00,523.5718860158372,2025-08-02 14:45:00,470.67993797171044,627.0375418160608
2025-08-02 16:50:00,522.5183837348521,2025-08-02 14:50:00,469.73286193208503,625.7758516867582
2025-08-02 16:55:00,521.3749749422234,2025-08-02 14:55:00,468.70496185959234,624.4064881709351
2025-08-02 17:00:00,520.1281344241295,2025-08-02 15:00:00,467.5840788760104,622.9132532697039
2025-08-02 17:05:00,518.7719362693517,2025-08-02 15:05:00,466.364885713777,621.2890500229283
2025-08-02 17:10:00,517.3076942591714,2025-08-02 15:10:00,465.0485634341915,619.5354518347714
2025-08-02 17:15:00,515.7431432418549,2025-08-02 15:15:00,463.642065500569,617.6617220755033
2025-08-02 17:20:00,514.0912243644341,2025-08-02 15:20:00,462.1570257275679,615.6833592568662
2025-08-02 17:25:00,512.3685558697234,2025-08-02 15:25:00,460.6083835603838,613.6202656356501
2025-08-02 17:30:00,510.59368545494505,2025-08-02 15:30:00,459.0128129824967,611.4946542121769
2025-08-02 17:35:00,508.785229544193,2025-08-02 15:35:00,457.38704976137603,609.3288202951006
2025-08-02 17:40:00,506.9600086859708,2025-08-02 15:40:00,455.746215210709,607.1429084255385
2025-08-02 17:45:00,505.1312868350828,2025-08-02 15:45:00,454.1022333424437,604.9528037146613
2025-08-02 17:50:00,503.3072154270694,2025-08-02 15:50:00,452.46243212295326,602.7682684439056
2025-08-02 17:55:00,501.4895713747355,2025-08-02 15:55:00,450.8284089588804,600.5914306706918
2025-08-02 18:00:00,499.6728622874796,2025-08-02 16:00:00,449.1952263084346,598.4157126256756
2025-08-02 18:05:00,497.843852676309,2025-08-02 16:05:00,447.55098574982406,596.2252632887689
2025-08-02 18:10:00,495.98154313528744,2025-08-02 16:10:00,445.8768092658224,593.99493345653
2025-08-02 18:15:00,494.05761129494584,2025-08-02 16:15:00,444.1472356514622,591.6908038345797
2025-08-02 18:20:00,492.0372998097862,2025-08-02 16:20:00,442.3310187958274,589.2712485047526
2025-08-02 18:25:00,489.8807140953719,2025-08-02 16:25:00,440.39229431996716,586.6884891144956
2025-08-02 18:30:00,487.5444717885101,2025-08-02 16:30:00,438.29206240635494,583.890570295117
2025-08-02 18:35:00,484.9836283003663,2025-08-02 16:35:00,435.98991882999354,580.8236657330702
2025-08-02 18:40:00,482.15378869535994,2025-08-02 16:40:00,433.4459534924162,577.4346073877884
2025-08-02 18:45:00,479.01330642714674,2025-08-02 16:45:00,430.6227270383527,573.6735187308666
2025-08-02 18:50:00,475.5254646899134,2025-08-02 16:50:00,427.4872318439326,569.4964271650828
2025-08-02 18:55:00,471.6605362183559,2025-08-02 16:55:00,424.0127437328525,564.8677308717395
2025-08-02 19:00:00,467.3976222730472,2025-08-02 17:00:00,420.1804751849268,559.7624012071154
2025-08-02 19:05:00,462.72618142586396,2025-08-02 17:05:00,415.98094968151923,554.1678135988184
2025-08-02 19:10:00,457.64717252470865,2025-08-02 17:10:00,411.4150292064056,548.0851163774745
2025-08-02 19:15:00,452.17375363637836,2025-08-02 17:15:00,406.49454258047825,541.5300678411893
2025-08-02 19:20:00,446.33149895950055,2025-08-02 17:20:00,401.24248046184,534.533296033732
2025-08-02 19:25:00,440.1581173291159,2025-08-02 17:25:00,395.6927422874391,527.1399616214031
2025-08-02 19:30:00,433.70267867599915,2025-08-02 17:30:00,389.8894408765279,519.4088314891173
2025-08-02 19:35:00,427.02437685568384,2025-08-02 17:35:00,383.885790240391,511.41079708589206
2025-08-02 19:40:00,420.1908782099123,2025-08-02 17:40:00,377.7426209743769,503.2268966372756
2025-08-02 19:45:00,413.27632371496486,2025-08-02 17:45:00,371.5265842319354,494.9459224882284
2025-08-02 19:50:00,406.3590682218092,2025-08-02 17:50:00,365.30811934981887,486.66171358322475
2025-08-02 19:55:00,399.5192515108887,2025-08-02 17:55:00,359.15927027823875,478.47024652504456
2025-08-02 20:00:00,392.8363036207488,2025-08-02 18:00:00,353.15144292460565,470.46664791892806
2025-08-02 20:05:00,386.386489312025,2025-08-02 18:05:00,347.35319767912404,462.74225358582606
2025-08-02 20:10:00,380.24059459254187,2025-08-02 18:10:00,341.82816965029,455.3818379101677
2025-08-02 20:15:00,374.46185156487013,2025-08-02 18:15:00,336.6332031471865,448.46112860617654
2025-08-02 20:20:00,369.10418702992826,2025-08-02 18:20:00,331.81677721154455,442.04470921928186
2025-08-02 20:25:00,364.2108656752175,2025-08-02 18:25:00,327.41778587295835,436.18439418800256
2025-08-02 20:30:00,359.81358085037175,2025-08-02 18:30:00,323.46472077553307,430.9181399431118
2025-08-02 20:35:00,355.9320263659642,2025-08-02 18:35:00,319.9752862341614,426.2695320874669
2025-08-02 20:40:00,352.5739611518506,2025-08-02 18:40:00,316.95645736099283,422.2478628318108
2025-08-02 20:45:00,349.7357572572726,2025-08-02 18:45:00,314.4049727058167,418.84878728791284
2025-08-02 20:50:00,347.4034006684363,2025-08-02 18:50:00,312.3082339696803,416.055522062709
2025-08-02 20:55:00,345.55389477003723,2025-08-02 18:55:00,310.6455676868111,413.8405260648693
2025-08-02 21:00:00,344.15699936222836,2025-08-02 19:00:00,309.3897885637117,412.1675831775957
2025-08-02 21:05:00,343.177224006865,2025-08-02 19:05:00,308.5089914548412,410.994189519976
2025-08-02 21:10:00,342.5759841332524,2025-08-02 19:10:00,307.96848965561065,410.27413563155835
2025-08-02 21:15:00,342.3138221938358,2025-08-02 19:15:00,307.73281167388757,409.9601665617131
2025-08-02 21:20:00,342.352594136251,2025-08-02 19:20:00,307.7676668216494,410.0066004213469
2025-08-02 21:25:00,342.6575239341191,2025-08-02 19:25:00,308.0417921942672,410.3717889197911
2025-08-02 21:30:00,343.1990355797426,2025-08-02 19:30:00,308.5285995927938,411.0203113867255
2025-08-02 21:35:00,343.95428239762106,2025-08-02 19:35:00,309.20755034413645,411.924806300978
2025-08-02 21:40:00,344.9083072715099,2025-08-02 19:40:00,310.0651983203914,413.0673607958474
2025-08-02 21:45:00,346.054784202786,2025-08-02 19:45:00,311.0958565839688,414.44039876052227
2025-08-02 21:50:00,347.39630959013925,2025-08-02 19:50:00,312.3018592418117,416.04702968100753
2025-08-02 21:55:00,348.9442318109294,2025-08-02 19:55:00,313.6934082426771,417.9008445442016
2025-08-02 22:00:00,350.7180269825733,2025-08-02 20:00:00,315.28801219996177,420.0251682403734
2025-08-02 22:05:00,352.7442484589902,2025-08-02 20:05:00,317.10954201145364,422.4518014643524
2025-08-02 22:10:00,355.0550951986549,2025-08-02 20:10:00,319.1869438528019,425.21930617164134
2025-08-02 22:15:00,357.6866600466248,2025-08-02 20:15:00,321.5526644204902,428.3709076947046
2025-08-02 22:20:00,360.6769317537944,2025-08-02 20:20:00,324.24085478983824,431.95210193126644
2025-08-02 22:25:00,364.06363438332966,2025-08-02 20:25:00,327.28542808755356,436.0080677850586
2025-08-02 22:30:00,367.88199372277677,2025-08-02 20:30:00,330.7180515439442,440.5809921874679
2025-08-02 22:35:00,372.16252264213915,2025-08-02 20:35:00,334.56615557715173,445.70741780916063
2025-08-02 22:40:00,376.92891588892326,2025-08-02 20:40:00,338.85104125888074,451.4157218350605
2025-08-02 22:45:00,382.1961395993122,2025-08-02 20:45:00,343.5861628257672,457.7238279342822
2025-08-02 22:50:00,387.96879223199596,2025-08-02 20:50:00,348.77565419391453,464.6372432899084
2025-08-02 22:55:00,394.239802477523,2025-08-02 20:55:00,354.413158407224,472.1474991957033
2025-08-02 23:00:00,400.98951561524586,2025-08-02 21:00:00,360.4810062918106,480.23105686349083
2025-08-02 23:05:00,408.1852044971763,2025-08-02 21:05:00,366.9497768409388,488.84872177008657
2025-08-02 23:10:00,415.78102476248665,2025-08-02 21:10:00,373.77825695381557,497.94559002151277
2025-08-02 23:15:00,423.7184169601916,2025-08-02 21:15:00,380.9138029352892,507.4515299411523
2025-08-02 23:20:00,431.9269416931719,2025-08-02 21:20:00,388.2930912724815,517.2821822507543
2025-08-02 23:25:00,440.32551855962373,2025-08-02 21:25:00,395.843232416677,527.3404438452928
2025-08-02 23:30:00,448.8240254513078,2025-08-02 21:30:00,403.4832085182758,537.5183831365314
2025-08-02 23:35:00,457.3252032637972,2025-08-02 21:35:00,411.125585720607,547.6995211625776
2025-08-02 23:40:00,465.7268013632841,2025-08-02 21:40:00,418.678442888744,557.7614010311032
2025-08-02 23:45:00,473.92389293024405,2025-08-02 21:45:00,426.04745305398507,567.5783608096355
2025-08-02 23:50:00,481.8112852346385,2025-08-02 21:50:00,433.13805019975814,577.0244201072824
2025-08-02 23:55:00,489.2859492044178,2025-08-02 21:55:00,439.8576133917908,585.9761897624043
2025-08-03 00:00:00,496.24939462500106,2025-08-02 22:00:00,446.1176020316895,594.3157164171275
2025-08-03 00:05:00,502.609921634909,2025-08-02 22:05:00,451.83557990340495,601.9331789422768
2025-08-03 00:10:00,508.28468614554095,2025-08-02 22:10:00,456.93707194147726,608.7293620150707
2025-08-03 00:15:00,513.2015251121128,2025-08-02 22:15:00,461.35720511060794,614.6178420909688
2025-08-03 00:20:00,517.3004977100392,2025-08-02 22:20:00,465.04209389029575,619.5268331396162
2025-08-03 00:25:00,520.535109292103,2025-08-02 22:25:00,467.94994058617874,623.4006524743039
2025-08-03 00:30:00,522.8731963424837,2025-08-02 22:30:00,470.05183088479635,626.2007805861832
2025-08-03 00:35:00,524.297461779784,2025-08-02 22:35:00,471.3322150795725,627.906502231198
2025-08-03 00:40:00,524.8056609737705,2025-08-02 22:40:00,471.78907529588975,628.5151292065214
2025-08-03 00:45:00,524.4104486202813,2025-08-02 22:45:00,471.4337878349042,628.0418169656504
2025-08-03 00:50:00,523.1389055809609,2025-08-02 22:50:00,470.29069781257715,626.5189979545764
2025-08-03 00:55:00,521.0317721656098,2025-08-02 22:55:00,468.3964298968901,623.9954633792302
2025-08-03 01:00:00,518.1424203414127,2025-08-02 23:00:00,465.79896434590285,620.5351323078412
2025-08-03 01:05:00,514.535601701222,2025-08-02 23:05:00,462.55651145799357,616.21555221898
2025-08-03 01:10:00,510.28601086395327,2025-08-02 23:10:00,458.73622009951083,611.1261785083288
2025-08-03 01:15:00,505.47670526935275,2025-08-02 23:15:00,454.4127571340355,605.3664820112
2025-08-03 01:20:00,500.1974224836451,2025-08-02 23:20:00,449.66679471611286,599.0439337825469
2025-08-03 01:25:00,494.542834880646,2025-08-02 23:25:00,444.58344128686724,592.271914876893
2025-08-03 01:30:00,488.61077968896285,2025-08-02 23:30:00,439.2506504242545,585.1675966263182
2025-08-03 01:35:00,482.500499671973,2025-08-02 23:35:00,433.75763925195565,577.8498336524193
2025-08-03 01:40:00,476.3109265247109,2025-08-02 23:40:00,428.19334524985834,570.4371080366811
2025-08-03 01:45:00,470.13903578377204,2025-08-02 23:45:00,422.64494735321233,563.0455591359089
2025-08-03 01:50:00,464.07829875063914,2025-08-02 23:50:00,417.19647426477843,555.7871295823895
2025-08-03 01:55:00,458.21725331415206,2025-08-02 23:55:00,411.9275196547678,548.7678536794509
2025-08-03 02:00:00,452.6382127965456,2025-08-03 00:00:00,406.9120814410184,542.0863110961153
2025-08-03 02:05:00,447.41612895997787,2025-08-03 00:05:00,402.21753965615943,535.8322651866682
2025-08-03 02:10:00,442.61762256442694,2025-08-03 00:10:00,397.903784939875,530.0855019722586
2025-08-03 02:15:00,438.3001927815668,2025-08-03 00:15:00,394.02250781887165,524.9148833231011
2025-08-03 02:20:00,434.5116141720984,2025-08-03 00:20:00,390.61665660238447,520.3776247694856
2025-08-03 02:25:00,431.28952802138724,2025-08-03 00:25:00,387.7200700016472,516.5188060792085
2025-08-03 02:30:00,428.66123232140006,2025-08-03 00:30:00,385.357288328141,513.3711197367913
2025-08-03 02:35:00,426.64367232202466,2025-08-03 00:35:00,383.54354499943315,510.95485962759875
2025-08-03 02:40:00,425.2436307981577,2025-08-03 00:40:00,382.284937585223,509.27814890455704
2025-08-03 02:45:00,424.4581140244363,2025-08-03 00:45:00,381.57877479037853,508.3374022372796
2025-08-03 02:50:00,424.2749260032682,2025-08-03 00:50:00,381.41409267366544,508.11801351616725
2025-08-03 02:55:00,424.6734195298407,2025-08-03 00:55:00,381.7723298391415,508.595255339125
2025-08-03 03:00:00,425.6254084721469,2025-08-03 01:00:00,382.62814755640693,509.7353715718016
2025-08-03 03:05:00,427.0962211990986,2025-08-03 01:05:00,383.9503767699684,511.49683894889387
2025-08-03 03:10:00,429.0458704974204,2025-08-03 01:10:00,385.70306982952843,513.8317681841626
2025-08-03 03:15:00,431.43031099549785,2025-08-03 01:15:00,387.8466308871563,516.6874098800879
2025-08-03 03:20:00,434.20275098157623,2025-08-03 01:20:00,390.33899519381845,520.0077255810164
2025-08-03 03:25:00,437.3149820774288,2025-08-03 01:25:00,393.13682444759394,523.7349802102841
2025-08-03 03:30:00,440.718687727611,2025-08-03 01:30:00,396.1966830975545,527.8113091365685
2025-08-03 03:35:00,444.3666898868002,2025-08-03 01:35:00,399.4761590890441,532.1802112253421
2025-08-03 03:40:00,448.2140932110582,2025-08-03 01:40:00,402.9348924671749,536.7879191394845
2025-08-03 03:45:00,452.21928757050165,2025-08-03 01:45:00,406.5354766142971,541.5845999634909
2025-08-03 03:50:00,456.3447724351826,2025-08-03 01:50:00,410.2441993552896,546.5253425003632
2025-08-03 03:55:00,460.55777177743533,2025-08-03 01:55:00,414.03159574163107,551.5708936878823
2025-08-03 04:00:00,464.8306140730363,2025-08-03 02:00:00,417.87278966432297,556.688113693695
2025-08-03 04:05:00,469.14086018690966,2025-08-03 02:05:00,421.74760882040607,561.8501290731525
2025-08-03 04:10:00,473.47117080740713,2025-08-03 02:10:00,425.6404655392107,567.0361740066168
2025-08-03 04:15:00,477.8089155298494,2025-08-03 02:15:00,429.5400053568137,572.2311221320467
2025-08-03 04:20:00,482.1455361917106,2025-08-03 02:20:00,433.43853466797293,577.4247240656691
2025-08-03 04:25:00,486.4756883208736,2025-08-03 02:25:00,437.3312489064545,582.6105791875344
2025-08-03 04:30:00,490.79619501303523,2025-08-03 02:30:00,441.2152921031732,587.7848827894106
2025-08-03 04:35:00,495.1048575864501,2025-08-03 02:35:00,445.08868769022087,592.9450016970695
2025-08-03 04:40:00,499.39917593524603,2025-08-03 02:40:00,448.94918812583995,598.0879417462286
2025-08-03 04:45:00,503.67503817076226,2025-08-03 02:45:00,452.79309690998633,603.2087784773688
2025-08-03 04:50:00,507.9254438083705,2025-08-03 02:50:00,456.6141207565638,608.2991280051247
2025-08-03 04:55:00,512.1393267698684,2025-08-03 02:55:00,460.4023114977257,613.345737428302
2025-08-03 05:00:00,516.3005435212708,2025-08-03 03:00:00,464.14315644137054,618.3292730085227
2025-08-03 05:05:00,520.3870879497747,2025-08-03 03:05:00,467.8168725623096,623.2233798951054
2025-08-03 05:10:00,524.370587724633,2025-08-03 03:10:00,471.3979537414543,627.9940789592954
2025-08-03 05:15:00,528.2161273126837,2025-08-03 03:15:00,474.8550116605587,632.5995548350088
2025-08-03 05:20:00,531.8824305362235,2025-08-03 03:20:00,478.15093991784676,636.9903745528787
2025-08-03 05:25:00,535.322421190388,2025-08-03 03:25:00,481.2434180110583,641.1101589440374
2025-08-03 05:30:00,538.4841642049054,2025-08-03 03:30:00,484.08575742175475,644.8967097895445
2025-08-03 05:35:00,541.3121726985775,2025-08-03 03:35:00,486.62807662936933,648.2835751684344
2025-08-03 05:40:00,543.74904905488,2025-08-03 03:40:00,488.8187764031049,651.2020148344621
2025-08-03 05:45:00,545.7374110835651,2025-08-03 03:45:00,490.60627138005736,653.5833070161234
2025-08-03 05:50:00,547.2220387871762,2025-08-03 03:50:00,491.94091996244055,655.3613194164228
2025-08-03 05:55:00,548.1521635310548,2025-08-03 03:55:00,492.7770822325085,656.475250757202
2025-08-03 06:00:00,548.4838105123009,2025-08-03 04:00:00,493.0752257820968,656.8724361550921
2025-08-03 06:05:00,548.1820977948895,2025-08-03 04:05:00,492.8039924960678,656.511100480444
2025-08-03 06:10:00,547.2233914227488,2025-08-03 04:10:00,491.94213595291757,655.3629393530678
2025-08-03 06:15:00,545.5972164780334,2025-08-03 04:15:00,490.4802394253285,653.4154078542767
2025-08-03 06:20:00,543.3078288505778,2025-08-03 04:20:00,488.4221288673231,650.6736029015556
2025-08-03 06:25:00,540.3753613901085,2025-08-03 04:25:00,485.78590328061165,647.1616358976346
2025-08-03 06:30:00,536.836471609067,2025-08-03 04:30:00,482.60451698559007,642.9234084291048
2025-08-03 06:35:00,532.7444348454575,2025-08-03 04:35:00,478.92586337275,638.0227238396404
2025-08-03 06:40:00,528.1686472664732,2025-08-03 04:40:00,474.8123281135575,632.542692019689
2025-08-03 06:45:00,523.1935253200667,2025-08-03 04:45:00,470.3397997909319,626.5844113731695
2025-08-03 06:50:00,517.9168126292898,2025-08-03 04:50:00,465.596147833435,620.2649411287448
2025-08-03 06:55:00,512.4473299308249,2025-08-03 04:55:00,460.6791997580891,613.7146066324668
2025-08-03 07:00:00,506.9022277593016,2025-08-03 05:00:00,455.69427139228213,607.0737091213164
2025-08-03 07:05:00,501.4038243143327,2025-08-03 05:05:00,450.7513241838006,600.4887387053496
2025-08-03 07:10:00,496.07613099917813,2025-08-03 05:10:00,445.96184173432965,594.1082133007
2025-08-03 07:15:00,491.04118466297984,2025-08-03 05:15:00,441.4355325635943,588.0782860678804
2025-08-03 07:20:00,486.4153176939799,2025-08-03 05:20:00,437.27697700286194,582.5382784194902
2025-08-03 07:25:00,482.3055044511017,2025-08-03 05:25:00,433.5823427150027,577.6163044518897
2025-08-03 07:30:00,478.8059239548819,2025-08-03 05:30:00,430.43629462708475,573.4251543723175
2025-08-03 07:35:00,475.9948748698311,2025-08-03 05:35:00,427.9092215654362,570.0585998355041
2025-08-03 07:40:00,473.9321689059435,2025-08-03 05:40:00,426.05489297929984,567.588272242234
2025-08-03 07:45:00,472.6571133338647,2025-08-03 05:45:00,424.9086452650779,566.0612465692569
2025-08-03 07:50:00,472.1871731614758,2025-08-03 05:50:00,424.4861790916674,565.4984391719048
2025-08-03 07:55:00,472.5173786050537,2025-08-03 05:55:00,424.7830267296944,565.8938981626671
2025-08-03 08:00:00,473.62051556524585,2025-08-03 06:00:00,425.7747232853453,567.2150315280755
2025-08-03 08:05:00,475.4481064863137,2025-08-03 06:05:00,427.4176884718677,569.4037818204414
2025-08-03 08:10:00,477.9321574472329,2025-08-03 06:10:00,429.65079720713817,572.3787185003561
2025-08-03 08:15:00,480.9876162912632,2025-08-03 06:15:00,432.3975894196211,576.0379818295237
2025-08-03 08:20:00,484.5154568027932,2025-08-03 06:20:00,435.56904265744987,580.2629765271993
2025-08-03 08:25:00,488.4062773021932,2025-08-03 06:25:00,439.06680714830577,584.9226815013459
2025-08-03 08:30:00,492.54427916349437,2025-08-03 06:30:00,442.78678240179966,589.8784145810669
2025-08-03 08:35:00,496.8114730029117,2025-08-03 06:35:00,446.62289848307734,594.9888699110537
2025-08-03 08:40:00,501.09194880109936,2025-08-03 06:40:00,450.4709547614838,600.1152319140309
2025-08-03 08:45:00,505.27604073493956,2025-08-03 06:45:00,454.23236400534887,605.1261631557595
2025-08-03 08:50:00,509.2642194100565,2025-08-03 06:50:00,457.81765141584856,609.902465741061
2025-08-03 08:55:00,512.9705529699512,2025-08-03 06:55:00,461.14956609016116,614.3412263900169
2025-08-03 09:00:00,516.3255937717782,2025-08-03 07:00:00,464.1656760813091,618.3592735641666
2025-08-03 09:05:00,519.2785694327465,2025-08-03 07:05:00,466.8203381020549,621.895801496532
2025-08-03 09:10:00,521.7987838109685,2025-08-03 07:10:00,469.0859569767495,624.9140480272902
2025-08-03 09:15:00,523.8761653603881,2025-08-03 07:15:00,470.9534786006948,627.4019513218584
2025-08-03 09:20:00,525.5209347470671,2025-08-03 07:20:00,472.43209113428765,629.3717518031744
2025-08-03 09:25:00,526.762400240734,2025-08-03 07:25:00,473.54814208576187,630.8585494945515
2025-08-03 09:30:00,527.6469258696654,2025-08-03 07:30:00,474.3433117258431,631.9178706514972
2025-08-03 09:35:00,528.2351528021267,2025-08-03 07:35:00,474.8721151690359,632.6223400464588
2025-08-03 09:40:00,528.5985868046124,2025-08-03 07:40:00,475.1988345715013,633.0575940576417
2025-08-03 09:45:00,528.8156929723369,2025-08-03 07:45:00,475.394008377214,633.3176036596833
2025-08-03 09:50:00,528.9676616681576,2025-08-03 07:50:00,475.53062498752666,633.499603648616
2025-08-03 09:55:00,529.1340256954442,2025-08-03 07:55:00,475.6801826932313,633.6988437023748
2025-08-03 10:00:00,529.3883177816019,2025-08-03 08:00:00,475.90878584503577,634.0033877179463
2025-08-03 10:05:00,529.7939582992872,2025-08-03 08:05:00,476.273448002807,634.4891888846321
2025-08-03 10:10:00,530.4005563098116,2025-08-03 08:10:00,476.8187666526299,635.2156597581622
2025-08-03 10:15:00,531.2407922845384,2025-08-03 08:15:00,477.5741208399517,636.2219389610952
2025-08-03 10:20:00,532.3280286977015,2025-08-03 08:20:00,478.5515231435825,637.524029592948
2025-08-03 10:25:00,533.6547662772232,2025-08-03 08:25:00,479.74423187816706,639.1129504130263
2025-08-03 10:30:00,535.1920297284836,2025-08-03 08:30:00,481.12619887297916,640.954000174
2025-08-03 10:35:00,536.889728902659,2025-08-03 08:35:00,482.6523941545405,642.9871901625204
2025-08-03 10:40:00,538.6780008567434,2025-08-03 08:40:00,484.2600124299028,645.1288514704268
2025-08-03 10:45:00,540.4694972648307,2025-08-03 08:45:00,485.8705294205144,647.2743744327986
2025-08-03 10:50:00,542.1625410027068,2025-08-03 08:50:00,487.39253956431884,649.3019890009972
2025-08-03 10:55:00,543.6450383265728,2025-08-03 08:55:00,488.7252729808327,651.0774500265683
2025-08-03 11:00:00,544.798999223606,2025-08-03 09:00:00,489.7626591697101,652.4594509008582
2025-08-03 11:05:00,545.5054907692246,2025-08-03 09:05:00,490.397779973082,653.3055557699518
2025-08-03 11:10:00,545.6498273031701,2025-08-03 09:10:00,490.52753543295114,653.4784153673762
2025-08-03 11:15:00,545.1267878677269,2025-08-03 09:15:00,490.0573341566669,652.8520154963502
2025-08-03 11:20:00,543.845646766912,2025-08-03 09:20:00,488.90561568214525,651.3177017029044
2025-08-03 11:25:00,541.7348069107736,2025-08-03 09:25:00,487.0080157553888,648.7897282384921
2025-08-03 11:30:00,538.7458384165209,2025-08-03 09:30:00,484.32099694660633,645.2100947492615
2025-08-03 11:35:00,534.856745607669,2025-08-03 09:35:00,480.82478561263633,640.5524588832227
2025-08-03 11:40:00,530.0743140411934,2025-08-03 09:40:00,476.5254818242075,634.8249471251606
2025-08-03 11:45:00,524.4354237182457,2025-08-03 09:45:00,471.45623991431245,628.0717275174819
2025-08-03 11:50:00,518.0072543399193,2025-08-03 09:50:00,465.67745299875446,620.3732554775964
2025-08-03 11:55:00,510.8863514124568,2025-08-03 09:55:00,459.2759134246849,611.8451553515101
2025-08-03 12:00:00,503.19656677329175,2025-08-03 10:00:00,452.3629613475206,602.6357539569304
2025-08-03 12:05:00,495.08593156623675,2025-08-03 10:05:00,445.07167360245563,592.9223356114604
2025-08-03 12:10:00,486.7225623062121,2025-08-03 10:10:00,437.5531833441307,582.9062391743282
2025-08-03 12:15:00,478.2897394349448,2025-08-03 10:15:00,429.9722557733664,572.8069640508932
2025-08-03 12:20:00,469.98033143994695,2025-08-03 10:20:00,422.5022755392693,562.8554924339229
2025-08-03 12:25:00,461.9907643387912,2025-08-03 10:25:00,415.319825434454,553.2870670675318
2025-08-03 12:30:00,454.5147554374586,2025-08-03 10:30:00,408.5990531776931,544.333686702214
2025-08-03 12:35:00,447.73704088420095,2025-08-03 10:35:00,402.5060326188682,536.216594119292
2025-08-03 12:40:00,441.8273276909904,2025-08-03 10:40:00,397.1933267354839,529.1390329811132
2025-08-03 12:45:00,436.93469366284364,2025-08-03 10:45:00,392.7949532887921,523.2795411024337
2025-08-03 12:50:00,433.1826418534175,2025-08-03 10:50:00,389.42193888504715,518.7860275922795
2025-08-03 12:55:00,430.6649919179235,2025-08-03 10:55:00,387.15862538956856,515.770852276587
2025-08-03 13:00:00,429.4427589041963,2025-08-03 11:00:00,386.05986402660517,514.3070876915825
2025-08-03 13:05:00,429.5421325833645,2025-08-03 11:05:00,386.1491988407848,514.4260990998937
2025-08-03 13:10:00,430.9536285418979,2025-08-03 11:10:00,387.4181035470045,516.1165278256548
2025-08-03 13:15:00,433.632437855018,2025-08-03 11:15:00,389.8262958793546,519.3247100286274
2025-08-03 13:20:00,437.4999568452429,2025-08-03 11:20:00,393.303112811363,523.9565087659724
2025-08-03 13:25:00,442.4464342231777,2025-08-03 11:25:00,397.74989027900267,529.880484247756
2025-08-03 13:30:00,448.33463123276033,2025-08-03 11:30:00,403.04325357305805,536.9322772817802
2025-08-03 13:35:00,455.00435359373046,2025-08-03 11:35:00,409.0391914585674,544.9200367958421
2025-08-03 13:40:00,462.277682369982,2025-08-03 11:40:00,415.5777586136999,553.6306844041112
2025-08-03 13:45:00,469.96470726880085,2025-08-03 11:45:00,422.4882297432625,562.836780692269
2025-08-03 13:50:00,477.8695490350505,2025-08-03 11:50:00,429.59451358238755,572.3037377270938
2025-08-03 13:55:00,485.79645051630376,2025-08-03 11:55:00,436.7206286339342,581.7971138073992
2025-08-03 14:00:00,493.55571662057105,2025-08-03 12:00:00,443.6960430635624,591.0897272464815
2025-08-03 14:05:00,500.96929325340346,2025-08-03 12:05:00,450.3606900449791,599.9683377908522
2025-08-03 14:10:00,507.8757930315097,2025-08-03 12:10:00,456.5694857690916,608.2396654902274
2025-08-03 14:15:00,514.1348004646032,2025-08-03 12:15:00,462.1961997104965,615.7355466478659
2025-08-03 14:20:00,519.6303206848874,2025-08-03 12:20:00,467.1365549615944,622.3170640707154
2025-08-03 14:25:00,524.2732713545088,2025-08-03 12:25:00,471.3104684041451,627.8775314151454
2025-08-03 14:30:00,528.0029569070075,2025-08-03 12:30:00,474.6633760208291,632.3442587606143
2025-08-03 14:35:00,530.7875045851878,2025-08-03 12:35:00,477.1666248839766,635.6790748151626
2025-08-03 14:40:00,532.6232827591591,2025-08-03 12:40:00,478.816950235916,637.8776302843762
2025-08-03 14:45:00,533.5333605151166,2025-08-03 12:45:00,479.63509069220197,638.9675530518102
2025-08-03 14:50:00,533.5651031199255,2025-08-03 12:50:00,479.663626615657,639.0055684713197
2025-08-03 14:55:00,532.7870287885397,2025-08-03 12:55:00,478.9641544174439,638.0737349845851
2025-08-03 15:00:00,531.285076903757,2025-08-03 13:00:00,477.6139317663663,636.2749748851331
2025-08-03 15:05:00,529.158456034172,2025-08-03 13:05:00,475.70214504572607,633.7281018423757
2025-08-03 15:10:00,526.5152506778124,2025-08-03 13:10:00,473.3259599097271,630.5625594719121
2025-08-03 15:15:00,523.4679686648115,2025-08-03 13:15:00,470.58651849361894,626.9130888381992
2025-08-03 15:20:00,520.1292065739057,2025-08-03 13:20:00,467.58504271574975,622.9145372923531
2025-08-03 15:25:00,516.6075986578397,2025-08-03 13:25:00,464.4191924480666,618.697006844465
2025-08-03 15:30:00,513.0041963155858,2025-08-03 13:30:00,461.1798107390038,614.3815181652413
2025-08-03 15:35:00,509.4094013481026,2025-08-03 13:35:00,457.9481668759397,610.0763378071133
2025-08-03 15:40:00,505.90054761529905,2025-08-03 13:40:00,454.7937823464812,605.8740819603532
2025-08-03 15:45:00,502.5401944751072,2025-08-03 13:45:00,451.7728966766561,601.8496726501177
2025-08-03 15:50:00,499.37516206088134,2025-08-03 13:50:00,448.9276001659087,598.059182370194
2025-08-03 15:55:00,496.43630532312517,2025-08-03 13:55:00,446.2856307554408,594.539563471985
2025-08-03 16:00:00,493.7389917448784,2025-08-03 14:00:00,443.86080348413645,591.3092202836195
2025-08-03 16:05:00,491.2842183524943,2025-08-03 14:05:00,441.6540146573831,588.3693468588089
2025-08-03 16:10:00,489.06027816633076,2025-08-03 14:10:00,439.6547399506343,585.7059227431837
2025-08-03 16:15:00,487.0448657873995,2025-08-03 14:15:00,437.84292728681584,583.2922346564393
2025-08-03 16:20:00,485.2074969644227,2025-08-03 14:20:00,436.1911719754092,581.0917742021245
2025-08-03 16:25:00,483.51210823888823,2025-08-03 14:25:00,434.667053737807,579.0613512415425
2025-08-03 16:30:00,481.9197006574937,2025-08-03 14:30:00,433.23551334831063,577.1542600434168
2025-08-03 16:35:00,480.39089545731116,2025-08-03 14:35:00,431.86115014048363,575.323340010768
2025-08-03 16:40:00,478.88827983493127,2025-08-03 14:40:00,430.5103308034887,573.5237850092167
2025-08-03 16:45:00,477.37843616834294,2025-08-03 14:45:00,429.1530136091975,571.7155735935345
2025-08-03 16:50:00,475.8335680403341,2025-08-03 14:50:00,427.76421017248344,569.8654163576524
2025-08-03 16:55:00,474.2326597724184,2025-08-03 14:55:00,426.32502784744514,567.9481446098785
2025-08-03 17:00:00,472.56213181607814,2025-08-03 15:00:00,424.8232589101297,565.9474952792783
2025-08-03 17:05:00,470.81598106074193,2025-08-03 15:05:00,423.25350669240646,563.8562789506133
2025-08-03 17:10:00,468.99542158183857,2025-08-03 15:10:00,421.6168626221438,561.6759496188223
2025-08-03 17:15:00,467.10806639577186,2025-08-03 15:15:00,419.92017063841575,559.4156247465099
2025-08-03 17:20:00,465.16671307989145,2025-08-03 15:20:00,418.174935489804,557.090630904214
2025-08-03 17:25:00,463.1878149947434,2025-08-03 15:25:00,416.3959483958682,554.7206728832475
2025-08-03 17:30:00,461.18973407038504,2025-08-03 15:30:00,414.5997163393765,552.3277412063902
2025-08-03 17:35:00,459.19088052024256,2025-08-03 15:35:00,412.8027897088142,549.9338842213081
2025-08-03 17:40:00,457.2078487084309,2025-08-03 15:40:00,411.0200864829362,547.5589755873028
2025-08-03 17:45:00,455.253656924119,2025-08-03 15:45:00,409.2633098255339,545.2186062026965
2025-08-03 17:50:00,453.3361919325189,2025-08-03 15:50:00,407.53954977001024,542.9222213757714
2025-08-03 17:55:00,451.4569475101165,2025-08-03 15:55:00,405.8501491895076,540.671610075647
2025-08-03 18:00:00,449.610130166643,2025-08-03 16:00:00,404.189899860068,538.4598339315019
2025-08-03 18:05:00,447.7821859023142,2025-08-03 16:05:00,402.54661702550425,536.2706604699481
2025-08-03 18:10:00,445.95177994500716,2025-08-03 16:10:00,400.90112118155383,534.0785388479698
2025-08-03 18:15:00,444.09023826573906,2025-08-03 16:15:00,399.227634988861,531.8491286184811
2025-08-03 18:20:00,442.16243614354335,2025-08-03 16:20:00,397.4945820738132,529.5403638889462
2025-08-03 18:25:00,440.12809649332144,2025-08-03 16:25:00,395.6657541975378,527.1040082182839
2025-08-03 18:30:00,437.9434399188549,2025-08-03 16:30:00,393.70179461830196,524.487630745097
2025-08-03 18:35:00,435.56311090931314,2025-08-03 16:35:00,391.5619297010144,521.636913029495
2025-08-03 18:40:00,432.94229026757387,2025-08-03 16:40:00,389.2058679451479,518.4981789289262
2025-08-03 18:45:00,430.03889454335126,2025-08-03 16:45:00,386.59577722812435,515.0210286722742
2025-08-03 18:50:00,426.81575798360967,2025-08-03 16:50:00,383.69824633211357,511.1609519963911
2025-08-03 18:55:00,423.2426929735095,2025-08-03 16:55:00,380.4861372364163,506.8817957610725
2025-08-03 19:00:00,419.2983296853106,2025-08-03 17:00:00,376.9402389225194,502.1579671401695
2025-08-03 19:05:00,414.97164552231834,2025-08-03 17:05:00,373.0506423115227,496.97626530659346
2025-08-03 19:10:00,410.26310868634835,2025-08-03 17:10:00,368.81776830685385,491.33725098585944
2025-08-03 19:15:00,405.18537787503965,2025-08-03 17:15:00,364.25299680720246,485.2560844240812
2025-08-03 19:20:00,399.76351976594526,2025-08-03 17:20:00,359.37886222007,478.76278585017883
2025-08-03 19:25:00,394.0347282623454,2025-08-03 17:25:00,354.2288010697552,471.9018992404549
2025-08-03 19:30:00,388.0475515883809,2025-08-03 17:30:00,348.84645717239385,464.731566676136
2025-08-03 19:35:00,381.86065578816226,2025-08-03 17:35:00,343.28457004807973,457.32204749136486
2025-08-03 19:40:00,375.5411739588766,2025-08-03 17:40:00,337.6034909167003,449.7537412900141
2025-08-03 19:45:00,369.16270910133767,2025-08-03 17:45:00,331.86938730325625,442.11479612955844
2025-08-03 19:50:00,362.8030739796349,2025-08-03 17:50:00,326.1522112199797,434.4984017430979
2025-08-03 19:55:00,356.5418628802976,2025-08-03 17:55:00,320.523516229709,426.9998814417211
2025-08-03 20:00:00,350.4579576085873,2025-08-03 18:00:00,315.0542153898474,419.7137052582665
2025-08-03 20:05:00,344.6270725947531,2025-08-03 18:05:00,309.8123743553411,412.7305499297619
2025-08-03 20:10:00,339.1194420911222,2025-08-03 18:10:00,304.861132218284,406.13452904997877
2025-08-03 20:15:00,333.9977456580037,2025-08-03 18:15:00,300.2568365640723,400.0007086002429
2025-08-03 20:20:00,329.3153574580407,2025-08-03 18:20:00,296.047469624436,394.39301027809785
2025-08-03 20:25:00,325.11499002885296,2025-08-03 18:25:00,292.27142905802435,389.3625872590849
2025-08-03 20:30:00,321.4277857453151,2025-08-03 18:30:00,288.9567111944068,384.9467361183433
2025-08-03 20:35:00,318.27288922660784,2025-08-03 18:35:00,286.12052663714934,381.1683847388837
2025-08-03 20:40:00,315.65751259945336,2025-08-03 18:40:00,283.7693589340681,378.0361704718164
2025-08-03 20:45:00,313.57748415292633,2025-08-03 18:45:00,281.89945780618154,375.54509721358124
2025-08-03 20:50:00,312.0182497165571,2025-08-03 18:50:00,280.49773936522723,373.6777346713794
2025-08-03 20:55:00,310.956276734012,2025-08-03 18:55:00,279.5430483458992,372.4058999028679
2025-08-03 21:00:00,310.360793882679,2025-08-03 19:00:00,279.00772198668335,371.6927407106606
2025-08-03 21:05:00,310.19578493992947,2025-08-03 19:05:00,278.85938247302244,371.49512352646326
2025-08-03 21:10:00,310.42214550184724,2025-08-03 19:10:00,279.06287578136914,371.76621632976315
2025-08-03 21:15:00,310.9999046584604,2025-08-03 19:15:00,279.58226891774746,372.4581493594016
2025-08-03 21:20:00,311.8904120058123,2025-08-03 19:20:00,280.3828159948727,373.5246343120252
2025-08-03 21:25:00,313.05839269697174,2025-08-03 19:25:00,281.4328056790981,374.92342550199197
2025-08-03 21:30:00,314.47377995225406,2025-08-03 19:30:00,282.70520857794685,376.6185145030908
2025-08-03 21:35:00,316.1132448336996,2025-08-03 19:35:00,284.17905247468013,378.5819622293964
2025-08-03 21:40:00,317.9613570100846,2025-08-03 19:40:00,285.84046583123944,380.7952890848528
2025-08-03 21:45:00,320.0113267082676,2025-08-03 19:45:00,287.68334478665275,383.2503635353308
2025-08-03 21:50:00,322.26529648557147,2025-08-03 19:50:00,289.7096154541718,385.94975153960877
2025-08-03 21:55:00,324.7341712266167,2025-08-03 19:55:00,291.92908109205734,388.90651295103015
2025-08-03 22:00:00,327.4369943242635,2025-08-03 20:00:00,294.35886130357625,392.1434544224461
2025-08-03 22:05:00,330.3998975528167,2025-08-03 20:05:00,297.0224479954511,395.6918717586181
2025-08-03 22:10:00,333.65466984214044,2025-08-03 20:10:00,299.94841873637165,399.5898358586364
2025-08-03 22:15:00,337.23700589017096,2025-08-03 20:15:00,303.16886229706705,403.88009522800246
2025-08-03 22:20:00,341.18450856409265,2025-08-03 20:20:00,306.717582851647,408.6076836243231
2025-08-03 22:25:00,345.5345285918122,2025-08-03 20:25:00,310.62815790639854,413.81733283942515
2025-08-03 22:30:00,350.32193128856704,2025-08-03 20:30:00,314.9319306347265,419.55079809765317
2025-08-03 22:35:00,355.5768822145764,2025-08-03 20:35:00,319.6560192306975,425.84420612626775
2025-08-03 22:40:00,361.3227422273761,2025-08-03 20:40:00,324.8214246060673,432.7255342385571
2025-08-03 22:45:00,367.5741572282957,2025-08-03 20:45:00,330.44131311318097,440.2123225855733
2025-08-03 22:50:00,374.33541934190816,2025-08-03 20:50:00,336.51954328031667,448.3097114800667
2025-08-03 22:55:00,381.59916501793145,2025-08-03 20:55:00,343.04949543311335,457.00888222380087
2025-08-03 23:00:00,389.34546157488325,2025-08-03 21:00:00,350.01325051683506,466.28596313853575
2025-08-03 23:05:00,397.5413183511645,2025-08-03 21:05:00,357.38115063164065,476.10144411323506
2025-08-03 23:10:00,406.14064205593615,2025-08-03 21:10:00,365.1117588939761,486.4001231316068
2025-08-03 23:15:00,415.0846390450554,2025-08-03 21:15:00,373.15222107404526,497.11158804379636
2025-08-03 23:20:00,424.3026505287712,2025-08-03 21:20:00,381.4390164296817,508.15121682364753
2025-08-03 23:25:00,433.7133916011568,2025-08-03 21:25:00,389.8990715673334,519.4216614489299
2025-08-03 23:30:00,443.2265506424545,2025-08-03 21:30:00,398.45119827059494,530.8147633695706
2025-08-03 23:35:00,452.74469399383594,2025-08-03 21:35:00,407.00780576211815,542.2138345747089
2025-08-03 23:40:00,462.1654115066195,2025-08-03 21:40:00,415.47682950651347,553.4962271346117
2025-08-03 23:45:00,471.3836318676633,2025-08-03 21:45:00,423.7638126384046,564.536106069083
2025-08-03 23:50:00,480.2940328426976,2025-08-03 21:50:00,431.7740727196828,575.2073358910218
2025-08-03 23:55:00,488.79347079862083,2025-08-03 21:55:00,439.41488582813787,585.3863902387546
2025-08-04 00:00:00,496.7833558283962,2025-08-03 22:00:00,446.59762174398884,594.9551963612281
2025-08-04 00:05:00,504.17190320177957,2025-08-03 22:05:00,453.2397679559799,603.803831489161
2025-08-04 00:10:00,510.87619863412516,2025-08-03 22:10:00,459.2667862939069,611.8329962319361
2025-08-04 00:15:00,516.8240234686588,2025-08-03 22:15:00,464.6137537284803,618.9562004432594
2025-08-04 00:20:00,521.9553956638449,2025-08-03 22:20:00,469.2267476860415,625.1016087307385
2025-08-04 00:25:00,526.223793634221,2025-08-03 22:25:00,473.06394625532147,630.2135061460178
2025-08-04 00:30:00,529.5970409693513,2025-08-03 22:30:00,476.09642353087617,634.2533577374642
2025-08-04 00:35:00,532.0578415613131,2025-08-03 22:35:00,478.30863068126223,637.200449426869
2025-08-04 00:40:00,533.6039653941186,2025-08-03 22:40:00,479.69856296975695,639.0521105136453
2025-08-04 00:45:00,534.2480951662997,2025-08-03 22:45:00,480.27762187133965,639.8235299877358
2025-08-04 00:50:00,534.0173528702197,2025-08-03 22:50:00,480.07018947760895,639.5471895538979
2025-08-04 00:55:00,532.9525327974095,2025-08-03 22:55:00,479.1129389849685,638.2719450673917
2025-08-04 01:00:00,531.1070734402751,2025-08-03 23:00:00,477.45391045623074,636.0617952680498
2025-08-04 01:05:00,528.5458051673781,2025-08-03 23:05:00,475.1513850074529,632.9943819774129
2025-08-04 01:10:00,525.3435132506814,2025-08-03 23:10:00,472.2725930001362,629.1592691586123
2025-08-04 01:15:00,521.5833573599485,2025-08-03 23:15:00,468.8922932004625,624.6560500791619
2025-08-04 01:20:00,517.355188447774,2025-08-03 23:20:00,465.091259694901,619.592331587232
2025-08-04 01:25:00,512.753803088483,2025-08-03 23:25:00,460.9547125781799,614.0816434817385
2025-08-04 01:30:00,507.8771731311385,2025-08-03 23:30:00,456.57072644916826,608.2413183182377
2025-08-04 01:35:00,502.8246859163827,2025-08-03 23:35:00,452.0286484034189,602.1903838662269
2025-08-04 01:40:00,497.6954273050935,2025-08-03 23:40:00,447.41755451261855,596.0475068385166
2025-08-04 01:45:00,492.58653612424155,2025-08-03 23:45:00,442.82477050657496,589.929022150914
2025-08-04 01:50:00,487.59165561270044,2025-08-03 23:50:00,438.33447965608957,583.9470783505034
2025-08-04 01:55:00,482.7995038053124,2025-08-03 23:55:00,434.02643757878025,578.2079254861666
2025-08-04 02:00:00,478.2925819061903,2025-08-04 00:00:00,429.9748110942789,572.8103682370805
2025-08-04 02:05:00,474.146036760277,2025-08-04 00:05:00,426.24715561046946,567.8444035915988
2025-08-04 02:10:00,470.42669096485713,2025-08-04 00:10:00,422.90354321446193,563.3900592942555
2025-08-04 02:15:00,467.1922517130513,2025-08-04 00:15:00,419.99585143979857,559.5164463448689
2025-08-04 02:20:00,464.4907072878554,2025-08-04 00:20:00,417.56722072749074,556.2810362307542
2025-08-04 02:25:00,462.35991786209036,2025-08-04 00:25:00,415.65168656391734,553.7291708626069
2025-08-04 02:30:00,460.827404911171,2025-08-04 00:30:00,414.2739901674043,551.8938103720769
2025-08-04 02:35:00,459.9103412407089,2025-08-04 00:35:00,413.44956952325197,550.7955211686761
2025-08-04 02:40:00,459.61574068654534,2025-08-04 00:40:00,413.1847299200118,550.4427031273829
2025-08-04 02:45:00,459.9408435265862,2025-08-04 00:45:00,413.47699042649026,550.8320511636341
2025-08-04 02:50:00,460.87369013866527,2025-08-04 00:50:00,414.3155995979102,551.9492422545854
2025-08-04 02:55:00,462.3938714887809,2025-08-04 00:55:00,415.68221014879936,553.7698342350767
2025-08-04 03:00:00,464.4734408319251,2025-08-04 01:00:00,417.5516985525548,556.2603576642161
2025-08-04 03:05:00,467.0779665479249,2025-08-04 01:05:00,419.89311151836756,559.3795767173718
2025-08-04 03:10:00,470.16770148216756,2025-08-04 01:10:00,422.67071720354824,563.0798896061584
2025-08-04 03:15:00,473.6988397814875,2025-08-04 01:15:00,425.84513508213377,567.3088337839425
2025-08-04 03:20:00,477.6248280878554,2025-08-04 01:20:00,429.3745146799967,572.0106562510662
2025-08-04 03:25:00,481.8976946631462,2025-08-04 01:25:00,433.2157304296109,577.1279053345994
2025-08-04 03:30:00,486.469357250641,2025-08-04 01:30:00,437.3255574095962,582.6029970028875
2025-08-04 03:35:00,491.29286916054514,2025-08-04 01:35:00,441.6617915489724,588.3797071962521
2025-08-04 03:40:00,496.32356291656987,2025-08-04 01:40:00,446.1842777409999,594.4045414752869
2025-08-04 03:45:00,501.5200520993752,2025-08-04 01:45:00,450.85581047902684,600.6279348435884
2025-08-04 03:50:00,506.8450552250515,2025-08-04 01:50:00,455.64287450564007,607.0052384369786
2025-08-04 03:55:00,512.2660099862755,2025-08-04 01:55:00,460.5161970023396,613.4974551479255
2025-08-04 04:00:00,517.7554527221021,2025-08-04 02:00:00,465.45108872477243,620.0716940842548
2025-08-04 04:05:00,523.2911456749895,2025-08-04 02:05:00,470.4275584040796,626.7013229740726
2025-08-04 04:10:00,528.8559439004937,2025-08-04 02:10:00,475.4301931015549,633.365808774819
2025-08-04 04:15:00,534.4374037378668,2025-08-04 02:15:00,480.4478062320791,640.0502487717856
2025-08-04 04:20:00,540.0271456041693,2025-08-04 02:20:00,485.4728647296423,646.7446074507897
2025-08-04 04:25:00,545.6199948907666,2025-08-04 02:25:00,490.5007167316521,653.4426876229355
2025-08-04 04:30:00,551.2129352548671,2025-08-04 02:30:00,495.52865061039114,660.140876870865
2025-08-04 04:35:00,556.803918788826,2025-08-04 02:35:00,500.55482534064583,666.8367225896734
2025-08-04 04:40:00,562.3905857795564,2025-08-04 02:40:00,505.57711959077307,673.5273987515836
2025-08-04 04:45:00,567.9689538858864,2025-08-04 02:45:00,510.59195332115286,680.2081360450916
2025-08-04 04:50:00,573.5321407680266,2025-08-04 02:50:00,515.5931394553746,686.8706920768625
2025-08-04 04:55:00,579.0691866093082,2025-08-04 02:55:00,520.57082535244,693.5019412061082
2025-08-04 05:00:00,584.5640417697255,2025-08-04 03:00:00,525.5105827289285,700.0826621432884
2025-08-04 05:05:00,589.9947811561397,2025-08-04 03:05:00,530.3927013945985,706.5865970680866
2025-08-04 05:10:00,595.3331001438573,2025-08-04 03:10:00,535.1917360966569,712.979847937533
2025-08-04 05:15:00,600.5441371274476,2025-08-04 03:15:00,539.8763469967356,719.2206639702033
2025-08-04 05:20:00,605.586655655761,2025-08-04 03:20:00,544.4094634063816,725.2596597738471
2025-08-04 05:25:00,610.4136045954565,2025-08-04 03:25:00,548.7487873620987,731.0404862056292
2025-08-04 05:30:00,614.9730589078406,2025-08-04 03:30:00,552.8476393636229,736.5009570605778
2025-08-04 05:35:00,619.2095262992611,2025-08-04 03:35:00,556.6561330247067,741.574613935691
2025-08-04 05:40:00,623.0655879131198,2025-08-04 03:40:00,560.1226500201803,746.192691147293
2025-08-04 05:45:00,626.483824142449,2025-08-04 03:45:00,563.1955713503081,750.2864221130544
2025-08-04 05:50:00,629.408961037915,2025-08-04 03:50:00,565.8252069157194,753.7896099224033
2025-08-04 05:55:00,631.7901591609384,2025-08-04 03:55:00,567.965853147456,756.6413685013437
2025-08-04 06:00:00,633.5833557303184,2025-08-04 04:00:00,569.5778985467412,758.7889276023742
2025-08-04 06:05:00,634.7535633751065,2025-08-04 04:05:00,570.6298902146938,760.1903858254005
2025-08-04 06:10:00,635.2770249636916,2025-08-04 04:10:00,571.100470997632,760.8172912733595
2025-08-04 06:15:00,635.1431244310128,2025-08-04 04:15:00,570.9800972799077,760.6569299875432
2025-08-04 06:20:00,634.3559582602867,2025-08-04 04:20:00,570.2724517124,759.7142079776797
2025-08-04 06:25:00,632.9354814953964,2025-08-04 04:25:00,568.9954734531651,758.0130237035556
2025-08-04 06:30:00,630.9181551642174,2025-08-04 04:30:00,567.1819401871728,755.597043438899
2025-08-04 06:35:00,628.3570393424993,2025-08-04 04:35:00,564.8795517887473,752.5298127260801
2025-08-04 06:40:00,625.321295951752,2025-08-04 04:40:00,562.1504833474908,748.8941609194035
2025-08-04 06:45:00,621.8950880776065,2025-08-04 04:45:00,559.0703956790093,744.7908829922727
2025-08-04 06:50:00,618.1758867928535,2025-08-04 04:50:00,555.7269131950034,740.3367117630709
2025-08-04 06:55:00,614.2722209543541,2025-08-04 04:55:00,552.2176010187733,735.6616230181991
2025-08-04 07:00:00,610.3009298533958,2025-08-04 05:00:00,548.6474951765927,730.9055452449445
2025-08-04 07:05:00,606.3840010039813,2025-08-04 05:05:00,545.1262598369506,726.2145725193177
2025-08-04 07:10:00,602.6450956947838,2025-08-04 05:10:00,541.7650638559999,721.7368034549731
2025-08-04 07:15:00,599.2058811618869,2025-08-04 05:15:00,538.673283479224,717.6179485582827
2025-08-04 07:20:00,596.1823007840096,2025-08-04 05:20:00,535.9551493266414,713.9968633582075
2025-08-04 07:25:00,593.680920469214,2025-08-04 05:25:00,533.7064618725254,711.0011727842315
2025-08-04 07:30:00,591.795491462465,2025-08-04 05:30:00,532.0115014828457,708.7431547331536
2025-08-04 07:35:00,590.603865403682,2025-08-04 05:35:00,530.9402551183753,707.3160454963512
2025-08-04 07:40:00,590.1653878029975,2025-08-04 05:40:00,530.5460731246425,706.7909181466633
2025-08-04 07:45:00,590.5188807297595,2025-08-04 05:45:00,530.8638557124507,707.2142665764901
2025-08-04 07:50:00,591.6813051100517,2025-08-04 05:50:00,531.9088503919323,708.6064034452435
2025-08-04 07:55:00,593.6471683714442,2025-08-04 05:55:00,533.6761194578369,710.9607507658191
2025-08-04 08:00:00,596.3887151299965,2025-08-04 06:00:00,536.1407114130722,714.2440682742089
2025-08-04 08:05:00,599.8569082519912,2025-08-04 06:05:00,539.2585429222395,718.3976283637456
2025-08-04 08:10:00,603.9831761948236,2025-08-04 06:10:00,542.9679696337575,723.3393087267547
2025-08-04 08:15:00,608.6818713772992,2025-08-04 06:15:00,547.191996202229,728.9665365356851
2025-08-04 08:20:00,613.8533546659775,2025-08-04 06:20:00,551.8410491757554,735.1599824702087
2025-08-04 08:25:00,619.3875942663055,2025-08-04 06:25:00,556.8162123221667,741.787870803208
2025-08-04 08:30:00,625.1681445354433,2025-08-04 06:30:00,562.0128034967314,748.710744486679
2025-08-04 08:35:00,631.0763525710262,2025-08-04 06:35:00,567.3241562755702,755.7865030255126
2025-08-04 08:40:00,636.9956286536418,2025-08-04 06:40:00,572.6454589921922,762.8755168234414
2025-08-04 08:45:00,642.8156114701949,2025-08-04 06:45:00,577.8774991842982,769.8456155170004
2025-08-04 08:50:00,648.436060798211,2025-08-04 06:50:00,582.9301630337925,776.5767499126206
2025-08-04 08:55:00,653.770318985861,2025-08-04 06:55:00,587.7255471633603,782.9651375070131
2025-08-04 09:00:00,658.7481981053295,2025-08-04 07:00:00,592.200554125654,788.9267201853363
2025-08-04 09:05:00,663.3181714653682,2025-08-04 07:05:00,596.3088625262511,794.3997888094925
2025-08-04 09:10:00,667.4487750531242,2025-08-04 07:10:00,600.0221868899125,799.3466616058763
2025-08-04 09:15:00,671.1291564263744,2025-08-04 07:15:00,603.3307711029717,803.7543415269456
2025-08-04 09:20:00,674.3687428349808,2025-08-04 07:20:00,606.2430900616156,807.6341187884999
2025-08-04 09:25:00,677.1960371363868,2025-08-04 07:25:00,608.7847672256437,811.0201288400223
2025-08-04 09:30:00,679.6565865333619,2025-08-04 07:30:00,610.9967485571041,813.9669196945441
2025-08-04 09:35:00,681.8102045105064,2025-08-04 07:35:00,612.9328051005726,816.5461248781447
2025-08-04 09:40:00,683.7275588796172,2025-08-04 07:40:00,614.6564657088421,818.8423772219177
2025-08-04 09:45:00,685.4862671325366,2025-08-04 07:45:00,616.237506848567,820.948632597992
2025-08-04 09:50:00,687.1666629710224,2025-08-04 07:50:00,617.7481468010769,822.9610998522215
2025-08-04 09:55:00,688.8474141430227,2025-08-04 07:55:00,619.2591061908234,824.9739926591964
2025-08-04 10:00:00,690.6011805568828,2025-08-04 08:00:00,620.8357047228302,827.0743296147089
2025-08-04 10:05:00,692.490502661852,2025-08-04 08:05:00,622.534164924623,829.3370100985933
2025-08-04 10:10:00,694.5641031776915,2025-08-04 08:10:00,624.398287480172,831.8203851706483
2025-08-04 10:15:00,696.8537704862765,2025-08-04 08:15:00,626.4566494655365,834.562525073684
2025-08-04 10:20:00,699.371969938958,2025-08-04 08:20:00,628.7204569652247,837.5783584994006
2025-08-04 10:25:00,702.1103008052479,2025-08-04 08:25:00,631.1821579020324,840.8578246069934
2025-08-04 10:30:00,705.038882722427,2025-08-04 08:30:00,633.8148904683513,844.3651382260051
2025-08-04 10:35:00,708.1067175749135,2025-08-04 08:35:00,636.5728084479889,848.039223248482
2025-08-04 10:40:00,711.2430323212022,2025-08-04 08:40:00,639.3922883888929,851.7953208186537
2025-08-04 10:45:00,714.359567128974,2025-08-04 08:45:00,642.1939865877231,855.5277296378514
2025-08-04 10:50:00,717.3537327249924,2025-08-04 08:50:00,644.8856774799424,859.1135872540885
2025-08-04 10:55:00,720.1125233190384,2025-08-04 08:55:00,647.3657712748244,862.4175562384421
2025-08-04 11:00:00,722.5170377377997,2025-08-04 09:00:00,649.5273783582124,865.2972387627933
2025-08-04 11:05:00,724.447433554161,2025-08-04 09:05:00,651.2627629488936,867.609109739354
2025-08-04 11:10:00,725.7881180191002,2025-08-04 09:10:00,652.4680096354549,869.2147335585464
2025-08-04 11:15:00,726.4329663102892,2025-08-04 09:15:00,653.0477144702726,869.9870135417752
2025-08-04 11:20:00,726.2903528562898,2025-08-04 09:20:00,652.9195080224567,869.8162175307325
2025-08-04 11:25:00,725.2877854686953,2025-08-04 09:25:00,652.018221363625,868.6155277935391
2025-08-04 11:30:00,723.3759447454634,2025-08-04 09:30:00,650.2995174051863,866.3258786747494
2025-08-04 11:35:00,720.5319518407847,2025-08-04 09:35:00,647.7428285536279,862.9198701255469
2025-08-04 11:40:00,716.7617163061211,2025-08-04 09:40:00,644.3534673694398,858.4045795133777
2025-08-04 11:45:00,712.1012500670631,2025-08-04 09:45:00,640.163807804234,852.8231352603391
2025-08-04 11:50:00,706.6168734872211,2025-08-04 09:50:00,635.2334704477789,846.2549636283854
2025-08-04 11:55:00,700.4042822396447,2025-08-04 09:55:00,629.6484836653442,838.8146711905473
2025-08-04 12:00:00,693.5864886284076,2025-08-04 10:00:00,623.5194328897952,830.6495793267911
2025-08-04 12:05:00,686.3106953569297,2025-08-04 10:05:00,616.978650206115,821.9359802020832
2025-08-04 12:10:00,678.7442023627269,2025-08-04 10:10:00,610.1765346833059,812.874234730307
2025-08-04 12:15:00,671.0694861208437,2025-08-04 10:15:00,603.2771287733202,803.6828794742673
2025-08-04 12:20:00,663.4786245544962,2025-08-04 10:20:00,596.4531064248547,794.5919498350761
2025-08-04 12:25:00,656.1672672688107,2025-08-04 10:25:00,589.880352452325,785.8357587136597
2025-08-04 12:30:00,649.3283700800359,2025-08-04 10:30:00,583.7323300115058,777.6453928889897
2025-08-04 12:35:00,643.145923268409,2025-08-04 10:35:00,578.1744424328707,770.2412018796699
2025-08-04 12:40:00,637.7889043988873,2025-08-04 10:40:00,573.3585969366451,763.8255557513644
2025-08-04 12:45:00,633.4056789239291,2025-08-04 10:45:00,569.4181708943519,758.5761391947233
2025-08-04 12:50:00,630.1190553781998,2025-08-04 10:50:00,566.4635665545126,754.6400295524143
2025-08-04 12:55:00,628.0221774311889,2025-08-04 10:55:00,564.578518085727,752.1287770797361
2025-08-04 13:00:00,627.1754033844574,2025-08-04 11:00:00,563.8172863113768,751.1146677837298
2025-08-04 13:05:00,627.6042861672805,2025-08-04 11:05:00,564.2028427688721,751.6283042356697
2025-08-04 13:10:00,629.2987251121492,2025-08-04 11:10:00,565.7261071739504,753.6575897246842
2025-08-04 13:15:00,632.21331626953,2025-08-04 11:15:00,568.3462623461618,757.1481477999655
2025-08-04 13:20:00,636.2688828313683,2025-08-04 11:20:00,571.992130026896,762.0051551289067
2025-08-04 13:25:00,641.3551228564907,2025-08-04 11:25:00,576.5645511279431,768.0965124527465
2025-08-04 13:30:00,647.3342700920696,2025-08-04 11:30:00,581.9396767317668,775.2572288412508
2025-08-04 13:35:00,654.0456264388106,2025-08-04 11:35:00,587.9730426808594,783.2948498409866
2025-08-04 13:40:00,661.3107934459555,2025-08-04 11:40:00,594.5042725799636,791.9957227921852
2025-08-04 13:45:00,668.9394061637895,2025-08-04 11:45:00,601.3622324069581,801.1318637764869
2025-08-04 13:50:00,676.7351560745565,2025-08-04 11:50:00,608.3704449990524,810.4681707693192
2025-08-04 13:55:00,684.5018826699682,2025-08-04 11:55:00,615.3525662508055,819.7697190044685
2025-08-04 14:00:00,692.0495139513112,2025-08-04 12:00:00,622.1377254967861,828.8088754060865
2025-08-04 14:05:00,699.1996458242239,2025-08-04 12:05:00,628.5655412682585,837.3719805555412
2025-08-04 14:10:00,705.7905682658052,2025-08-04 12:10:00,634.4906397100148,845.2653681045135
2025-08-04 14:15:00,711.6815710049033,2025-08-04 12:15:00,639.7865252949523,852.3205213222783
2025-08-04 14:20:00,716.7563926177918,2025-08-04 12:20:00,644.348681487387,858.3982037844041
2025-08-04 14:25:00,720.9257128908758,2025-08-04 12:25:00,648.0968113238696,863.3914442637056
2025-08-04 14:30:00,724.1286273981045,2025-08-04 12:30:00,650.9761630267711,867.2273027062632
2025-08-04 14:35:00,726.3330839312521,2025-08-04 12:35:00,652.9579223457805,869.8673929068731
2025-08-04 14:40:00,727.5353011483162,2025-08-04 12:40:00,654.0386899352366,871.3071862736506
2025-08-04 14:45:00,727.7582284622857,2025-08-04 12:45:00,654.2390968270386,871.5741673677251
2025-08-04 14:50:00,727.0491418169476,2025-08-04 12:50:00,653.6016430844703,870.7249545682929
2025-08-04 14:55:00,725.4765007000747,2025-08-04 12:55:00,652.1878723242139,868.8415359844827
2025-08-04 15:00:00,723.1262166258695,2025-08-04 13:00:00,650.075017161801,866.0268005339728
2025-08-04 15:05:00,720.0975013585942,2025-08-04 13:05:00,647.3522668533707,862.3995657133552
2025-08-04 15:10:00,716.4984738550718,2025-08-04 13:10:00,644.1168180308471,858.0893164065985
2025-08-04 15:15:00,712.4417078291611,2025-08-04 13:15:00,640.4698720575417,853.2308725814979
2025-08-04 15:20:00,708.0398973378035,2025-08-04 13:20:00,636.5127384826255,847.9591983305287
2025-08-04 15:25:00,703.4018057810272,2025-08-04 13:25:00,632.3431932786942,842.404550332506
2025-08-04 15:30:00,698.6286455156919,2025-08-04 13:30:00,628.0522241918837,836.6881420237157
2025-08-04 15:35:00,693.8110111324953,2025-08-04 13:35:00,623.721273823428,830.9184708444715
2025-08-04 15:40:00,689.0264611980962,2025-08-04 13:40:00,619.4200656675007,825.1884220972187
2025-08-04 15:45:00,684.3378116857891,2025-08-04 13:45:00,615.2050699418573,819.57322513352
2025-08-04 15:50:00,679.7921712349469,2025-08-04 13:50:00,611.1186363066881,814.1292979662971
2025-08-04 15:55:00,675.4207151941087,2025-08-04 13:55:00,607.1887907341824,808.8939766604445
2025-08-04 16:00:00,671.2391632225762,2025-08-04 14:00:00,603.4296648621587,803.8860873156631
2025-08-04 16:05:00,667.2488962632583,2025-08-04 14:05:00,599.8425001287843,799.1072837698882
2025-08-04 16:10:00,663.4386228394883,2025-08-04 14:10:00,596.4171457378095,794.5440431813446
2025-08-04 16:15:00,659.7864845325555,2025-08-04 14:15:00,593.1339514378786,790.1701875800105
2025-08-04 16:20:00,656.2624753627185,2025-08-04 14:20:00,589.9659424943648,785.9497813545987
2025-08-04 16:25:00,652.8310412553279,2025-08-04 14:25:00,586.8811565538688,781.8402444121646
2025-08-04 16:30:00,649.4537235180856,2025-08-04 14:30:00,583.8450200737907,777.7955180461119
2025-08-04 16:35:00,646.091714301501,2025-08-04 14:35:00,580.8226456266752,773.7691253939549
2025-08-04 16:40:00,642.7082021033667,2025-08-04 14:40:00,577.7809404586169,769.71698044865
2025-08-04 16:45:00,639.2704006619286,2025-08-04 14:45:00,574.6904304208679,765.5998178914805
2025-08-04 16:50:00,635.7511747077032,2025-08-04 14:50:00,571.5267214859822,761.3851401168109
2025-08-04 16:55:00,632.1301991145206,2025-08-04 14:55:00,568.2715417998355,757.0486054487586
2025-08-04 17:00:00,628.3946139512329,2025-08-04 15:00:00,564.9133305591138,752.5748126409425
2025-08-04 17:05:00,624.5391643675646,2025-08-04 15:05:00,561.4473637657035,747.9574684058739
2025-08-04 17:10:00,620.5658409557636,2025-08-04 15:10:00,557.8754309195012,743.198956706679
2025-08-04 17:15:00,616.4830610375606,2025-08-04 15:15:00,554.2050990128835,738.3093582540827
2025-08-04 17:20:00,612.3044538485403,2025-08-04 15:20:00,550.4486204374149,733.3049956249959
2025-08-04 17:25:00,608.0473312556392,2025-08-04 15:25:00,546.6215581915553,728.2066017708582
2025-08-04 17:30:00,603.7309400139865,2025-08-04 15:30:00,542.7412146969062,723.037226894224
2025-08-04 17:35:00,599.3746009969932,2025-08-04 15:35:00,538.8249590058202,717.8200099628126
2025-08-04 17:40:00,594.9958444713718,2025-08-04 15:40:00,534.8885504534894,712.5759454869105
2025-08-04 17:45:00,590.6086493113477,2025-08-04 15:45:00,530.9445557491453,707.3217747759079
2025-08-04 17:50:00,586.2218869545239,2025-08-04 15:50:00,527.0009501256303,702.068122396508
2025-08-04 17:55:00,581.8380593096658,2025-08-04 15:55:00,523.0599827454641,696.817984672165
2025-08-04 18:00:00,577.452403862012,2025-08-04 16:00:00,519.1173722096406,691.5656579437856
2025-08-04 18:05:00,573.052419743082,2025-08-04 16:05:00,515.1618805045115,686.2961709838228
2025-08-04 18:10:00,568.6178468375472,2025-08-04 16:10:00,511.1752942193093,680.9852599743524
2025-08-04 18:15:00,564.1211065439181,2025-08-04 16:15:00,507.1328207805881,675.599896368681
2025-08-04 18:20:00,559.5281897125492,2025-08-04 16:20:00,503.00388668951547,670.0993502992153
2025-08-04 18:25:00,554.7999541457613,2025-08-04 16:25:00,498.753303946759,664.4367444830651
2025-08-04 18:30:00,549.8937740128837,2025-08-04 16:30:00,494.3427528413641,658.5610295862318
2025-08-04 18:35:00,544.7654651816157,2025-08-04 16:35:00,489.7325127825081,652.4192900293173
2025-08-04 18:40:00,539.3713969546747,2025-08-04 16:40:00,484.88336070562406,645.9592730349996
2025-08-04 18:45:00,533.6706906577297,2025-08-04 16:45:00,479.7585475559741,639.1320216899119
2025-08-04 18:50:00,527.6274008152184,2025-08-04 16:50:00,474.32575911910175,631.894487153507
2025-08-04 18:55:00,521.2125747840737,2025-08-04 16:55:00,468.5589675875428,624.211995306294
2025-08-04 19:00:00,514.4060915157055,2025-08-04 17:00:00,462.4400845685563,616.0604488787599
2025-08-04 19:05:00,507.1981902103771,2025-08-04 17:05:00,455.96033531174544,607.4281581907736
2025-08-04 19:10:00,499.5906130199427,2025-08-04 17:10:00,449.12128597440125,598.31720966952
2025-08-04 19:15:00,491.5973038720384,2025-08-04 17:15:00,441.93547184951814,588.7443027718298
2025-08-04 19:20:00,483.24462508775594,2025-08-04 17:20:00,434.4265921004539,578.7410094087533
2025-08-04 19:25:00,474.571075751472,2025-08-04 17:25:00,426.6292565814241,568.353436661046
2025-08-04 19:30:00,465.62651788491667,2025-08-04 17:30:00,418.5882901845246,557.6413000336285
2025-08-04 19:35:00,456.47093907572025,2025-08-04 17:35:00,410.3576204692349,546.6764415609791
2025-08-04 19:40:00,447.1728008161046,2025-08-04 17:40:00,401.9987928541939,535.5408517527843
2025-08-04 19:45:00,437.80704039111504,2025-08-04 17:45:00,393.5791743574157,524.3242766253223
2025-08-04 19:50:00,428.45280988477145,2025-08-04 17:50:00,385.16992101113175,513.1215099013256
2025-08-04 19:55:00,419.19104697871035,2025-08-04 17:55:00,376.8437940616766,502.02948376200743
2025-08-04 20:00:00,410.101980034015,2025-08-04 18:00:00,368.672917091364,491.14428089565075
2025-08-04 20:05:00,401.26267227257694,2025-08-04 18:05:00,360.7265682900063,480.55819337237966
2025-08-04 20:10:00,392.74470803078395,2025-08-04 18:10:00,353.0691004464195,470.35695166688174
2025-08-04 20:15:00,384.61211734836286,2025-08-04 18:15:00,345.7580751981397,460.6172391148841
2025-08-04 20:20:00,376.91962429473733,2025-08-04 18:20:00,338.84268831424816,451.40459408253304
2025-08-04 20:25:00,369.7112898428963,2025-08-04 18:25:00,332.36254966797776,442.7717846517881
2025-08-04 20:30:00,363.019602366546,2025-08-04 18:30:00,326.3468656130869,434.7577193861732
2025-08-04 20:35:00,356.8650491530166,2025-08-04 18:35:00,320.8140537831179,427.3869341682082
2025-08-04 20:40:00,351.25618072359975,2025-08-04 18:40:00,315.7718009140065,420.6696692304096
2025-08-04 20:45:00,346.19015857974466,2025-08-04 18:45:00,311.21755525620796,414.60252514434893
2025-08-04 20:50:00,341.65375564446595,2025-08-04 18:50:00,307.1394259501453,409.1696609642843
2025-08-04 20:55:00,337.6247594574079,2025-08-04 18:55:00,303.51744446858925,404.3444747146109
2025-08-04 21:00:00,334.07371084259273,2025-08-04 19:00:00,300.32512764181223,400.09168564442837
2025-08-04 21:05:00,330.96589691398464,2025-08-04 19:05:00,297.53126932700457,396.3697210808895
2025-08-04 21:10:00,328.26350690053135,2025-08-04 19:10:00,295.10187844892164,393.133298277598
2025-08-04 21:15:00,325.9278528986749,2025-08-04 19:15:00,293.0021754089385,390.33608402111554
2025-08-04 21:20:00,323.9215560583634,2025-08-04 19:20:00,291.19855741956064,387.93331284011254
2025-08-04 21:25:00,322.21060074707185,2025-08-04 19:25:00,289.66044515398585,385.884247103002
2025-08-04 21:30:00,320.7661661952451,2025-08-04 19:30:00,288.36192935621926,384.15437062398826
2025-08-04 21:35:00,319.5661554496169,2025-08-04 19:35:00,287.2831453374368,382.71721976048906
2025-08-04 21:40:00,318.59635529566106,2025-08-04 19:40:00,286.41131572148396,381.5557725536562
2025-08-04 21:45:00,317.8511773690353,2025-08-04 19:45:00,285.7414166882279,380.66333629455414
2025-08-04 21:50:00,317.33394917901353,2025-08-04 19:50:00,285.27643959740425,380.04389605818625
2025-08-04 21:55:00,317.05674324549614,2025-08-04 19:55:00,285.02723738644096,379.71191007541654
2025-08-04 22:00:00,317.03975254780175,2025-08-04 20:00:00,285.0119631122668,379.6915617610769
2025-08-04 22:05:00,317.3102396147068,2025-08-04 20:05:00,285.2551252057127,380.01550112844023
2025-08-04 22:10:00,317.90110456904165,2025-08-04 20:10:00,285.7863001742013,380.72312985795566
2025-08-04 22:15:00,318.8491330006438,2025-08-04 20:15:00,286.6385574769711,381.858502923624
2025-08-04 22:20:00,320.19299764257386,2025-08-04 20:20:00,287.8466630746938,383.46793537046824
2025-08-04 22:25:00,321.9710973915295,2025-08-04 20:25:00,289.44513675500264,385.597414292977
2025-08-04 22:30:00,324.21932334000013,2025-08-04 20:30:00,291.4662438431333,388.2899234017138
2025-08-04 22:35:00,326.96884379179915,2025-08-04 20:35:00,293.93800397821735,391.58279032470375
2025-08-04 22:40:00,330.2439986594874,2025-08-04 20:40:00,296.8822982215576,395.5051649062145
2025-08-04 22:45:00,334.06038859644116,2025-08-04 20:45:00,300.3131512271885,400.075730722666
2025-08-04 22:50:00,338.42323559007343,2025-08-04 20:50:00,304.2352574502121,405.30074170448944
2025-08-04 22:55:00,343.32608046626376,2025-08-04 20:55:00,308.6428102311121,411.17246224790085
2025-08-04 23:00:00,348.7498688942211,2025-08-04 21:00:00,313.5186801336558,417.66807260061927
2025-08-04 23:05:00,354.6624619952637,2025-08-04 21:05:00,318.8339749926439,424.74908275960286
2025-08-04 23:10:00,361.0185912036653,2025-08-04 21:10:00,324.54799933477625,432.36127841172174
2025-08-04 23:15:00,367.76025998978184,2025-08-04 21:15:00,330.60861551915855,440.43520204339796
2025-08-04 23:20:00,374.81757869340674,2025-08-04 21:20:00,336.9529942346503,448.8871527495511
2025-08-04 23:25:00,382.1100030258068,2025-08-04 21:25:00,343.50872788673115,457.6206694822074
2025-08-04 23:30:00,389.54793311433843,2025-08-04 21:30:00,350.19526810444273,466.5284460903111
2025-08-04 23:35:00,397.0346177361455,2025-08-04 21:35:00,356.9256376057939,475.4946118585548
2025-08-04 23:40:00,404.46829953644954,2025-08-04 21:40:00,363.6083587031652,484.3973006529727
2025-08-04 23:45:00,411.7445299908376,2025-08-04 21:45:00,370.1495344049401,493.1114233544896
2025-08-04 23:50:00,418.75857929547345,2025-08-04 21:50:00,376.4550148553107,501.51155397957535
2025-08-04 23:55:00,425.40786565615383,2025-08-04 21:55:00,382.43258121323106,509.47483903324604
2025-08-05 00:00:00,431.5943300901646,2025-08-04 22:00:00,387.99408054854166,516.8838416073783
2025-08-05 00:05:00,437.22668767038135,2025-08-04 22:05:00,393.0574496623117,523.6292375044019
2025-08-05 00:10:00,442.2224925484124,2025-08-04 22:10:00,397.54857149851983,529.6122883399819
2025-08-05 00:15:00,446.5099629257375,2025-08-04 22:15:00,401.4029157541124,534.7470271558201
2025-08-05 00:20:00,450.02952193755385,2025-08-04 22:20:00,404.5669241006557,538.9621038052549
2025-08-05 00:25:00,452.73502127833723,2025-08-04 22:25:00,406.99911019756905,542.2022503855823
2025-08-05 00:30:00,454.59462585931186,2025-08-04 22:30:00,408.6708549802875,544.4293407171074
2025-08-05 00:35:00,455.5913488168595,2025-08-04 22:35:00,409.56688762138947,545.6230310772376
2025-08-05 00:40:00,455.7232372484833,2025-08-04 22:40:00,409.6854525032594,545.7809826406584
2025-08-05 00:45:00,455.00321879499586,2025-08-04 22:45:00,409.0381712987531,544.9186777438608
2025-08-05 00:50:00,453.4586282077938,2025-08-04 22:50:00,407.6496173652939,543.0688528950108
2025-08-05 00:55:00,451.13044037618073,2025-08-04 22:55:00,405.55662625282423,540.2805802359693
2025-08-05 01:00:00,448.07224226156745,2025-08-04 23:00:00,402.80737149461925,536.6180363152753
2025-08-05 01:05:00,444.34898063459775,2025-08-04 23:05:00,399.460238849721,532.1590023593486
2025-08-05 01:10:00,440.0355252199382,2025-08-04 23:10:00,395.58253460080675,526.9931434731451
2025-08-05 01:15:00,435.21508826418994,2025-08-04 23:15:00,391.24906477951174,521.2201158909875
2025-08-05 01:20:00,429.97754161369335,2025-08-04 23:20:00,386.54062225533636,514.9475514837095
2025-08-05 01:25:00,424.4176711929354,2025-08-04 23:25:00,381.5424175490318,508.2889672958213
2025-08-05 01:30:00,418.63340683866113,2025-08-04 23:30:00,376.342487491291,501.3616455682969
2025-08-05 01:35:00,412.7240627877324,2025-08-04 23:35:00,371.0301134589304,494.28452652045024
2025-08-05 01:40:00,406.7886208760257,2025-08-04 23:40:00,365.694278007383,487.1761522831902
2025-08-05 01:45:00,400.9240853117911,2025-08-04 23:45:00,360.42218584710355,480.1526965509256
2025-08-05 01:50:00,395.22393437772246,2025-08-04 23:50:00,355.2978719568125,473.3261103167465
2025-08-05 01:55:00,389.7766911552232,2025-08-04 23:55:00,350.40091669515203,466.80241015037274
2025-08-05 02:00:00,384.6646322032198,2025-08-05 00:00:00,345.80528493053146,460.6801316925374
2025-08-05 02:05:00,379.9626504295274,2025-08-05 00:05:00,341.5783037867832,455.04896781268224
2025-08-05 02:10:00,375.73728553781393,2025-08-05 00:10:00,337.77979103570055,449.98860745770367
2025-08-05 02:15:00,372.0459333197746,2025-08-05 00:15:00,334.46134426759824,445.5677886884036
2025-08-05 02:20:00,368.9362425630434,2025-08-05 00:20:00,331.6657987244115,441.8435764073609
2025-08-05 02:25:00,366.4457062774618,2025-08-05 00:25:00,329.42685982084635,438.8608728053812
2025-08-05 02:30:00,364.6014516092843,2025-08-05 00:30:00,327.76891428173934,436.6521657595987
2025-08-05 02:35:00,363.4202303352606,2025-08-05 00:35:00,326.7070215964405,435.237517449047
2025-08-05 02:40:00,362.90860907722595,2025-08-05 00:40:00,326.2470850176657,434.6247921585046
2025-08-05 02:45:00,363.0633552476552,2025-08-05 00:45:00,326.38619851830316,434.81011849267765
2025-08-05 02:50:00,363.87201124958716,2025-08-05 00:50:00,327.1131629848755,435.77857704664
2025-08-05 02:55:00,365.3136455215082,2025-08-05 00:55:00,328.40916139084254,437.50509986844753
2025-08-05 03:00:00,367.3597648371922,2025-08-05 01:00:00,330.2485789346633,439.9555630431071
2025-08-05 03:05:00,369.97536773378874,2025-08-05 01:05:00,332.59995004913804,443.08804829385116
2025-08-05 03:10:00,373.1201144632094,2025-08-05 01:10:00,335.42701016270513,446.8542441334619
2025-08-05 03:15:00,376.7495844574647,2025-08-05 01:15:00,338.6898261339099,451.20095182361507
2025-08-05 03:20:00,380.81658819093707,2025-08-05 01:20:00,342.3459755875564,456.07165648080917
2025-08-05 03:25:00,385.27249693443787,2025-08-05 01:25:00,346.351742335191,461.4081196097651
2025-08-05 03:30:00,390.06855131305224,2025-08-05 01:30:00,350.66329274064356,467.15194625192277
2025-08-05 03:35:00,395.15710808296456,2025-08-05 01:35:00,355.23779654575316,473.24607814406335
2025-08-05 03:40:00,400.49278445400233,2025-08-05 01:40:00,360.0344555918831,479.63616417614713
2025-08-05 03:45:00,406.033460683434,2025-08-05 01:45:00,365.0154051303221,486.2717611126801
2025-08-05 03:50:00,411.74110464915503,2025-08-05 01:50:00,370.14645509595937,493.10732111392656
2025-08-05 03:55:00,417.5823868161487,2025-08-05 01:55:00,375.39764294899214,500.1029282289635
2025-08-05 04:00:00,423.5290605013328,2025-08-05 02:00:00,380.7435755248979,507.22475380656397
2025-08-05 04:05:00,429.5580898191959,2025-08-05 02:05:00,386.1635440548269,514.4452097248092
2025-08-05 04:10:00,435.65151740692727,2025-08-05 02:10:00,391.64140525332095,521.7427899767206
2025-08-05 04:15:00,441.7960736348218,2025-08-05 02:15:00,397.1652300068174,529.1016026547815
2025-08-05 04:20:00,447.98254018543236,2025-08-05 02:20:00,402.7267312449059,536.5106077637853
2025-08-05 04:25:00,454.2048917178816,2025-08-05 02:25:00,408.3204923148859,543.9625892651457
2025-08-05 04:30:00,460.45924998025737,2025-08-05 02:30:00,413.94302675115784,551.4529025062169
2025-08-05 04:35:00,466.7426947276599,2025-08-05 02:35:00,419.5917093159559,558.9780501579171
2025-08-05 04:40:00,473.05198433193425,2025-08-05 02:40:00,425.2636258548351,566.5341499977586
2025-08-05 04:45:00,479.38224568850956,2025-08-05 02:45:00,430.9543955509136,574.1153659226338
2025-08-05 04:50:00,485.72569772375493,2025-08-05 02:50:00,436.65702338526125,581.7123792020826
2025-08-05 04:55:00,492.0704746649756,2025-08-05 02:55:00,442.36084228177043,589.3109792087947
2025-08-05 05:00:00,498.39961450714367,2025-08-05 03:00:00,448.050603760361,596.8908519911982
2025-08-05 05:05:00,504.6902742146304,2025-08-05 03:05:00,453.7057724201073,604.4246403872859
2025-08-05 05:10:00,510.91322641754954,2025-08-05 03:10:00,459.3000734800047,611.8773412606082
2025-08-05 05:15:00,517.0326827933992,2025-08-05 03:15:00,464.8013340028403,619.20609397948
2025-08-05 05:20:00,523.0064769611374,2025-08-05 03:20:00,470.1716473130583,626.3603994536674
2025-08-05 05:25:00,528.7866254855998,2025-08-05 03:25:00,475.3678773277442,633.2827920016908
2025-08-05 05:30:00,534.3202694322813,2025-08-05 03:30:00,480.34250499425497,639.909966970951
2025-08-05 05:35:00,539.5509817853365,2025-08-05 03:35:00,485.04480363106416,646.1743465211307
2025-08-05 05:40:00,544.4204089773405,2025-08-05 03:40:00,489.4223146279416,652.006045544852
2025-08-05 05:45:00,548.8701974178133,2025-08-05 03:45:00,493.42257935393116,657.3351789071257
2025-08-05 05:50:00,552.8441407321964,2025-08-05 03:50:00,496.99506947930877,662.0944330109486
2025-08-05 05:55:00,556.2904693371413,2025-08-05 03:55:00,500.09324525484413,666.2218078270014
2025-08-05 06:00:00,559.1641933695612,2025-08-05 04:00:00,502.67666175495447,669.6634228206143
2025-08-05 06:05:00,561.4294021823242,2025-08-05 04:05:00,504.7130360751983,672.376270862291
2025-08-05 06:10:00,563.061419919004,2025-08-05 04:10:00,506.180185147916,674.3307997763529
2025-08-05 06:15:00,564.0487170579372,2025-08-05 04:15:00,507.06774417949214,675.5132016347674
2025-08-05 06:20:00,564.3944826345387,2025-08-05 04:20:00,507.37858004462225,675.9272956741678
2025-08-05 06:25:00,564.1177709468344,2025-08-05 04:25:00,507.129822150084,675.5959016075952
2025-08-05 06:30:00,563.2541496767496,2025-08-05 04:30:00,506.3534450819268,674.5616158242718
2025-08-05 06:35:00,561.8557936695335,2025-08-05 04:35:00,505.09635291116996,672.8869237012459
2025-08-05 06:40:00,559.9909883416055,2025-08-05 04:40:00,503.4199327680688,670.6536048771827
2025-08-05 06:45:00,557.7430297272502,2025-08-05 04:45:00,501.3990660075955,667.9614159317913
2025-08-05 06:50:00,555.2085319048532,2025-08-05 04:50:00,499.12060662179266,664.9260633341044
2025-08-05 06:55:00,552.4951774468987,2025-08-05 04:55:00,496.6813589423886,661.6765093476629
2025-08-05 07:00:00,549.7189706456103,2025-08-05 05:00:00,494.18560834934107,658.3516824523543
2025-08-05 07:05:00,547.0010759693921,2025-08-05 05:05:00,491.74227911073234,655.0966910324382
2025-08-05 07:10:00,544.464344124506,2025-08-05 05:10:00,489.46181138644795,652.0586629359187
2025-08-05 07:15:00,542.2296448616826,2025-08-05 05:15:00,487.45286449967915,649.3823535887499
2025-08-05 07:20:00,540.4121376593991,2025-08-05 05:20:00,485.81896436087754,647.2056797092087
2025-08-05 07:25:00,539.1176186891237,2025-08-05 05:25:00,484.6552194675659,645.6553443786917
2025-08-05 07:30:00,538.4390841323161,2025-08-05 05:30:00,484.04523139975703,644.8427212186219
2025-08-05 07:35:00,538.4536456967089,2025-08-05 05:35:00,484.0583219349982,644.8601603664939
2025-08-05 07:40:00,539.2199246249629,2025-08-05 05:40:00,484.74719031783707,645.7778675015621
2025-08-05 07:45:00,540.7760348002669,2025-08-05 05:45:00,486.1461001148522,647.6414883818628
2025-08-05 07:50:00,543.1382454939327,2025-08-05 05:50:00,488.269677053315,650.470507330682
2025-08-05 07:55:00,546.3003894447933,2025-08-05 05:55:00,491.11237689721696,654.257538343566
2025-08-05 08:00:00,550.2340539213541,2025-08-05 06:00:00,494.6486572080608,658.9685539072192
2025-08-05 08:05:00,554.8895621773161,2025-08-05 06:05:00,498.8338596524042,664.5440604053555
2025-08-05 08:10:00,560.1977211417529,2025-08-05 06:10:00,503.60578113798516,670.901191178662
2025-08-05 08:15:00,566.0722801467441,2025-08-05 06:15:00,508.88688415732634,677.9366511338812
2025-08-05 08:20:00,572.4130157019302,2025-08-05 06:20:00,514.5870699341458,685.5304111160766
2025-08-05 08:25:00,579.1093306854789,2025-08-05 06:25:00,520.6069140191286,693.5500183537032
2025-08-05 08:30:00,586.0442334653014,2025-08-05 06:30:00,526.8412434348757,701.8553619138457
2025-08-05 08:35:00,593.0985446741288,2025-08-05 06:35:00,533.1829184768079,710.303710799131
2025-08-05 08:40:00,600.1551679428194,2025-08-05 06:40:00,539.5266720111537,718.7548286419784
2025-08-05 08:45:00,607.1032553067206,2025-08-05 06:45:00,545.7728540862624,727.0759622577206
2025-08-05 08:50:00,613.8421000767697,2025-08-05 06:50:00,551.830931540543,735.1465038054074
2025-08-05 08:55:00,620.2845984583782,2025-08-05 06:55:00,557.6225999238729,742.8621364744915
2025-08-05 09:00:00,626.3601369086896,2025-08-05 07:00:00,563.0843791700771,750.1382924271757
2025-08-05 09:05:00,632.0167836899917,2025-08-05 07:05:00,568.1695837566172,756.9127774356433
2025-08-05 09:10:00,637.2226904842877,2025-08-05 07:10:00,572.849582726141,763.1474494766859
2025-08-05 09:15:00,641.9666412976323,2025-08-05 07:15:00,577.1142931397524,768.8288761077673
2025-08-05 09:20:00,646.2577206671942,2025-08-05 07:20:00,580.9718818022498,773.9679371068262
2025-08-05 09:25:00,650.1241096142551,2025-08-05 07:25:00,584.4476828496003,778.5983824875327
2025-08-05 09:30:00,653.6110543605466,2025-08-05 07:30:00,587.5823716683303,782.7743998035139
2025-08-05 09:35:00,656.7780882683394,2025-08-05 07:35:00,590.4294674790269,786.5672871021463
2025-08-05 09:40:00,659.6956198595354,2025-08-05 07:40:00,593.0522660384079,790.0613666850576
2025-08-05 09:45:00,662.4410281008843,2025-08-05 07:45:00,595.5203293841658,793.3493087631487
2025-08-05 09:50:00,665.0944288506892,2025-08-05 07:50:00,597.9056799610196,796.5270612896855
2025-08-05 09:55:00,667.7342926065805,2025-08-05 07:55:00,600.2788610696002,799.6886017093202
2025-08-05 10:00:00,670.433102497159,2025-08-05 08:00:00,602.7050334937179,802.9207369037719
2025-08-05 10:05:00,673.2532425096,2025-08-05 08:05:00,605.2402791048374,806.298178871549
2025-08-05 10:10:00,676.2432990759091,2025-08-05 08:10:00,607.928276067149,809.8791154521903
2025-08-05 10:15:00,679.4349442717536,2025-08-05 08:15:00,610.797496899916,813.7014775984474
2025-08-05 10:20:00,682.8405469205566,2025-08-05 08:20:00,613.8590609111021,817.7800783987261
2025-08-05 10:25:00,686.4516293248266,2025-08-05 08:25:00,617.1053468318116,822.1047648353853
2025-08-05 10:30:00,690.2382534730615,2025-08-05 08:30:00,620.5094410294124,826.6396826969197
2025-08-05 10:35:00,694.1493826539675,2025-08-05 08:35:00,624.0254625909912,831.3237096525729
2025-08-05 10:40:00,698.114224017492,2025-08-05 08:40:00,627.5897702570353,836.072063123561
2025-08-05 10:45:00,702.0445163979457,2025-08-05 08:45:00,631.1230191255329,840.7790402143506
2025-08-05 10:50:00,705.8376873605051,2025-08-05 08:50:00,634.5329987693207,845.3217986388918
2025-08-05 10:55:00,709.3807657918292,2025-08-05 08:55:00,637.7181505714441,849.5650424978099
2025-08-05 11:00:00,712.5549026704875,2025-08-05 09:00:00,640.5716318011742,853.3664364208623
2025-08-05 11:05:00,715.2403248507308,2025-08-05 09:05:00,642.9857689597659,856.5825382926636
2025-08-05 11:10:00,717.3215256003273,2025-08-05 09:10:00,644.8567239630626,859.0750155186337
2025-08-05 11:15:00,718.692482454104,2025-08-05 09:15:00,646.0891848803357,860.7168940046417
2025-08-05 11:20:00,719.2616881240325,2025-08-05 09:20:00,646.6008886149533,861.3985832503644
2025-08-05 11:25:00,718.9567842189688,2025-08-05 09:25:00,646.3267865194134,861.033425761531
2025-08-05 11:30:00,717.7286001745783,2025-08-05 09:30:00,645.2226753070439,859.5625341329668
2025-08-05 11:35:00,715.5544206053178,2025-08-05 09:35:00,643.2681343316181,856.9587040783206
2025-08-05 11:40:00,712.4403326512602,2025-08-05 09:40:00,640.4686358019932,853.2292256478224
2025-08-05 11:45:00,708.4225394977769,2025-08-05 09:45:00,636.8567256082372,848.4174563191513
2025-08-05 11:50:00,703.5675659188438,2025-08-05 09:50:00,632.4922081006691,842.6030671591801
2025-08-05 11:55:00,697.9713246662409,2025-08-05 09:55:00,627.461306793699,835.9009247176824
2025-08-05 12:00:00,691.7570572928491,2025-08-05 10:00:00,621.8748132099714,828.4586249264338
2025-08-05 12:05:00,685.0722073537639,2025-08-05 10:05:00,615.865275954979,820.4527483979786
2025-08-05 12:10:00,678.0843267469538,2025-08-05 10:10:00,609.5833206047873,812.0839577978167
2025-08-05 12:15:00,670.9761544459593,2025-08-05 10:15:00,603.1932255918875,803.5711040608882
2025-08-05 12:20:00,663.940040896039,2025-08-05 10:20:00,596.8679098564697,795.1445489647897
2025-08-05 12:25:00,657.171917646486,2025-08-05 10:25:00,590.7835116747306,787.0389430710089
2025-08-05 12:30:00,650.8650313542842,2025-08-05 10:30:00,585.1137556620512,779.4857214737438
2025-08-05 12:35:00,645.2036714543899,2025-08-05 10:35:00,580.0243140826055,772.7055919637755
2025-08-05 12:40:00,640.3571223891514,2025-08-05 10:40:00,575.6673700328361,766.9012921277333
2025-08-05 12:45:00,636.4740636521151,2025-08-05 10:45:00,572.1765832004936,762.2508827565835
2025-08-05 12:50:00,633.6776243761891,2025-08-05 10:50:00,569.6626440450694,758.9018251462566
2025-08-05 12:55:00,632.0612748239733,2025-08-05 10:55:00,568.209580335391,756.9660606848581
2025-08-05 13:00:00,631.685705265344,2025-08-05 11:00:00,567.8719513272621,756.5162729496611
2025-08-05 13:05:00,632.5768054055491,2025-08-05 11:05:00,568.6730313124957,757.5834678398948
2025-08-05 13:10:00,634.7248155369638,2025-08-05 11:10:00,570.6040465224802,760.155956983358
2025-08-05 13:15:00,638.0846762866631,2025-08-05 11:15:00,573.6244895437738,764.1797765993563
2025-08-05 13:20:00,642.5775584092119,2025-08-05 11:20:00,577.6634945691343,769.5605196014873
2025-08-05 13:25:00,648.0935099643383,2025-08-05 11:25:00,582.6222171536838,776.1665058973182
2025-08-05 13:30:00,654.4951164903719,2025-08-05 11:30:00,588.377124632619,783.8331658669796
2025-08-05 13:35:00,661.6220329029027,2025-08-05 11:35:00,594.7840702012703,792.3684678329578
2025-08-05 13:40:00,669.2962144136691,2025-08-05 11:40:00,601.6829953994081,801.5591826869934
2025-08-05 13:45:00,677.3276497509562,2025-08-05 11:45:00,608.9030841538753,811.1777500808028
2025-08-05 13:50:00,685.5203835409044,2025-08-05 11:50:00,616.2681767706987,820.9894909202394
2025-08-05 13:55:00,693.6786073171083,2025-08-05 11:55:00,623.6022456225676,830.7599020497277
2025-08-05 14:00:00,701.6125994043473,2025-08-05 12:00:00,630.7347349773851,840.2617699460874
2025-08-05 14:05:00,709.1443037562123,2025-08-05 12:05:00,637.5055762540876,849.2818520181332
2025-08-05 14:10:00,716.1123555919037,2025-08-05 12:10:00,643.7697059627399,857.6268953846647
2025-08-05 14:15:00,722.3763864680093,2025-08-05 12:15:00,649.4009358720729,865.1287926929828
2025-08-05 14:20:00,727.8204728830655,2025-08-05 12:20:00,654.2950532312959,871.6487122194253
2025-08-05 14:25:00,732.3556280417703,2025-08-05 12:25:00,658.3720608128808,877.0800820435543
2025-08-05 14:30:00,735.9212759456959,2025-08-05 12:30:00,661.5775020886141,881.3503554412964
2025-08-05 14:35:00,738.4856872722904,2025-08-05 12:35:00,663.882853075506,884.4215329001725
2025-08-05 14:40:00,740.0453975194746,2025-08-05 12:40:00,665.284999260216,886.2894652805412
2025-08-05 14:45:00,740.6236663974663,2025-08-05 12:45:00,665.804850625222,886.982008760146
2025-08-05 14:50:00,740.2680731043348,2025-08-05 12:50:00,665.4851798529276,886.5561449000595
2025-08-05 14:55:00,739.0473728601592,2025-08-05 12:55:00,664.3877964170392,885.0942159828544
2025-08-05 15:00:00,737.0477649224932,2025-08-05 13:00:00,662.5901916082129,882.6994555319619
2025-08-05 15:05:00,734.3687403521171,2025-08-05 13:05:00,660.1818057641892,879.4910155336717
2025-08-05 15:10:00,731.1186885200666,2025-08-05 13:10:00,657.2600786134916,875.5987047240685
2025-08-05 15:15:00,727.4104442202411,2025-08-05 13:15:00,653.9264462248094,871.1576557443193
2025-08-05 15:20:00,723.3569528655676,2025-08-05 13:20:00,650.2824441109739,866.303133714597
2025-08-05 15:25:00,719.0672190728396,2025-08-05 13:25:00,646.4260650932982,861.1656841985318
2025-08-05 15:30:00,714.6426858831069,2025-08-05 13:30:00,642.4485042980759,855.8667969032547
2025-08-05 15:35:00,710.1741676869,2025-08-05 13:35:00,638.4314019218942,850.5152325046553
2025-08-05 15:40:00,705.7394315912084,2025-08-05 13:40:00,634.4446689322282,845.2041260562061
2025-08-05 15:45:00,701.4014905133662,2025-08-05 13:45:00,630.5449525953164,840.0089427726048
2025-08-05 15:50:00,697.2076381209381,2025-08-05 13:50:00,626.7747689077399,834.9863222593101
2025-08-05 15:55:00,693.1892225636589,2025-08-05 13:55:00,623.1622991862707,830.1738075305198
2025-08-05 16:00:00,689.3621237877028,2025-08-05 14:00:00,619.7218191632006,825.5904166478966
2025-08-05 16:05:00,685.727870227167,2025-08-05 14:05:00,616.4547028681238,821.2379800870351
2025-08-05 16:10:00,682.2753048574154,2025-08-05 14:10:00,613.350920374293,817.1031360279276
2025-08-05 16:15:00,678.9826904292988,2025-08-05 14:15:00,610.3909303591992,813.1598516150362
2025-08-05 16:20:00,675.8201286121844,2025-08-05 14:20:00,607.5478548624639,809.3723201592605
2025-08-05 16:25:00,672.7521592801563,2025-08-05 14:25:00,604.7898159885921,805.6980740820682
2025-08-05 16:30:00,669.7404038070305,2025-08-05 14:30:00,602.0823121727092,802.0911505652414
2025-08-05 16:35:00,666.7461203485993,2025-08-05 14:35:00,599.3905153246992,798.5051517952112
2025-08-05 16:40:00,663.7325491977513,2025-08-05 14:40:00,596.6813792533411,794.8960537955176
2025-08-05 16:45:00,660.6669415725098,2025-08-05 14:45:00,593.925463503406,791.2246361337873
2025-08-05 16:50:00,657.5221852295067,2025-08-05 14:50:00,591.0983947474338,787.458428780806
2025-08-05 16:55:00,654.2779635647101,2025-08-05 14:55:00,588.18190879252,783.5731002669314
2025-08-05 17:00:00,650.9214105469779,2025-08-05 15:00:00,585.1644393515859,779.5532420403374
2025-08-05 17:05:00,647.4472505952099,2025-08-05 15:05:00,582.04124378995,775.3925359859895
2025-08-05 17:10:00,643.8574388942197,2025-08-05 15:10:00,578.814079776982,771.0933236625392
2025-08-05 17:15:00,640.1603426659607,2025-08-05 15:15:00,575.4904692664287,766.6656257804668
2025-08-05 17:20:00,636.3695263649413,2025-08-05 15:20:00,572.0826064130516,762.1256873338949
2025-08-05 17:25:00,632.5022224101456,2025-08-05 15:25:00,568.6059827932992,757.4941461262043
2025-08-05 17:30:00,628.5775835268797,2025-08-05 15:30:00,565.0778162979709,752.7939397484228
2025-08-05 17:35:00,624.6148219932169,2025-08-05 15:35:00,561.5153783545312,748.0480771128648
2025-08-05 17:40:00,620.6313450357068,2025-08-05 15:40:00,557.9343176876949,743.277405375073
2025-08-05 17:45:00,616.6409941376653,2025-08-05 15:45:00,554.3470774952016,738.4985013030241
2025-08-05 17:50:00,612.6524890975431,2025-08-05 15:50:00,550.761496689536,733.7218078580986
2025-08-05 17:55:00,608.6681661147472,2025-08-05 15:55:00,547.1796754640454,728.9501229077382
2025-08-05 18:00:00,604.6830830268229,2025-08-05 16:00:00,543.5971709202862,724.1775276440779
2025-08-05 18:05:00,600.6845455710594,2025-08-05 16:05:00,540.0025711873292,719.3888192277411
2025-08-05 18:10:00,596.6520866830818,2025-08-05 16:10:00,536.3774768116366,714.5594859955223
2025-08-05 18:15:00,592.5579074876011,2025-08-05 16:15:00,532.6968971983233,709.6562355975225
2025-08-05 18:20:00,588.367765421468,2025-08-05 16:20:00,528.9300490148046,704.638058626636
2025-08-05 18:25:00,584.0422720645807,2025-08-05 16:25:00,525.0415229130514,699.4577829203079
2025-08-05 18:30:00,579.5385427365477,2025-08-05 16:30:00,520.9927664817409,694.0640491422316
2025-08-05 18:35:00,574.812122165828,2025-08-05 16:35:00,516.7438153816673,688.4036169925891
2025-08-05 18:40:00,569.819096534701,2025-08-05 16:40:00,512.2551920290397,682.4238946247771
2025-08-05 18:45:00,564.5182923192148,2025-08-05 16:45:00,507.4898823056109,676.0755720091007
2025-08-05 18:50:00,558.873457896724,2025-08-05 16:50:00,502.41529677723855,669.3152336586755
2025-08-05 18:55:00,552.8553234153031,2025-08-05 16:55:00,497.0051224724729,662.107825559925
2025-08-05 19:00:00,546.4434400305454,2025-08-05 17:00:00,491.24097631713806,654.4288578701509
2025-08-05 19:05:00,539.6277088364918,2025-08-05 17:05:00,485.11377961056786,646.2662359881404
2025-08-05 19:10:00,532.4095240630132,2025-08-05 17:10:00,478.62478573562464,637.6216296644936
2025-08-05 19:15:00,524.8024722065217,2025-08-05 17:15:00,471.7862086622698,628.5113102910476
2025-08-05 19:20:00,516.8325491509064,2025-08-05 17:20:00,464.6214181346462,618.9664109281644
2025-08-05 19:25:00,508.5378789044096,2025-08-05 17:25:00,457.16468682153896,609.0325894597961
2025-08-05 19:30:00,499.96794025988623,2025-08-05 17:30:00,449.46049510047396,598.7691024302159
2025-08-05 19:35:00,491.18232989384074,2025-08-05 17:35:00,441.56241911018134,588.2473237128762
2025-08-05 19:40:00,482.24911111212015,2025-08-05 17:40:00,433.53164630825745,577.5487669434898
2025-08-05 19:45:00,473.24281628505054,2025-08-05 17:45:00,425.43517970303594,566.7626932063953
2025-08-05 19:50:00,464.2421862981022,2025-08-05 17:50:00,417.34380566803856,555.9834037667761
2025-08-05 19:55:00,455.3277418841755,2025-08-05 17:55:00,409.3299106215953,545.3073314617872
2025-08-05 20:00:00,446.57928917145557,2025-08-05 18:00:00,401.46523856766663,534.8300533072608
2025-08-05 20:05:00,438.0734644286922,2025-08-05 18:05:00,393.81868387431365,524.6433500478362
2025-08-05 20:10:00,429.8814208291268,2025-08-05 18:10:00,386.4542117238965,514.8324357907516
2025-08-05 20:15:00,422.0667535644524,2025-08-05 18:15:00,379.4289928348608,505.473473091208
2025-08-05 20:20:00,414.68374872121467,2025-08-05 18:20:00,372.7918292390392,496.6314757804895
2025-08-05 20:25:00,407.7760266765603,2025-08-05 18:25:00,366.581934723417,488.358684276368
2025-08-05 20:30:00,401.37563321370243,2025-08-05 18:30:00,360.82811776235627,480.69347708935607
2025-08-05 20:35:00,395.5026115027029,2025-08-05 18:35:00,355.54839673746505,473.6598582204733
2025-08-05 20:40:00,390.16506707048933,2025-08-05 18:40:00,350.75005834425434,467.26753497031325
2025-08-05 20:45:00,385.35971605071296,2025-08-05 18:45:00,346.43015045704544,461.512574531294
2025-08-05 20:50:00,381.07288622656165,2025-08-05 18:50:00,342.5763820450689,456.37860285154204
2025-08-05 20:55:00,377.2819207873934,2025-08-05 18:55:00,339.16838511968274,451.8384857948867
2025-08-05 21:00:00,373.9569175722392,2025-08-05 19:00:00,336.17927827711793,447.8564120849593
2025-08-05 21:05:00,371.06272267205486,2025-08-05 19:05:00,333.57745890430385,444.3902808731446
2025-08-05 21:10:00,368.56108678183773,2025-08-05 19:10:00,331.32854169334496,441.3942842182113
2025-08-05 21:15:00,366.4128865924577,2025-08-05 19:15:00,329.3973556253107,438.82156745847885
2025-08-05 21:20:00,364.5803115016031,2025-08-05 19:20:00,327.74990977665055,436.62684804963715
2025-08-05 21:25:00,363.0289183858379,2025-08-05 19:25:00,326.3552405153679,434.76887639057384
2025-08-05 21:30:00,361.7294637995185,2025-08-05 19:30:00,325.1870586086958,433.21263009227147
2025-08-05 21:35:00,360.6594335115479,2025-08-05 19:35:00,324.22512424395677,431.93114577396045
2025-08-05 21:40:00,359.80420298764426,2025-08-05 19:40:00,323.4562902773249,430.9069088740854
2025-08-05 21:45:00,359.1577790787178,2025-08-05 19:45:00,322.8751689958287,430.1327419074272
2025-08-05 21:50:00,358.72309158037234,2025-08-05 19:50:00,322.4843942231127,429.6121536411343
2025-08-05 21:55:00,358.51182295136937,2025-08-05 19:55:00,322.29446823997563,429.35913516300144
2025-08-05 22:00:00,358.5437842873152,2025-08-05 20:00:00,322.32320079804884,429.39741253820034
2025-08-05 22:05:00,358.8458649810637,2025-08-05 20:05:00,322.5947648869421,429.7591889068276
2025-08-05 22:10:00,359.4506012756118,2025-08-05 20:10:00,323.138409893883,430.4834301613875
2025-08-05 22:15:00,360.3944246798478,2025-08-05 20:15:00,323.9868869669026,431.61376722322643
2025-08-05 22:20:00,361.71566416791677,2025-08-05 20:20:00,325.174653034753,433.19610344653546
2025-08-05 22:25:00,363.45238569839375,2025-08-05 20:25:00,326.7359285808092,435.27602719411493
2025-08-05 22:30:00,365.6401587715153,2025-08-05 20:30:00,328.70268982574333,437.8961370328239
2025-08-05 22:35:00,368.3098419047933,2025-08-05 20:35:00,331.1026779174214,441.09338958596766
2025-08-05 22:40:00,371.48547754223546,2025-08-05 20:40:00,333.9575064992731,444.8965784450138
2025-08-05 22:45:00,375.1823816494185,2025-08-05 20:45:00,337.2809442970842,449.3240462400047
2025-08-05 22:50:00,379.4055047570444,2025-08-05 20:50:00,341.077441732174,454.3817218007437
2025-08-05 22:55:00,384.1481299306894,2025-08-05 20:55:00,345.3409604240213,460.0615608258425
2025-08-05 23:00:00,389.3909591775873,2025-08-05 21:00:00,350.05415188948433,466.34045174978485
2025-08-05 23:05:00,395.10162453480166,2025-08-05 21:05:00,355.18791802151367,473.17963021479034
2025-08-05 23:10:00,401.2346432804769,2025-08-05 21:10:00,360.70137082502504,480.5246254311372
2025-08-05 23:15:00,407.7318200796689,2025-08-05 21:15:00,366.54219393740743,488.3057417930392
2025-08-05 23:20:00,414.52308219579766,2025-08-05 21:20:00,372.6473934657725,496.4390591404055
2025-08-05 23:25:00,421.5277183787058,2025-08-05 21:25:00,378.9444117208472,504.8279164697574
2025-08-05 23:30:00,428.65597819640345,2025-08-05 21:30:00,385.3525649820379,513.3648273179081
2025-08-05 23:35:00,435.8109766829881,2025-08-05 21:35:00,391.7847557352127,521.9337607968725
2025-08-05 23:40:00,442.8908398252115,2025-08-05 21:40:00,398.1494014192804,530.4127110607521
2025-08-05 23:45:00,449.7910198163727,2025-08-05 21:45:00,404.35251578996906,538.6764700885147
2025-08-05 23:50:00,456.4067052858455,2025-08-05 21:50:00,410.29987566466946,546.5995142110194
2025-08-05 23:55:00,462.63525079329503,2025-08-05 21:55:00,415.89920498582336,554.0589137097207
2025-08-06 00:00:00,468.3785519364458,2025-08-05 22:00:00,421.06230999205604,560.9371772813474
2025-08-06 00:05:00,473.5452967793639,2025-08-05 22:05:00,425.70710320409415,567.1249483821742
2025-08-06 00:10:00,478.05303110517104,2025-08-05 22:10:00,429.7594600428257,572.523478605641
2025-08-06 00:15:00,481.8299836099512,2025-08-05 22:15:00,433.154859639622,577.0468135619449
2025-08-06 00:20:00,484.8166069149473,2025-08-05 22:20:00,435.8397701733741,580.6236384173548
2025-08-06 00:25:00,486.9668013863688,2025-08-05 22:25:00,437.77274905835037,583.1987435591649
2025-08-06 00:30:00,488.24879990677937,2025-08-05 22:30:00,438.92523833476736,584.7340842111756
2025-08-06 00:35:00,488.6457030263167,2025-08-05 22:35:00,439.2820457583022,585.2094213388195
2025-08-06 00:40:00,488.1556647680291,2025-08-05 22:40:00,438.84151183511983,584.622544172418
2025-08-06 00:45:00,486.79173931082977,2025-08-05 22:45:00,437.61537199312454,582.989086592389
2025-08-06 00:50:00,484.58140761395,2025-08-05 22:50:00,435.6283310274589,580.3419602075936
2025-08-06 00:55:00,481.5658104663711,2025-08-05 22:55:00,432.9173736283308,576.7304358438347
2025-08-06 01:00:00,477.79872045940823,2025-08-05 23:00:00,429.53084020633287,572.218912362808
2025-08-06 01:05:00,473.345289713365,2025-08-05 23:05:00,425.5273011254634,566.8854169207657
2025-08-06 01:10:00,468.2806129905114,2025-08-05 23:10:00,420.97426497239655,560.8198841310714
2025-08-06 01:15:00,462.6881472396477,2025-08-05 23:15:00,415.94675776081607,554.1222632870714
2025-08-06 01:20:00,456.65802860580646,2025-08-05 23:20:00,410.52580995909886,546.9005027876761
2025-08-06 01:25:00,450.2853268129097,2025-08-05 23:25:00,404.7968872176243,539.2684595598548
2025-08-06 01:30:00,443.66827490335845,2025-08-05 23:30:00,398.84829894249117,531.3437789682221
2025-08-06 01:35:00,436.90650960090545,2025-08-05 23:35:00,392.76961641933985,523.2457874472277
2025-08-06 01:40:00,430.09935438123557,2025-08-05 23:40:00,386.65012933049127,515.0934362807385
2025-08-06 01:45:00,423.3441740337465,2025-08-05 23:45:00,380.57736654114683,507.0033310005524
2025-08-06 01:50:00,416.7348262477675,2025-08-05 23:50:00,374.63570410848524,499.08787698283544
2025-08-06 01:55:00,410.3602320724102,2025-08-05 23:55:00,368.90508015561466,491.4535674094026
2025-08-06 02:00:00,404.3030844075821,2025-08-06 00:00:00,363.45983383259005,484.1994365371887
2025-08-06 02:05:00,398.63871059739483,2025-08-06 00:05:00,358.3676828121915,477.41569752305907
2025-08-06 02:10:00,393.4341026538749,2025-08-06 00:10:00,353.6888514817619,471.1825810051825
2025-08-06 02:15:00,388.74712625321934,2025-08-06 00:15:00,349.4753598477426,465.5693877850866
2025-08-06 02:20:00,384.6259173153646,2025-08-06 00:20:00,345.7704810735999,460.63376616230016
2025-08-06 02:25:00,381.1084729546421,2025-08-06 00:25:00,342.60837375320466,456.4212220507252
2025-08-06 02:30:00,378.2224410084107,2025-08-06 00:30:00,340.01389270157034,452.9648669149707
2025-08-06 02:35:00,375.98511022813466,2025-08-06 00:35:00,338.0025801368413,450.2854060230402
2025-08-06 02:40:00,374.4036000593883,2025-08-06 00:40:00,336.58083628846236,448.391365729712
2025-08-06 02:45:00,373.47524624544644,2025-08-06 00:45:00,335.7462660465668,447.2795552811807
2025-08-06 02:50:00,373.1881745922311,2025-08-06 00:50:00,335.4881947644034,446.9357539645612
2025-08-06 02:55:00,373.52205159196933,2025-08-06 00:55:00,335.7883430529656,447.33561006603725
2025-08-06 03:00:00,374.44899628214256,2025-08-06 01:00:00,336.62164652270303,448.44573292681304
2025-08-06 03:05:00,375.9346332127343,2025-08-06 01:05:00,337.95720237857694,450.22495399247816
2025-08-06 03:10:00,377.93926192490375,2025-08-06 01:10:00,339.75932075639923,452.62572739820416
2025-08-06 03:15:00,380.41911393142414,2025-08-06 01:15:00,341.98865472138743,455.59563534736617
2025-08-06 03:20:00,383.32766405676125,2025-08-06 01:20:00,344.6033791348749,459.07895859208486
2025-08-06 03:25:00,386.6169597010503,2025-08-06 01:25:00,347.56038563422265,463.01826837969804
2025-08-06 03:30:00,390.23892883682413,2025-08-06 01:30:00,350.8164584939291,467.355992929256
2025-08-06 03:35:00,394.14662626404714,2025-08-06 01:35:00,354.3293949822758,472.03590996523826
2025-08-06 03:40:00,398.2953773619327,2025-08-06 01:40:00,358.059033569772,477.0045164918808
2025-08-06 03:45:00,402.64378010638825,2025-08-06 01:45:00,361.9681547214269,482.2122288242942
2025-08-06 03:50:00,407.15452906746646,2025-08-06 01:50:00,366.02322165285113,487.614369420167
2025-08-06 03:55:00,411.79502980266983,2025-08-06 01:55:00,370.1949326567096,493.1719026864003
2025-08-06 04:00:00,416.53777846485997,2025-08-06 02:00:00,374.4585623621204,498.8518896032325
2025-08-06 04:05:00,421.36048920136864,2025-08-06 02:05:00,378.7940762637334,504.6276402993248
2025-08-06 04:10:00,426.2459612011617,2025-08-06 02:10:00,383.1860111999717,510.47855482545117
2025-08-06 04:15:00,431.18168728759485,2025-08-06 02:15:00,387.62312348628234,516.3896543993134
2025-08-06 04:20:00,436.15921688054647,2025-08-06 02:20:00,392.09781623170596,522.3508184794387
2025-08-06 04:25:00,441.17329696849964,2025-08-06 02:25:00,396.60536709113387,528.355755980464
2025-08-06 04:30:00,446.220825607406,2025-08-06 02:30:00,401.14298748314826,534.4007519676821
2025-08-06 04:35:00,451.2996621659911,2025-08-06 02:35:00,405.70875302597375,540.4832427889796
2025-08-06 04:40:00,456.40734723465334,2025-08-06 02:40:00,410.3004527629307,546.6002830185379
2025-08-06 04:45:00,461.53979191445717,2025-08-06 02:45:00,414.9144108612466,552.7469757296774
2025-08-06 04:50:00,466.6900005966697,2025-08-06 02:50:00,419.544338418151,558.9149428764783
2025-08-06 04:55:00,471.8468935855113,2025-08-06 02:55:00,424.1802750238864,565.0909152491315
2025-08-06 05:00:00,476.99429486775057,2025-08-06 03:00:00,428.80767878820274,571.2555202116266
2025-08-06 05:05:00,482.11014663267827,2025-08-06 03:05:00,433.40672021059834,577.3823409990945
2025-08-06 05:10:00,487.16600527419763,2025-08-06 03:10:00,437.9518290969683,583.4373131223531
2025-08-06 05:15:00,492.1268640776706,2025-08-06 03:15:00,442.411535158868,589.3785120150151
2025-08-06 05:20:00,496.9513354470393,2025-08-06 03:20:00,446.7486318318014,595.1563712714218
2025-08-06 05:25:00,501.5922111898929,2025-08-06 03:25:00,450.92067995952436,600.7143536524404
2025-08-06 05:30:00,505.9974034055066,2025-08-06 03:30:00,454.8808536322868,605.9900779070886
2025-08-06 05:35:00,510.11125121797596,2025-08-06 03:35:00,458.5791149119988,610.9168837357311
2025-08-06 05:40:00,513.8761615976615,2025-08-06 03:40:00,461.96368889564815,615.4257968624462
2025-08-06 05:45:00,517.2345352262203,2025-08-06 03:45:00,464.9827950268128,619.4478354798666
2025-08-06 05:50:00,520.1309130574643,2025-08-06 03:50:00,467.58657680800525,622.9165810026522
2025-08-06 05:55:00,522.5142651972322,2025-08-06 03:55:00,469.72915945476865,625.7709192643458
2025-08-06 06:00:00,524.3403332124285,2025-08-06 04:00:00,471.3707555814535,627.9578457018035
2025-08-06 06:05:00,525.573928906936,2025-08-06 04:05:00,472.47973175164344,629.4352184036973
2025-08-06 06:10:00,526.1910892608427,2025-08-06 04:10:00,473.0345457224734,630.1743388980476
2025-08-06 06:15:00,526.1809873399925,2025-08-06 04:15:00,473.0254643114845,630.162240686156
2025-08-06 06:20:00,525.5475038714951,2025-08-06 04:20:00,472.4559762094258,629.4035713850017
2025-08-06 06:25:00,524.310373274868,2025-08-06 04:25:00,471.3438222377633,627.9219652313224
2025-08-06 06:30:00,522.5058312296858,2025-08-06 04:30:00,469.7215774981593,625.7608186183422
2025-08-06 06:35:00,520.1867077651173,2025-08-06 04:35:00,467.63673505797755,622.9834015811963
2025-08-06 06:40:00,517.4219301113227,2025-08-06 04:40:00,465.1512590243117,619.67226240431
2025-08-06 06:45:00,514.2954221528817,2025-08-06 04:45:00,462.34059517613366,615.9279095903204
2025-08-06 06:50:00,510.9044112140448,2025-08-06 04:50:00,459.2921488004151,611.8667840407043
2025-08-06 06:55:00,507.3571780195103,2025-08-06 04:55:00,456.1032619549434,607.6185643750632
2025-08-06 07:00:00,503.7703092909876,2025-08-06 05:00:00,452.8787436113388,603.3228765995708
2025-08-06 07:05:00,500.2655357078617,2025-08-06 05:05:00,449.72802704925687,599.1255072012477
2025-08-06 07:10:00,496.96625738771706,2025-08-06 05:10:00,446.7620463376223,595.1742420113366
2025-08-06 07:15:00,493.9938762246432,2025-08-06 05:15:00,444.08993918513556,591.614473758658
2025-08-06 07:20:00,491.46406602897434,2025-08-06 05:20:00,441.81569387559733,588.5847351330333
2025-08-06 07:25:00,489.4831190458014,2025-08-06 05:25:00,440.03486486611746,586.2123233210684
2025-08-06 07:30:00,488.1445087420354,2025-08-06 05:30:00,438.8314828061307,584.6091835483998
2025-08-06 07:35:00,487.52580492206994,2025-08-06 05:35:00,438.27528129229427,583.8682145759527
2025-08-06 07:40:00,487.68606726728353,2025-08-06 05:40:00,438.41935371619456,584.0601471637643
2025-08-06 07:45:00,488.6638280229388,2025-08-06 05:45:00,439.298339742975,585.231128106564
2025-08-06 07:50:00,490.47575434771255,2025-08-06 05:50:00,440.9272227921462,587.4011182435127
2025-08-06 07:55:00,493.1160559933789,2025-08-06 05:55:00,443.30079755427784,590.5631830865082
2025-08-06 08:00:00,496.5566760186591,2025-08-06 06:00:00,446.39384143867414,594.6837212219526
2025-08-06 08:05:00,500.74827187278106,2025-08-06 06:05:00,450.16199654653053,599.7036392711343
2025-08-06 08:10:00,505.6219627776531,2025-08-06 06:10:00,454.5433405301704,605.540444581322
2025-08-06 08:15:00,511.09178811943184,2025-08-06 06:15:00,459.46059663453394,612.0911894323708
2025-08-06 08:20:00,517.0577919511002,2025-08-06 06:20:00,464.82390659908714,619.2361650832623
2025-08-06 08:25:00,523.4096219090143,2025-08-06 06:25:00,470.5340660068966,626.8432118885288
2025-08-06 08:30:00,530.0305080673925,2025-08-06 06:30:00,476.4861011897959,634.7724844340524
2025-08-06 08:35:00,536.8014695226993,2025-08-06 06:35:00,482.57305085786163,642.8814894056037
2025-08-06 08:40:00,543.6055848577538,2025-08-06 06:40:00,488.68980515539647,651.0301999606935
2025-08-06 08:45:00,550.3321574378377,2025-08-06 06:45:00,494.73685017312755,659.0860441496528
2025-08-06 08:50:00,556.8806080304608,2025-08-06 06:50:00,500.6237673301986,666.9285667754344
2025-08-06 08:55:00,563.1639363445693,2025-08-06 06:55:00,506.2723452239531,674.4535749848756
2025-08-06 09:00:00,569.111608237213,2025-08-06 07:00:00,511.61917516703556,681.576596030698
2025-08-06 09:05:00,574.6717471829586,2025-08-06 07:05:00,516.6176212715662,688.2355018081382
2025-08-06 09:10:00,579.8125357838964,2025-08-06 07:10:00,521.2390803766907,694.3921873243474
2025-08-06 09:15:00,584.5227646353214,2025-08-06 07:15:00,525.4734754670991,700.0332280281627
2025-08-06 09:20:00,588.8115005007014,2025-08-06 07:20:00,529.3289573694124,705.1694824114718
2025-08-06 09:25:00,592.7068822341673,2025-08-06 07:25:00,532.8308223122301,709.8346499879328
2025-08-06 09:30:00,596.254089537435,2025-08-06 07:30:00,536.0196858820062,714.0828386458045
2025-08-06 09:35:00,599.512564899606,2025-08-06 07:35:00,538.9489856062901,717.9852376013934
2025-08-06 09:40:00,602.5526017025031,2025-08-06 07:40:00,541.6819137333287,721.6260312628416
2025-08-06 09:45:00,605.4514395531716,2025-08-06 07:45:00,544.2879070194185,725.0977229417786
2025-08-06 09:50:00,608.2890308592602,2025-08-06 07:50:00,546.8388409706323,728.4960648405156
2025-08-06 09:55:00,611.1436586700435,2025-08-06 07:55:00,549.4050903755348,731.9148099127427
2025-08-06 10:00:00,614.0875948388004,2025-08-06 08:00:00,552.0516260859364,735.4405120136859
2025-08-06 10:05:00,617.1829884028904,2025-08-06 08:05:00,554.8343187584376,739.1476017624304
2025-08-06 10:10:00,620.4781673572613,2025-08-06 08:10:00,557.7966142278358,743.0939574904198
2025-08-06 10:15:00,624.0045220727211,2025-08-06 08:15:00,560.9667317667455,747.3171727764417
2025-08-06 10:20:00,627.7741166171073,2025-08-06 08:20:00,564.3555167143707,751.8316957290428
2025-08-06 10:25:00,631.7781457510708,2025-08-06 08:25:00,567.9550533486847,756.6269810615414
2025-08-06 10:30:00,635.9863214081969,2025-08-06 08:30:00,571.7381133451686,761.6667553314202
2025-08-06 10:35:00,640.3472345978864,2025-08-06 08:35:00,575.6584811197687,766.8894503606438
2025-08-06 10:40:00,644.7896982924524,2025-08-06 08:40:00,579.6521610557014,772.2098114973827
2025-08-06 10:45:00,649.225035565499,2025-08-06 08:45:00,583.6394344909638,777.521637924847
2025-08-06 10:50:00,653.5502370285072,2025-08-06 08:50:00,587.5276981863569,782.7015640546888
2025-08-06 10:55:00,657.651873757372,2025-08-06 08:55:00,591.2149819628318,787.6137457064973
2025-08-06 11:00:00,661.410618487771,2025-08-06 09:00:00,594.5940131595187,792.115274759171
2025-08-06 11:05:00,664.7061997967835,2025-08-06 09:05:00,597.5566703371422,796.0621123531125
2025-08-06 11:10:00,667.4225930951799,2025-08-06 09:10:00,599.9986498691702,799.3153057004356
2025-08-06 11:15:00,669.4532389013248,2025-08-06 09:15:00,601.8241570585495,801.747237568041
2025-08-06 11:20:00,670.7060742363134,2025-08-06 09:20:00,602.9504292544241,803.2476519518793
2025-08-06 11:25:00,671.108166839776,2025-08-06 09:25:00,603.3119019131201,803.72920408329
2025-08-06 11:30:00,670.6097545836795,2025-08-06 09:30:00,602.8638399448411,803.1322980915419
2025-08-06 11:35:00,669.1875133559035,2025-08-06 09:35:00,601.5852754711746,801.4290006702072
2025-08-06 11:40:00,666.8469049436042,2025-08-06 09:40:00,599.4811185220678,798.6258529374853
2025-08-06 11:45:00,663.6234910924824,2025-08-06 09:45:00,596.5833383470314,794.7654441732873
2025-08-06 11:50:00,659.5831396285616,2025-08-06 09:50:00,592.9511487142125,789.9266586737673
2025-08-06 11:55:00,654.8210914342451,2025-08-06 09:55:00,588.6701691418078,784.223558347858
2025-08-06 12:00:00,649.459901836408,2025-08-06 10:00:00,583.8505742499457,777.8029172927805
2025-08-06 12:05:00,643.6463144542499,2025-08-06 10:05:00,578.6242834167048,770.8404778673547
2025-08-06 12:10:00,637.5471681165673,2025-08-06 10:10:00,573.1412811842013,763.5360487547471
2025-08-06 12:15:00,631.3444762904821,2025-08-06 10:15:00,567.5651937701589,756.1076120125317
2025-08-06 12:20:00,625.2298520382461,2025-08-06 10:20:00,562.0682772232003,748.7846463173589
2025-08-06 12:25:00,619.3984783909356,2025-08-06 10:25:00,556.8259969176397,741.8009057940758
2025-08-06 12:30:00,614.0428429476617,2025-08-06 10:30:00,552.0113950920502,735.3869164777896
2025-08-06 12:35:00,609.3464662682201,2025-08-06 10:35:00,547.7894528082651,729.7624653428593
2025-08-06 12:40:00,605.4778547570369,2025-08-06 10:40:00,544.3116537232598,725.1293581860318
2025-08-06 12:45:00,602.5849014158695,2025-08-06 10:45:00,541.7109504854726,721.6647138839134
2025-08-06 12:50:00,600.7899411386325,2025-08-06 10:50:00,540.0973195505105,719.515042539906
2025-08-06 12:55:00,600.185642884337,2025-08-06 10:55:00,539.5540683323968,718.7913258889212
2025-08-06 13:00:00,600.8318892961023,2025-08-06 11:00:00,540.1350300477379,719.5652802823175
2025-08-06 13:05:00,602.7537568260237,2025-08-06 11:05:00,541.8627478911401,721.8669376551536
2025-08-06 13:10:00,605.9406676205251,2025-08-06 11:10:00,544.7277125982632,725.6836298113684
2025-08-06 13:15:00,610.3467400155721,2025-08-06 11:15:00,548.6886775335288,730.9604081821044
2025-08-06 13:20:00,615.8923190284588,2025-08-06 11:20:00,553.6740345695324,737.601876765622
2025-08-06 13:25:00,622.4666242959037,2025-08-06 11:25:00,559.5841945268118,745.475363337669
2025-08-06 13:30:00,629.9314109652179,2025-08-06 11:30:00,566.294878236782,754.4153037896407
2025-08-06 13:35:00,638.1255023542531,2025-08-06 11:35:00,573.6611913061757,764.2286705101016
2025-08-06 13:40:00,646.8700216021184,2025-08-06 11:40:00,581.5223272592494,774.7012378881346
2025-08-06 13:45:00,655.974125614224,2025-08-06 11:45:00,589.7067222318555,785.6044493719074
2025-08-06 13:50:00,665.2410282154553,2025-08-06 11:50:00,598.0374696574448,796.7026308872327
2025-08-06 13:55:00,674.4740918621316,2025-08-06 11:55:00,606.3377965859518,807.7602863631571
2025-08-06 14:00:00,683.4827682707505,2025-08-06 12:00:00,614.436404182097,818.5492123180276
2025-08-06 14:05:00,692.0881780160225,2025-08-06 12:05:00,622.1724836647974,828.8551800697646
2025-08-06 14:10:00,700.1281368575244,2025-08-06 12:10:00,629.4002348674254,838.4839553400341
2025-08-06 14:15:00,707.4614615869127,2025-08-06 12:15:00,635.9927371024489,847.2664550014377
2025-08-06 14:20:00,713.9714192908206,2025-08-06 12:20:00,641.8450499750716,855.062877966481
2025-08-06 14:25:00,719.5682198708748,2025-08-06 12:25:00,646.8764541054688,861.7656902669218
2025-08-06 14:30:00,724.1904908401954,2025-08-06 12:30:00,651.0317769393279,867.3013912921729
2025-08-06 14:35:00,727.8057138926625,2025-08-06 12:35:00,654.2817852142903,871.6310366312031
2025-08-06 14:40:00,730.4096437500801,2025-08-06 12:40:00,656.6226625159698,874.7495420751857
2025-08-06 14:45:00,732.0247682323092,2025-08-06 12:45:00,658.0746249139071,876.6838393743977
2025-08-06 14:50:00,732.6979042179826,2025-08-06 12:50:00,658.6797597816218,877.4899971247239
2025-08-06 14:55:00,732.4970548377302,2025-08-06 12:55:00,658.4992004804755,877.2494568951347
2025-08-06 15:00:00,731.5076781481304,2025-08-06 13:00:00,657.6097719772854,876.0645645356584
2025-08-06 15:05:00,729.8285355544168,2025-08-06 13:05:00,656.1002586650468,874.0535981861608
2025-08-06 15:10:00,727.567298923916,2025-08-06 13:10:00,654.0674552517801,871.3455072895256
2025-08-06 15:15:00,724.8360983664869,2025-08-06 13:15:00,651.6121643102796,868.0745805467456
2025-08-06 15:20:00,721.7471879827348,2025-08-06 13:20:00,648.8352998783711,864.3752551519907
2025-08-06 15:25:00,718.4088950911746,2025-08-06 13:25:00,645.8342459006878,860.3772655263167
2025-08-06 15:30:00,714.9220000176623,2025-08-06 13:30:00,642.6996017367248,856.2013076992007
2025-08-06 15:35:00,711.376669569856,2025-08-06 13:35:00,639.5124254199044,851.9553667915736
2025-08-06 15:40:00,707.8500389869471,2025-08-06 13:40:00,636.3420598820526,847.731821122558
2025-08-06 15:45:00,704.4045055363015,2025-08-06 13:45:00,633.2445989332417,843.6053985952177
2025-08-06 15:50:00,701.0867640115374,2025-08-06 13:50:00,630.2620201951715,839.6320215945927
2025-08-06 15:55:00,697.9275809288928,2025-08-06 13:55:00,627.4219821085286,835.8485365618833
2025-08-06 16:00:00,694.9422723727083,2025-08-06 14:00:00,624.7382535058648,832.2732862693653
2025-08-06 16:05:00,692.1318211065186,2025-08-06 14:05:00,622.2117178705984,828.9074476893844
2025-08-06 16:10:00,689.4845431221311,2025-08-06 14:10:00,619.8318715290251,825.737027878524
2025-08-06 16:15:00,686.9781932721145,2025-08-06 14:15:00,617.5787165689333,822.7353857146476
2025-08-06 16:20:00,684.5823848529513,2025-08-06 14:20:00,615.4249359931564,819.8661296259644
2025-08-06 16:25:00,682.2611892776899,2025-08-06 14:25:00,613.338230769738,817.0862309979808
2025-08-06 16:30:00,679.9757797295248,2025-08-06 14:30:00,611.283696420012,814.3491902526703
2025-08-06 16:35:00,677.686986831274,2025-08-06 14:35:00,609.2261205108538,811.6080975565627
2025-08-06 16:40:00,675.3576442946668,2025-08-06 14:40:00,607.1320913432678,808.8184420055052
2025-08-06 16:45:00,672.9546180627815,2025-08-06 14:45:00,604.971822108082,805.9405417560725
2025-08-06 16:50:00,670.4504321850884,2025-08-06 14:50:00,602.7206125128698,802.9414911979002
2025-08-06 16:55:00,667.824428207554,2025-08-06 14:55:00,600.3598910488797,799.7965494566574
2025-08-06 17:00:00,665.0634203482097,2025-08-06 15:00:00,597.8778039798726,796.4899250421339
2025-08-06 17:05:00,662.1618356110565,2025-08-06 15:05:00,595.2693413015278,793.0149436507526
2025-08-06 17:10:00,659.1213542903522,2025-08-06 15:10:00,592.536013562479,789.3736176281127
2025-08-06 17:15:00,655.950091445636,2025-08-06 15:15:00,589.685116027851,785.5756656912065
2025-08-06 17:20:00,652.6613822448033,2025-08-06 15:20:00,586.7286367286396,781.6370582370706
2025-08-06 17:25:00,649.2722528489974,2025-08-06 15:25:00,583.6818818199014,777.5781860516026
2025-08-06 17:30:00,645.801672852878,2025-08-06 15:30:00,580.5619045618981,773.4217674058222
2025-08-06 17:35:00,642.2686946422278,2025-08-06 15:35:00,577.3858326423415,769.1906197226389
2025-08-06 17:40:00,638.6905888485142,2025-08-06 15:40:00,574.1691919898859,764.9054265692766
2025-08-06 17:45:00,635.0810837061349,2025-08-06 15:45:00,570.9243239939136,760.5826290851095
2025-08-06 17:50:00,631.4488091421059,2025-08-06 15:50:00,567.6589867744096,756.23256260014
2025-08-06 17:55:00,627.7960348680647,2025-08-06 15:55:00,564.3752207536376,751.8579453550603
2025-08-06 18:00:00,624.1177755697979,2025-08-06 16:00:00,561.0685442406444,747.4528068628123
2025-08-06 18:05:00,620.4013171754154,2025-08-06 16:05:00,557.7275275564723,743.0019205602488
2025-08-06 18:10:00,616.6261960153684,2025-08-06 16:10:00,554.3337742994594,738.4807788498589
2025-08-06 18:15:00,612.7646398002227,2025-08-06 16:15:00,550.8623177748359,733.8561212213623
2025-08-06 18:20:00,608.782455578244,2025-08-06 16:20:00,547.2824192496196,729.086997683028
2025-08-06 18:25:00,604.6403274537167,2025-08-06 16:25:00,543.5587345736544,724.1263229285929
2025-08-06 18:30:00,600.2954660127075,2025-08-06 16:30:00,539.6527969781281,718.9228517142897
2025-08-06 18:35:00,595.7035338547977,2025-08-06 16:35:00,535.524748087455,713.4234849045241
2025-08-06 18:40:00,590.8207573586169,2025-08-06 16:40:00,531.1352363513672,707.5757985539437
2025-08-06 18:45:00,585.606125372407,2025-08-06 16:45:00,526.4473936207506,701.3306770922279
2025-08-06 18:50:00,580.0235705412664,2025-08-06 16:50:00,521.428796114227,694.6449257143057
2025-08-06 18:55:00,574.0440289192724,2025-08-06 16:55:00,516.0533159654433,687.4837370027167
2025-08-06 19:00:00,567.647278899738,2025-08-06 17:00:00,510.30277438207816,679.8228932580636
2025-08-06 19:05:00,560.8234699007442,2025-08-06 17:05:00,504.1683159014712,671.6505972757274
2025-08-06 19:10:00,553.5742651382023,2025-08-06 17:10:00,497.6514357191877,662.9688409480242
2025-08-06 19:15:00,545.9135404804916,2025-08-06 17:15:00,490.76460794440425,653.7942422229977
2025-08-06 19:20:00,537.8676011726415,2025-08-06 17:20:00,483.5314804303182,644.1583046565505
2025-08-06 19:25:00,529.4749001929238,2025-08-06 17:25:00,475.9866215827422,634.1070801120757
2025-08-06 19:30:00,520.7852645214222,2025-08-06 17:30:00,468.17482479208064,623.7002421280921
2025-08-06 19:35:00,511.85865776106624,2025-08-06 17:35:00,460.14999605607954,613.0096040146414
2025-08-06 19:40:00,502.76352850745343,2025-08-06 17:40:00,451.97366919958813,602.1171408362188
2025-08-06 19:45:00,493.5748122723517,2025-08-06 17:45:00,443.71320964648197,591.1125964853993
2025-08-06 19:50:00,484.3716704872876,2025-08-06 17:50:00,435.4397818322013,580.0907758796292
2025-08-06 19:55:00,475.23506130223956,2025-08-06 17:55:00,427.2261654036826,569.1486357133153
2025-08-06 20:00:00,466.24524467708875,2025-08-06 18:00:00,419.14451234988394,558.3822965179346
2025-08-06 20:05:00,457.47932655571566,2025-08-06 18:05:00,411.2641392667727,547.8841015281059
2025-08-06 20:10:00,449.0089451053398,2025-08-06 18:10:00,403.64944733593245,537.739845687128
2025-08-06 20:15:00,440.89819526567004,2025-08-06 18:15:00,396.3580565385962,528.0262900559195
2025-08-06 20:20:00,433.2018770515519,2025-08-06 18:20:00,389.4392309171569,518.809063954003
2025-08-06 20:25:00,425.96413839224317,2025-08-06 18:25:00,382.9326585166751,510.14103960346955
2025-08-06 20:30:00,419.21756560504286,2025-08-06 18:30:00,376.86763374010593,502.0612428665583
2025-08-06 20:35:00,412.9827548187614,2025-08-06 18:35:00,371.2626720671571,494.59433997597813
2025-08-06 20:40:00,407.2683762735767,2025-08-06 18:40:00,366.1255678584849,487.7507145413789
2025-08-06 20:45:00,402.0717219591407,2025-08-06 18:45:00,361.4538866706505,481.52712340896045
2025-08-06 20:50:00,397.3797060276615,2025-08-06 18:50:00,357.2358646061042,475.90789477118074
2025-08-06 20:55:00,393.1702678737072,2025-08-06 18:55:00,353.4516696519484,470.866608516169
2025-08-06 21:00:00,389.41411074586404,2025-08-06 19:00:00,350.074964654668,466.36817841511805
2025-08-06 21:05:00,386.0766946511473,2025-08-06 19:05:00,347.0746988986118,462.37123885449154
2025-08-06 21:10:00,383.1203920506912,2025-08-06 19:10:00,344.41704603035566,458.83072652950705
2025-08-06 21:15:00,380.5067085460155,2025-08-06 19:15:00,342.06740040820466,455.7005399713093
2025-08-06 21:20:00,378.19846893188344,2025-08-06 19:20:00,339.99234231700177,452.93615759665283
2025-08-06 21:25:00,376.16187123674257,2025-08-06 19:25:00,338.16148450659364,450.4970976575354
2025-08-06 21:30:00,374.3683182526941,2025-08-06 19:30:00,336.5491186981373,448.3491117089534
2025-08-06 21:35:00,372.7959463481623,2025-08-06 19:35:00,335.1355899540231,446.4660155378797
2025-08-06 21:40:00,371.4307852426982,2025-08-06 19:40:00,333.90833929064087,444.83107812695994
2025-08-06 21:45:00,370.2674989978507,2025-08-06 19:45:00,332.86256981334003,443.437909076291
2025-08-06 21:50:00,369.3096768507856,2025-08-06 19:50:00,332.00150816963884,442.29080691012445
2025-08-06 21:55:00,368.56966222762924,2025-08-06 19:55:00,331.3362508358735,441.40455430068266
2025-08-06 22:00:00,368.0679279922999,2025-08-06 20:00:00,330.8852024792473,440.8036698567911
2025-08-06 22:05:00,367.83202541324226,2025-08-06 20:05:00,330.6731311013834,440.52114939067906
2025-08-06 22:10:00,367.89515197308026,2025-08-06 20:10:00,330.7298805298048,440.5967507053434
2025-08-06 22:15:00,368.2943991072449,2025-08-06 20:15:00,331.08879517240325,441.07489506005413
2025-08-06 22:20:00,369.0687536650159,2025-08-06 20:20:00,331.78492337361985,442.00227369012845
2025-08-06 22:25:00,370.25693674225806,2025-08-06 20:25:00,332.85307457125396,443.425259560609
2025-08-06 22:30:00,371.8951695282646,2025-08-06 20:30:00,334.32581084051475,445.38723171094125
2025-08-06 22:35:00,374.0149580893669,2025-08-06 20:35:00,336.2314554618201,447.92592227860706
2025-08-06 22:40:00,376.6409875796841,2025-08-06 20:40:00,338.59219986125674,451.07089457434097
2025-08-06 22:45:00,379.78921116015476,2025-08-06 20:45:00,341.42238558962526,454.8412543429057
2025-08-06 22:50:00,383.46521035087414,2025-08-06 20:50:00,344.7270303142267,459.243686096464
2025-08-06 22:55:00,387.6628923495341,2025-08-06 20:55:00,348.5006567359755,464.2708930036081
2025-08-06 23:00:00,392.36357575440525,2025-08-06 21:00:00,352.7264706738967,469.9005019374934
2025-08-06 23:05:00,397.53550100512615,2025-08-06 21:05:00,357.3759209618558,476.09447717238663
2025-08-06 23:10:00,403.1337849486772,2025-08-06 21:10:00,362.40865860434053,482.7990659711947
2025-08-06 23:15:00,409.10082236891344,2025-08-06 21:15:00,367.7728977429308,489.9452794632541
2025-08-06 23:20:00,415.36712055020166,2025-08-06 21:20:00,373.4061659111757,497.4498921302577
2025-08-06 23:25:00,421.8525375436705,2025-08-06 21:25:00,379.23641720949365,505.21692477248365
2025-08-06 23:30:00,428.4678809526875,2025-08-06 21:30:00,385.1834695791533,513.1395592382571
2025-08-06 23:35:00,435.11681193771267,2025-08-06 21:35:00,391.16071646195326,521.1024186887141
2025-08-06 23:40:00,441.697990143329,2025-08-06 21:40:00,397.07705504378947,528.9841363945771
2025-08-06 23:45:00,448.1073884251686,2025-08-06 21:45:00,402.83896714470205,536.6601278878317
2025-08-06 23:50:00,454.2407024790438,2025-08-06 21:50:00,408.3526854239751,544.005476769707
2025-08-06 23:55:00,459.99577986814427,2025-08-06 21:55:00,413.52637702368463,550.8978437500716
2025-08-07 00:00:00,465.27499456099343,2025-08-06 22:00:00,418.2722782275824,557.2203104296963
2025-08-07 00:05:00,469.9874978815065,2025-08-06 22:05:00,422.5087180171006,562.8640750717976
2025-08-07 00:10:00,474.05128330270566,2025-08-06 22:10:00,426.1619742767816,567.7309254299538
2025-08-07 00:15:00,477.39501115095084,2025-08-06 22:15:00,429.16791416439185,571.7354240412527
2025-08-07 00:20:00,479.9595491672263,2025-08-06 22:20:00,431.47337904259984,574.8067532255905
2025-08-07 00:25:00,481.69919593051696,2025-08-06 22:25:00,433.0372843104498,576.8901802758523
2025-08-07 00:30:00,482.5825651886679,2025-08-06 22:30:00,433.8314143979084,577.9481165458111
2025-08-07 00:35:00,482.59312063130426,2025-08-06 22:35:00,433.8409035152923,577.9607579021945
2025-08-07 00:40:00,481.7293613327436,2025-08-06 22:40:00,433.06440236248466,576.9263068138986
2025-08-07 00:45:00,480.0046680739981,2025-08-06 22:45:00,431.5139399756979,574.8607883049125
2025-08-07 00:50:00,477.44682963277415,2025-08-06 22:50:00,429.2144978723063,571.7974826321185
2025-08-07 00:55:00,474.097275542753,2025-08-06 22:55:00,426.2033203178332,567.7860064263024
2025-08-07 01:00:00,470.01004775604576,2025-08-06 23:00:00,422.52898987247113,562.8910811396883
2025-08-07 01:05:00,465.25054811409325,2025-08-06 23:05:00,418.2503013941849,557.1910329983065
2025-08-07 01:10:00,459.8941012135122,2025-08-06 23:10:00,413.4349700858151,550.7760718685811
2025-08-07 01:15:00,454.02437373489823,2025-08-06 23:15:00,408.15821050544815,543.7463982218014
2025-08-07 01:20:00,447.7316912360233,2025-08-06 23:20:00,402.5012233994665,536.2101873004149
2025-08-07 01:25:00,441.1112923438464,2025-08-06 23:25:00,396.5496262584703,528.2814983122006
2025-08-07 01:30:00,434.26155839306415,2025-08-06 23:30:00,390.39186180016367,520.0781542188498
2025-08-07 01:35:00,427.2822535806682,2025-08-06 23:35:00,384.1176159059049,511.7196341186752
2025-08-07 01:40:00,420.27280798434685,2025-08-06 23:40:00,377.8162740909381,503.32501696370093
2025-08-07 01:45:00,413.3306720083158,2025-08-06 23:45:00,371.5754421863567,495.01101081931506
2025-08-07 01:50:00,406.54976791273594,2025-08-06 23:50:00,365.47955429713744,486.8900983926799
2025-08-07 01:55:00,400.0190602168054,2025-08-06 23:55:00,359.60858762506723,479.0688249260376
2025-08-07 02:00:00,393.8212641886711,2025-08-07 00:00:00,354.03690142877025,471.64625146486225
2025-08-07 02:05:00,388.0317084453506,2025-08-07 00:05:00,348.83221452534207,464.7125926904701
2025-08-07 02:10:00,382.7173652010239,2025-08-07 00:10:00,344.0547335042843,458.34805553083237
2025-08-07 02:15:00,377.93605930260117,2025-08-07 00:15:00,339.7564416673821,452.6218918897103
2025-08-07 02:20:00,373.73586488634123,2025-08-07 00:20:00,335.9805566358956,447.591676073574
2025-08-07 02:25:00,370.1546964442267,2025-08-07 00:25:00,332.7611627279696,443.30281504656153
2025-08-07 02:30:00,367.2200984603302,2025-08-07 00:30:00,330.1230218462215,439.7882964958363
2025-08-07 02:35:00,364.94923574303937,2025-08-07 00:35:00,328.08156478661846,437.0686772533151
2025-08-07 02:40:00,363.34908338674217,2025-08-07 00:40:00,326.64306200997305,435.1523107966307
2025-08-07 02:45:00,362.4168125454527,2025-08-07 00:45:00,325.8049704441901,434.03580925741073
2025-08-07 02:50:00,362.14036441881774,2025-08-07 00:50:00,325.55644948542147,433.70473083552696
2025-08-07 02:55:00,362.49920112219485,2025-08-07 00:55:00,325.8790360142222,434.13447905235955
2025-08-07 03:00:00,363.46521778013306,2025-08-07 01:00:00,326.74746434810004,435.291395087627
2025-08-07 03:05:00,365.00379578937435,2025-08-07 01:05:00,328.13061310244785,437.1340191829508
2025-08-07 03:10:00,367.0749725923913,2025-08-07 01:10:00,329.99255679195863,439.61449158018513
2025-08-07 03:15:00,369.63469897114334,2025-08-07 01:15:00,332.29369611084695,442.6800582752728
2025-08-07 03:20:00,372.63615075771725,2025-08-07 01:20:00,334.99193713268625,446.27464194257806
2025-08-07 03:25:00,376.0310584109328,2025-08-07 01:25:00,338.04388657136724,450.3404342557666
2025-08-07 03:30:00,379.7710154584374,2025-08-07 01:30:00,341.40602804258265,454.81946289767876
2025-08-07 03:35:00,383.808725107441,2025-08-07 01:35:00,345.03584274024064,459.65508452003917
2025-08-07 03:40:00,388.09914443233384,2025-08-07 01:40:00,348.8928380366842,464.79335503970486
2025-08-07 03:45:00,392.6004868573271,2025-08-07 01:45:00,352.9394486931647,470.18423022690837
2025-08-07 03:50:00,397.27504656933604,2025-08-07 01:50:00,357.14177798940744,475.782553034489
2025-08-07 03:55:00,402.08981344603524,2025-08-07 01:55:00,361.4701505307942,481.54879004495285
2025-08-07 04:00:00,407.0168531071937,2025-08-07 02:00:00,365.8994539063923,487.4494866256504
2025-08-07 04:05:00,412.0334348757534,2025-08-07 02:05:00,370.4092537232302,493.45742017688355
2025-08-07 04:10:00,417.1218992942013,2025-08-07 02:10:00,374.98367450634663,499.5514414675254
2025-08-07 04:15:00,422.26926734900815,2025-08-07 02:15:00,379.6110483999112,505.7160066363492
2025-08-07 04:20:00,427.46660390794915,2025-08-07 02:20:00,384.2833429109776,511.94041483501735
2025-08-07 04:25:00,432.70815934095646,2025-08-07 02:25:00,388.9953892449714,518.2177802203431
2025-08-07 04:30:00,437.9903235663423,2025-08-07 02:30:00,393.7439420155947,524.5437793043628
2025-08-07 04:35:00,443.3104369067685,2025-08-07 02:35:00,398.5266102297519,530.9152268176136
2025-08-07 04:40:00,448.6655106412303,2025-08-07 02:40:00,403.34070709112194,537.3285434230036
2025-08-07 04:45:00,454.0509169100938,2025-08-07 02:45:00,408.18207225278087,543.7781867264388
2025-08-07 04:50:00,459.45911212715555,2025-08-07 02:50:00,413.04392419192135,550.2551224159636
2025-08-07 04:55:00,464.878460278128,2025-08-07 02:55:00,417.9158023803343,556.7454150263815
2025-08-07 05:00:00,470.2922213553055,2025-08-07 03:00:00,422.7826579087889,563.2290164734427
2025-08-07 05:05:00,475.6777665231989,2025-08-07 03:05:00,427.62414793770773,569.678826124439
2025-08-07 05:10:00,481.00607484488796,2025-08-07 03:10:00,432.4141832649119,576.0600880701365
2025-08-07 05:15:00,486.2415566364542,2025-08-07 03:15:00,437.1207695250303,582.3301795713963
2025-08-07 05:20:00,491.34223639852456,2025-08-07 03:20:00,441.70617164104885,588.4388301407333
2025-08-07 05:25:00,496.26031383341495,2025-08-07 03:25:00,446.1274181667346,594.3287934248609
2025-08-07 05:30:00,500.9431053982273,2025-08-07 03:30:00,450.3371477227514,599.9369748227981
2025-08-07 05:35:00,505.3343518182926,2025-08-07 03:35:00,454.28478442330623,605.195997383576
2025-08-07 05:40:00,509.3758595710524,2025-08-07 03:40:00,457.91801353508407,610.0361676719486
2025-08-07 05:45:00,513.0094275442558,2025-08-07 03:45:00,461.18451350179856,614.3877831631404
2025-08-07 05:50:00,516.1789942674184,2025-08-07 03:50:00,464.03388625939203,618.1837037994401
2025-08-07 05:55:00,518.8329275841796,2025-08-07 03:55:00,466.41971560255973,621.36209413615
2025-08-07 06:00:00,520.9263676479355,2025-08-07 04:00:00,468.30167348775893,623.8692293482898
2025-08-07 06:05:00,522.4235264581663,2025-08-07 04:05:00,469.64758726723164,625.6622491897848
2025-08-07 06:10:00,523.2998435550762,2025-08-07 04:10:00,470.4353776124234,626.7117396856919
2025-08-07 06:15:00,523.5438976319989,2025-08-07 04:15:00,470.6547770126888,627.0040225078815
2025-08-07 06:20:00,523.1589788580171,2025-08-07 04:20:00,470.3087432597298,626.543038012184
2025-08-07 06:25:00,522.1642356667704,2025-08-07 04:25:00,469.4144903862292,625.351718649863
2025-08-07 06:30:00,520.5953230203601,2025-08-07 04:30:00,468.00407144124955,623.4727653381882
2025-08-07 06:35:00,518.5044962416737,2025-08-07 04:35:00,466.12446284348783,620.9687598354346
2025-08-07 06:40:00,515.9601146115042,2025-08-07 04:40:00,463.83711812569237,617.9215702413486
2025-08-07 06:45:00,513.0455414710973,2025-08-07 04:45:00,461.2169791503555,614.4310337434654
2025-08-07 06:50:00,509.857451817374,2025-08-07 04:50:00,458.3509546739814,610.6129297677691
2025-08-07 06:55:00,506.50358286924666,2025-08-07 04:55:00,455.33589815426967,606.5962860231824
2025-08-07 07:00:00,503.099987446814,2025-08-07 05:00:00,452.2761385967006,602.5200891073036
2025-08-07 07:05:00,499.76787254501824,2025-08-07 05:05:00,449.2806384998058,598.5294983348123
2025-08-07 07:10:00,496.6301255671256,2025-08-07 05:10:00,446.4598710132935,594.7716855025949
2025-08-07 07:15:00,493.8076472587965,2025-08-07 05:15:00,443.9225233241346,591.3914431565987
2025-08-07 07:20:00,491.41562258108786,2025-08-07 05:20:00,441.77214425107513,588.5267185334199
2025-08-07 07:25:00,489.5598678236044,2025-08-07 05:25:00,440.1038603774132,586.3042388082371
2025-08-07 07:30:00,488.3333940398834,2025-08-07 05:30:00,439.00128665284103,584.8353954134964
2025-08-07 07:35:00,487.81332281403644,2025-08-07 05:35:00,438.5337537335599,584.2125503147921
2025-08-07 07:40:00,488.0582803629935,2025-08-07 05:40:00,438.75396533587906,584.5059151486379
2025-08-07 07:45:00,489.10638086667956,2025-08-07 05:45:00,439.6961852931366,585.7611360284458
2025-08-07 07:50:00,490.9738893716744,2025-08-07 05:50:00,441.37503553466007,587.9976922178992
2025-08-07 07:55:00,493.65463003993506,2025-08-07 05:55:00,443.7849641140128,591.2081874407494
2025-08-07 08:00:00,497.12017742713044,2025-08-07 06:00:00,446.900417164129,595.3585789586169
2025-08-07 08:05:00,501.32083807856986,2025-08-07 06:05:00,450.6767213310795,600.3893531449955
2025-08-07 08:10:00,506.1873984475186,2025-08-07 06:10:00,455.0516551152878,606.217618818437
2025-08-07 08:15:00,511.6335837701921,2025-08-07 06:15:00,459.94765934760994,612.7400520281159
2025-08-07 08:20:00,517.5591430529787,2025-08-07 06:20:00,465.2746105269277,619.836590680788
2025-08-07 08:25:00,523.8534484705939,2025-08-07 06:25:00,470.9330566021788,627.374745233994
2025-08-07 08:30:00,530.3994746199561,2025-08-07 06:30:00,476.81779423656315,635.214364310171
2025-08-07 08:35:00,537.0780055667169,2025-08-07 06:35:00,482.8216508524786,643.2126731186634
2025-08-07 08:40:00,543.7719056926449,2025-08-07 06:40:00,488.83932403206046,651.2293882865918
2025-08-07 08:45:00,550.3702853531266,2025-08-07 06:45:00,494.77112635426425,659.1317067127428
2025-08-07 08:50:00,556.7723938926649,2025-08-07 06:50:00,500.52648513261335,666.7989679013053
2025-08-07 08:55:00,562.8910815109684,2025-08-07 06:55:00,506.0270545588416,674.126799944612
2025-08-07 09:00:00,568.6556867652164,2025-08-07 07:00:00,511.2093115057296,681.0305776391506
2025-08-07 09:05:00,574.0142283410493,2025-08-07 07:05:00,516.0265258823922,687.4480473833678
2025-08-07 09:10:00,578.9348068239152,2025-08-07 07:10:00,520.4500207967662,693.3410059600549
2025-08-07 09:15:00,583.4061538467731,2025-08-07 07:15:00,524.4696662276615,698.6959582038708
2025-08-07 09:20:00,587.4373004196575,2025-08-07 07:20:00,528.0935808601265,703.5237197878554
2025-08-07 09:25:00,591.0563731163115,2025-08-07 07:25:00,531.3470498829546,707.8579755184904
2025-08-07 09:30:00,594.3085629520752,2025-08-07 07:30:00,534.270699053306,711.7528468334006
2025-08-07 09:35:00,597.253347511223,2025-08-07 07:35:00,536.9179974485405,715.2795649793975
2025-08-07 09:40:00,599.96107914175,2025-08-07 07:40:00,539.3521903262344,718.5223849833958
2025-08-07 09:45:00,602.5090804057616,2025-08-07 07:45:00,541.6427890175105,721.5739095052485
2025-08-07 09:50:00,604.977410715775,2025-08-07 07:50:00,543.8617652235317,724.5300188979023
2025-08-07 09:55:00,607.4444842473138,2025-08-07 07:55:00,546.0796116125588,727.4846231538091
2025-08-07 10:00:00,609.9827280758259,2025-08-07 08:00:00,548.3614385778154,730.524462024592
2025-08-07 10:05:00,612.6544705995987,2025-08-07 08:05:00,550.7632780175436,733.7241809346734
2025-08-07 10:10:00,615.5082432550263,2025-08-07 08:10:00,553.3287586560541,737.1419018600234
2025-08-07 10:15:00,618.5756638820783,2025-08-07 08:15:00,556.086304255877,740.8154907999085
2025-08-07 10:20:00,621.8690479724727,2025-08-07 08:20:00,559.0469861809125,744.759696971885
2025-08-07 10:25:00,625.3798655467352,2025-08-07 08:25:00,562.2031361618799,748.9643047446248
2025-08-07 10:30:00,629.0781275091827,2025-08-07 08:30:00,565.5277946425593,753.3933987274416
2025-08-07 10:35:00,632.9127473846203,2025-08-07 08:35:00,568.9750359733542,757.9857969915851
2025-08-07 10:40:00,636.812884009021,2025-08-07 08:40:00,572.4811754615212,762.6566590967308
2025-08-07 10:45:00,640.6902294872625,2025-08-07 08:45:00,575.9668261962865,767.3002261834758
2025-08-07 10:50:00,644.4421663436974,2025-08-07 08:50:00,579.3397372597486,771.7936020242039
2025-08-07 10:55:00,647.9556802366748,2025-08-07 08:55:00,582.4983111736263,776.0014389486687
2025-08-07 11:00:00,651.1118808312068,2025-08-07 09:00:00,585.3356680671851,779.7813521088912
2025-08-07 11:05:00,653.7909556853647,2025-08-07 09:05:00,587.7440991152541,782.9898523277924
2025-08-07 11:10:00,655.8773608848189,2025-08-07 09:10:00,589.6197328077654,785.4885624809546
2025-08-07 11:15:00,657.2650389708003,2025-08-07 09:15:00,590.8672257554954,787.1504665653911
2025-08-07 11:20:00,657.8624499437642,2025-08-07 09:20:00,591.4042854548577,787.8659349049761
2025-08-07 11:25:00,657.5972050574624,2025-08-07 09:25:00,591.1658359697605,787.5482736517114
2025-08-07 11:30:00,656.4201058087103,2025-08-07 09:30:00,590.1076488971024,786.1385619404361
2025-08-07 11:35:00,654.3084113665109,2025-08-07 09:35:00,588.2092807157376,783.6095650109422
2025-08-07 11:40:00,651.2681859495244,2025-08-07 09:40:00,585.476183028663,779.9685454624323
2025-08-07 11:45:00,647.3356124030142,2025-08-07 09:45:00,581.9408834406239,775.2588364129665
2025-08-07 11:50:00,642.5771977938314,2025-08-07 09:50:00,577.6631703836129,769.5600877231001
2025-08-07 11:55:00,637.0888398145258,2025-08-07 09:55:00,572.7292538341136,762.9871479074466
2025-08-07 12:00:00,630.9937676275603,2025-08-07 10:00:00,567.2499141760494,755.6875980588309
2025-08-07 12:05:00,624.4394151100839,2025-08-07 10:05:00,561.3576913146462,747.8380071993439
2025-08-07 12:10:00,617.5933271621345,2025-08-07 10:10:00,555.2032045349794,739.6390296136587
2025-08-07 12:15:00,610.6382384952154,2025-08-07 10:15:00,548.9507284380596,731.3095111324358
2025-08-07 12:20:00,603.7664979652272,2025-08-07 10:20:00,542.773180535278,723.0798116298325
2025-08-07 12:25:00,597.1740382362369,2025-08-07 10:25:00,536.8467001049894,715.184583002407
2025-08-07 12:30:00,591.054109740244,2025-08-07 10:30:00,531.3450151562332,707.855264865372
2025-08-07 12:35:00,585.5910083091931,2025-08-07 10:35:00,526.433803703939,701.3125726706379
2025-08-07 12:40:00,580.9540273977791,2025-08-07 10:40:00,522.2652569464565,695.7592547981557
2025-08-07 12:45:00,577.2918580579227,2025-08-07 10:45:00,518.973044962268,691.3733858813738
2025-08-07 12:50:00,574.7276434841026,2025-08-07 10:50:00,516.6678708519162,688.3024440565707
2025-08-07 12:55:00,573.3548704398326,2025-08-07 10:55:00,515.4337772181974,686.6583904735936
2025-08-07 13:00:00,573.2342480678917,2025-08-07 11:00:00,515.325340283252,686.5139313121872
2025-08-07 13:05:00,574.3916872391468,2025-08-07 11:05:00,516.3658533663321,687.9000978198432
2025-08-07 13:10:00,576.8174516333113,2025-08-07 11:10:00,518.5465637235433,690.8052296333872
2025-08-07 13:15:00,580.4665073776889,2025-08-07 11:15:00,521.8269868656045,695.1753935115811
2025-08-07 13:20:00,585.2600527675995,2025-08-07 11:20:00,526.1362817438238,700.9162153512441
2025-08-07 13:25:00,591.0881652998495,2025-08-07 11:25:00,531.3756303766276,707.8960503142292
2025-08-07 13:30:00,597.8134617532667,2025-08-07 11:30:00,537.4215281837531,715.9503661947565
2025-08-07 13:35:00,605.275629998543,2025-08-07 11:35:00,544.1298579864632,724.8871707828363
2025-08-07 13:40:00,613.2966597201371,2025-08-07 11:40:00,551.3405923147669,734.4932762552562
2025-08-07 13:45:00,621.6865755742574,2025-08-07 11:45:00,558.8829473939428,744.5411652915519
2025-08-07 13:50:00,630.2494593661411,2025-08-07 11:50:00,566.5807969532311,754.7962033238211
2025-08-07 13:55:00,638.7895409530464,2025-08-07 11:55:00,574.2581478174759,765.023933093482
2025-08-07 14:00:00,647.1171379362693,2025-08-07 12:00:00,581.7444795633294,774.9971881155001
2025-08-07 14:05:00,655.0542344041834,2025-08-07 12:05:00,588.8797596900401,784.5027738647076
2025-08-07 14:10:00,662.4395063164665,2025-08-07 12:10:00,595.5189613324914,793.3474862513102
2025-08-07 14:15:00,669.1326264660693,2025-08-07 12:15:00,601.5359333300232,801.3632673078956
2025-08-07 14:20:00,675.017712850489,2025-08-07 12:20:00,606.8265002385243,808.41133501058
2025-08-07 14:25:00,680.0058202971395,2025-08-07 12:25:00,611.3107022483981,814.3851672869133
2025-08-07 14:30:00,684.0364143428051,2025-08-07 12:30:00,614.9341201706998,819.2122671560154
2025-08-07 14:35:00,687.0778069011453,2025-08-07 12:35:00,617.6682670929123,822.8546844905123
2025-08-07 14:40:00,689.12657423628,2025-08-07 12:40:00,619.510065149637,825.3083189729739
2025-08-07 14:45:00,690.2060161130628,2025-08-07 12:45:00,620.4804603316136,826.601074751176
2025-08-07 14:50:00,690.3637508828564,2025-08-07 12:50:00,620.6222605192199,826.7899802767629
2025-08-07 14:55:00,689.6685717970655,2025-08-07 12:55:00,619.9973093755112,825.9574233791928
2025-08-07 15:00:00,688.2067147876239,2025-08-07 13:00:00,618.6831311606278,824.2066815036844
2025-08-07 15:05:00,686.0777060261325,2025-08-07 13:05:00,616.7691977761876,821.6569486857729
2025-08-07 15:10:00,683.3899681824413,2025-08-07 13:10:00,614.3529788856367,818.4380735407022
2025-08-07 15:15:00,680.2563673377445,2025-08-07 13:15:00,611.5359386842739,814.6852261797727
2025-08-07 15:20:00,676.7898778882077,2025-08-07 13:20:00,608.4196387402425,810.5337064339185
2025-08-07 15:25:00,673.0995309508185,2025-08-07 13:25:00,605.102095697964,806.1140916037996
2025-08-07 15:30:00,669.2867932968924,2025-08-07 13:30:00,601.6745260167339,801.547899816269
2025-08-07 15:35:00,665.4425000652184,2025-08-07 13:35:00,598.2185885453804,796.943916595642
2025-08-07 15:40:00,661.644435852294,2025-08-07 13:40:00,594.8042099740724,792.3952979410881
2025-08-07 15:45:00,657.9556275722069,2025-08-07 13:45:00,591.4880501518309,787.9775258300267
2025-08-07 15:50:00,654.4233791658722,2025-08-07 13:50:00,588.3126343107596,783.7472521714353
2025-08-07 15:55:00,651.079045032209,2025-08-07 13:55:00,585.3061493855134,779.7420274636283
2025-08-07 16:00:00,647.9385071409043,2025-08-07 14:00:00,582.4828729274792,775.9808721916581
2025-08-07 16:05:00,645.0032914399295,2025-08-07 14:05:00,579.844176731277,772.465613853697
2025-08-07 16:10:00,642.2622336634191,2025-08-07 14:10:00,577.380024360449,769.1828819575331
2025-08-07 16:15:00,639.6935842954924,2025-08-07 14:15:00,575.0708634649569,766.1066289568068
2025-08-07 16:20:00,637.2674275106808,2025-08-07 14:20:00,572.8898003569385,763.2010272103399
2025-08-07 16:25:00,634.9482801393199,2025-08-07 14:25:00,570.8049364250611,760.4235815420609
2025-08-07 16:30:00,632.6977347580237,2025-08-07 14:30:00,568.7817442163814,757.7282946457917
2025-08-07 16:35:00,630.4770147017997,2025-08-07 14:35:00,566.7853643376412,755.068727006069
2025-08-07 16:40:00,628.249319167914,2025-08-07 14:40:00,564.7827136535335,752.4008054296992
2025-08-07 16:45:00,625.9818517634046,2025-08-07 14:45:00,562.7443089075708,749.6852524646788
2025-08-07 16:50:00,623.6474458801412,2025-08-07 14:50:00,560.6457278995332,746.8895329737392
2025-08-07 16:55:00,621.2257235216497,2025-08-07 14:55:00,558.4686512460229,743.9892419627288
2025-08-07 17:00:00,618.7037500395459,2025-08-07 15:00:00,556.2014509745266,740.9688887027835
2025-08-07 17:05:00,616.0761737406489,2025-08-07 15:05:00,553.8393160272285,737.8220639258994
2025-08-07 17:10:00,613.3448659733127,2025-08-07 15:10:00,551.3839287063124,734.5510087869271
2025-08-07 17:15:00,610.5181021926984,2025-08-07 15:15:00,548.8427284691401,731.1656340950601
2025-08-07 17:20:00,607.6093468906902,2025-08-07 15:20:00,546.2278196062094,727.6820651276834
2025-08-07 17:25:00,604.6357241555573,2025-08-07 15:25:00,543.5545963069712,724.1208099496893
2025-08-07 17:30:00,601.6162697528997,2025-08-07 15:30:00,540.8401713179483,720.5046660794073
2025-08-07 17:35:00,598.570070185605,2025-08-07 15:35:00,538.1017029974007,716.856491798904
2025-08-07 17:40:00,595.5143978745618,2025-08-07 15:40:00,535.3547188826345,713.1969728184407
2025-08-07 17:45:00,592.4629502650762,2025-08-07 15:45:00,532.6115326842961,709.5425134039134
2025-08-07 17:50:00,589.4242937143233,2025-08-07 15:50:00,529.8798453744423,705.9033727531304
2025-08-07 17:55:00,586.400601355548,2025-08-07 15:55:00,527.1616105534251,702.2821534430525
2025-08-07 18:00:00,583.3867581730512,2025-08-07 16:00:00,524.4522299314275,698.6727296541773
2025-08-07 18:05:00,580.3698870979229,2025-08-07 16:05:00,521.7401272986534,695.0596796156821
2025-08-07 18:10:00,577.329328105937,2025-08-07 16:10:00,519.006729734782,691.4182605727507
2025-08-07 18:15:00,574.2370791018099,2025-08-07 16:15:00,516.2268639544952,687.7149367961713
2025-08-07 18:20:00,571.0586838451904,2025-08-07 16:20:00,513.36955453397,683.908442975817
2025-08-07 18:25:00,567.7545296585705,2025-08-07 16:25:00,510.3991905225605,679.9513383750999
2025-08-07 18:30:00,564.2814968978171,2025-08-07 16:30:00,507.2770082815612,675.7919822616137
2025-08-07 18:35:00,560.5948844853203,2025-08-07 16:35:00,503.96282249736265,671.3768399545063
2025-08-07 18:40:00,556.6505218087659,2025-08-07 16:40:00,500.41692473332114,666.653012066118
2025-08-07 18:45:00,552.4069675341407,2025-08-07 16:45:00,496.60206011566714,661.5708678334088
2025-08-07 18:50:00,547.8276910074065,2025-08-07 16:50:00,492.48538836699856,656.0866575973143
2025-08-07 18:55:00,542.8831321532756,2025-08-07 16:55:00,488.040335611264,650.1649797684071
2025-08-07 19:00:00,537.5525405192731,2025-08-07 17:00:00,483.24824763507934,643.780983293644
2025-08-07 19:05:00,531.8255042427402,2025-08-07 17:05:00,478.0997643963924,636.9221987701756
2025-08-07 19:10:00,525.703093107255,2025-08-07 17:10:00,472.595847607781,629.5899073868567
2025-08-07 19:15:00,519.1985576638352,2025-08-07 17:15:00,466.74840923147565,621.7999782022824
2025-08-07 19:20:00,512.3375463235448,2025-08-07 17:20:00,460.5805066409736,613.5831281381487
2025-08-07 19:25:00,505.157824062771,2025-08-07 17:25:00,454.1260897430944,604.9845850964747
2025-08-07 19:30:00,497.70849906824026,2025-08-07 17:30:00,447.4293057483732,596.0631617780763
2025-08-07 19:35:00,490.04878579685226,2025-08-07 17:35:00,440.5433871882828,586.889774304476
2025-08-07 19:40:00,482.24635380533664,2025-08-07 17:40:00,433.5291675483765,577.5454647515392
2025-08-07 19:45:00,474.37533014964515,2025-08-07 17:45:00,426.45328546802614,568.1190087930319
2025-08-07 19:50:00,466.51403888540057,2025-08-07 17:50:00,419.3861525996271,558.7042084924617
2025-08-07 19:55:00,458.74257243920084,2025-08-07 17:55:00,412.39977032329557,549.3969837409333
2025-08-07 20:00:00,451.14029723247563,2025-08-07 18:00:00,405.56548735601444,540.2923849548747
2025-08-07 20:05:00,443.78339847999524,2025-08-07 18:05:00,398.9517925779551,531.4816526899161
2025-08-07 20:10:00,436.74256701536825,2025-08-07 18:10:00,392.62223553802716,523.0494473484182
2025-08-07 20:15:00,430.0809245437594,2025-08-07 18:15:00,386.63356130040444,515.0713644310159
2025-08-07 20:20:00,423.85227258226627,2025-08-07 18:20:00,381.03413627934003,507.61183744135565
2025-08-07 20:25:00,418.0997360221461,2025-08-07 18:25:00,375.862728830592,500.7225133958784
2025-08-07 20:30:00,412.8548543104333,2025-08-07 18:30:00,371.1476922431171,494.44116440929645
2025-08-07 20:35:00,408.1371536481419,2025-08-07 18:35:00,366.9065801543957,488.79117535274554
2025-08-07 20:40:00,403.95421205374845,2025-08-07 18:40:00,363.1462050411131,483.78162177478794
2025-08-07 20:45:00,400.30220781023377,2025-08-07 18:45:00,359.86313126133047,479.40792672981377
2025-08-07 20:50:00,397.16692070568865,2025-08-07 18:50:00,357.04457514839555,475.6530598788039
2025-08-07 20:55:00,394.5251359504179,2025-08-07 18:55:00,354.6696671024203,472.4892188415065
2025-08-07 21:00:00,392.34638366130594,2025-08-07 19:00:00,352.7110153495569,469.8799124289969
2025-08-07 21:05:00,390.59493265225535,2025-08-07 19:05:00,351.13649831699894,467.78234843700454
2025-08-07 21:10:00,389.2319470412585,2025-08-07 19:10:00,349.9112033766573,466.15001643088095
2025-08-07 21:15:00,388.21770788407116,2025-08-07 19:15:00,348.9994240463611,464.93534840740136
2025-08-07 21:20:00,387.51380013945334,2025-08-07 19:20:00,348.36662602487894,464.0923379371312
2025-08-07 21:25:00,387.08516769328867,2025-08-07 19:25:00,347.9812946146906,463.5790012921274
2025-08-07 21:30:00,386.9019458960471,2025-08-07 19:30:00,347.81658213400914,463.35957212028296
2025-08-07 21:35:00,386.94099131619924,2025-08-07 19:35:00,347.8516831324129,463.4063335009554
2025-08-07 21:40:00,387.18704258817706,2025-08-07 19:40:00,348.0728779683573,463.7010081938915
2025-08-07 21:45:00,387.6334623990282,2025-08-07 19:45:00,348.4741998393227,464.2356472535709
2025-08-07 21:50:00,388.2825293721095,2025-08-07 19:50:00,349.0576971790178,465.0129795934945
2025-08-07 21:55:00,389.14526813523565,2025-08-07 19:55:00,349.8332808922765,466.04620847325083
2025-08-07 22:00:00,390.24082565611764,2025-08-07 20:00:00,350.8181636939432,467.3582645884853
2025-08-07 22:05:00,391.5954212405604,2025-08-07 20:05:00,352.03591617968874,468.98054857299667
2025-08-07 22:10:00,393.2409154847011,2025-08-07 20:10:00,353.515180344651,470.9512171544782
2025-08-07 22:15:00,395.213059075465,2025-08-07 20:15:00,355.28809529246394,473.31308589168447
2025-08-07 22:20:00,397.54949536530205,2025-08-07 20:20:00,357.38850159262586,476.1112370279831
2025-08-07 22:25:00,400.2876003325577,2025-08-07 20:25:00,359.84999945102874,479.3904325955052
2025-08-07 22:30:00,403.4622495188348,2025-08-07 20:30:00,362.7039412343613,483.192440065844
2025-08-07 22:35:00,407.10360396497725,2025-08-07 20:35:00,365.97744107386853,487.55338075378813
2025-08-07 22:40:00,411.2350055344502,2025-08-07 20:40:00,369.6914828060423,492.50120922504215
2025-08-07 22:45:00,415.8710669648002,2025-08-07 20:45:00,373.8592029696956,498.05342591321437
2025-08-07 22:50:00,421.0160333693535,2025-08-07 20:50:00,378.48441783100014,504.215114829681
2025-08-07 22:55:00,426.66248064887895,2025-08-07 20:55:00,383.5604532833834,510.9773847618762
2025-08-07 23:00:00,432.7904024155593,2025-08-07 21:00:00,389.0693240116894,518.316275759748
2025-08-07 23:05:00,439.3667215004308,2025-08-07 21:05:00,394.9812943478045,526.192174109743
2025-08-07 23:10:00,446.3452457008728,2025-08-07 21:10:00,401.2548384885966,534.549759337336
2025-08-07 23:15:00,453.6670704246312,2025-08-07 21:15:00,407.8370024642882,543.3184864195512
2025-08-07 23:20:00,461.2614143491232,2025-08-07 21:20:00,414.66415537831534,552.4135865830751
2025-08-07 23:25:00,469.0468588749768,2025-08-07 21:25:00,421.66310364957553,561.7375516924028
2025-08-07 23:30:00,476.9329479590692,2025-08-07 21:30:00,428.752529228144,571.1820502338738
2025-08-07 23:35:00,484.8220932628843,2025-08-07 21:35:00,435.84470228293856,580.6302089499136
2025-08-07 23:40:00,492.61172018403,2025-08-07 21:40:00,442.8474104381979,589.9591829585594
2025-08-07 23:45:00,500.19658365761495,2025-08-07 21:45:00,449.6660406294356,599.0429291919148
2025-08-07 23:50:00,507.4711788735198,2025-08-07 21:50:00,456.20574628675547,607.7550935073033
2025-08-07 23:55:00,514.3321713701521,2025-08-07 21:55:00,462.3736319372114,615.9719210039895
2025-08-08 00:00:00,520.6807726293101,2025-08-07 22:00:00,468.08088881382923,623.5751010712103
2025-08-08 00:05:00,526.4249921023097,2025-08-07 22:05:00,473.2448193789734,630.4544644484346
2025-08-08 00:10:00,531.4817029951996,2025-08-07 22:10:00,477.7906944211147,636.5104572407142
2025-08-08 00:15:00,535.7784680003125,2025-08-07 22:15:00,481.65339434848323,641.6563274421668
2025-08-08 00:20:00,539.2550808870398,2025-08-07 22:20:00,484.7787950462337,645.8199711682045
2025-08-08 00:25:00,541.864790866486,2025-08-07 22:25:00,487.12486855410873,648.9453989730032
2025-08-08 00:30:00,543.5751879329046,2025-08-07 22:30:00,488.6624789694711,650.9937961476827
2025-08-08 00:35:00,544.3687385558256,2025-08-07 22:35:00,489.37586402308074,651.9441642732318
2025-08-08 00:40:00,544.2429720596754,2025-08-07 22:40:00,489.2628026303895,651.7935444315344
2025-08-08 00:45:00,543.2103278647234,2025-08-07 22:45:00,488.3344775644173,650.5568342588385
2025-08-08 00:50:00,541.2976826608996,2025-08-07 22:50:00,486.6150503951165,648.2662216820287
2025-08-08 00:55:00,538.5455840261168,2025-08-07 22:55:00,484.14097252862007,644.9702670884367
2025-08-08 01:00:00,535.0072229427047,2025-08-07 23:00:00,480.9600615214704,640.7326727961159
2025-08-08 01:05:00,530.7471820853096,2025-08-07 23:05:00,477.13037581818753,635.6307839846602
2025-08-08 01:10:00,525.8399994840031,2025-08-07 23:10:00,472.71892351509547,629.753868516604
2025-08-08 01:15:00,520.368588622104,2025-08-07 23:15:00,467.80024206202273,623.2012248228838
2025-08-08 01:20:00,514.4225559584531,2025-08-07 23:20:00,462.4548857507782,616.0801669422839
2025-08-08 01:25:00,508.09645588546965,2025-08-07 23:25:00,456.7678569597315,608.5039346330379
2025-08-08 01:30:00,501.4880210001364,2025-08-07 23:30:00,450.82701520524387,600.5895739188237
2025-08-08 01:35:00,494.69640297857853,2025-08-07 23:35:00,444.7214957255029,592.4558303337785
2025-08-08 01:40:00,487.8204561619863,2025-08-07 23:40:00,438.54016646094317,584.2210933192636
2025-08-08 01:45:00,480.9570926871004,2025-08-07 23:45:00,432.3701493516997,576.0014263034674
2025-08-08 01:50:00,474.19973452482714,2025-08-07 23:50:00,426.2954287533993,567.9087128396388
2025-08-08 01:55:00,467.63688446082733,2025-08-07 23:55:00,420.39556677924503,560.048945191012
2025-08-08 02:00:00,461.35083511181836,2025-08-08 00:00:00,414.7445427332572,552.520678229371
2025-08-08 02:05:00,455.4165319699058,2025-08-08 00:05:00,409.4097310114219,545.4136677998928
2025-08-08 02:10:00,449.9006041412915,2025-08-08 00:10:00,404.4510297564999,538.8077099192886
2025-08-08 02:15:00,444.8605737550234,2025-08-08 00:15:00,399.92015013338647,532.7716939518685
2025-08-08 02:20:00,440.34425307250393,2025-08-08 00:20:00,395.86007434344174,527.362880578848
2025-08-08 02:25:00,436.38933583576886,2025-08-08 00:25:00,392.30468825532506,522.6264123909184
2025-08-08 02:30:00,433.0231872690117,2025-08-08 00:30:00,389.27859262085303,518.595062390924
2025-08-08 02:35:00,430.26283467677683,2025-08-08 00:35:00,386.7970946229757,515.2892227341166
2025-08-08 02:40:00,428.11515766391403,2025-08-08 00:40:00,384.8663788794513,512.7171325384264
2025-08-08 02:45:00,426.57727411958575,2025-08-08 00:45:00,383.48385443422114,510.8753401446962
2025-08-08 02:50:00,425.6371143862083,2025-08-08 00:50:00,382.638670923019,509.7493907500153
2025-08-08 02:55:00,425.2741722750856,2025-08-08 00:55:00,382.31239372037834,509.31472583530484
2025-08-08 03:00:00,425.46041727392753,2025-08-08 01:00:00,382.4798239946995,509.53777563871967
2025-08-08 03:05:00,426.1613478750229,2025-08-08 01:05:00,383.10994562776983,510.37722063726414
2025-08-08 03:10:00,427.3371614056791,2025-08-08 01:10:00,384.16697686733266,511.78539255326814
2025-08-08 03:15:00,428.9440113026771,2025-08-08 01:15:00,385.6115005899567,513.7097800851276
2025-08-08 03:20:00,430.93531881141394,2025-08-08 01:20:00,387.40164349053725,516.0945998178671
2025-08-08 03:25:00,433.2631024799349,2025-08-08 01:25:00,389.4942712690232,518.8823884451289
2025-08-08 03:30:00,435.8792865126168,2025-08-08 01:30:00,391.8461648124211,522.015569673163
2025-08-08 03:35:00,438.7369472054782,2025-08-08 01:35:00,394.4151407135059,525.437946970446
2025-08-08 03:40:00,441.79145701812126,2025-08-08 01:40:00,397.16107976705035,529.0960737253932
2025-08-08 03:45:00,445.0014867836816,2025-08-08 01:45:00,400.04682793515497,532.9404535080245
2025-08-08 03:50:00,448.3298299143446,2025-08-08 01:50:00,403.0389372903957,536.9265271508482
2025-08-08 03:55:00,451.7440170216863,2025-08-08 01:55:00,406.10821854637743,541.0154088273997
2025-08-08 04:00:00,455.2166956774757,2025-08-08 02:00:00,409.23008245458044,545.174340859471
2025-08-08 04:05:00,458.7257579706609,2025-08-08 02:05:00,412.3846544753656,549.3768464812716
2025-08-08 04:10:00,462.2542077243066,2025-08-08 02:10:00,415.55665540883825,553.6025708164407
2025-08-08 04:15:00,465.7897691898712,2025-08-08 02:15:00,418.73504961936464,557.8368122444462
2025-08-08 04:20:00,469.32425011554096,2025-08-08 02:20:00,421.9124724476143,562.0697596016705
2025-08-08 04:25:00,472.85268283751356,2025-08-08 02:25:00,425.0844580699767,566.2954635394525
2025-08-08 04:30:00,476.3722777742459,2025-08-08 02:30:00,428.2484987122518,570.5105832131054
2025-08-08 04:35:00,479.88123380451975,2025-08-08 02:35:00,431.4029752049502,574.7129615728498
2025-08-08 04:40:00,483.3774581439623,2025-08-08 02:40:00,434.54600617963905,578.9000922687391
2025-08-08 04:45:00,486.8572556748941,2025-08-08 02:45:00,437.6742698044807,583.0675499724307
2025-08-08 04:50:00,490.3140516959587,2025-08-08 02:50:00,440.7818555634424,587.2074607229906
2025-08-08 04:55:00,493.7372145365133,2025-08-08 02:55:00,443.85920581179124,591.3070918722317
2025-08-08 05:00:00,497.11104324906336,2025-08-08 03:00:00,446.8922057332236,595.347639729994
2025-08-08 05:05:00,500.41398206843417,2025-08-08 03:05:00,449.8614771554458,599.3032887886687
2025-08-08 05:10:00,503.61811632793206,2025-08-08 03:10:00,452.741925389574,603.1406080248346
2025-08-08 05:15:00,506.68899503311206,2025-08-08 03:15:00,455.50257972774267,606.8183384109407
2025-08-08 05:20:00,509.5858129410236,2025-08-08 03:20:00,458.10675712845574,610.2876109761423
2025-08-08 05:25:00,512.2619707206612,2025-08-08 03:25:00,460.5125657888624,613.4926176628557
2025-08-08 05:30:00,514.6660156244747,2025-08-08 03:30:00,462.67375078834476,616.3717378890647
2025-08-08 05:35:00,516.742948072396,2025-08-08 03:35:00,464.54086867963935,618.8591033329442
2025-08-08 05:40:00,518.4358622168063,2025-08-08 03:40:00,466.06276232168716,620.8865626980648
2025-08-08 05:45:00,519.6878716158484,2025-08-08 03:45:00,467.18829201879413,622.3859879286285
2025-08-08 05:50:00,520.4442554895624,2025-08-08 03:50:00,467.8682649590366,623.2918445980001
2025-08-08 05:55:00,520.6547473769928,2025-08-08 03:55:00,468.05749266809715,623.5439328387782
2025-08-08 06:00:00,520.2758770752272,2025-08-08 04:00:00,467.71689636241825,623.0901920841055
2025-08-08 06:05:00,519.2732691731276,2025-08-08 04:05:00,466.8155732819121,621.8894538261333
2025-08-08 06:10:00,517.6237976085453,2025-08-08 04:10:00,465.3327335908592,619.9140219460497
2025-08-08 06:15:00,515.3174962271034,2025-08-08 04:15:00,463.2594179294292,617.1519608279275
2025-08-08 06:20:00,512.3591299789307,2025-08-08 04:20:00,460.5999098859713,613.6089770474925
2025-08-08 06:25:00,508.76934055921384,2025-08-08 04:25:00,457.3727659033917,609.3097914084293
2025-08-08 06:30:00,504.58529355553253,2025-08-08 04:30:00,453.61139705077943,604.2989139757326
2025-08-08 06:35:00,499.8607710906603,2025-08-08 04:35:00,449.36415230730455,598.6407550261159
2025-08-08 06:40:00,494.66567423075406,2025-08-08 04:40:00,444.6938712378131,592.4190291245967
2025-08-08 06:45:00,489.0849219437114,2025-08-08 04:45:00,439.6768941799172,585.7354365005158
2025-08-08 06:50:00,483.21675742143,2025-08-08 04:50:00,434.40153966389636,578.7076346736769
2025-08-08 06:55:00,477.17049748603495,2025-08-08 04:55:00,428.96608117698577,571.4665431094971
2025-08-08 07:00:00,471.06378470029745,2025-08-08 05:00:00,423.476276869359,564.1530523052378
2025-08-08 07:05:00,465.01942471934365,2025-08-08 05:05:00,418.04252640089334,556.9142361549871
2025-08-08 07:10:00,459.1619112887775,2025-08-08 05:10:00,412.7767469887346,549.8991902353029
2025-08-08 07:15:00,453.6137579139044,2025-08-08 05:15:00,407.78907565631357,543.2546385572671
2025-08-08 07:20:00,448.491767440162,2025-08-08 05:20:00,403.18451566586396,537.1204659600708
2025-08-08 07:25:00,443.903377954491,2025-08-08 05:25:00,399.0596515618346,531.6253419077019
2025-08-08 07:30:00,439.9432249227993,2025-08-08 05:30:00,395.4995586059291,526.8826032532198
2025-08-08 07:35:00,436.6900556642702,2025-08-08 05:35:00,392.57502895543973,522.9865589669191
2025-08-08 07:40:00,434.2041222232769,2025-08-08 05:40:00,390.340227910807,520.0093678006393
2025-08-08 07:45:00,432.52516336387976,2025-08-08 05:45:00,388.8308797717929,517.9986214941143
2025-08-08 07:50:00,431.6710662532221,2025-08-08 05:50:00,388.06306471945067,516.9757419869385
2025-08-08 07:55:00,431.63727339278876,2025-08-08 05:55:00,388.0326856599987,516.9352711505492
2025-08-08 08:00:00,432.3969726373632,2025-08-08 06:00:00,388.71563904780277,517.8450983577783
2025-08-08 08:05:00,433.9020775284679,2025-08-08 06:05:00,390.06869618419114,519.6476345448818
2025-08-08 08:10:00,436.0849739267772,2025-08-08 06:10:00,392.0310734026727,522.2619040047084
2025-08-08 08:15:00,438.860977639652,2025-08-08 06:15:00,394.526641423576,525.5864876782875
2025-08-08 08:20:00,442.1314181648605,2025-08-08 06:20:00,397.46669757376196,529.5032162925514
2025-08-08 08:25:00,445.7872367987706,2025-08-08 06:25:00,400.75320040900505,533.8814795086612
2025-08-08 08:30:00,449.7129647169647,2025-08-08 06:30:00,404.2823459234636,538.5829901310032
2025-08-08 08:35:00,453.790928719666,2025-08-08 06:35:00,407.9483484249506,543.4668209709786
2025-08-08 08:40:00,457.9055209348052,2025-08-08 06:40:00,411.6472789067566,548.394518307421
2025-08-08 08:45:00,461.9473632057798,2025-08-08 06:45:00,415.2808087432616,553.2350892198239
2025-08-08 08:50:00,465.81719897018695,2025-08-08 06:50:00,418.75970840575565,557.8696625606703
2025-08-08 08:55:00,469.42935390571995,2025-08-08 06:55:00,422.006958509153,562.1956334768529
2025-08-08 09:00:00,472.71462227661135,2025-08-08 07:00:00,424.96034457577,566.1301201414549
2025-08-08 09:05:00,475.62245758048624,2025-08-08 07:05:00,427.5744263800371,569.6125873052714
2025-08-08 09:10:00,478.122373174336,2025-08-08 07:10:00,429.82179708132054,572.6065237074788
2025-08-08 09:15:00,480.2044902907723,2025-08-08 07:15:00,431.6935758788254,575.1000983881175
2025-08-08 09:20:00,481.8792053231965,2025-08-08 07:20:00,433.1991089080719,577.1057622238224
2025-08-08 09:25:00,483.17598488669563,2025-08-08 07:25:00,434.36488602638775,578.6588048746822
2025-08-08 09:30:00,484.1413336722957,2025-08-08 07:30:00,435.2327139573045,579.8149210560226
2025-08-08 09:35:00,484.83601554893414,2025-08-08 07:35:00,435.85721812060933,580.6468824884558
2025-08-08 09:40:00,485.3316407114458,2025-08-08 07:40:00,436.3027745513096,581.2404506151336
2025-08-08 09:45:00,485.7067602051544,2025-08-08 07:45:00,436.6399989606916,581.6896993458327
2025-08-08 09:50:00,486.04263156023495,2025-08-08 07:50:00,436.94194013209176,582.0919439171727
2025-08-08 09:55:00,486.4188357696641,2025-08-08 07:55:00,437.28013967772864,582.5424917196842
2025-08-08 10:00:00,486.9089345447735,2025-08-08 08:00:00,437.72072800424075,583.129441361939
2025-08-08 10:05:00,487.5763578266453,2025-08-08 08:05:00,438.32072727330535,583.9287574925287
2025-08-08 10:10:00,488.47070466930984,2025-08-08 08:10:00,439.1247259746753,584.9998406823132
2025-08-08 10:15:00,489.6246257683598,2025-08-08 08:15:00,440.1620763860163,586.3817938939417
2025-08-08 10:20:00,491.0514339115704,2025-08-08 08:20:00,441.4447464190738,588.0905607216832
2025-08-08 10:25:00,492.7435600963381,2025-08-08 08:25:00,442.9659317022398,590.1170764145202
2025-08-08 10:30:00,494.6719391345922,2025-08-08 08:30:00,444.69950325249664,592.4265320673775
2025-08-08 10:35:00,496.78637070266836,2025-08-08 08:35:00,446.6003320515384,594.9588070198654
2025-08-08 10:40:00,499.0168613392873,2025-08-08 08:40:00,448.6054954732782,597.6300760531819
2025-08-08 10:45:00,501.27591177282625,2025-08-08 08:45:00,450.6363335421903,600.335548727553
2025-08-08 10:50:00,503.4616734640481,2025-08-08 08:50:00,452.60128659777536,602.9532497051376
2025-08-08 10:55:00,505.4618607343795,2025-08-08 08:55:00,454.39941221428893,605.3487039735177
2025-08-08 11:00:00,507.1582711086022,2025-08-08 09:00:00,455.92444889223145,607.3803504758886
2025-08-08 11:05:00,508.43173868604896,2025-08-08 09:05:00,457.06926903321107,608.9054743426818
2025-08-08 11:10:00,509.1673242998787,2025-08-08 09:10:00,457.7305447822298,609.7864227041397
2025-08-08 11:15:00,509.25953302375285,2025-08-08 09:15:00,457.8134384546991,609.8968532545499
2025-08-08 11:20:00,508.6173447530502,2025-08-08 09:20:00,457.23612492146,609.1277589517432
2025-08-08 11:25:00,507.168847647829,2025-08-08 09:25:00,455.93395697499943,607.3930170978651
2025-08-08 11:30:00,504.86527677950454,2025-08-08 09:30:00,453.86309598651695,604.6342260831972
2025-08-08 11:35:00,501.6842812721372,2025-08-08 09:35:00,451.0034489961309,600.8246181635557
2025-08-08 11:40:00,497.6322714349631,2025-08-08 09:40:00,447.36077873487056,595.9718704214065
2025-08-08 11:45:00,492.745732100874,2025-08-08 09:45:00,442.9678842879067,590.1196776397222
2025-08-08 11:50:00,487.09142804073156,2025-08-08 09:50:00,437.8847857576305,583.3479983092452
2025-08-08 11:55:00,480.76547022797655,2025-08-08 09:55:00,432.19788485548935,575.7719363729823
2025-08-08 12:00:00,473.89125658576563,2025-08-08 10:00:00,426.0181136776644,567.5392750340959
2025-08-08 12:05:00,466.6163451279136,2025-08-08 10:05:00,419.4781237255914,558.8267319826093
2025-08-08 12:10:00,459.1083602795144,2025-08-08 10:10:00,412.72860577567195,549.8350567435953
2025-08-08 12:15:00,451.550071608094,2025-08-08 10:15:00,405.9338657637363,540.7831368918097
2025-08-08 12:20:00,444.1338182701272,2025-08-08 10:20:00,399.266812481599,531.9013206852321
2025-08-08 12:25:00,437.0554786977239,2025-08-08 10:25:00,392.90353645424426,523.4241950714155
2025-08-08 12:30:00,430.5082046859985,2025-08-08 10:30:00,387.0176770182594,515.5830815365603
2025-08-08 12:35:00,424.6761492112268,2025-08-08 10:35:00,381.77478376438046,508.59852444648544
2025-08-08 12:40:00,419.728418802594,2025-08-08 10:40:00,377.3268798489177,502.67304831634834
2025-08-08 12:45:00,415.8134737645423,2025-08-08 10:45:00,373.80742791330124,497.98445143295754
2025-08-08 12:50:00,413.0541829842398,2025-08-08 10:50:00,371.32688446166253,494.6798834180426
2025-08-08 12:55:00,411.5437156592989,2025-08-08 10:55:00,369.96900661183855,492.8709250997655
2025-08-08 13:00:00,411.34242044361906,2025-08-08 11:00:00,369.78804651416954,492.6298509309828
2025-08-08 13:05:00,412.47580516522555,2025-08-08 11:05:00,370.8069351610051,493.98720946903563
2025-08-08 13:10:00,414.93368832687247,2025-08-08 11:10:00,373.016519603877,496.9308072001475
2025-08-08 13:15:00,418.6705491691615,2025-08-08 11:15:00,376.3758776527626,501.406127780265
2025-08-08 13:20:00,423.60705788208975,2025-08-08 11:20:00,380.8136935035693,507.3181646393534
2025-08-08 13:25:00,429.6327231622,2025-08-08 11:25:00,386.2306378354405,514.5345917355411
2025-08-08 13:30:00,436.60955282024463,2025-08-08 11:30:00,392.50265861882593,522.8901475537489
2025-08-08 13:35:00,444.3765861572392,2025-08-08 11:35:00,399.4850556247076,532.1920631472175
2025-08-08 13:40:00,452.7551253531592,2025-08-08 11:40:00,407.017183331255,542.226327327056
2025-08-08 13:45:00,461.5544692041631,2025-08-08 11:45:00,414.9276054310715,552.7645534719198
2025-08-08 13:50:00,470.5779360257895,2025-08-08 11:50:00,423.03950929247253,563.5711926471948
2025-08-08 13:55:00,479.6289552358405,2025-08-08 11:55:00,431.1761821623346,574.4108289760039
2025-08-08 14:00:00,488.5170078075229,2025-08-08 12:00:00,439.1663515065347,585.0552940149671
2025-08-08 14:05:00,497.06320575022613,2025-08-08 12:05:00,446.84920084394895,595.2903488240484
2025-08-08 14:10:00,505.1053183031602,2025-08-08 12:10:00,454.07888818713457,604.9217034114246
2025-08-08 14:15:00,512.5020777460627,2025-08-08 12:15:00,460.7284168741499,613.7801734369561
2025-08-08 14:20:00,519.1366285817676,2025-08-08 12:20:00,466.69273630998237,621.7258110049523
2025-08-08 14:25:00,524.9190200877414,2025-08-08 12:25:00,471.89098271711964,628.6508897812681
2025-08-08 14:30:00,529.7876810493398,2025-08-08 12:30:00,476.26780488923504,634.4816711559657
2025-08-08 14:35:00,533.7098564069056,2025-08-08 12:35:00,479.7937567275991,639.1789271784277
2025-08-08 14:40:00,536.6810261530883,2025-08-08 12:40:00,482.4647748421859,642.7372446200717
2025-08-08 14:45:00,538.723365468455,2025-08-08 12:45:00,484.30079424649153,645.183180809669
2025-08-08 14:50:00,539.8833408227281,2025-08-08 12:50:00,485.3435873039123,646.5723846881382
2025-08-08 14:55:00,540.2285672960463,2025-08-08 12:55:00,485.65393852671014,646.9858330893626
2025-08-08 15:00:00,539.8440774126302,2025-08-08 13:00:00,485.3082903372052,646.5253622394379
2025-08-08 15:05:00,538.8281697617774,2025-08-08 13:05:00,484.3950110667558,645.308696002925
2025-08-08 15:10:00,537.2880163388786,2025-08-08 13:10:00,483.010446049193,643.4641851685811
2025-08-08 15:15:00,535.3352105538831,2025-08-08 13:15:00,481.25491537556036,641.1254756775396
2025-08-08 15:20:00,533.0814332800301,2025-08-08 13:20:00,479.2288177645303,638.426318218281
2025-08-08 15:25:00,530.6344023546922,2025-08-08 13:25:00,477.02898925021225,635.4957172881054
2025-08-08 15:30:00,528.0942526886917,2025-08-08 13:30:00,474.74544897777713,632.4535959577679
2025-08-08 15:35:00,525.5504701385366,2025-08-08 13:35:00,472.45864282011365,629.4071238308907
2025-08-08 15:40:00,523.0794737680831,2025-08-08 13:40:00,470.23726988272443,626.4478215242754
2025-08-08 15:45:00,520.7429099165346,2025-08-08 13:45:00,468.1367489073096,623.6495176181583
2025-08-08 15:50:00,518.5866880628763,2025-08-08 13:50:00,466.1983515344942,621.0671939929988
2025-08-08 15:55:00,516.6407555139065,2025-08-08 13:55:00,464.448999753183,618.7367159924879
2025-08-08 16:00:00,514.9195757182601,2025-08-08 14:00:00,462.90169589464756,616.6754052595948
2025-08-08 16:05:00,513.4232458844241,2025-08-08 14:05:00,461.5565273472404,614.8833782126609
2025-08-08 16:10:00,512.1391640385183,2025-08-08 14:10:00,460.40216520571914,613.3455425387968
2025-08-08 16:15:00,511.0441352378994,2025-08-08 14:15:00,459.41775771227145,612.0341196268778
2025-08-08 16:20:00,510.1067917009636,2025-08-08 14:20:00,458.5751059014945,610.9115429512852
2025-08-08 16:25:00,509.290193093369,2025-08-08 14:25:00,457.84100120214714,609.9335722136794
2025-08-08 16:30:00,508.55447080102795,2025-08-08 14:30:00,457.1796025820673,609.0524601639869
2025-08-08 16:35:00,507.85938421994865,2025-08-08 14:35:00,456.5547345981177,608.2200140514466
2025-08-08 16:40:00,507.1666671268284,2025-08-08 14:40:00,455.9319967332127,607.3904056732172
2025-08-08 16:45:00,506.4420574344157,2025-08-08 14:45:00,455.2805881030171,606.5226022398357
2025-08-08 16:50:00,505.65692383351615,2025-08-08 14:50:00,454.57476977235194,605.5823144660756
2025-08-08 16:55:00,504.78942586764373,2025-08-08 14:55:00,453.7949076375179,604.5433858937446
2025-08-08 17:00:00,503.82516989176105,2025-08-08 15:00:00,452.92806211918617,603.3885784777088
2025-08-08 17:05:00,502.7573499263352,2025-08-08 15:05:00,451.9681147871853,602.1097412748219
2025-08-08 17:10:00,501.5863889649004,2025-08-08 15:10:00,450.91544590366397,600.7073808684833
2025-08-08 17:15:00,500.31912124444125,2025-08-08 15:15:00,449.77619930163917,599.1896820433873
2025-08-08 17:20:00,498.96757841474397,2025-08-08 15:20:00,448.5611911771793,597.5710540837362
2025-08-08 17:25:00,497.547461261278,2025-08-08 15:25:00,447.2845362009308,595.8703004856462
2025-08-08 17:30:00,496.0763930056605,2025-08-08 15:30:00,445.9620772725588,594.1085270835921
2025-08-08 17:35:00,494.57205952417166,2025-08-08 15:35:00,444.60971361693174,592.306914748212
2025-08-08 17:40:00,493.0503457080362,2025-08-08 15:40:00,443.24172541183617,590.4844874634356
2025-08-08 17:45:00,491.52357570345384,2025-08-08 15:45:00,441.8691918013661,588.656004811556
2025-08-08 17:50:00,489.99895794356604,2025-08-08 15:50:00,440.49859301288797,586.8300997201962
2025-08-08 17:55:00,488.47732413713106,2025-08-08 15:55:00,439.13067673480344,585.0077682562369
2025-08-08 18:00:00,486.95223543505665,2025-08-08 16:00:00,437.7596545793624,583.1812991574525
2025-08-08 18:05:00,485.40950961574896,2025-08-08 16:05:00,436.37277703239437,581.3337075825955
2025-08-08 18:10:00,483.8272012674484,2025-08-08 16:10:00,434.9503156376515,579.4387113774642
2025-08-08 18:15:00,482.17604367562126,2025-08-08 16:15:00,433.46596024413213,577.4612602858697
2025-08-08 18:20:00,480.4203378355991,2025-08-08 16:20:00,431.88761820944694,575.3586006445033
2025-08-08 18:25:00,478.51925110144265,2025-08-08 16:25:00,430.17858185739857,573.0818306642899
2025-08-08 18:30:00,476.42846768123746,2025-08-08 16:30:00,428.2990122379849,570.5778770883036
2025-08-08 18:35:00,474.1021151249274,2025-08-08 16:35:00,426.20767099879697,567.7918023824856
2025-08-08 18:40:00,471.49487714128554,2025-08-08 16:40:00,423.86381976232906,564.6693350769305
2025-08-08 18:45:00,468.56419333449634,2025-08-08 16:45:00,421.2291976421633,561.1595042034033
2025-08-08 18:50:00,465.2724415094194,2025-08-08 16:50:00,418.26998308877035,557.2172528568474
2025-08-08 18:55:00,461.5889983643753,2025-08-08 16:55:00,414.9586464082916,552.8059061119654
2025-08-08 19:00:00,457.4920794596403,2025-08-08 17:00:00,411.27560385490006,547.8993745970798
2025-08-08 19:05:00,452.97026890417436,2025-08-08 17:05:00,407.21059278648266,542.4839864698963
2025-08-08 19:10:00,448.02366323498194,2025-08-08 17:10:00,402.7636999877437,536.5598573445789
2025-08-08 19:15:00,442.6645712962142,2025-08-08 17:15:00,397.94599084656267,530.141728477458
2025-08-08 19:20:00,436.9177319989356,2025-08-08 17:20:00,392.7797051153715,523.259227559392
2025-08-08 19:25:00,430.8200337521837,2025-08-08 17:25:00,387.29800468567237,515.9565327021976
2025-08-08 19:30:00,424.4197417506409,2025-08-08 17:30:00,381.5442789361659,508.29144702677803
2025-08-08 19:35:00,417.77526167332746,2025-08-08 17:35:00,375.5710333242929,500.3339180501393
2025-08-08 19:40:00,410.95348908999745,2025-08-08 17:40:00,369.4384055378541,492.1640609097388
2025-08-08 19:45:00,404.02781242850745,2025-08-08 17:45:00,363.21237020534653,483.86976668725987
2025-08-08 19:50:00,397.07585299959845,2025-08-08 17:50:00,356.96270722653304,475.5439958284017
2025-08-08 19:55:00,390.1770368706643,2025-08-08 17:55:00,350.76081893884384,467.2818701824937
2025-08-08 20:00:00,383.4101009450886,2025-08-08 18:00:00,344.6774881359898,459.1776862457125
2025-08-08 20:05:00,376.85063817947145,2025-08-08 18:05:00,338.7806712707026,451.32197527642234
2025-08-08 20:10:00,370.56878483339364,2025-08-08 18:10:00,333.1334193416908,443.79873351081216
2025-08-08 20:15:00,364.6271460439086,2025-08-08 18:15:00,327.79201302943414,436.6829377998008
2025-08-08 20:20:00,359.07904511961584,2025-08-08 18:20:00,322.8043888489641,430.03844893736647
2025-08-08 20:25:00,353.96716735482124,2025-08-08 18:25:00,318.20891996777266,423.91638747204934
2025-08-08 20:30:00,349.32265151745287,2025-08-08 18:30:00,314.03359947286157,418.35404565925546
2025-08-08 20:35:00,345.1646622175439,2025-08-08 18:35:00,310.29565593914595,413.3743753233399
2025-08-08 20:40:00,341.50045517265426,2025-08-08 18:40:00,307.00161210167374,408.9860660204543
2025-08-08 20:45:00,338.3259258222015,2025-08-08 18:45:00,304.14777804818664,405.18420206729576
2025-08-08 20:50:00,335.62661063064763,2025-08-08 18:50:00,301.7211513692892,401.95146171681887
2025-08-08 20:55:00,333.3790911368666,2025-08-08 18:55:00,299.7006793688291,399.25979866881187
2025-08-08 21:00:00,331.5527334298151,2025-08-08 19:00:00,298.05882281535645,397.07252529204436
2025-08-08 21:05:00,330.1116819737055,2025-08-08 19:05:00,296.76334834835046,395.34670045919216
2025-08-08 21:10:00,329.01701618336,2025-08-08 19:10:00,295.77926719338177,394.0357122938199
2025-08-08 21:15:00,328.22897196931785,2025-08-08 19:15:00,295.0708322836947,393.0919387261147
2025-08-08 21:20:00,327.70912861530553,2025-08-08 19:20:00,294.6035042163238,392.4693665301365
2025-08-08 21:25:00,327.42246368564525,2025-08-08 19:25:00,294.3457985699456,392.12605231174547
2025-08-08 21:30:00,327.33918533292353,2025-08-08 19:30:00,294.2709331103203,392.0263169077411
2025-08-08 21:35:00,327.4362619094669,2025-08-08 19:35:00,294.35820287832416,392.14257727150294
2025-08-08 21:40:00,327.698582542926,2025-08-08 19:40:00,294.5940235226005,392.4567363957131
2025-08-08 21:45:00,328.11969881913615,2025-08-08 19:45:00,294.97259805660343,392.9610715628721
2025-08-08 21:50:00,328.70211643289025,2025-08-08 19:50:00,295.49617904641065,393.65858363063757
2025-08-08 21:55:00,329.4571248193007,2025-08-08 19:55:00,296.1749154529583,394.5627929957886
2025-08-08 22:00:00,330.404173181101,2025-08-08 20:00:00,297.0262916939181,395.69699231516574
2025-08-08 22:05:00,331.5698200514207,2025-08-08 20:05:00,298.07418332307714,397.0929884862985
2025-08-08 22:10:00,332.986301804247,2025-08-08 20:10:00,299.3475701518309,398.7893882740683
2025-08-08 22:15:00,334.6897809762811,2025-08-08 20:15:00,300.87896152796156,400.82950047469706
2025-08-08 22:20:00,336.71834835693267,2025-08-08 20:20:00,302.70260025723366,403.25894318876504
2025-08-08 22:25:00,339.10986238139986,2025-08-08 20:25:00,304.8525202639405,406.12305624596456
2025-08-08 22:30:00,341.8997155293712,2025-08-08 20:30:00,307.36053863106423,409.4642262106919
2025-08-08 22:35:00,345.1186196536597,2025-08-08 20:35:00,310.25426465804037,413.3192340584097
2025-08-08 22:40:00,348.7905006674149,2025-08-08 20:40:00,313.5552072295472,417.71673382148225
2025-08-08 22:45:00,352.9305879624477,2025-08-08 20:45:00,317.2770572434048,422.6749644479119
2025-08-08 22:50:00,357.5437752062594,2025-08-08 20:50:00,321.42421400213016,428.1997866672803
2025-08-08 22:55:00,362.62331806485923,2025-08-08 20:55:00,325.9906144935769,434.2831233640666
2025-08-08 23:00:00,368.14992036849037,2025-08-08 21:00:00,330.9589118734495,440.90186515601806
2025-08-08 23:05:00,374.0912448961154,2025-08-08 21:05:00,336.3000356710091,448.0172845023135
2025-08-08 23:10:00,380.40186829189633,2025-08-08 21:10:00,341.97315125995254,455.57498171086394
2025-08-08 23:15:00,387.02368290462266,2025-08-08 21:15:00,347.92602110347184,463.5053661872374
2025-08-08 23:20:00,393.8867316614574,2025-08-08 21:20:00,354.0957552879122,471.72465629197626
2025-08-08 23:25:00,400.9104465895626,2025-08-08 21:25:00,360.409924927249,480.1363626126679
2025-08-08 23:30:00,408.0052478406083,2025-08-08 21:30:00,366.7879996519542,488.63320297967465
2025-08-08 23:35:00,415.0744478767696,2025-08-08 21:35:00,373.14305943151874,497.0993829478376
2025-08-08 23:40:00,422.0163966527388,2025-08-08 21:40:00,379.38372304724453,505.41316489862226
2025-08-08 23:45:00,428.72679639624704,2025-08-08 21:45:00,385.41622903047124,513.4496402559818
2025-08-08 23:50:00,435.10111143826606,2025-08-08 21:50:00,391.1466020484352,521.083615535143
2025-08-08 23:55:00,441.03699729179624,2025-08-08 21:55:00,396.4828365941958,528.1925214437879
2025-08-09 00:00:00,446.43667527922497,2025-08-08 22:00:00,401.33703172589026,534.6592567713856
2025-08-09 00:05:00,451.20918353347247,2025-08-08 22:05:00,405.62741466866487,540.3748842219201
2025-08-09 00:10:00,455.27244176072327,2025-08-08 22:10:00,409.2801969922513,545.2411032046982
2025-08-09 00:15:00,458.5550759646166,2025-08-08 22:15:00,412.23121499902334,549.1724351514031
2025-08-09 00:20:00,460.9979589479267,2025-08-08 22:20:00,414.4273146020906,552.0980684440065
2025-08-09 00:25:00,462.5554336665854,2025-08-08 22:25:00,415.8274510944243,553.9633235218905
2025-08-09 00:30:00,463.19619745359006,2025-08-08 22:30:00,416.403484047257,554.7307118416599
2025-08-09 00:35:00,462.90383666758316,2025-08-08 22:35:00,416.14065794773086,554.380576180297
2025-08-09 00:40:00,461.67701197036143,2025-08-08 22:40:00,415.0377687594198,552.9113125262859
2025-08-09 00:45:00,459.5293044754907,2025-08-08 22:45:00,413.1070256132216,550.3391858248858
2025-08-09 00:50:00,456.48874181677184,2025-08-08 22:50:00,410.37362475303564,546.6977623906201
2025-08-09 00:55:00,452.59703066306474,2025-08-08 22:55:00,406.8750595829889,542.0369907555197
2025-08-09 01:00:00,447.908528125562,2025-08-08 23:00:00,402.66019598455415,536.4219698110506
2025-08-09 01:05:00,442.4889889300678,2025-08-08 23:05:00,397.7881460511983,529.9314484028487
2025-08-09 01:10:00,436.4141279517139,2025-08-08 23:10:00,392.32697583780777,522.6561038007397
2025-08-09 01:15:00,429.76803921503677,2025-08-08 23:15:00,386.3522840755403,514.6966482695246
2025-08-09 01:20:00,422.64151228110956,2025-08-08 23:20:00,379.94568863983136,506.1618127489626
2025-08-09 01:25:00,415.130286106619,2025-08-08 23:25:00,373.19325680701564,497.16625564921685
2025-08-09 01:30:00,407.3332781746364,2025-08-08 23:30:00,366.18391328072954,487.82844203131225
2025-08-09 01:35:00,399.35082425169634,2025-08-08 23:35:00,359.0078577711375,478.2685355138166
2025-08-09 01:40:00,391.2829609277193,2025-08-08 23:40:00,351.7550210350204,468.6063414168984
2025-08-09 01:45:00,383.2277795434502,2025-08-08 23:45:00,344.5135850917162,458.95933540114413
2025-08-09 01:50:00,375.2798772126045,2025-08-08 23:50:00,337.368590725127,449.4408083884526
2025-08-09 01:55:00,367.5289266852552,2025-08-08 23:55:00,330.4006518214628,440.1581538089819
2025-08-09 02:00:00,360.05838426173716,2025-08-09 00:00:00,323.6847938114509,431.2113201794664
2025-08-09 02:05:00,352.944351793731,2025-08-09 00:05:00,317.2894306336263,422.6914482186498
2025-08-09 02:10:00,346.25460632672537,2025-08-09 00:10:00,311.2754924036399,414.67970873254706
2025-08-09 02:15:00,340.0478084851873,2025-08-09 00:15:00,305.69571376944157,407.2463545646544
2025-08-09 02:20:00,334.3728985364524,2025-08-09 00:20:00,300.5940909856223,400.4499973130073
2025-08-09 02:25:00,329.2686866899762,2025-08-09 00:25:00,296.0055136011957,394.33711666642114
2025-08-09 02:30:00,324.76364209452504,2025-08-09 00:30:00,291.95557477258063,388.941807704362
2025-08-09 02:35:00,320.87588245087414,2025-08-09 00:35:00,288.4605619256395,384.28576845695903
2025-08-09 02:40:00,317.61336322662953,2025-08-09 00:40:00,285.5276268557597,380.37852651151184
2025-08-09 02:45:00,314.97426268824347,2025-08-09 00:45:00,283.15513186340814,377.2179001326062
2025-08-09 02:50:00,312.9475551075134,2025-08-09 00:50:00,281.3331650545257,374.79068474281246
2025-08-09 02:55:00,311.5137608562211,2025-08-09 00:55:00,280.04421465958023,373.0735512472735
2025-08-09 03:00:00,310.64585769287896,2025-08-09 01:00:00,279.26398826087905,372.0341374043767
2025-08-09 03:05:00,310.3103332037058,2025-08-09 01:05:00,278.96235891451795,371.63230824484873
2025-08-09 03:10:00,310.4683537536641,2025-08-09 01:10:00,279.1044160123858,371.8215560250461
2025-08-09 03:15:00,311.07702091747933,2025-08-09 01:15:00,279.651594786804,372.55050494758495
2025-08-09 03:20:00,312.0906823329053,2025-08-09 01:20:00,280.5628547396018,373.7644810588677
2025-08-09 03:25:00,313.4622604381524,2025-08-09 01:25:00,281.795874148672,375.4071035649525
2025-08-09 03:30:00,315.1445599641329,2025-08-09 01:30:00,283.30822547556204,377.42185070387205
2025-08-09 03:35:00,317.0915136964953,2025-08-09 01:35:00,285.05849527892275,379.7535516889269
2025-08-09 03:40:00,319.25932575787647,2025-08-09 01:40:00,287.0073120008243,382.349755920654
2025-08-09 03:45:00,321.60747311859654,2025-08-09 01:45:00,289.1182463034708,385.16193241105333
2025-08-09 03:50:00,324.09952916963255,2025-08-09 01:50:00,291.3585514437055,388.14645610693066
2025-08-09 03:55:00,326.70377760502276,2025-08-09 01:55:00,293.6997151401751,391.26534308467035
2025-08-09 04:00:00,329.3935916405462,2025-08-09 02:00:00,296.1178004828196,394.4867047082124
2025-08-09 04:05:00,332.1475609294678,2025-08-09 02:05:00,298.5935600274151,397.7848996252521
2025-08-09 04:10:00,334.9493582065415,2025-08-09 02:10:00,301.1123159113826,401.1403740580983
2025-08-09 04:15:00,337.78734746644693,2025-08-09 02:15:00,303.6636076145744,404.5391925522939
2025-08-09 04:20:00,340.65394650491123,2025-08-09 02:20:00,306.2406188973638,407.9722745463041
2025-08-09 04:25:00,343.5447675115763,2025-08-09 02:25:00,308.83940521199656,411.43436513264754
2025-08-09 04:30:00,346.45757017600783,2025-08-09 02:30:00,311.4579525672627,414.92278128195386
2025-08-09 04:35:00,349.3910715670958,2025-08-09 02:35:00,314.09510763550765,418.43598653668784
2025-08-09 04:40:00,352.34366567583396,2025-08-09 02:40:00,316.7494266489515,421.97205751638086
2025-08-09 04:45:00,355.3121123578459,2025-08-09 02:45:00,319.41799678703455,425.52711377554084
2025-08-09 04:50:00,358.2902597836127,2025-08-09 02:50:00,322.0952876864702,429.09378779088735
2025-08-09 04:55:00,361.2678667237504,2025-08-09 02:55:00,324.77209270087417,432.65981451253964
2025-08-09 05:00:00,364.22959001258516,2025-08-09 03:00:00,327.4346186521548,436.2068187352113
2025-08-09 05:05:00,367.15419875712394,2025-08-09 03:05:00,330.0637794211679,439.70937402308994
2025-08-09 05:10:00,370.01407007005565,2025-08-09 03:10:00,332.6347426224599,443.13439879211796
2025-08-09 05:15:00,372.7750114564952,2025-08-09 03:15:00,335.116769933746,446.4409435976939
2025-08-09 05:20:00,375.396442784852,2025-08-09 03:20:00,337.4733806838327,449.58040906571324
2025-08-09 05:25:00,377.83195633043357,2025-08-09 03:25:00,339.66285531985034,452.4972166091859
2025-08-09 05:30:00,380.0302573899636,2025-08-09 03:30:00,341.6390809996063,455.12993492228804
2025-08-09 05:35:00,381.93647082328886,2025-08-09 03:35:00,343.35272614466135,457.41284471430254
2025-08-09 05:40:00,383.49378162721183,2025-08-09 03:40:00,344.7527152811502,459.2779034854412
2025-08-09 05:45:00,384.64536062801915,2025-08-09 03:45:00,345.7879601962164,460.6570517650938
2025-08-09 05:50:00,385.33651080573037,2025-08-09 03:50:00,346.4092894376501,461.4847835819329
2025-08-09 05:55:00,385.5169560472477,2025-08-09 03:55:00,346.57150585406424,461.70088750900663
2025-08-09 06:00:00,385.1431832165903,2025-08-09 04:00:00,346.23549206599,461.25325156217133
2025-08-09 06:05:00,384.18074084077455,2025-08-09 04:05:00,345.37027693536595,460.10061614077125
2025-08-09 06:10:00,382.6063938677774,2025-08-09 04:10:00,343.95497264690414,458.21515459808666
2025-08-09 06:15:00,380.41003444024636,2025-08-09 04:15:00,341.980492452827,455.5847616125819
2025-08-09 06:20:00,377.5962533508261,2025-08-09 04:20:00,339.4509633776271,452.21493518636834
2025-08-09 06:25:00,374.18548597969635,2025-08-09 04:25:00,336.3847563914278,448.1301490371844
2025-08-09 06:30:00,370.2146597271593,2025-08-09 04:30:00,332.81506843804516,443.3746279733697
2025-08-09 06:35:00,365.7372870477024,2025-08-09 04:35:00,328.7900060706222,438.01245931285433
2025-08-09 06:40:00,360.822968189606,2025-08-09 04:40:00,324.37213842516184,432.12699735665626
2025-08-09 06:45:00,355.55629058707416,2025-08-09 04:45:00,319.63750779756987,425.8195452843932
2025-08-09 06:50:00,350.0351356307873,2025-08-09 04:50:00,314.67410746656225,419.20732731730595
2025-08-09 06:55:00,344.3684284965635,2025-08-09 04:55:00,309.5798588377128,412.42079387932125
2025-08-09 07:00:00,338.6733907637331,2025-08-09 05:00:00,304.4601416060773,405.600331291619
2025-08-09 07:05:00,333.0723783280072,2025-08-09 05:05:00,299.4249511074291,398.89247480966776
2025-08-09 07:10:00,327.6894068776966,2025-08-09 05:10:00,294.5857747956227,392.4457474814425
2025-08-09 07:15:00,322.6464841760794,2025-08-09 05:15:00,290.0522950428127,386.4062676337892
2025-08-09 07:20:00,318.0598802592548,2025-08-09 05:20:00,285.92903612702264,380.9132820054458
2025-08-09 07:25:00,314.0364738967813,2025-08-09 05:25:00,282.3120797783261,376.0947902135161
2025-08-09 07:30:00,310.67031545242594,2025-08-09 05:30:00,279.2859752641043,372.0634283839619
2025-08-09 07:35:00,308.0395419876291,2025-08-09 05:35:00,276.92096613297855,368.9127746332537
2025-08-09 07:40:00,306.2037708206625,2025-08-09 05:40:00,275.27064708018673,366.71422755573417
2025-08-09 07:45:00,305.20208228616895,2025-08-09 05:45:00,274.37015049151364,365.51459034619313
2025-08-09 07:50:00,305.05168210595366,2025-08-09 05:50:00,274.2349439432145,365.33446883506974
2025-08-09 07:55:00,305.7473091240587,2025-08-09 05:55:00,274.8602977685022,366.16756218309615
2025-08-09 08:00:00,307.26142607465835,2025-08-09 06:00:00,276.22145655380916,367.9808913477895
2025-08-09 08:05:00,309.54520073618767,2025-08-09 06:05:00,278.2745211753833,370.71597412834933
2025-08-09 08:10:00,312.5302533839308,2025-08-09 06:10:00,280.95801972182653,374.2909179410807
2025-08-09 08:15:00,316.13111523774455,2025-08-09 06:15:00,284.1951175860661,378.603364093253
2025-08-09 08:20:00,320.2483130816747,2025-08-09 06:20:00,287.8963904724787,383.53418196980766
2025-08-09 08:25:00,324.771968222122,2025-08-09 06:25:00,291.9630597833796,388.95177919962504
2025-08-09 08:30:00,329.58577546339586,2025-08-09 06:30:00,296.2905696330243,394.7168669363134
2025-08-09 08:35:00,334.5712097774342,2025-08-09 06:35:00,300.7723685537987,400.687497828946
2025-08-09 08:40:00,339.6117968625984,2025-08-09 06:40:00,305.30374863732425,406.7241805073118
2025-08-09 08:45:00,344.59727851911737,2025-08-09 06:45:00,309.78559011797716,412.69486809800907
2025-08-09 08:50:00,349.4275054337423,2025-08-09 06:50:00,314.1278609031128,418.47962028172077
2025-08-09 08:55:00,354.01589875712335,2025-08-09 06:55:00,318.2527284571615,423.97474893018887
2025-08-09 09:00:00,358.2923374706284,2025-08-09 07:00:00,322.0971554827018,429.09627606001294
2025-08-09 09:05:00,362.20534991494696,2025-08-09 07:05:00,325.6148700578474,433.7825584401691
2025-08-09 09:10:00,365.7235154786833,2025-08-09 07:10:00,328.77762572434153,437.995966275288
2025-08-09 09:15:00,368.83601352065256,2025-08-09 07:15:00,331.5756949569719,441.72354060322795
2025-08-09 09:20:00,371.5522917025538,2025-08-09 07:20:00,334.0175710017306,444.97659608531023
2025-08-09 09:25:00,373.90086199485904,2025-08-09 07:25:00,336.12888551083506,447.78927908491795
2025-08-09 09:30:00,375.9272695698399,2025-08-09 07:30:00,337.9505826209594,450.2161351833277
2025-08-09 09:35:00,377.69131485711625,2025-08-09 07:35:00,339.5364216405308,452.3287822717784
2025-08-09 09:40:00,379.26364175353984,2025-08-09 07:40:00,340.9499099233175,454.21182454046675
2025-08-09 09:45:00,380.7218330919262,2025-08-09 07:45:00,342.26079277824954,455.9581763533515
2025-08-09 09:50:00,382.14617730221613,2025-08-09 07:50:00,343.54124778826,457.66399233807977
2025-08-09 09:55:00,383.61528641306745,2025-08-09 07:55:00,344.8619454873497,459.42341943898396
2025-08-09 10:00:00,385.2017542667517,2025-08-09 08:00:00,346.28814618855324,461.32339713013585
2025-08-09 10:05:00,386.9680450589789,2025-08-09 08:05:00,347.876003869094,463.4387334689876
2025-08-09 10:10:00,388.9627952020441,2025-08-09 08:10:00,349.6692416243745,465.8276761522222
2025-08-09 10:15:00,391.2176968471642,2025-08-09 08:15:00,351.69635002114836,468.5281801753704
2025-08-09 10:20:00,393.74510931351864,2025-08-09 08:20:00,353.96843982326703,471.5550472444136
2025-08-09 10:25:00,396.53651618721415,2025-08-09 08:25:00,356.4778549566172,474.89807797436674
2025-08-09 10:30:00,399.561911889923,2025-08-09 08:30:00,359.197621047434,478.5213372346817
2025-08-09 10:35:00,402.77016368865094,2025-08-09 08:35:00,362.0817708613475,482.36358769757317
2025-08-09 10:40:00,406.0903546640367,2025-08-09 08:40:00,365.06655160318724,486.33989819699286
2025-08-09 10:45:00,409.43407193969813,2025-08-09 08:45:00,368.0724819862706,490.344384146407
2025-08-09 10:50:00,412.69856418514314,2025-08-09 08:50:00,371.00719076005055,494.2539890116298
2025-08-09 10:55:00,415.77065465160274,2025-08-09 08:55:00,373.7689344457169,497.9331706212152
2025-08-09 11:00:00,418.5312624139728,2025-08-09 09:00:00,376.2506618360934,501.2393158736027
2025-08-09 11:05:00,420.86035663537047,2025-08-09 09:05:00,378.3444677736119,504.0286740386418
2025-08-09 11:10:00,422.6421476058737,2025-08-09 09:10:00,379.9462597832188,506.16257362342697
2025-08-09 11:15:00,423.77030509374924,2025-08-09 09:15:00,380.9604492586246,507.5136719479797
2025-08-09 11:20:00,424.15298978392343,2025-08-09 09:20:00,381.3044746179779,507.9719808714084
2025-08-09 11:25:00,423.71748753961583,2025-08-09 09:25:00,380.9129674060513,507.4504168531338
2025-08-09 11:30:00,422.4142488609651,2025-08-09 09:30:00,379.74138368123084,505.8896386691118
2025-08-09 11:35:00,420.2201568105641,2025-08-09 09:35:00,377.7689418107449,503.2619611284579
2025-08-09 11:40:00,417.14087490136046,2025-08-09 09:40:00,375.0007331717166,499.5741669392044
2025-08-09 11:45:00,413.21216122320317,2025-08-09 09:45:00,371.4689035228501,494.86908052595805
2025-08-09 11:50:00,408.5000745247532,2025-08-09 09:50:00,367.23283826766436,489.22581483668677
2025-08-09 11:55:00,403.1000412537131,2025-08-09 09:55:00,362.3783237435949,482.75865401610844
2025-08-09 12:00:00,397.1347969240915,2025-08-09 10:00:00,357.0156965551529,475.6145879562571
2025-08-09 12:05:00,390.75125995921564,2025-08-09 10:05:00,351.2770332255924,467.9695683639968
2025-08-09 12:10:00,384.1164386081593,2025-08-09 10:10:00,345.3124706022393,460.02360682275923
2025-08-09 12:15:00,377.4125103556678,2025-08-09 10:15:00,339.2857823511553,451.9948818200833
2025-08-09 12:20:00,370.8312468743229,2025-08-09 10:20:00,333.36936710826126,444.1130619867291
2025-08-09 12:25:00,364.5679843291261,2025-08-09 10:25:00,327.73882791199776,436.61208484302887
2025-08-09 12:30:00,358.8153579968391,2025-08-09 10:30:00,322.56733975999,429.7226532850585
2025-08-09 12:35:00,353.7570305566713,2025-08-09 10:35:00,318.02001147638777,423.6647244915182
2025-08-09 12:40:00,349.5616449887465,2025-08-09 10:40:00,314.2484494968002,418.6402678242582
2025-08-09 12:45:00,346.3772252139542,2025-08-09 10:45:00,311.38572416316805,414.8265589506007
2025-08-09 12:50:00,344.3262313645137,2025-08-09 10:50:00,309.54192451765806,412.37025796121924
2025-08-09 12:55:00,343.5014518764946,2025-08-09 10:55:00,308.8004653816161,411.3824896785423
2025-08-09 13:00:00,343.9628830319635,2025-08-09 11:00:00,309.2152821306341,411.9351065496357
2025-08-09 13:05:00,345.73570901076147,2025-08-09 11:05:00,310.80901480425973,414.05826952592184
2025-08-09 13:10:00,348.80945368706864,2025-08-09 11:10:00,313.57224558923235,417.739432242026
2025-08-09 13:15:00,353.13833100239356,2025-08-09 11:15:00,317.46381379731343,422.9237606277227
2025-08-09 13:20:00,358.6427754234909,2025-08-09 11:20:00,322.41219171425234,429.5159658072873
2025-08-09 13:25:00,365.21208968583096,2025-08-09 11:25:00,328.31786486458907,437.38347507677906
2025-08-09 13:30:00,372.7081056706621,2025-08-09 11:30:00,335.0566230619086,446.36081622530713
2025-08-09 13:35:00,380.96971684561254,2025-08-09 11:35:00,342.48363497609387,456.25504565386035
2025-08-09 13:40:00,389.81810989145833,2025-08-09 11:40:00,350.4381512540019,466.8520138499748
2025-08-09 13:45:00,399.0624984502832,2025-08-09 11:45:00,358.74865903654256,477.923232210509
2025-08-09 13:50:00,408.5061461405752,2025-08-09 11:50:00,367.2382965205515,489.233086294841
2025-08-09 13:55:00,417.9524581959736,2025-08-09 11:55:00,375.7303292118596,500.54613126277735
2025-08-09 14:00:00,427.2109218893503,2025-08-09 12:00:00,384.05349023960827,511.6342062155119
2025-08-09 14:05:00,436.10268600894256,2025-08-09 12:05:00,392.0469961860719,522.2831162599078
2025-08-09 14:10:00,444.4655870125307,2025-08-09 12:10:00,399.56506549186605,532.2986519061101
2025-08-09 14:15:00,452.15845474627633,2025-08-09 12:15:00,406.4807892051795,541.5117456609914
2025-08-09 14:20:00,459.06456150558984,2025-08-09 12:20:00,412.6892316137953,549.782602675167
2025-08-09 14:25:00,465.09411444263145,2025-08-09 12:25:00,418.1096708661773,557.0036856875922
2025-08-09 14:30:00,470.18573015068563,2025-08-09 12:30:00,422.68692459131375,563.1014810099211
2025-08-09 14:35:00,474.3068710763584,2025-08-09 12:35:00,426.3917422239581,568.0370211802986
2025-08-09 14:40:00,477.45326419400806,2025-08-09 12:40:00,429.22028240536343,571.8051887591405
2025-08-09 14:45:00,479.64736089254956,2025-08-09 12:45:00,431.19272845442845,574.4328718664772
2025-08-09 14:50:00,480.9359327640914,2025-08-09 12:50:00,432.35112703305464,575.9760848623722
2025-08-09 14:55:00,481.38692860406877,2025-08-09 12:55:00,432.7565626564251,576.5162042431522
2025-08-09 15:00:00,481.08574291883536,2025-08-09 13:00:00,432.4858031610626,576.1554997501435
2025-08-09 15:05:00,480.1310641324758,2025-08-09 13:05:00,431.6275673314691,575.0121621198936
2025-08-09 15:10:00,478.63048154789,2025-08-09 13:10:00,430.27857565200964,573.2150419148904
2025-08-09 15:15:00,476.6960329112816,2025-08-09 13:15:00,428.53954766252593,570.8983172200284
2025-08-09 15:20:00,474.43986999554323,2025-08-09 13:20:00,426.5113054104168,568.1963026802746
2025-08-09 15:25:00,471.9702076136444,2025-08-09 13:25:00,424.2911317002339,565.2385979783559
2025-08-09 15:30:00,469.38770323874445,2025-08-09 13:30:00,421.9695154495233,562.1457520135184
2025-08-09 15:35:00,466.7823902817373,2025-08-09 13:35:00,419.62739477086654,559.0255901487274
2025-08-09 15:40:00,464.2312598530682,2025-08-09 13:40:00,417.3339830274266,555.970318092358
2025-08-09 15:45:00,461.79655418069154,2025-08-09 13:45:00,415.14523465215774,553.0544780699498
2025-08-09 15:50:00,459.52480190503667,2025-08-09 13:50:00,413.1029778985933,550.3337934789927
2025-08-09 15:55:00,457.4465921150379,2025-08-09 13:55:00,411.234711704065,547.8448982710871
2025-08-09 16:00:00,455.57705199288125,2025-08-09 14:00:00,409.5540350821241,545.6059089864559
2025-08-09 16:05:00,453.91696375728185,2025-08-09 14:05:00,408.06165123068126,543.617762421962
2025-08-09 16:10:00,452.4544310260375,2025-08-09 14:10:00,406.74686555633576,541.86621129189
2025-08-09 16:15:00,451.166984290922,2025-08-09 14:15:00,405.5894784513152,540.3243457762509
2025-08-09 16:20:00,450.02400031368325,2025-08-09 14:20:00,404.5619602787807,538.955491025709
2025-08-09 16:25:00,448.9893016433297,2025-08-09 14:25:00,403.63178828332207,537.7163203824648
2025-08-09 16:30:00,448.02380010570613,2025-08-09 14:30:00,402.7638230316001,536.5600212630105
2025-08-09 16:35:00,447.0880523151037,2025-08-09 14:35:00,401.9226057626794,535.4393556771555
2025-08-09 16:40:00,446.14460517164184,2025-08-09 14:40:00,401.07446694005597,534.3094692308619
2025-08-09 16:45:00,445.1600248587625,2025-08-09 14:45:00,400.1893502770497,533.1303210840691
2025-08-09 16:50:00,444.10652257610207,2025-08-09 14:50:00,399.24227423591816,531.8686309527601
2025-08-09 16:55:00,442.96311378436,2025-08-09 14:55:00,398.2143741642226,530.4992674379989
2025-08-09 17:00:00,441.71627326661525,2025-08-09 15:00:00,397.0934911809545,529.0060325371859
2025-08-09 17:05:00,440.3600751095517,2025-08-09 15:05:00,395.8742980166663,527.3818292876729
2025-08-09 17:10:00,438.89583310059675,2025-08-09 15:10:00,394.55797573818234,525.6282311009834
2025-08-09 17:15:00,437.33128208416247,2025-08-09 15:15:00,393.15147780535295,523.754501342772
2025-08-09 17:20:00,435.67936320769536,2025-08-09 15:20:00,391.6664380332092,521.7761385252769
2025-08-09 17:25:00,433.9566947111722,2025-08-09 15:25:00,390.1177958643957,519.7130449018902
2025-08-09 17:30:00,432.18182429580884,2025-08-09 15:30:00,388.52222528598276,517.5874334777163
2025-08-09 17:35:00,430.3733683847625,2025-08-09 15:35:00,386.8964620645975,515.4215995602876
2025-08-09 17:40:00,428.54814752737695,2025-08-09 15:40:00,385.25562751468254,513.2356876917275
2025-08-09 17:45:00,426.719425680353,2025-08-09 15:45:00,383.61164564989105,511.045582985478
2025-08-09 17:50:00,424.8953542671915,2025-08-09 15:50:00,381.9718444257725,508.86104770855684
2025-08-09 17:55:00,423.07771021535876,2025-08-09 15:55:00,380.33782126215016,506.6842099359433
2025-08-09 18:00:00,421.26100113259264,2025-08-09 16:00:00,378.7046386157406,504.50849189630406
2025-08-09 18:05:00,419.431991517919,2025-08-09 16:05:00,377.0603980539809,502.31804255520217
2025-08-09 18:10:00,417.56968197615504,2025-08-09 16:10:00,375.3862215693118,500.08771272207406
2025-08-09 18:15:00,415.64575013662,2025-08-09 16:15:00,373.6566479556767,497.78358310108973
2025-08-09 18:20:00,413.6254386565838,2025-08-09 16:20:00,371.84043110464773,495.3640277773985
2025-08-09 18:25:00,411.46885293738706,2025-08-09 16:25:00,369.9017066244882,492.781268381414
2025-08-09 18:30:00,409.1326106285609,2025-08-09 16:30:00,367.80147470911004,489.9833495596827
2025-08-09 18:35:00,406.57176714133,2025-08-09 16:35:00,365.49933113356934,486.9164449987294
2025-08-09 18:40:00,403.74192754271877,2025-08-09 16:40:00,362.9553658017411,483.52738666110645
2025-08-09 18:45:00,400.60144526775866,2025-08-09 16:45:00,360.13213934161223,479.7662979961044
2025-08-09 18:50:00,397.11360353093846,2025-08-09 16:50:00,356.99664414756353,475.58920643081547
2025-08-09 18:55:00,393.2486750588064,2025-08-09 16:55:00,353.522156035967,470.9605101367839
2025-08-09 19:00:00,388.985761113877,2025-08-09 17:00:00,349.6898874883823,465.8551804726142
2025-08-09 19:05:00,384.31432026713344,2025-08-09 17:05:00,345.49036198536993,460.2605928648438
2025-08-09 19:10:00,379.23531136748807,2025-08-09 17:10:00,340.92444151161374,454.1778956453082
2025-08-09 19:15:00,373.76189247682163,2025-08-09 17:15:00,336.00395488358623,447.62284710622515
2025-08-09 19:20:00,367.919637801902,2025-08-09 17:20:00,330.7518927667083,440.626075301113
2025-08-09 19:25:00,361.74625616976437,2025-08-09 17:25:00,325.20215459073154,433.2327408866847
2025-08-09 19:30:00,355.29081751723817,2025-08-09 17:30:00,319.3988531803512,425.50161075510624
2025-08-09 19:35:00,348.61251569733366,2025-08-09 17:35:00,313.39520254458364,417.50357635237293
2025-08-09 19:40:00,341.77901705056286,2025-08-09 17:40:00,307.2520332776712,409.3196759025597
2025-08-09 19:45:00,334.8644625588604,2025-08-09 17:45:00,301.03599653814683,401.03870175739877
2025-08-09 19:50:00,327.9472070669249,2025-08-09 17:50:00,294.81753165712723,392.75449285385633
2025-08-09 19:55:00,321.107390354283,2025-08-09 17:55:00,288.6686825839996,384.5630257936146
2025-08-09 20:00:00,314.4244424624891,2025-08-09 18:00:00,282.6608552288796,376.5594271855172
2025-08-09 20:05:00,307.9746281541103,2025-08-09 18:05:00,276.8626099837081,368.8350328528285
2025-08-09 20:10:00,301.82873343367976,2025-08-09 18:10:00,271.3375819540224,361.47461717603545
2025-08-09 20:15:00,296.0499904055525,2025-08-09 18:15:00,266.1426154505094,354.5539078714987
2025-08-09 20:20:00,290.69232587179863,2025-08-09 18:20:00,261.3261895159354,348.1374884860268
2025-08-09 20:25:00,285.7990045179624,2025-08-09 18:25:00,256.9271981781354,342.27717345579487
2025-08-09 20:30:00,281.40171969177027,2025-08-09 18:30:00,252.97413307949978,337.01091920929167
2025-08-09 20:35:00,277.52016520831046,2025-08-09 18:35:00,249.48469853898013,332.36231135478187
2025-08-09 20:40:00,274.1620999940449,2025-08-09 18:40:00,246.46586966567494,328.3406420989437
2025-08-09 20:45:00,271.32389610084283,2025-08-09 18:45:00,243.9143850117357,324.9415665566936
2025-08-09 20:50:00,268.99153951068297,2025-08-09 18:50:00,241.8176462744095,322.14830132990465
2025-08-09 20:55:00,267.14203361301213,2025-08-09 18:55:00,240.1549799921949,319.9333053329371
2025-08-09 21:00:00,265.74513820285125,2025-08-09 19:00:00,238.89920086698115,318.2603624428467
2025-08-09 21:05:00,264.76536285094573,2025-08-09 19:05:00,238.01840376121916,317.08696878936814
2025-08-09 21:10:00,264.16412297662464,2025-08-09 19:10:00,237.47790196135168,316.366914900102
2025-08-09 21:15:00,263.9019610360805,2025-08-09 19:15:00,237.24222397861496,316.0529458289064
2025-08-09 21:20:00,263.94073297572027,2025-08-09 19:20:00,237.27707912388178,316.09937968521626
2025-08-09 21:25:00,264.24566277534007,2025-08-09 19:25:00,237.55120449807427,316.46456818575825
2025-08-09 21:30:00,264.7871744235277,2025-08-09 19:30:00,238.03801189890595,317.1130906557636
2025-08-09 21:35:00,265.5424212360658,2025-08-09 19:35:00,238.7169626454478,318.0175855636204
2025-08-09 21:40:00,266.49644611436406,2025-08-09 19:40:00,239.5746106256667,319.1601400637706
2025-08-09 21:45:00,267.6429230399222,2025-08-09 19:45:00,240.60526888410382,320.53317802159756
2025-08-09 21:50:00,268.98444843384993,2025-08-09 19:50:00,241.811271547857,322.1398089499565
2025-08-09 21:55:00,270.53237065078054,2025-08-09 19:55:00,243.2028205452527,323.99362380852835
2025-08-09 22:00:00,272.3061658257784,2025-08-09 20:00:00,244.79742450555258,326.1179475087169
2025-08-09 22:05:00,274.3323873017781,2025-08-09 20:05:00,246.61895431666937,328.5445807321962
2025-08-09 22:10:00,276.6432340425572,2025-08-09 20:10:00,248.69635615901947,331.3120854408198
2025-08-09 22:15:00,279.27479888946755,2025-08-09 20:15:00,251.06207672575525,334.46368696261413
2025-08-09 22:20:00,282.2650705936911,2025-08-09 20:20:00,253.75026709245483,338.04488119564775
2025-08-09 22:25:00,285.65177322584066,2025-08-09 20:25:00,256.79484039252037,342.10084705257077
2025-08-09 22:30:00,289.4701325646838,2025-08-09 20:30:00,260.2274638483681,346.67377145425684
2025-08-09 22:35:00,293.7506614832908,2025-08-09 20:35:00,264.07556788089653,351.8001970750449
2025-08-09 22:40:00,298.5170547310433,2025-08-09 20:40:00,268.3604535634961,357.50850110210445
2025-08-09 22:45:00,303.78427844078726,2025-08-09 20:45:00,273.0955751298027,363.8166072005538
2025-08-09 22:50:00,309.55693107686636,2025-08-09 20:50:00,278.2850665010024,370.73002256024625
2025-08-09 22:55:00,315.82794132000043,2025-08-09 20:55:00,283.92257071216056,378.2402784631753
2025-08-09 23:00:00,322.57765445620845,2025-08-09 21:00:00,289.9904185953854,386.3238361291487
2025-08-09 23:05:00,329.77334333969975,2025-08-09 21:05:00,296.45918914591675,394.9415010376137
2025-08-09 23:10:00,337.369163609923,2025-08-09 21:10:00,303.28766926321015,404.0383692949237
2025-08-09 23:15:00,345.30655579501337,2025-08-09 21:15:00,310.42321523334357,413.54430919945577
2025-08-09 23:20:00,353.51508053481416,2025-08-09 21:20:00,317.80250357666733,423.37496151722615
2025-08-09 23:25:00,361.9136573994254,2025-08-09 21:25:00,325.3526447192081,433.43322310956034
2025-08-09 23:30:00,370.4121642985136,2025-08-09 21:30:00,332.9926208274631,443.6111624096661
2025-08-09 23:35:00,378.913342106168,2025-08-09 21:35:00,340.6349980254477,453.7923004299219
2025-08-09 23:40:00,387.3149402054272,2025-08-09 21:40:00,348.1878551933801,463.85418029817487
2025-08-09 23:45:00,395.51203177209044,2025-08-09 21:45:00,355.5568653583544,473.6711400763517
2025-08-09 23:50:00,403.39942407423916,2025-08-09 21:50:00,362.6474625021086,483.1171993713091
2025-08-09 23:55:00,410.8740880475072,2025-08-09 21:55:00,369.3670256972775,492.06896903060914
2025-08-10 00:00:00,417.8375334668579,2025-08-09 22:00:00,375.62701433606827,500.4084956838563
2025-08-10 00:05:00,424.19806047963925,2025-08-09 22:05:00,381.3449922103668,508.02595821244677
2025-08-10 00:10:00,429.87282498559927,2025-08-09 22:10:00,386.4464842442392,514.8221412796456
2025-08-10 00:15:00,434.78966395588225,2025-08-09 22:15:00,390.8666174167061,520.7106213599882
2025-08-10 00:20:00,438.88863655130916,2025-08-09 22:20:00,394.5515061941469,525.6196124056421
2025-08-10 00:25:00,442.12324813490113,2025-08-09 22:25:00,397.4593528914037,529.4934317421599
2025-08-10 00:30:00,444.4613351851688,2025-08-09 22:30:00,399.56124318991976,532.2935598539041
2025-08-10 00:35:00,445.88560062324854,2025-08-09 22:35:00,400.84162738539646,533.9992814998521
2025-08-10 00:40:00,446.3937998147632,2025-08-09 22:40:00,401.29848759949164,534.6079084722153
2025-08-10 00:45:00,445.9985874618997,2025-08-09 22:45:00,400.9432001390686,534.1345962320936
2025-08-10 00:50:00,444.72704442394917,2025-08-09 22:50:00,399.800110117973,532.6117772226602
2025-08-10 00:55:00,442.6199110080431,2025-08-09 22:55:00,397.90584220178704,530.0882426466493
2025-08-10 01:00:00,439.7305591833239,2025-08-09 23:00:00,395.30837665033044,526.627911574635
2025-08-10 01:05:00,436.12374054334356,2025-08-09 23:05:00,392.0659237626102,522.3083314860257
2025-08-10 01:10:00,431.8741497060431,2025-08-09 23:10:00,388.245632404099,517.2189577753367
2025-08-10 01:15:00,427.0648441111674,2025-08-09 23:15:00,383.9221694383763,511.4592612778783
2025-08-10 01:20:00,421.7855613275724,2025-08-09 23:20:00,379.1762070223529,505.13671305175535
2025-08-10 01:25:00,416.13097372249746,2025-08-09 23:25:00,374.0928535912411,498.3646941436154
2025-08-10 01:30:00,410.19891853029145,2025-08-09 23:30:00,368.76006272815835,491.26037589241434
2025-08-10 01:35:00,404.0886385161347,2025-08-09 23:35:00,363.2670515584064,483.94261292190845
2025-08-10 01:40:00,397.8990653666666,2025-08-09 23:40:00,357.70275755432596,476.5298873035283
2025-08-10 01:45:00,391.7271746244437,2025-08-09 23:45:00,352.15435965652557,469.13833840121833
2025-08-10 01:50:00,385.6664375950638,2025-08-09 23:50:00,346.7058865714656,461.87990885219364
2025-08-10 01:55:00,379.8053921552115,2025-08-09 23:55:00,341.4369319584297,454.8606329452247
2025-08-10 02:00:00,374.2263516403822,2025-08-10 00:00:00,336.4214937471769,448.1790903652151
2025-08-10 02:05:00,369.0042678008731,2025-08-10 00:05:00,331.7269519596737,441.9250444522454
2025-08-10 02:10:00,364.2057614083151,2025-08-10 00:10:00,327.4131972460798,436.1782812414201
2025-08-10 02:15:00,359.8883316232206,2025-08-10 00:15:00,323.5319201230679,431.0076625895867
2025-08-10 02:20:00,356.0997530143638,2025-08-10 00:20:00,320.12606890713045,426.4704040367036
2025-08-10 02:25:00,352.87766686367615,2025-08-10 00:25:00,317.2294823064143,422.6115853464548
2025-08-10 02:30:00,350.24937116320245,2025-08-10 00:30:00,314.8667006324708,419.46389900345486
2025-08-10 02:35:00,348.2318111660719,2025-08-10 00:35:00,313.052957305781,417.04763889695084
2025-08-10 02:40:00,346.8317696404054,2025-08-10 00:40:00,311.7943498899531,415.3709281717539
2025-08-10 02:45:00,346.0462528664126,2025-08-10 00:45:00,311.0881870948647,414.43018150415145
2025-08-10 02:50:00,345.8630648456435,2025-08-10 00:50:00,310.92350497851027,414.210792783517
2025-08-10 02:55:00,346.26155837174724,2025-08-10 00:55:00,311.2817421435649,414.68803460591334
2025-08-10 03:00:00,347.21354731446354,2025-08-10 01:00:00,312.137559861199,415.82815083908105
2025-08-10 03:05:00,348.6843600426796,2025-08-10 01:05:00,313.45978907589716,417.58961821768753
2025-08-10 03:10:00,350.6340093371942,2025-08-10 01:10:00,315.21248213203455,419.9245474483966
2025-08-10 03:15:00,353.0184498383141,2025-08-10 01:15:00,317.3560431923975,422.7801891479657
2025-08-10 03:20:00,355.79088982276085,2025-08-10 01:20:00,319.84840749759286,426.10050484694017
2025-08-10 03:25:00,358.90312091881094,2025-08-10 01:25:00,322.6462367515459,429.8277594764443
2025-08-10 03:30:00,362.306826570649,2025-08-10 01:30:00,325.70609540299506,433.9040884047119
2025-08-10 03:35:00,365.95482872868894,2025-08-10 01:35:00,328.98557139345144,438.27299049210905
2025-08-10 03:40:00,369.8022320540606,2025-08-10 01:40:00,332.44430477258345,442.88069840758527
2025-08-10 03:45:00,373.80742641219393,2025-08-10 01:45:00,336.0448889185279,447.67737923002255
2025-08-10 03:50:00,377.932911278669,2025-08-10 01:50:00,339.7536116611333,452.6181217690435
2025-08-10 03:55:00,382.1459106194349,2025-08-10 01:55:00,343.54100804613813,457.663672954782
2025-08-10 04:00:00,386.4187529176813,2025-08-10 02:00:00,347.38220197120813,462.7808929637629
2025-08-10 04:05:00,390.728999029697,2025-08-10 02:05:00,351.25702112562124,467.9429083409957
2025-08-10 04:10:00,395.05930964916934,2025-08-10 02:10:00,355.1498778435044,473.1289532732322
2025-08-10 04:15:00,399.39705437044114,2025-08-10 02:15:00,359.0494176600551,478.3239013972604
2025-08-10 04:20:00,403.73367503641487,2025-08-10 02:20:00,362.9479469749114,483.517503335808
2025-08-10 04:25:00,408.06382716279825,2025-08-10 02:25:00,366.8406612108942,488.7033584543445
2025-08-10 04:30:00,412.384333854271,2025-08-10 02:30:00,370.7247044069936,493.87766205539566
2025-08-10 04:35:00,416.69299642963387,2025-08-10 02:35:00,374.59809999579244,499.03778096538747
2025-08-10 04:40:00,420.9873147793926,2025-08-10 02:40:00,378.4586004322771,504.1807210156996
2025-08-10 04:45:00,425.2631770128493,2025-08-10 02:45:00,382.302509214572,509.30155774437327
2025-08-10 04:50:00,429.51358265113225,2025-08-10 02:50:00,386.123533061756,514.3919072729373
2025-08-10 04:55:00,433.7274656121615,2025-08-10 02:55:00,389.9117238024966,519.4385166955532
2025-08-10 05:00:00,437.88868236321997,2025-08-10 03:00:00,393.65256874583224,524.422052275362
2025-08-10 05:05:00,441.9752267928918,2025-08-10 03:05:00,397.3262848678213,529.3161591633435
2025-08-10 05:10:00,445.9587265677981,2025-08-10 03:10:00,400.9073660470092,534.086858227591
2025-08-10 05:15:00,449.804266154995,2025-08-10 03:15:00,404.36442396534596,538.6923341022817
2025-08-10 05:20:00,453.4705693761539,2025-08-10 03:20:00,407.6603522204936,543.0831538173003
2025-08-10 05:25:00,456.91056003270614,2025-08-10 03:25:00,410.75283031585167,547.2029382113186
2025-08-10 05:30:00,460.0723030457566,2025-08-10 03:30:00,413.5951697252295,550.9894890550689
2025-08-10 05:35:00,462.90031153961763,2025-08-10 03:35:00,416.1374889330139,554.376354434185
2025-08-10 05:40:00,465.337187898069,2025-08-10 03:40:00,418.32818870868124,557.2947941027863
2025-08-10 05:45:00,467.3255499270586,2025-08-10 03:45:00,420.1156836859074,559.6760862848122
2025-08-10 05:50:00,468.8101776310534,2025-08-10 03:50:00,421.4503322686356,561.4540986855712
2025-08-10 05:55:00,469.74030237230954,2025-08-10 03:55:00,422.2864945363459,562.5680300232098
2025-08-10 06:00:00,470.07194935575797,2025-08-10 04:00:00,422.58463808791413,562.9652154237374
2025-08-10 06:05:00,469.7702366386892,2025-08-10 04:05:00,422.31340480219313,562.6038797494997
2025-08-10 06:10:00,468.81153026603334,2025-08-10 04:10:00,421.45154825857975,561.4557186215063
2025-08-10 06:15:00,467.1853553192912,2025-08-10 04:15:00,419.9896517291687,559.5081871202882
2025-08-10 06:20:00,464.89596769339914,2025-08-10 04:20:00,417.9315411725689,556.7663821694393
2025-08-10 06:25:00,461.9635002314552,2025-08-10 04:25:00,415.29531558453175,553.2544151637525
2025-08-10 06:30:00,458.42461044757783,2025-08-10 04:30:00,412.11392928696085,549.0161876918264
2025-08-10 06:35:00,454.33257368735497,2025-08-10 04:35:00,408.43527567716524,544.1155031064178
2025-08-10 06:40:00,449.75678610946363,2025-08-10 04:40:00,404.3217404189553,538.6354712877753
2025-08-10 06:45:00,444.7816641620206,2025-08-10 04:45:00,399.84921209539795,532.6771906400145
2025-08-10 06:50:00,439.50495146688615,2025-08-10 04:50:00,395.10556013398366,526.3577203903712
2025-08-10 06:55:00,434.0354687736694,2025-08-10 04:55:00,390.18861206335566,519.8073859003784
2025-08-10 07:00:00,428.49036660130605,2025-08-10 05:00:00,385.2036836967936,513.166488388222
2025-08-10 07:05:00,422.9919631565508,2025-08-10 05:05:00,380.2607364885041,506.58151797251105
2025-08-10 07:10:00,417.66426984172836,2025-08-10 05:10:00,375.4712540393317,500.20099256825915
2025-08-10 07:15:00,412.6293235054084,2025-08-10 05:15:00,370.94494486848697,494.171065335294
2025-08-10 07:20:00,408.0034565349005,2025-08-10 05:20:00,366.78638930639903,488.6310576850978
2025-08-10 07:25:00,403.8936432946701,2025-08-10 05:25:00,363.0917550209201,483.7090837206683
2025-08-10 07:30:00,400.39406279717264,2025-08-10 05:30:00,359.9457069318535,479.51793363956585
2025-08-10 07:35:00,397.583013713227,2025-08-10 05:35:00,357.4186338711985,476.15137910407606
2025-08-10 07:40:00,395.5203077479107,2025-08-10 05:40:00,355.5643052837778,473.6810515090949
2025-08-10 07:45:00,394.2452521755184,2025-08-10 05:45:00,354.41805756927397,472.15402583574246
2025-08-10 07:50:00,393.7753120044786,2025-08-10 05:50:00,353.99559139707634,471.591218440006
2025-08-10 07:55:00,394.10551744643794,2025-08-10 05:55:00,354.2924390336483,471.9866774288299
2025-08-10 08:00:00,395.2086544074023,2025-08-10 06:00:00,355.2841355899934,473.30781079516316
2025-08-10 08:05:00,397.03624532675553,2025-08-10 06:05:00,356.92710077497435,475.4965610854756
2025-08-10 08:10:00,399.5202962898307,2025-08-10 06:10:00,359.16020951218303,478.47149776797227
2025-08-10 08:15:00,402.57575513479264,2025-08-10 06:15:00,361.90700172550345,482.1307610982557
2025-08-10 08:20:00,406.1035956443547,2025-08-10 06:20:00,365.07845496156307,486.35575579357436
2025-08-10 08:25:00,409.99441614445004,2025-08-10 06:25:00,368.5762194530441,491.01546076855374
2025-08-10 08:30:00,414.1324180066912,2025-08-10 06:30:00,372.296194707383,495.9711938494004
2025-08-10 08:35:00,418.39961184505773,2025-08-10 06:35:00,376.13231078771605,501.08164917812877
2025-08-10 08:40:00,422.6800876440967,2025-08-10 06:40:00,379.9803670668878,506.2080111821256
2025-08-10 08:45:00,426.8641795759756,2025-08-10 06:45:00,383.7417763089897,511.21894242150535
2025-08-10 08:50:00,430.85235825309906,2025-08-10 06:50:00,387.3270637212932,515.9952450092097
2025-08-10 08:55:00,434.55869180723226,2025-08-10 06:55:00,390.6589783904264,520.4340056512657
2025-08-10 09:00:00,437.9137326137889,2025-08-10 07:00:00,393.6750883858261,524.4520528310796
2025-08-10 09:05:00,440.8667082727087,2025-08-10 07:05:00,396.32975040473036,527.9885807609917
2025-08-10 09:10:00,443.3869226548534,2025-08-10 07:10:00,398.5953692829514,531.0068272964478
2025-08-10 09:15:00,445.46430420185027,2025-08-10 07:15:00,400.46289090471873,533.4947305881145
2025-08-10 09:20:00,447.10907358757214,2025-08-10 07:20:00,401.9415034374511,535.4645310682843
2025-08-10 09:25:00,448.35053908117123,2025-08-10 07:25:00,403.0575543888644,536.9513287595802
2025-08-10 09:30:00,449.23506471255087,2025-08-10 07:30:00,403.85272403114647,538.0106499194578
2025-08-10 09:35:00,449.8232916447944,2025-08-10 07:35:00,404.3815274741436,538.7151193141586
2025-08-10 09:40:00,450.18672564499155,2025-08-10 07:40:00,404.70824687455166,539.1503733226008
2025-08-10 09:45:00,450.40383181586196,2025-08-10 07:45:00,404.90342068309235,539.4103829284098
2025-08-10 09:50:00,450.5558005105463,2025-08-10 07:50:00,405.04003729238354,539.5923829159817
2025-08-10 09:55:00,450.72216453678834,2025-08-10 07:55:00,405.18959499714913,539.7916229684896
2025-08-10 10:00:00,450.9764566238825,2025-08-10 08:00:00,405.4181981497954,540.0961669851825
2025-08-10 10:05:00,451.38209713861585,2025-08-10 08:05:00,405.782860304913,540.5819681483331
2025-08-10 10:10:00,451.98869515111085,2025-08-10 08:10:00,406.32817895650743,541.3084390242233
2025-08-10 10:15:00,452.8289311280245,2025-08-10 08:15:00,407.0835331457951,542.3147182297753
2025-08-10 10:20:00,453.9161675390344,2025-08-10 08:20:00,408.06093544749024,543.6168088590492
2025-08-10 10:25:00,455.242905116245,2025-08-10 08:25:00,409.2536441799972,545.2057296763599
2025-08-10 10:30:00,456.7801685734311,2025-08-10 08:30:00,410.6356111801364,547.0467794444303
2025-08-10 10:35:00,458.4778677461574,2025-08-10 08:35:00,412.1618064603949,549.0799694312151
2025-08-10 10:40:00,460.26613969889604,2025-08-10 08:40:00,413.76942473454744,551.2216307375097
2025-08-10 10:45:00,462.0576361034238,2025-08-10 08:45:00,415.37994172195914,553.3671536956188
2025-08-10 10:50:00,463.7506798444762,2025-08-10 08:50:00,416.901951868619,555.3947682676213
2025-08-10 10:55:00,465.2331771702899,2025-08-10 08:55:00,418.2346852868837,557.1702292955249
2025-08-10 11:00:00,466.3871380627711,2025-08-10 09:00:00,419.27207147166905,558.5522301643633
2025-08-10 11:05:00,467.093629611141,2025-08-10 09:05:00,419.9071922775143,559.398335036752
2025-08-10 11:10:00,467.23796614565305,2025-08-10 09:10:00,420.0369477378927,559.5711946348548
2025-08-10 11:15:00,466.7149267098478,2025-08-10 09:15:00,419.56674646128306,558.9447947633953
2025-08-10 11:20:00,465.4337856041312,2025-08-10 09:20:00,418.4150279823549,557.4104809640792
2025-08-10 11:25:00,463.32294575358384,2025-08-10 09:25:00,416.5174280606246,554.8825075063627
2025-08-10 11:30:00,460.3339772573639,2025-08-10 09:30:00,413.83040925007367,551.3028740147762
2025-08-10 11:35:00,456.444884449658,2025-08-10 09:35:00,410.33419791713385,546.6452381501097
2025-08-10 11:40:00,451.6624528782915,2025-08-10 09:40:00,406.03489412430827,540.9177263861903
2025-08-10 11:45:00,446.02356255930374,2025-08-10 09:45:00,400.96565221797306,534.1645067832541
2025-08-10 11:50:00,439.5953931802438,2025-08-10 09:50:00,395.18686530175563,526.46603474249
2025-08-10 11:55:00,432.4744902557794,2025-08-10 09:55:00,388.7853257303813,517.9379346199944
2025-08-10 12:00:00,424.7847056151246,2025-08-10 10:00:00,381.87237365187775,508.7285332236305
2025-08-10 12:05:00,416.6740704062596,2025-08-10 10:05:00,374.58108590518566,499.0151148759928
2025-08-10 12:10:00,408.31070114925024,2025-08-10 10:10:00,367.06259564957134,488.9990184424717
2025-08-10 12:15:00,399.8778782756668,2025-08-10 10:15:00,359.4816680767249,478.8997433162628
2025-08-10 12:20:00,391.5684702861542,2025-08-10 10:20:00,352.01168784755896,468.9482717058618
2025-08-10 12:25:00,383.5789031786978,2025-08-10 10:25:00,344.8292377370795,459.3798463319249
2025-08-10 12:30:00,376.1028942803595,2025-08-10 10:30:00,338.1084654830105,450.42646597019325
2025-08-10 12:35:00,369.3251797251065,2025-08-10 10:35:00,332.01544492239174,442.3093733848816
2025-08-10 12:40:00,363.4154665327091,2025-08-10 10:40:00,326.70273903973845,435.2318122476766
2025-08-10 12:45:00,358.52283250388336,2025-08-10 10:45:00,322.3043655924363,429.37232036818386
2025-08-10 12:50:00,354.7707806957409,2025-08-10 10:50:00,318.93135118984526,424.878806859567
2025-08-10 12:55:00,352.2531307608608,2025-08-10 10:55:00,316.66803769491867,421.86363154460975
2025-08-10 13:00:00,351.030897746742,2025-08-10 11:00:00,315.5692763316032,420.3998669591364
2025-08-10 13:05:00,351.130271425992,2025-08-10 11:05:00,315.65861114585636,420.5188783675454
2025-08-10 13:10:00,352.54176738409717,2025-08-10 11:10:00,316.92751585169106,422.20930709279367
2025-08-10 13:15:00,355.22057669602526,2025-08-10 11:15:00,319.33570818296954,425.4174892943387
2025-08-10 13:20:00,359.0880956885538,2025-08-10 11:20:00,322.81252511704895,430.04928803444267
2025-08-10 13:25:00,364.0345730633608,2025-08-10 11:25:00,327.2593025818768,435.97326351248034
2025-08-10 13:30:00,369.92277007863265,2025-08-10 11:30:00,332.5526658810466,443.025056553318
2025-08-10 13:35:00,376.5924924360508,2025-08-10 11:35:00,338.54860376336285,451.01281606312597
2025-08-10 13:40:00,383.8658212095828,2025-08-10 11:40:00,345.0871709160505,459.7234636681381
2025-08-10 13:45:00,391.55284611212613,2025-08-10 11:45:00,351.99764204896127,468.9295599607564
2025-08-10 13:50:00,399.4576878753483,2025-08-10 11:50:00,359.10392588536473,478.3965169919555
2025-08-10 13:55:00,407.38458935898484,2025-08-10 11:55:00,366.2300409390539,487.88989307511514
2025-08-10 14:00:00,415.1438554605013,2025-08-10 12:00:00,373.20545536620915,497.182506510903
2025-08-10 14:05:00,422.5574320961809,2025-08-10 12:05:00,379.8701023501854,506.06111705868346
2025-08-10 14:10:00,429.46393187146606,2025-08-10 12:10:00,386.07889807176184,514.3324447546801
2025-08-10 14:15:00,435.72293930782666,2025-08-10 12:15:00,391.7056120161037,521.8283259162314
2025-08-10 14:20:00,441.2184595259153,2025-08-10 12:20:00,396.645967265228,528.4098433364516
2025-08-10 14:25:00,445.8614101977964,2025-08-10 12:25:00,400.8198807098101,533.9703106835876
2025-08-10 14:30:00,449.5910957489002,2025-08-10 12:30:00,404.17278832524005,538.437038027386
2025-08-10 14:35:00,452.3756434271154,2025-08-10 12:35:00,406.676037188419,541.7718540819762
2025-08-10 14:40:00,454.21142160162816,2025-08-10 12:40:00,408.3263625408451,543.9704095518382
2025-08-10 14:45:00,455.1214993560509,2025-08-10 12:45:00,409.14450299575134,545.0603323174342
2025-08-10 14:50:00,455.15324196156206,2025-08-10 12:50:00,409.17303891983767,545.0983477377846
2025-08-10 14:55:00,454.37516763196766,2025-08-10 12:55:00,408.473566723235,544.1665142531955
2025-08-10 15:00:00,452.8732157462848,2025-08-10 13:00:00,407.1233440713482,542.3677541526654
2025-08-10 15:05:00,450.74659487770566,2025-08-10 13:05:00,405.21155735161227,539.8208811111127
2025-08-10 15:10:00,448.1033895223426,2025-08-10 13:10:00,402.83537221650903,536.6553387418425
2025-08-10 15:15:00,445.05610750610697,2025-08-10 13:15:00,400.09593079749305,533.0058681042558
2025-08-10 15:20:00,441.71734541729995,2025-08-10 13:20:00,397.0944550215106,529.0073165609231
2025-08-10 15:25:00,438.1957374992571,2025-08-10 13:25:00,393.9286047520503,524.7897861106675
2025-08-10 15:30:00,434.59233515812855,2025-08-10 13:30:00,390.6892230439992,520.4742974327916
2025-08-10 15:35:00,430.9975401888281,2025-08-10 13:35:00,387.4575791793014,516.1691170724872
2025-08-10 15:40:00,427.48868645792606,2025-08-10 13:40:00,384.30319465155225,511.9668612280044
2025-08-10 15:45:00,424.12833331732224,2025-08-10 13:45:00,381.28230898135683,507.9424519172754
2025-08-10 15:50:00,420.9633009026244,2025-08-10 13:50:00,378.43701247018515,504.15196163678644
2025-08-10 15:55:00,418.024444163792,2025-08-10 13:55:00,375.79504305874974,500.6323427372887
2025-08-10 16:00:00,415.32713058800755,2025-08-10 14:00:00,373.370215789659,497.4019995518721
2025-08-10 16:05:00,412.87235719351287,2025-08-10 14:05:00,371.1634269610082,494.4621261245337
2025-08-10 16:10:00,410.64841700674384,2025-08-10 14:10:00,369.1641522537151,491.7987020081834
2025-08-10 16:15:00,408.63300462836327,2025-08-10 14:15:00,367.35233959039175,489.3850139220985
2025-08-10 16:20:00,406.7956358057415,2025-08-10 14:20:00,365.70058427930417,487.18455346820895
2025-08-10 16:25:00,405.1002470818524,2025-08-10 14:25:00,364.17646604318116,485.1541305095974
2025-08-10 16:30:00,403.5078394974581,2025-08-10 14:30:00,362.74492565098814,483.24703930787916
2025-08-10 16:35:00,401.9790342993748,2025-08-10 14:35:00,361.3705624450483,481.4161192777445
2025-08-10 16:40:00,400.4764186781519,2025-08-10 14:40:00,360.0197431090935,479.61656427757873
2025-08-10 16:45:00,398.9665750104637,2025-08-10 14:45:00,358.66242591381354,477.8083528605793
2025-08-10 16:50:00,397.4217068803837,2025-08-10 14:50:00,357.27362247523746,475.95819562221675
2025-08-10 16:55:00,395.82079861435653,2025-08-10 14:55:00,355.83444015189696,474.0409238767046
2025-08-10 17:00:00,394.1502706581857,2025-08-10 15:00:00,354.33267121473386,472.04027454630744
2025-08-10 17:05:00,392.404119901975,2025-08-10 15:05:00,352.7629189962244,469.949058216595
2025-08-10 17:10:00,390.58356042466454,2025-08-10 15:10:00,351.12627492739375,467.7687288867117
2025-08-10 17:15:00,388.6962052372195,2025-08-10 15:15:00,349.4295829424266,465.50840401274866
2025-08-10 17:20:00,386.7548519201095,2025-08-10 15:20:00,347.6843477927095,463.1834101689801
2025-08-10 17:25:00,384.77595383666574,2025-08-10 15:25:00,345.9053607003058,460.8134521500548
2025-08-10 17:30:00,382.77787291400193,2025-08-10 15:30:00,344.1091286453375,458.4205204752269
2025-08-10 17:35:00,380.7790193618546,2025-08-10 15:35:00,342.3122020129728,456.0266634877437
2025-08-10 17:40:00,378.79598755156576,2025-08-10 15:40:00,340.52949878846385,453.65175485556216
2025-08-10 17:45:00,376.84179576766405,2025-08-10 15:45:00,338.77272213143027,451.31138547144707
2025-08-10 17:50:00,374.92433077331367,2025-08-10 15:50:00,337.0489620734342,449.0150006412283
2025-08-10 17:55:00,373.04508635123113,2025-08-10 15:55:00,335.3595614932191,446.76438934148683
2025-08-10 18:00:00,371.1982690079152,2025-08-10 16:00:00,333.6993121639212,444.55261319753043
2025-08-10 18:05:00,369.37032474468924,2025-08-10 16:05:00,332.0560293303488,442.36343973729754
2025-08-10 18:10:00,367.5399187864359,2025-08-10 16:10:00,330.4105334855477,440.1713181141859
2025-08-10 18:15:00,365.6783771078325,2025-08-10 16:15:00,328.7370472934524,437.9419078854932
2025-08-10 18:20:00,363.75057498493413,2025-08-10 16:20:00,327.003994377773,435.6331431551169
2025-08-10 18:25:00,361.71623533578094,2025-08-10 16:25:00,325.17516650245835,433.19678748573443
2025-08-10 18:30:00,359.53157875995936,2025-08-10 16:30:00,323.2112069220043,430.58041001092477
2025-08-10 18:35:00,357.1512497504177,2025-08-10 16:35:00,321.0713420047168,427.7296922953228
2025-08-10 18:40:00,354.5304291152892,2025-08-10 16:40:00,318.71528025479324,424.5909582026713
2025-08-10 18:45:00,351.6270333850697,2025-08-10 16:45:00,316.10518953237863,421.11380793883717
2025-08-10 18:50:00,348.4038968233503,2025-08-10 16:50:00,313.20765863458985,417.2537312605854
2025-08-10 18:55:00,344.830831814713,2025-08-10 16:55:00,309.9955495402077,412.97457502701883
2025-08-10 19:00:00,340.8864685287573,2025-08-10 17:00:00,306.4496512283274,408.25074640880234
2025-08-10 19:05:00,336.5597843626527,2025-08-10 17:05:00,302.56005461453276,403.06904457149886
2025-08-10 19:10:00,331.8512475351289,2025-08-10 17:10:00,298.32718061745686,397.4300302608802
2025-08-10 19:15:00,326.7735167150702,2025-08-10 17:15:00,293.76240910993937,391.34886368862277
2025-08-10 19:20:00,321.3516586083155,2025-08-10 17:20:00,288.8882745249103,384.85556511752253
2025-08-10 19:25:00,315.62286710273645,2025-08-10 17:25:00,283.7382133728162,377.99467850542817
2025-08-10 19:30:00,309.6356904312843,2025-08-10 17:30:00,278.35586947771344,370.8243459441182
2025-08-10 19:35:00,303.44879463125847,2025-08-10 17:35:00,272.79398235357263,363.4148267595779
2025-08-10 19:40:00,297.12931279902,2025-08-10 17:40:00,267.11290321953874,355.84652055469087
2025-08-10 19:45:00,290.7508479445256,2025-08-10 17:45:00,261.3787996088316,348.2075753978814
2025-08-10 19:50:00,284.39121282024473,2025-08-10 17:50:00,255.66162352323732,340.59118100833325
2025-08-10 19:55:00,278.13000172269653,2025-08-10 17:55:00,250.03292853457512,333.0926607090991
2025-08-10 20:00:00,272.0460964493344,2025-08-10 18:00:00,244.5636276932285,325.80648452366626
2025-08-10 20:05:00,266.21521143837185,2025-08-10 18:05:00,239.32178666130378,318.82332919860073
2025-08-10 20:10:00,260.70758093225095,2025-08-10 18:10:00,234.37054452200817,312.2273083158356
2025-08-10 20:15:00,255.58588450214697,2025-08-10 18:15:00,229.76624887050644,306.09348786971
2025-08-10 20:20:00,250.9034963006959,2025-08-10 18:20:00,225.5568819295325,300.4857895457828
2025-08-10 20:25:00,246.70312886985224,2025-08-10 18:25:00,221.78084136163216,295.4553665247866
2025-08-10 20:30:00,243.0159245868844,2025-08-10 18:30:00,218.46612349852705,291.0395153847278
2025-08-10 20:35:00,239.86102806920988,2025-08-10 18:35:00,215.62993894219795,287.2611640065049
2025-08-10 20:40:00,237.24565144435147,2025-08-10 18:40:00,213.27877124118092,284.12894974218744
2025-08-10 20:45:00,235.16562299648695,2025-08-10 18:45:00,211.40887011209193,281.6378764823505
2025-08-10 20:50:00,233.60638855784472,2025-08-10 18:50:00,210.00715166909424,279.77051393742653
2025-08-10 20:55:00,232.54441557788516,2025-08-10 18:55:00,209.05246065209056,278.4986791720114
2025-08-10 21:00:00,231.94893272371615,2025-08-10 19:00:00,208.5171342903252,277.7855199764077
2025-08-10 21:05:00,231.78392378343213,2025-08-10 19:05:00,208.3687947788807,277.58790279516313
2025-08-10 21:10:00,232.01028434464888,2025-08-10 19:10:00,208.5722880865972,277.85899559762345
2025-08-10 21:15:00,232.5880435014311,2025-08-10 19:15:00,209.0916812231275,278.5509286274643
2025-08-10 21:20:00,233.47855084714433,2025-08-10 19:20:00,209.89222829877966,279.6174135781255
2025-08-10 21:25:00,234.64653154031294,2025-08-10 19:25:00,210.94221798481126,281.01620477049846
2025-08-10 21:30:00,236.06191879476523,2025-08-10 19:30:00,212.2146208829138,282.7112937706032
2025-08-10 21:35:00,237.70138367724633,2025-08-10 19:35:00,213.68846478057804,284.6747414981491
2025-08-10 21:40:00,239.54949585362996,2025-08-10 19:40:00,215.34987813713613,286.8880683536038
2025-08-10 21:45:00,241.59946554861412,2025-08-10 19:45:00,217.19275708967376,289.34314280025086
2025-08-10 21:50:00,243.85343532817512,2025-08-10 19:50:00,219.2190277592219,292.0425308072319
2025-08-10 21:55:00,246.3223100692768,2025-08-10 19:55:00,221.4384933971582,294.99929221872094
2025-08-10 22:00:00,249.02513316687978,2025-08-10 20:00:00,223.8682736086377,298.2362336900844
2025-08-10 22:05:00,251.98803639644004,2025-08-10 20:05:00,226.53186030141788,301.7846510274625
2025-08-10 22:10:00,255.2428086836607,2025-08-10 20:10:00,229.45783104044784,305.68261512496207
2025-08-10 22:15:00,258.82514473334663,2025-08-10 20:15:00,232.67827460263138,309.97287449631074
2025-08-10 22:20:00,262.7726474075482,2025-08-10 20:20:00,236.226995157463,314.7004628929666
2025-08-10 22:25:00,267.1226674337504,2025-08-10 20:25:00,240.1375702108504,319.91011210625135
2025-08-10 22:30:00,271.9100701314835,2025-08-10 20:30:00,244.44134294005778,325.643577365651
2025-08-10 22:35:00,277.16502105409234,2025-08-10 20:35:00,249.1654315329718,331.93698539019306
2025-08-10 22:40:00,282.91088106928504,2025-08-10 20:40:00,254.33083691049285,338.81831350534827
2025-08-10 22:45:00,289.1622960670004,2025-08-10 20:45:00,259.95072541472604,346.30510184852704
2025-08-10 22:50:00,295.9235581841747,2025-08-10 20:50:00,266.0289555850637,354.40249074728615
2025-08-10 22:55:00,303.18730386435794,2025-08-10 20:55:00,272.5589077416001,363.10166149600235
2025-08-10 23:00:00,310.93360041776384,2025-08-10 21:00:00,279.5226628221341,372.37874240649063
2025-08-10 23:05:00,319.1294571932443,2025-08-10 21:05:00,286.89056293621985,382.19422338023094
2025-08-10 23:10:00,327.7287809028736,2025-08-10 21:10:00,294.6211712029222,392.4929024044202
2025-08-10 23:15:00,336.67277788693605,2025-08-10 21:15:00,302.6616333784454,403.2043673105537
2025-08-10 23:20:00,345.89078937124356,2025-08-10 21:20:00,310.9484287346138,414.2439960911135
2025-08-10 23:25:00,355.30153044204906,2025-08-10 21:25:00,319.40848387084503,425.5144407145034
2025-08-10 23:30:00,364.8146894847882,2025-08-10 21:30:00,327.9606105754023,436.90754263687046
2025-08-10 23:35:00,374.3328328336552,2025-08-10 21:35:00,336.51721806466514,448.30661383899746
2025-08-10 23:40:00,383.75355034967015,2025-08-10 21:40:00,344.98624181196544,459.58900640277017
2025-08-10 23:45:00,392.9717707103514,2025-08-10 21:45:00,353.2732249435306,470.6288853368073
2025-08-10 23:50:00,401.8821716882231,2025-08-10 21:50:00,361.2834850273596,481.30011516214415
2025-08-10 23:55:00,410.3816096403809,2025-08-10 21:55:00,368.9242981324296,491.4791695053675
2025-08-11 00:00:00,418.3714946721293,2025-08-10 22:00:00,376.10703405005427,501.0479756302039
2025-08-11 00:05:00,425.7600420423221,2025-08-10 22:05:00,382.7491802591771,509.8966107543157
2025-08-11 00:10:00,432.4643374747074,2025-08-10 22:10:00,388.77619859713974,517.9257754971384
2025-08-11 00:15:00,438.4121623115605,2025-08-10 22:15:00,394.1231660337984,525.0489797112396
2025-08-11 00:20:00,443.5435345045783,2025-08-10 22:20:00,398.7361599894103,531.1943879961218
2025-08-11 00:25:00,447.8119324779327,2025-08-10 22:25:00,402.5733585613677,536.306285414968
2025-08-11 00:30:00,451.1851798081831,2025-08-10 22:30:00,405.6058358325355,540.3461370005701
2025-08-11 00:35:00,453.6459804039563,2025-08-10 22:35:00,407.81804298634785,543.2932286945395
2025-08-11 00:40:00,455.1921042354512,2025-08-10 22:40:00,409.2079752736644,545.1448897797462
2025-08-11 00:45:00,455.8362340082664,2025-08-10 22:45:00,409.78703417581715,545.9163092545962
2025-08-11 00:50:00,455.60549171232725,2025-08-10 22:50:00,409.57960178221305,545.6399688209269
2025-08-11 00:55:00,454.54067163830615,2025-08-10 22:55:00,408.622351288484,544.3647243329706
2025-08-11 01:00:00,452.6952122823956,2025-08-10 23:00:00,406.96332276084644,542.1545745350943
2025-08-11 01:05:00,450.13394400956025,2025-08-10 23:05:00,404.66079731212403,539.0871612445312
2025-08-11 01:10:00,446.9316520932789,2025-08-10 23:10:00,401.78200530518075,535.252048426228
2025-08-11 01:15:00,443.1714962010784,2025-08-10 23:15:00,398.4017055041877,530.7488293450201
2025-08-11 01:20:00,438.94332728978094,2025-08-10 23:20:00,394.60067199941466,525.6851108541406
2025-08-11 01:25:00,434.34194193226955,2025-08-10 23:25:00,390.4641248842934,520.1744227507784
2025-08-11 01:30:00,429.4653119720271,2025-08-10 23:30:00,386.0801387526766,514.3340975838071
2025-08-11 01:35:00,424.41282475780594,2025-08-10 23:35:00,381.53806070740785,508.2831631324364
2025-08-11 01:40:00,419.28356614861787,2025-08-10 23:40:00,376.92696681849634,502.14028610724245
2025-08-11 01:45:00,414.17467496604803,2025-08-10 23:45:00,372.33418281090843,496.0218014175824
2025-08-11 01:50:00,409.17979445675576,2025-08-10 23:50:00,367.84389196244473,490.03985761986513
2025-08-11 01:55:00,404.3876426463755,2025-08-10 23:55:00,363.53584988244546,484.30070475194486
2025-08-11 02:00:00,399.88072074859906,2025-08-11 00:00:00,359.48422339915373,478.90314750447027
2025-08-11 02:05:00,395.7341756023428,2025-08-11 00:05:00,355.75656791503604,473.9371828585779
2025-08-11 02:10:00,392.01482980780975,2025-08-11 00:10:00,352.4129555198258,469.48283856229654
2025-08-11 02:15:00,388.7803905545339,2025-08-11 00:15:00,349.5052637438409,465.60922561114944
2025-08-11 02:20:00,386.078846130288,2025-08-11 00:20:00,347.07663303238706,462.3738154981725
2025-08-11 02:25:00,383.94805670504934,2025-08-11 00:25:00,345.1610988692869,459.82195013065564
2025-08-11 02:30:00,382.4155437505067,2025-08-11 00:30:00,343.78340246951655,457.98658963578634
2025-08-11 02:35:00,381.49848008102106,2025-08-11 00:35:00,342.9589818262421,456.888300433555
2025-08-11 02:40:00,381.2038795288492,2025-08-11 00:40:00,342.6941422247924,456.535482394647
2025-08-11 02:45:00,381.52898236940393,2025-08-11 00:45:00,342.9864027317328,456.92483043151367
2025-08-11 02:50:00,382.4618289813978,2025-08-11 00:50:00,343.82501190307613,458.042021522363
2025-08-11 02:55:00,383.98201033197586,2025-08-11 00:55:00,345.191622454381,459.86261350340806
2025-08-11 03:00:00,386.0615796740094,2025-08-11 01:00:00,347.06111085713803,462.3531369312174
2025-08-11 03:05:00,388.66610538940347,2025-08-11 01:05:00,349.4025238224062,465.4723559836476
2025-08-11 03:10:00,391.75584032419044,2025-08-11 01:10:00,352.1801295080762,469.1726688730861
2025-08-11 03:15:00,395.2869786229409,2025-08-11 01:15:00,355.3545473861499,473.4016130501882
2025-08-11 03:20:00,399.2129669291584,2025-08-11 01:20:00,358.8839269838776,478.1034355171317
2025-08-11 03:25:00,403.4858335064085,2025-08-11 01:25:00,362.72514273525314,483.2206846030114
2025-08-11 03:30:00,408.0574960916914,2025-08-11 01:30:00,366.83496971324996,488.69577626865055
2025-08-11 03:35:00,412.88100800279176,2025-08-11 01:35:00,371.17120385370157,494.4724864634477
2025-08-11 03:40:00,417.9117017573488,2025-08-11 01:40:00,375.6936900444096,500.49732074072483
2025-08-11 03:45:00,423.1081909415658,2025-08-11 01:45:00,380.3652227837056,506.7207141107168
2025-08-11 03:50:00,428.43319406708565,2025-08-11 01:50:00,385.1522868101782,513.0980177039197
2025-08-11 03:55:00,433.85414882879104,2025-08-11 01:55:00,390.02560930731045,519.5902344154431
2025-08-11 04:00:00,439.3435915640623,2025-08-11 02:00:00,394.9605010292441,526.1644733511074
2025-08-11 04:05:00,444.8792845200387,2025-08-11 02:05:00,399.9369707113282,532.7941022446247
2025-08-11 04:10:00,450.44408274183024,2025-08-11 02:10:00,404.9396054054659,539.4585880409247
2025-08-11 04:15:00,456.0255425751801,2025-08-11 02:15:00,409.95721853237325,546.1430280330729
2025-08-11 04:20:00,461.61528444876694,2025-08-11 02:20:00,414.982277036485,552.8373867208009
2025-08-11 04:25:00,467.2081337342782,2025-08-11 02:25:00,420.0101290375184,559.535466891646
2025-08-11 04:30:00,472.801074097467,2025-08-11 02:30:00,425.0380629154378,566.2336561384835
2025-08-11 04:35:00,478.3920576302147,2025-08-11 02:35:00,430.06423764460374,572.9295018558416
2025-08-11 04:40:00,483.97872462108484,2025-08-11 02:40:00,435.08653189485653,579.6201780179191
2025-08-11 04:45:00,489.55709272814283,2025-08-11 02:45:00,440.10136562589076,586.3009153122989
2025-08-11 04:50:00,495.1202796073881,2025-08-11 02:50:00,445.1025517575101,592.963471340603
2025-08-11 04:55:00,500.6573254521809,2025-08-11 02:55:00,450.08023765773197,599.5947204740537
2025-08-11 05:00:00,506.1521806128339,2025-08-11 03:00:00,455.0199950344324,606.1754414115162
2025-08-11 05:05:00,511.58291999948443,2025-08-11 03:05:00,459.9021137003148,612.6793763365973
2025-08-11 05:10:00,516.921238986856,2025-08-11 03:10:00,464.7011484020621,619.0726272056293
2025-08-11 05:15:00,522.1322759701104,2025-08-11 03:15:00,469.38575930183885,625.3134432378973
2025-08-11 05:20:00,527.1747944971396,2025-08-11 03:20:00,473.9188757103305,631.3524390400032
2025-08-11 05:25:00,532.0017434378893,2025-08-11 03:25:00,478.2581996669953,637.1332654730478
2025-08-11 05:30:00,536.561197749246,2025-08-11 03:30:00,482.3570516675959,642.593736326766
2025-08-11 05:35:00,540.797665142118,2025-08-11 03:35:00,486.16554532998447,647.6673932036175
2025-08-11 05:40:00,544.6537267522021,2025-08-11 03:40:00,489.6320623220649,652.285470410699
2025-08-11 05:45:00,548.0719629855004,2025-08-11 03:45:00,492.70498365576077,656.3792013812139
2025-08-11 05:50:00,550.9970998798362,2025-08-11 03:50:00,495.33461922015607,659.8823891892092
2025-08-11 05:55:00,553.3782980016775,2025-08-11 03:55:00,497.47526545082997,662.7341477667338
2025-08-11 06:00:00,555.1714945735312,2025-08-11 04:00:00,499.0873108523388,664.8817068707268
2025-08-11 06:05:00,556.3417022191136,2025-08-11 04:05:00,500.13930252100545,666.2831650947044
2025-08-11 06:10:00,556.8651638068457,2025-08-11 04:10:00,500.6098833031769,666.9100705416419
2025-08-11 06:15:00,556.7312632712253,2025-08-11 04:15:00,500.48950958280824,666.7497092523028
2025-08-11 06:20:00,555.9440971073022,2025-08-11 04:20:00,499.78186402141625,665.8069872505866
2025-08-11 06:25:00,554.523620335676,2025-08-11 04:25:00,498.50488575612593,664.1058029683956
2025-08-11 06:30:00,552.5062940070266,2025-08-11 04:30:00,496.69135249240765,661.6898227067684
2025-08-11 06:35:00,549.9451781843072,2025-08-11 04:35:00,494.38896409308205,658.6225919927502
2025-08-11 06:40:00,546.9094347947954,2025-08-11 04:40:00,491.6598956529362,654.9869401875533
2025-08-11 06:45:00,543.4832269212436,2025-08-11 04:45:00,488.5798079849884,650.8836622611335
2025-08-11 06:50:00,539.7640256308108,2025-08-11 04:50:00,485.23632549587654,646.4294910251296
2025-08-11 06:55:00,535.8603597975001,2025-08-11 04:55:00,481.7270133243109,641.7544022864718
2025-08-11 07:00:00,531.8890686957392,2025-08-11 05:00:00,478.1569074814088,636.998324512256
2025-08-11 07:05:00,527.9721398469827,2025-08-11 05:05:00,474.63567214235826,632.3073517874172
2025-08-11 07:10:00,524.2332345353248,2025-08-11 05:10:00,471.27447615919573,627.829582720126
2025-08-11 07:15:00,520.7940200044279,2025-08-11 05:15:00,468.1826957842178,623.710727825831
2025-08-11 07:20:00,517.7704396247793,2025-08-11 05:20:00,465.4645616300428,620.0896426236343
2025-08-11 07:25:00,515.2690593121542,2025-08-11 05:25:00,463.21587417787805,617.0939520522577
2025-08-11 07:30:00,513.3836303037209,2025-08-11 05:30:00,461.5209137866843,614.8359339991628
2025-08-11 07:35:00,512.1920042466428,2025-08-11 05:35:00,460.4496674237464,613.4088247644022
2025-08-11 07:40:00,511.7535266431281,2025-08-11 05:40:00,460.0554854274693,612.8836974113248
2025-08-11 07:45:00,512.1070195723137,2025-08-11 05:45:00,460.3732680174563,613.307045844054
2025-08-11 07:50:00,513.2694439534588,2025-08-11 05:50:00,461.41826269770473,614.6991827138289
2025-08-11 07:55:00,515.2353072122394,2025-08-11 05:55:00,463.18553176126125,617.0535300312764
2025-08-11 08:00:00,517.9768539725278,2025-08-11 06:00:00,465.65012371805716,620.3368475417453
2025-08-11 08:05:00,521.4450470944637,2025-08-11 06:05:00,468.7679552271717,624.4904076312117
2025-08-11 08:10:00,525.5713150370931,2025-08-11 06:10:00,472.4773819385072,629.4320879939777
2025-08-11 08:15:00,530.2700102168826,2025-08-11 06:15:00,476.7014085045639,635.0593157996911
2025-08-11 08:20:00,535.4414935079437,2025-08-11 06:20:00,481.3504614802326,641.2527617370686
2025-08-11 08:25:00,540.9757331026887,2025-08-11 06:25:00,486.3256246216246,647.8806500633814
2025-08-11 08:30:00,546.7562833780509,2025-08-11 06:30:00,491.522215801785,654.8035237543069
2025-08-11 08:35:00,552.6644914169655,2025-08-11 06:35:00,496.833568583619,661.8792822971307
2025-08-11 08:40:00,558.5837674957713,2025-08-11 06:40:00,502.15487129681605,668.9682960904969
2025-08-11 08:45:00,564.4037503121348,2025-08-11 06:45:00,507.38691148875165,675.9383947838286
2025-08-11 08:50:00,570.0241996405048,2025-08-11 06:50:00,512.439575338564,682.6695291798727
2025-08-11 08:55:00,575.3584578267682,2025-08-11 06:55:00,517.2349594668854,689.0579167726046
2025-08-11 09:00:00,580.3363369477995,2025-08-11 07:00:00,521.7099664305839,695.0194994527994
2025-08-11 09:05:00,584.9063103064235,2025-08-11 07:05:00,525.8182748299093,700.4925680752614
2025-08-11 09:10:00,589.036913894312,2025-08-11 07:10:00,529.5315991936898,705.4394408718038
2025-08-11 09:15:00,592.7172952714684,2025-08-11 07:15:00,532.8401834102606,709.8471207975514
2025-08-11 09:20:00,595.9568816762753,2025-08-11 07:20:00,535.7525023654888,713.7268980545551
2025-08-11 09:25:00,598.784175977083,2025-08-11 07:25:00,538.2941795289789,717.112908105361
2025-08-11 09:30:00,601.2447253772409,2025-08-11 07:30:00,540.5061608633007,720.0596989636947
2025-08-11 09:35:00,603.3983433513562,2025-08-11 07:35:00,542.442217404046,722.6389041436674
2025-08-11 09:40:00,605.3156977209812,2025-08-11 07:40:00,544.1658780127779,724.9351564880564
2025-08-11 09:45:00,607.0744059739262,2025-08-11 07:45:00,545.7469191525258,727.0414118641612
2025-08-11 09:50:00,608.754801812818,2025-08-11 07:50:00,547.2575591054006,729.0538791188769
2025-08-11 09:55:00,610.4355529867555,2025-08-11 07:55:00,548.7685184968886,731.0667719281719
2025-08-11 10:00:00,612.1893193992406,2025-08-11 08:00:00,550.3451170276593,733.1671088820376
2025-08-11 10:05:00,614.0786415036232,2025-08-11 08:05:00,552.0435772289247,735.4297893652196
2025-08-11 10:10:00,616.1522420182278,2025-08-11 08:10:00,553.9076997833635,737.9131644357955
2025-08-11 10:15:00,618.4419093277074,2025-08-11 08:15:00,555.9660617695324,740.6553043399027
2025-08-11 10:20:00,620.9601087810229,2025-08-11 08:20:00,558.2298692697905,743.6711377663784
2025-08-11 10:25:00,623.6984396452184,2025-08-11 08:25:00,560.6915702047153,746.9506038714632
2025-08-11 10:30:00,626.6270215646009,2025-08-11 08:30:00,563.3243027730151,750.4579174931135
2025-08-11 10:35:00,629.694856417995,2025-08-11 08:35:00,566.0822207534685,754.1320025166774
2025-08-11 10:40:00,632.8311711651335,2025-08-11 08:40:00,568.9017006951365,757.8881000878669
2025-08-11 10:45:00,635.9477059720472,2025-08-11 08:45:00,571.7033988931952,761.6205089060368
2025-08-11 10:50:00,638.9418715677111,2025-08-11 08:50:00,574.395089785096,765.2063665218495
2025-08-11 10:55:00,641.7006621614519,2025-08-11 08:55:00,576.8751835797035,768.5103355058376
2025-08-11 11:00:00,644.1051765792137,2025-08-11 09:00:00,579.036790662193,771.3900180289917
2025-08-11 11:05:00,646.0355723934804,2025-08-11 09:05:00,580.7721752509913,773.701889003044
2025-08-11 11:10:00,647.3762568605068,2025-08-11 09:10:00,581.9774219394288,775.307512824736
2025-08-11 11:15:00,648.0211051520832,2025-08-11 09:15:00,582.5571267745948,776.0797928084288
2025-08-11 11:20:00,647.8784916948224,2025-08-11 09:20:00,582.428920323847,775.90899679348
2025-08-11 11:25:00,646.8759243137492,2025-08-11 09:25:00,581.5276336708778,774.7083070640967
2025-08-11 11:30:00,644.9640835873706,2025-08-11 09:30:00,579.8089297096104,772.4186579415385
2025-08-11 11:35:00,642.1200906857041,2025-08-11 09:35:00,577.2522408607598,769.0126493959434
2025-08-11 11:40:00,638.349855146973,2025-08-11 09:40:00,573.8628796729151,764.4973587789029
2025-08-11 11:45:00,633.6893889127705,2025-08-11 09:45:00,569.6732201120743,758.9159145316794
2025-08-11 11:50:00,628.2050123299222,2025-08-11 09:50:00,564.7428827529167,752.3477428961253
2025-08-11 11:55:00,621.9924210807153,2025-08-11 09:55:00,559.1578959690162,744.9074504563345
2025-08-11 12:00:00,615.1746274664679,2025-08-11 10:00:00,553.028845190761,736.7423585889732
2025-08-11 12:05:00,607.8988341989215,2025-08-11 10:05:00,546.488062510615,728.0287594689735
2025-08-11 12:10:00,600.3323412087627,2025-08-11 10:10:00,539.6859469914415,718.9670140020405
2025-08-11 12:15:00,592.6576249617726,2025-08-11 10:15:00,532.7865410768648,709.7756587398848
2025-08-11 12:20:00,585.0667633973992,2025-08-11 10:20:00,525.9625187301739,700.6847291030579
2025-08-11 12:25:00,577.7554061142592,2025-08-11 10:25:00,519.3897647599326,691.9285379846899
2025-08-11 12:30:00,570.9165089236021,2025-08-11 10:30:00,513.2417423174212,683.7381721577657
2025-08-11 12:35:00,564.734062109088,2025-08-11 10:35:00,507.68385473619054,676.333981144988
2025-08-11 12:40:00,559.3770432427647,2025-08-11 10:40:00,502.8680092428402,669.9183350205129
2025-08-11 12:45:00,554.9938177657153,2025-08-11 10:45:00,498.9275831986671,664.6689184613675
2025-08-11 12:50:00,551.7071942205841,2025-08-11 10:50:00,495.9729788593655,660.7328088197747
2025-08-11 12:55:00,549.6103162738715,2025-08-11 10:55:00,494.08793039084804,658.2215563474538
2025-08-11 13:00:00,548.7635422260134,2025-08-11 11:00:00,493.32669861548527,657.2074470500984
2025-08-11 13:05:00,549.1924250079276,2025-08-11 11:05:00,493.71225507216326,657.7210835009497
2025-08-11 13:10:00,550.8868639545782,2025-08-11 11:10:00,495.23551947884346,659.7503689920982
2025-08-11 13:15:00,553.8014551114583,2025-08-11 11:15:00,497.8556746506048,663.2409270667799
2025-08-11 13:20:00,557.8570216733477,2025-08-11 11:20:00,501.501542331385,668.0979343957824
2025-08-11 13:25:00,562.9432616973535,2025-08-11 11:25:00,506.07396343142824,674.189291718285
2025-08-11 13:30:00,568.9224089352057,2025-08-11 11:30:00,511.4490890372956,681.3500081095117
2025-08-11 13:35:00,575.6337652783782,2025-08-11 11:35:00,517.4824549831801,689.3876291049737
2025-08-11 13:40:00,582.8989322876553,2025-08-11 11:40:00,524.0136848842012,698.0885020587259
2025-08-11 13:45:00,590.527545010537,2025-08-11 11:45:00,530.8716447157334,707.2246430490727
2025-08-11 13:50:00,598.3232949150718,2025-08-11 11:50:00,537.8798573022251,716.5609500344414
2025-08-11 13:55:00,606.0900215117044,2025-08-11 11:55:00,544.8619785550759,725.8624982710528
2025-08-11 14:00:00,613.637652790625,2025-08-11 12:00:00,551.6471377988787,734.9016546697698
2025-08-11 14:05:00,620.787784666465,2025-08-11 12:05:00,558.0749535729826,743.4647598227301
2025-08-11 14:10:00,627.3787071069719,2025-08-11 12:10:00,564.000052013773,751.3581473704158
2025-08-11 14:15:00,633.2697098482153,2025-08-11 12:15:00,569.2959376006393,758.4133005907497
2025-08-11 14:20:00,638.3445314577486,2025-08-11 12:20:00,573.8580937900578,764.4909830488575
2025-08-11 14:25:00,642.5138517349322,2025-08-11 12:25:00,577.6062236302257,769.4842235330686
2025-08-11 14:30:00,645.716766237942,2025-08-11 12:30:00,580.4855753293346,773.3200819705736
2025-08-11 14:35:00,647.9212227735115,2025-08-11 12:35:00,582.4673346505213,775.960172174084
2025-08-11 14:40:00,649.1234399909845,2025-08-11 12:40:00,583.5481022403447,777.3999655413512
2025-08-11 14:45:00,649.3463673056832,2025-08-11 12:45:00,583.7485091328024,777.6669466362989
2025-08-11 14:50:00,648.6372806584587,2025-08-11 12:50:00,583.1110553885383,776.8177338346078
2025-08-11 14:55:00,647.0646395438006,2025-08-11 12:55:00,581.6972846302729,774.9343152534499
2025-08-11 15:00:00,644.7143554669957,2025-08-11 13:00:00,579.5844294655229,772.1195797998266
2025-08-11 15:05:00,641.6856401993439,2025-08-11 13:05:00,576.8616791567541,768.4923449787581
2025-08-11 15:10:00,638.0866126955892,2025-08-11 13:10:00,573.6262303340217,764.1820956717232
2025-08-11 15:15:00,634.0298466733325,2025-08-11 13:15:00,569.979284364001,759.3236518509985
2025-08-11 15:20:00,629.6280361783079,2025-08-11 13:20:00,566.0221507857884,754.0519775956378
2025-08-11 15:25:00,624.9899446230716,2025-08-11 13:25:00,561.8526055832415,748.4973295994594
2025-08-11 15:30:00,620.2167843578283,2025-08-11 13:30:00,557.5616364965138,742.7809212907792
2025-08-11 15:35:00,615.3991499737183,2025-08-11 13:35:00,553.2306861272368,737.0112501104412
2025-08-11 15:40:00,610.614600040051,2025-08-11 13:40:00,548.9294779719675,731.2812013640648
2025-08-11 15:45:00,605.925950526622,2025-08-11 13:45:00,544.7144822453156,725.6660043990227
2025-08-11 15:50:00,601.3803100817909,2025-08-11 13:50:00,540.6280486155501,720.2220772389986
2025-08-11 15:55:00,597.0088540365551,2025-08-11 13:55:00,536.6982030390913,714.9867559278795
2025-08-11 16:00:00,592.8273020691311,2025-08-11 14:00:00,532.9390771707608,709.9788665880184
2025-08-11 16:05:00,588.8370351045585,2025-08-11 14:05:00,529.3519124326626,705.2000630359503
2025-08-11 16:10:00,585.0267616799329,2025-08-11 14:10:00,525.9265580409186,700.636822446382
2025-08-11 16:15:00,581.3746233728677,2025-08-11 14:15:00,522.6433637408688,696.2629668448894
2025-08-11 16:20:00,577.8506142051726,2025-08-11 14:20:00,519.4753547992805,692.0425606220427
2025-08-11 16:25:00,574.4191800977113,2025-08-11 14:25:00,516.3905688587209,687.933023679524
2025-08-11 16:30:00,571.0418623567814,2025-08-11 14:30:00,513.3544323753277,683.8882973090549
2025-08-11 16:35:00,567.6798531425337,2025-08-11 14:35:00,510.332057930313,679.8619046596966
2025-08-11 16:40:00,564.2963409465583,2025-08-11 14:40:00,507.2903527641956,675.8097597169774
2025-08-11 16:45:00,560.8585395043257,2025-08-11 14:45:00,504.19984272573225,671.6925971588563
2025-08-11 16:50:00,557.3393135497191,2025-08-11 14:50:00,501.0361337905039,667.4779193837302
2025-08-11 16:55:00,553.7183379572066,2025-08-11 14:55:00,497.7809541049596,663.1413847164805
2025-08-11 17:00:00,549.9827527934608,2025-08-11 15:00:00,494.422742863826,658.6675919081156
2025-08-11 17:05:00,546.127303209204,2025-08-11 15:05:00,490.95677606988676,654.0502476723424
2025-08-11 17:10:00,542.1539797946409,2025-08-11 15:10:00,487.38484322120144,649.2917359698396
2025-08-11 17:15:00,538.071199878975,2025-08-11 15:15:00,483.7145113168645,644.4021375202816
2025-08-11 17:20:00,533.8925926899414,2025-08-11 15:20:00,479.9580327413838,639.3977748911788
2025-08-11 17:25:00,529.6354700969866,2025-08-11 15:25:00,476.13097049547616,634.299381036977
2025-08-11 17:30:00,525.3190788556294,2025-08-11 15:30:00,472.25062700109265,629.1300061606967
2025-08-11 17:35:00,520.9627398387465,2025-08-11 15:35:00,468.3343713101059,623.9127892294174
2025-08-11 17:40:00,516.5839833139929,2025-08-11 15:40:00,464.39796275855525,618.6687247545547
2025-08-11 17:45:00,512.1967881529135,2025-08-11 15:45:00,460.45396805326243,613.4145540422882
2025-08-11 17:50:00,507.8100257982133,2025-08-11 15:50:00,456.5103624316564,608.1609016654314
2025-08-11 17:55:00,503.4261981549464,2025-08-11 15:55:00,452.5693950529207,602.9107639429942
2025-08-11 18:00:00,499.0405427045735,2025-08-11 16:00:00,448.62678451465285,597.6584372113582
2025-08-11 18:05:00,494.6405585875224,2025-08-11 16:05:00,444.67129281121277,592.3889502536456
2025-08-11 18:10:00,490.20598567850465,2025-08-11 16:10:00,440.68470652287954,587.078039240004
2025-08-11 18:15:00,485.7092453873379,2025-08-11 16:15:00,436.64223308637185,581.6926756372816
2025-08-11 18:20:00,481.11632855395186,2025-08-11 16:20:00,432.51329899348593,576.1921295654001
2025-08-11 18:25:00,476.3880929890865,2025-08-11 16:25:00,428.2627162524578,570.5295237515525
2025-08-11 18:30:00,471.4819128536052,2025-08-11 16:30:00,423.85216514472216,564.653808851601
2025-08-11 18:35:00,466.35360402584223,2025-08-11 16:35:00,419.2419250890172,558.5120692988841
2025-08-11 18:40:00,460.9595357958705,2025-08-11 16:40:00,414.3927730094086,552.0520523009368
2025-08-11 18:45:00,455.258829499146,2025-08-11 16:45:00,409.2679598599568,545.2248009561131
2025-08-11 18:50:00,449.21553965500317,2025-08-11 16:50:00,403.83517142161776,537.9872664177543
2025-08-11 18:55:00,442.8007136287151,2025-08-11 16:55:00,398.06837989442477,530.3047745763577
2025-08-11 19:00:00,435.9942303570036,2025-08-11 17:00:00,391.94949687243275,522.1532281448194
2025-08-11 19:05:00,428.78632905062335,2025-08-11 17:05:00,385.4697476146763,513.5209374555735
2025-08-11 19:10:00,421.1787518613787,2025-08-11 17:10:00,378.63069827840167,504.4099889357449
2025-08-11 19:15:00,413.1854427118586,2025-08-11 17:15:00,371.444884152066,494.83708203611945
2025-08-11 19:20:00,404.83276393153807,2025-08-11 17:20:00,363.9360044065634,484.8337886777878
2025-08-11 19:25:00,396.1592145913694,2025-08-11 17:25:00,356.13866888404135,474.44621592542813
2025-08-11 19:30:00,387.214656728326,2025-08-11 17:30:00,348.097702490299,463.7340793022165
2025-08-11 19:35:00,378.059077916355,2025-08-11 17:35:00,339.867032772515,452.7692208262443
2025-08-11 19:40:00,368.76093965665905,2025-08-11 17:40:00,331.5082051574018,441.63363101795335
2025-08-11 19:45:00,359.39517923219717,2025-08-11 17:45:00,323.08858666109796,430.41705589112337
2025-08-11 19:50:00,350.040948724696,2025-08-11 17:50:00,314.6793333137734,419.2142891657402
2025-08-11 19:55:00,340.7791858200426,2025-08-11 17:55:00,306.3532063655837,408.12226302810797
2025-08-11 20:00:00,331.6901188800595,2025-08-11 18:00:00,298.18232939950735,397.23706016739476
2025-08-11 20:05:00,322.85081111730426,2025-08-11 18:05:00,290.23598059696553,386.6509726425462
2025-08-11 20:10:00,314.3328468723242,2025-08-11 18:10:00,282.5785127505136,376.4497309332313
2025-08-11 20:15:00,306.2002561910724,2025-08-11 18:15:00,275.267487503285,366.71001838263413
2025-08-11 20:20:00,298.50776313686515,2025-08-11 18:20:00,268.35210061887045,357.4973733495864
2025-08-11 20:25:00,291.299428684954,2025-08-11 18:25:00,261.8719619725371,348.8645639187575
2025-08-11 20:30:00,284.60774120540634,2025-08-11 18:30:00,255.85627791477182,340.85049864931335
2025-08-11 20:35:00,278.4531879951075,2025-08-11 18:35:00,250.32346608770703,333.47971343521726
2025-08-11 20:40:00,272.8443195662451,2025-08-11 18:40:00,245.28121321909407,326.7624484980827
2025-08-11 20:45:00,267.77829741899484,2025-08-11 18:45:00,240.72696755824336,320.6953044079559
2025-08-11 20:50:00,263.24189448664754,2025-08-11 18:50:00,236.64883825481598,315.262440231402
2025-08-11 20:55:00,259.21289830021544,2025-08-11 18:55:00,233.02685677382266,310.4372539824783
2025-08-11 21:00:00,255.66184968413688,2025-08-11 19:00:00,229.83453994590988,306.18446491078265
2025-08-11 21:05:00,252.5540357570534,2025-08-11 19:05:00,227.04068163247283,302.4625003490697
2025-08-11 21:10:00,249.85164574322428,2025-08-11 19:10:00,224.611290754052,299.2260775453281
2025-08-11 21:15:00,247.51599174104464,2025-08-11 19:15:00,222.51158771377828,296.42886328845856
2025-08-11 21:20:00,245.50969490081752,2025-08-11 19:20:00,220.7079697244763,294.0260921075566
2025-08-11 21:25:00,243.79873958666897,2025-08-11 19:25:00,219.16985745633315,291.9770263670245
2025-08-11 21:30:00,242.35430503823457,2025-08-11 19:30:00,217.8713416616162,290.24714989207354
2025-08-11 21:35:00,241.1542942924313,2025-08-11 19:35:00,216.79255764267637,288.8099990283647
2025-08-11 21:40:00,240.18449413584872,2025-08-11 19:40:00,215.92072802436218,287.648551818386
2025-08-11 21:45:00,239.4393162119616,2025-08-11 19:45:00,215.250828993568,286.7561155625637
2025-08-11 21:50:00,238.9220880211647,2025-08-11 19:50:00,214.7858519020476,286.13667532526756
2025-08-11 21:55:00,238.644882086574,2025-08-11 19:55:00,214.53664969011945,285.8046893412124
2025-08-11 22:00:00,238.62789139024468,2025-08-11 20:00:00,214.52137541717244,285.78434102850764
2025-08-11 22:05:00,238.89837845812272,2025-08-11 20:05:00,214.76453751149302,286.1082803970362
2025-08-11 22:10:00,239.48924341137362,2025-08-11 20:10:00,215.29571247900716,286.8159091252535
2025-08-11 22:15:00,240.43727184416252,2025-08-11 20:15:00,216.14796978284377,287.95128219234306
2025-08-11 22:20:00,241.7811364857578,2025-08-11 20:20:00,217.3560753802656,289.5607146387864
2025-08-11 22:25:00,243.55923623532811,2025-08-11 20:25:00,218.95454906112698,291.6901935620313
2025-08-11 22:30:00,245.80746218296872,2025-08-11 20:30:00,220.97565614851146,294.382702669774
2025-08-11 22:35:00,248.5569826363391,2025-08-11 20:35:00,223.44741628500813,297.6755695946459
2025-08-11 22:40:00,251.83213750158092,2025-08-11 20:40:00,226.39171052614913,301.5979441732267
2025-08-11 22:45:00,255.64852743788643,2025-08-11 20:45:00,229.82256353119723,306.1685099889019
2025-08-11 22:50:00,260.01137443027403,2025-08-11 20:50:00,233.74466975310187,311.3935209692347
2025-08-11 22:55:00,264.9142193079316,2025-08-11 20:55:00,238.15222253532093,317.26524151440333
2025-08-11 23:00:00,270.3380077362771,2025-08-11 21:00:00,243.02809243821355,323.7608518675866
2025-08-11 23:05:00,276.2506008364977,2025-08-11 21:05:00,248.3433872964627,330.8418620255858
2025-08-11 23:10:00,282.6067300460246,2025-08-11 21:10:00,254.0574116396067,338.45405767905226
2025-08-11 23:15:00,289.3483988363451,2025-08-11 21:15:00,260.11802782776823,346.5279813157632
2025-08-11 23:20:00,296.4057175350351,2025-08-11 21:20:00,266.46240653882364,354.9799320160062
2025-08-11 23:25:00,303.6981418669922,2025-08-11 21:25:00,273.0181401905063,363.7134487481321
2025-08-11 23:30:00,311.1360719562839,2025-08-11 21:30:00,279.70468040890114,372.621225357146
2025-08-11 23:35:00,318.6227565741258,2025-08-11 21:35:00,286.4350499066877,381.587391120641
2025-08-11 23:40:00,326.0564383790295,2025-08-11 21:40:00,293.11777100819404,390.4900799205675
2025-08-11 23:45:00,333.3326688312944,2025-08-11 21:45:00,299.6589467080603,399.2042026195418
2025-08-11 23:50:00,340.34671813840805,2025-08-11 21:50:00,305.9644271606583,407.60433324759487
2025-08-11 23:55:00,346.9960044957422,2025-08-11 21:55:00,311.9419935155705,415.5676182972581
2025-08-12 00:00:00,353.18246893328535,2025-08-11 22:00:00,317.5034928540566,422.9766208756207
2025-08-12 00:05:00,358.81482651219096,2025-08-11 22:05:00,322.56686196664793,429.72201677107415
2025-08-12 00:10:00,363.81063138505783,2025-08-11 22:10:00,327.0579837982136,435.7050676004695
2025-08-12 00:15:00,368.09810176915016,2025-08-11 22:15:00,330.91232805988983,440.8398064244122
2025-08-12 00:20:00,371.61766077762906,2025-08-11 22:20:00,334.0763364034328,445.05488306984995
2025-08-12 00:25:00,374.3231601213531,2025-08-11 22:25:00,336.5085225029897,448.29502965369915
2025-08-12 00:30:00,376.1827647006379,2025-08-11 22:30:00,338.1802672841891,450.52211998320047
2025-08-12 00:35:00,377.1794876607559,2025-08-11 22:35:00,339.0762999276017,451.715810346409
2025-08-12 00:40:00,377.31137609036625,2025-08-11 22:40:00,339.1948648076616,451.87376190741844
2025-08-12 00:45:00,376.5913576374326,2025-08-11 22:45:00,338.54758360365315,451.01145701128416
2025-08-12 00:50:00,375.04676704859526,2025-08-11 22:50:00,337.15902966872386,449.1616321604756
2025-08-12 00:55:00,372.71857921854433,2025-08-11 22:55:00,335.06603855765854,446.373359503305
2025-08-12 01:00:00,369.66038110200674,2025-08-11 23:00:00,332.31678379772364,442.71081558030636
2025-08-12 01:05:00,365.93711947753144,2025-08-11 23:05:00,328.9696511550678,438.2517816273671
2025-08-12 01:10:00,361.6236640613471,2025-08-11 23:10:00,325.09194690478273,433.0859227393373
2025-08-12 01:15:00,356.8032271075738,2025-08-11 23:15:00,320.75847708526317,427.312895159545
2025-08-12 01:20:00,351.565680455894,2025-08-11 23:20:00,316.05003456002413,421.04033075085005
2025-08-12 01:25:00,346.00581003428323,2025-08-11 23:25:00,311.05182985295295,414.3817465619405
2025-08-12 01:30:00,340.2215456852702,2025-08-11 23:30:00,305.85189979994186,407.4544248407171
2025-08-12 01:35:00,334.31220163051205,2025-08-11 23:35:00,300.53952576413866,400.37730578828416
2025-08-12 01:40:00,328.37675971939257,2025-08-11 23:40:00,295.20369031311924,393.26893155172746
2025-08-12 01:45:00,322.51222415330426,2025-08-11 23:45:00,289.9315981511733,386.24547581724283
2025-08-12 01:50:00,316.81207321952644,2025-08-11 23:50:00,284.80728426114376,379.41888958341195
2025-08-12 01:55:00,311.36482999438584,2025-08-11 23:55:00,279.9103289971087,372.8951894138749
2025-08-12 02:00:00,306.25277104716696,2025-08-12 00:00:00,275.3146972367893,366.7729109617696
2025-08-12 02:05:00,301.55078927125544,2025-08-12 00:05:00,271.08771609104616,361.1417470792568
2025-08-12 02:10:00,297.32542438098915,2025-08-12 00:10:00,267.2892033412645,356.0813867260114
2025-08-12 02:15:00,293.63407216185647,2025-08-12 00:15:00,263.97075657217925,351.6605679554019
2025-08-12 02:20:00,290.5243814070682,2025-08-12 00:20:00,261.1752110307392,347.9363556766861
2025-08-12 02:25:00,288.0338451201886,2025-08-12 00:25:00,258.93627212600717,344.9536520731518
2025-08-12 02:30:00,286.1895904505127,2025-08-12 00:30:00,257.2783265855531,342.7449450255748
2025-08-12 02:35:00,285.0083691753398,2025-08-12 00:35:00,256.2164338992211,341.3302967136468
2025-08-12 02:40:00,284.4967479204221,2025-08-12 00:40:00,255.75649732324845,340.7175714268373
2025-08-12 02:45:00,284.6514940902492,2025-08-12 00:45:00,255.89561082334455,340.90289776028925
2025-08-12 02:50:00,285.460150089427,2025-08-12 00:50:00,256.62257528744095,341.87135631095316
2025-08-12 02:55:00,286.9017843619702,2025-08-12 00:55:00,257.91857369396735,343.59787913350584
2025-08-12 03:00:00,288.94790368021387,2025-08-12 01:00:00,259.7579912400892,346.0483423112309
2025-08-12 03:05:00,291.5635065744687,2025-08-12 01:05:00,262.1093623524588,349.1808275591705
2025-08-12 03:10:00,294.7082533049472,2025-08-12 01:10:00,264.93642246697686,352.9470234000482
2025-08-12 03:15:00,298.33772329854975,2025-08-12 01:15:00,268.1992384375948,357.2937310894195
2025-08-12 03:20:00,302.404727033895,2025-08-12 01:20:00,271.855387892925,362.16443574885665
2025-08-12 03:25:00,306.8606357753641,2025-08-12 01:25:00,275.86115463873307,367.50089887537933
2025-08-12 03:30:00,311.65669015625275,2025-08-12 01:30:00,280.17270504623025,373.2447255202608
2025-08-12 03:35:00,316.7452469205449,2025-08-12 01:35:00,284.74720884628744,379.3388574056705
2025-08-12 03:40:00,322.0809232952348,2025-08-12 01:40:00,289.54386789570054,385.7289434421282
2025-08-12 03:45:00,327.62159952905677,2025-08-12 01:45:00,294.52481743808636,392.36454038391906
2025-08-12 03:50:00,333.3292434912226,2025-08-12 01:50:00,299.65586740052754,399.2001003809077
2025-08-12 03:55:00,339.17052565722884,2025-08-12 01:55:00,304.90705525267265,406.1957074947621
2025-08-12 04:00:00,345.1171993437098,2025-08-12 02:00:00,310.2529878297442,413.3175330739156
2025-08-12 04:05:00,351.1462286615467,2025-08-12 02:05:00,315.6729563596497,420.53798899212944
2025-08-12 04:10:00,357.2396562475543,2025-08-12 02:10:00,321.1508175565941,427.8355692419766
2025-08-12 04:15:00,363.38421247661717,2025-08-12 02:15:00,326.6746423111408,435.1943819214366
2025-08-12 04:20:00,369.5706790294737,2025-08-12 02:20:00,332.23614355124846,442.6033870331303
2025-08-12 04:25:00,375.7930305639582,2025-08-12 02:25:00,337.82990462305816,450.0553685369281
2025-08-12 04:30:00,382.04738882146506,2025-08-12 02:30:00,343.452439054953,457.5456817721683
2025-08-12 04:35:00,388.330833569073,2025-08-12 02:35:00,349.10112161993567,465.07082942411444
2025-08-12 04:40:00,394.64012317433827,2025-08-12 02:40:00,354.7730381597057,472.6269292651428
2025-08-12 04:45:00,400.97038453164805,2025-08-12 02:45:00,360.4638078564445,480.20814519089754
2025-08-12 04:50:00,407.3138365654558,2025-08-12 02:50:00,366.16643568949974,487.8051584686246
2025-08-12 04:55:00,413.6586135055895,2025-08-12 02:55:00,371.8702545850318,495.403758474035
2025-08-12 05:00:00,419.9877533492681,2025-08-12 03:00:00,377.5600160649803,502.98363125824756
2025-08-12 05:05:00,426.2784130556606,2025-08-12 03:05:00,383.2151847237429,510.5174196530247
2025-08-12 05:10:00,432.50136525976774,2025-08-12 03:10:00,388.8094857847083,517.9701205277698
2025-08-12 05:15:00,438.6208216348045,2025-08-12 03:15:00,394.3107463068131,525.298873245668
2025-08-12 05:20:00,444.5946158044925,2025-08-12 03:20:00,399.68105961878393,532.4531787221905
2025-08-12 05:25:00,450.37476432814543,2025-08-12 03:25:00,404.8772896327422,539.3755712692446
2025-08-12 05:30:00,455.9084082707728,2025-08-12 03:30:00,409.85191729560836,546.0027462336494
2025-08-12 05:35:00,461.13912062721147,2025-08-12 03:35:00,414.5542159354592,552.2671257878812
2025-08-12 05:40:00,466.00854781248984,2025-08-12 03:40:00,418.9317269262905,558.0988248035478
2025-08-12 05:45:00,470.45833626070817,2025-08-12 03:45:00,422.93199165924307,563.4279581750977
2025-08-12 05:50:00,474.4322795720757,2025-08-12 03:50:00,426.50448178190976,568.1872122753091
2025-08-12 05:55:00,477.87860817929095,2025-08-12 03:55:00,429.6026575594861,572.3145870940808
2025-08-12 06:00:00,480.7523322097187,2025-08-12 04:00:00,432.18607405780557,575.756202085308
2025-08-12 06:05:00,483.01754102696873,2025-08-12 04:05:00,434.2224483820831,578.4690501323583
2025-08-12 06:10:00,484.6495587604273,2025-08-12 04:10:00,435.68959745190494,580.4235790425624
2025-08-12 06:15:00,485.6368558973557,2025-08-12 04:15:00,436.57715648167886,581.605980898576
2025-08-12 06:20:00,485.98262147768287,2025-08-12 04:20:00,436.88799235015824,582.0200749424383
2025-08-12 06:25:00,485.7059097884569,2025-08-12 04:25:00,436.63923445425206,581.6886808740434
2025-08-12 06:30:00,484.84228852070913,2025-08-12 04:30:00,435.8628573881957,580.6543950935188
2025-08-12 06:35:00,483.4439325091823,2025-08-12 04:35:00,434.6057652135637,578.9797029653304
2025-08-12 06:40:00,481.579127185317,2025-08-12 04:40:00,432.9293450741148,576.7463841461326
2025-08-12 06:45:00,479.3311685673984,2025-08-12 04:45:00,430.9084783104381,574.0541951964738
2025-08-12 06:50:00,476.7966707477759,2025-08-12 04:50:00,428.6300189271296,571.0188426021097
2025-08-12 06:55:00,474.08331629021814,2025-08-12 04:55:00,426.1907712480822,567.7692886161434
2025-08-12 07:00:00,471.3071094874956,2025-08-12 05:00:00,423.6950206537454,564.4444617191173
2025-08-12 07:05:00,468.58921480839473,2025-08-12 05:05:00,421.2516914125452,561.1894702957488
2025-08-12 07:10:00,466.0524829696297,2025-08-12 05:10:00,418.9712236937635,558.1514422065599
2025-08-12 07:15:00,463.81778370426497,2025-08-12 05:15:00,416.96227680471014,555.4751328563476
2025-08-12 07:20:00,462.0002765005306,2025-08-12 05:20:00,415.32837666460415,553.2984589750688
2025-08-12 07:25:00,460.7057575324054,2025-08-12 05:25:00,414.1646317732256,551.7481236471269
2025-08-12 07:30:00,460.0272229724041,2025-08-12 05:30:00,413.5546437025456,550.9355004832323
2025-08-12 07:35:00,460.0417845407358,2025-08-12 05:35:00,413.5677342413278,550.9529396358216
2025-08-12 07:40:00,460.8080634666025,2025-08-12 05:40:00,414.2566026220205,551.8706467680307
2025-08-12 07:45:00,462.3641736403144,2025-08-12 05:45:00,415.6555124176043,553.7342676464248
2025-08-12 07:50:00,464.72638433740906,2025-08-12 05:50:00,417.7790893591497,556.5632865993504
2025-08-12 07:55:00,467.88852828648425,2025-08-12 05:55:00,420.6217892014466,560.3503176100962
2025-08-12 08:00:00,471.82219276385604,2025-08-12 06:00:00,424.1580695130195,565.0613331747206
2025-08-12 08:05:00,476.477701020143,2025-08-12 06:05:00,428.343271957655,570.6368396732461
2025-08-12 08:10:00,481.78585998372046,2025-08-12 06:10:00,433.1151934424634,576.9939704455234
2025-08-12 08:15:00,487.6604189861171,2025-08-12 06:15:00,438.3962964594722,584.0294303976355
2025-08-12 08:20:00,494.0011545438586,2025-08-12 06:20:00,444.09648223858886,591.623190382891
2025-08-12 08:25:00,500.69746952841837,2025-08-12 06:25:00,450.1163263244806,599.6427976217286
2025-08-12 08:30:00,507.6323723082697,2025-08-12 06:30:00,456.35065574025356,607.9481411819055
2025-08-12 08:35:00,514.6866835167613,2025-08-12 06:35:00,462.6923307818839,616.3964900667886
2025-08-12 08:40:00,521.7433067891037,2025-08-12 06:40:00,469.03608431951255,624.8476079140097
2025-08-12 08:45:00,528.6913941492173,2025-08-12 06:45:00,475.2822663912164,633.1687415252156
2025-08-12 08:50:00,535.4302389195985,2025-08-12 06:50:00,481.34034384579553,641.2392830733003
2025-08-12 08:55:00,541.87273730465,2025-08-12 06:55:00,487.1320122322206,648.9549157465076
2025-08-12 09:00:00,547.9482757507533,2025-08-12 07:00:00,492.5937914746418,656.2310716941522
2025-08-12 09:05:00,553.604922530799,2025-08-12 07:05:00,497.6789960600523,663.005556701115
2025-08-12 09:10:00,558.8108293262733,2025-08-12 07:10:00,502.35899503063547,669.2402287435689
2025-08-12 09:15:00,563.5547801388811,2025-08-12 07:15:00,506.62370544358447,674.921655373768
2025-08-12 09:20:00,567.8458595087263,2025-08-12 07:20:00,510.4812941063366,680.0607163731661
2025-08-12 09:25:00,571.7122484559801,2025-08-12 07:25:00,513.9570951538605,684.6911617541036
2025-08-12 09:30:00,575.1991932020907,2025-08-12 07:30:00,517.091783972428,688.8671790698681
2025-08-12 09:35:00,578.3662271116822,2025-08-12 07:35:00,519.9388797847415,692.6600663706547
2025-08-12 09:40:00,581.2837587012527,2025-08-12 07:40:00,522.5616783426611,696.1541459516193
2025-08-12 09:45:00,584.0291669424043,2025-08-12 07:45:00,525.0297416882419,699.442088029474
2025-08-12 09:50:00,586.6825676930735,2025-08-12 07:50:00,527.4150922658724,702.619840557046
2025-08-12 09:55:00,589.3224314503294,2025-08-12 07:55:00,529.7882733756799,705.7813809783149
2025-08-12 10:00:00,592.0212413390916,2025-08-12 08:00:00,532.2144457981648,709.0135161705914
2025-08-12 10:05:00,594.8413813518017,2025-08-12 08:05:00,534.7496914095262,712.3909581386908
2025-08-12 10:10:00,597.8314379184748,2025-08-12 08:10:00,537.437688372165,715.9718947197679
2025-08-12 10:15:00,601.0230831135055,2025-08-12 08:15:00,540.3069092042006,719.7942568650504
2025-08-12 10:20:00,604.4286857635188,2025-08-12 08:20:00,543.3684732164746,723.8728576667788
2025-08-12 10:25:00,608.0397681667239,2025-08-12 08:25:00,546.6147591362268,728.1975441021625
2025-08-12 10:30:00,611.8263923133187,2025-08-12 08:30:00,550.018853332353,732.7324619617328
2025-08-12 10:35:00,615.7375214959047,2025-08-12 08:35:00,553.5348748954422,737.416488919398
2025-08-12 10:40:00,619.7023628593445,2025-08-12 08:40:00,557.0991825614101,742.1648423902845
2025-08-12 10:45:00,623.6326552409453,2025-08-12 08:45:00,560.6324314309389,746.871819482448
2025-08-12 10:50:00,627.4258262021021,2025-08-12 08:50:00,564.0424110734658,751.4145779053093
2025-08-12 10:55:00,630.968904634829,2025-08-12 08:55:00,567.2275628768502,755.6578217659076
2025-08-12 11:00:00,634.143041514624,2025-08-12 09:00:00,570.0810441076023,759.4592156903211
2025-08-12 11:05:00,636.8284636934749,2025-08-12 09:05:00,572.4951812649423,762.6753175604549
2025-08-12 11:10:00,638.909664441988,2025-08-12 09:10:00,574.3661362672649,765.1677947851276
2025-08-12 11:15:00,640.2806212967275,2025-08-12 09:15:00,575.5985971854036,766.8096732722887
2025-08-12 11:20:00,640.8498269661675,2025-08-12 09:20:00,576.1103009195821,767.4913625174263
2025-08-12 11:25:00,640.5449230631834,2025-08-12 09:25:00,575.8361988259118,767.1262050310836
2025-08-12 11:30:00,639.3167390163634,2025-08-12 09:30:00,574.7320876113581,765.6553133996097
2025-08-12 11:35:00,637.1425594489015,2025-08-12 09:35:00,572.7775466375492,763.0514833471175
2025-08-12 11:40:00,634.0284714928091,2025-08-12 09:40:00,569.9780481060951,759.3220049141825
2025-08-12 11:45:00,630.0106783424748,2025-08-12 09:45:00,566.3661379151698,754.5102355892825
2025-08-12 11:50:00,625.1557047597227,2025-08-12 09:50:00,562.0016204041686,748.6958464247376
2025-08-12 11:55:00,619.5594635099974,2025-08-12 09:55:00,556.9707190997855,741.9937039866862
2025-08-12 12:00:00,613.3451961339125,2025-08-12 10:00:00,551.3842255136368,734.5514041922123
2025-08-12 12:05:00,606.6603461991042,2025-08-12 10:05:00,545.3746882624893,726.5455276688791
2025-08-12 12:10:00,599.6724655887369,2025-08-12 10:10:00,539.0927329090998,718.1767370644571
2025-08-12 12:15:00,592.5642932848746,2025-08-12 10:15:00,532.702637893622,709.6638833240941
2025-08-12 12:20:00,585.52817973901,2025-08-12 10:20:00,526.3773221618501,701.2373282328527
2025-08-12 12:25:00,578.760056487443,2025-08-12 10:25:00,520.2929239783003,693.13172233666
2025-08-12 12:30:00,572.4531701984001,2025-08-12 10:30:00,514.6231679684607,685.5785007431782
2025-08-12 12:35:00,566.7918102951154,2025-08-12 10:35:00,509.5337263859672,678.7983712291494
2025-08-12 12:40:00,561.9452612315453,2025-08-12 10:40:00,505.1767823376975,672.9940713951052
2025-08-12 12:45:00,558.0622024936396,2025-08-12 10:45:00,501.68599550457355,668.3436620229143
2025-08-12 12:50:00,555.2657632176685,2025-08-12 10:50:00,499.1720563491088,664.9946044125334
2025-08-12 12:55:00,553.6494136660876,2025-08-12 10:55:00,497.71899264000115,663.0588399518952
2025-08-12 13:00:00,553.273844107308,2025-08-12 11:00:00,497.38136363173714,662.6090522165182
2025-08-12 13:05:00,554.1649442478626,2025-08-12 11:05:00,498.182443617285,663.6762471071706
2025-08-12 13:10:00,556.312954381986,2025-08-12 11:10:00,500.1134588297045,666.2487362538776
2025-08-12 13:15:00,559.6728151237561,2025-08-12 11:15:00,503.1339018438699,670.2725558603797
2025-08-12 13:20:00,564.1656972518424,2025-08-12 11:20:00,507.1729068742086,675.6532988691428
2025-08-12 13:25:00,569.6816488033485,2025-08-12 11:25:00,512.1316294555035,682.2592851606378
2025-08-12 13:30:00,576.0832553330648,2025-08-12 11:30:00,517.8865369377494,689.9259451347098
2025-08-12 13:35:00,583.2101717433001,2025-08-12 11:35:00,524.293482504337,698.4612470979387
2025-08-12 13:40:00,590.8843532563135,2025-08-12 11:40:00,531.1924077044948,707.6519619546655
2025-08-12 13:45:00,598.9157885910707,2025-08-12 11:45:00,538.4124964566877,717.2705293454449
2025-08-12 13:50:00,607.1085223831909,2025-08-12 11:50:00,545.7775890754637,727.0822701874828
2025-08-12 13:55:00,615.2667461597295,2025-08-12 11:55:00,553.1116579276334,736.8526813173718
2025-08-12 14:00:00,623.2007382463355,2025-08-12 12:00:00,560.2441472818819,746.3545492129734
2025-08-12 14:05:00,630.7324426026425,2025-08-12 12:05:00,567.0149885625779,755.3746312903393
2025-08-12 14:10:00,637.7004944331111,2025-08-12 12:10:00,573.2791182665349,763.7196746506157
2025-08-12 14:15:00,643.9645253109599,2025-08-12 12:15:00,578.9103481774349,771.2215719610214
2025-08-12 14:20:00,649.4086117241253,2025-08-12 12:20:00,583.8044655349582,777.7414914851996
2025-08-12 14:25:00,653.9437668867581,2025-08-12 12:25:00,587.8814731200742,783.1728613140327
2025-08-12 14:30:00,657.5094147881617,2025-08-12 12:30:00,591.0869143935403,787.4431347087545
2025-08-12 14:35:00,660.0738261142519,2025-08-12 12:35:00,593.3922653799788,790.5143121670267
2025-08-12 14:40:00,661.6335363626775,2025-08-12 12:40:00,594.7944115658048,792.3822445488821
2025-08-12 14:45:00,662.2118052404815,2025-08-12 12:45:00,595.314262930642,793.074788028262
2025-08-12 14:50:00,661.8562119461324,2025-08-12 12:50:00,594.994592157253,792.6489241667173
2025-08-12 14:55:00,660.6355117019262,2025-08-12 12:55:00,593.8972087213372,791.1869952494758
2025-08-12 15:00:00,658.6359037637635,2025-08-12 13:00:00,592.0996039120643,788.7922347979883
2025-08-12 15:05:00,655.9568791961335,2025-08-12 13:05:00,589.6912180705093,785.5837948029869
2025-08-12 15:10:00,652.7068273619085,2025-08-12 13:10:00,586.769490917857,781.6914839907795
2025-08-12 15:15:00,648.9985830613791,2025-08-12 13:15:00,583.435858528542,777.2504350101873
2025-08-12 15:20:00,644.9450917084986,2025-08-12 13:20:00,579.7918564163183,772.3959129826122
2025-08-12 15:25:00,640.6553579157152,2025-08-12 13:25:00,575.9354773985928,767.2584634664806
2025-08-12 15:30:00,636.2308247245838,2025-08-12 13:30:00,571.9579166021132,761.9595761695285
2025-08-12 15:35:00,631.7623065290672,2025-08-12 13:35:00,567.9408142265521,756.6080117717559
2025-08-12 15:40:00,627.3275704316758,2025-08-12 13:40:00,563.9540812353579,751.2969053212709
2025-08-12 15:45:00,622.9896293550723,2025-08-12 13:45:00,560.0543648995597,746.1017220391532
2025-08-12 15:50:00,618.7957769641969,2025-08-12 13:50:00,556.2841812133789,741.079101527718
2025-08-12 15:55:00,614.777361405091,2025-08-12 13:55:00,552.6717114902676,736.26658679674
2025-08-12 16:00:00,610.9502626283246,2025-08-12 14:00:00,549.231231466469,731.6831959131464
2025-08-12 16:05:00,607.3160090695707,2025-08-12 14:05:00,545.9641151729941,727.3307593544187
2025-08-12 16:10:00,603.8634437009836,2025-08-12 14:10:00,542.86033268021,723.1959152967058
2025-08-12 16:15:00,600.5708292713565,2025-08-12 14:15:00,539.9003426637585,719.2526308820056
2025-08-12 16:20:00,597.4082674545008,2025-08-12 14:20:00,537.0572671672558,715.4650994265397
2025-08-12 16:25:00,594.3402981224373,2025-08-12 14:25:00,534.299228293352,711.7908533493048
2025-08-12 16:30:00,591.3285426480666,2025-08-12 14:30:00,531.5917244763501,708.1839298309872
2025-08-12 16:35:00,588.3342591875909,2025-08-12 14:35:00,528.8999276265021,704.5979310585085
2025-08-12 16:40:00,585.3206880401566,2025-08-12 14:40:00,526.1907915582129,700.9888330629033
2025-08-12 16:45:00,582.2550804149655,2025-08-12 14:45:00,523.4348758083231,697.3174154012333
2025-08-12 16:50:00,579.1103240756779,2025-08-12 14:50:00,520.6078070556911,693.5512080527018
2025-08-12 16:55:00,575.8661024077534,2025-08-12 14:55:00,517.6913210979652,689.665879535081
2025-08-12 17:00:00,572.5095493892017,2025-08-12 15:00:00,514.6738516562946,685.6460213075056
2025-08-12 17:05:00,569.0353894382793,2025-08-12 15:05:00,511.55065609541884,681.4853152541705
2025-08-12 17:10:00,565.445577737081,2025-08-12 15:10:00,508.3234920822636,677.1861029304708
2025-08-12 17:15:00,561.7484815104799,2025-08-12 15:15:00,504.99988157320087,672.7584050503841
2025-08-12 17:20:00,557.9576652058633,2025-08-12 15:20:00,501.59201871659,668.2184665995043
2025-08-12 17:25:00,554.0903612546865,2025-08-12 15:25:00,498.1153951000909,663.5869253961476
2025-08-12 17:30:00,550.1657223694277,2025-08-12 15:30:00,494.5872286029709,658.8867190159793
2025-08-12 17:35:00,546.2029608352723,2025-08-12 15:35:00,491.0247906590884,654.1408563798313
2025-08-12 17:40:00,542.2194838793712,2025-08-12 15:40:00,487.4437299936986,649.3701846439667
2025-08-12 17:45:00,538.229132978581,2025-08-12 15:45:00,483.8564897987343,644.5912805686257
2025-08-12 17:50:00,534.2406279419358,2025-08-12 15:50:00,480.27090899619435,639.8145871278643
2025-08-12 17:55:00,530.256304955548,2025-08-12 15:55:00,476.68908776747475,635.0429021732022
2025-08-12 18:00:00,526.2712218690831,2025-08-12 16:00:00,473.1065832250275,630.2703069112898
2025-08-12 18:05:00,522.272684412507,2025-08-12 16:05:00,469.51198349134006,625.4815984939798
2025-08-12 18:10:00,518.2402255239422,2025-08-12 16:10:00,465.8868891151195,620.6522652610577
2025-08-12 18:15:00,514.1460463289602,2025-08-12 16:15:00,462.2063095022545,615.7490148636551
2025-08-12 18:20:00,509.9559042673909,2025-08-12 16:20:00,458.4394613228386,610.7308378982345
2025-08-12 18:25:00,505.63041090779086,2025-08-12 16:25:00,454.55093521864666,605.5505621886574
2025-08-12 18:30:00,501.1266815773595,2025-08-12 16:30:00,450.50217878518015,600.1568284077088
2025-08-12 18:35:00,496.4002610083801,2025-08-12 16:35:00,446.25322768667115,594.4963962601506
2025-08-12 18:40:00,491.4072353745286,2025-08-12 16:40:00,441.76460433159417,588.5166738890757
2025-08-12 18:45:00,486.1064311700246,2025-08-12 16:45:00,436.99929461803816,582.1683512865518
2025-08-12 18:50:00,480.46159673738157,2025-08-12 16:50:00,431.92470908053923,575.408012923968
2025-08-12 18:55:00,474.44346226636395,2025-08-12 16:55:00,426.5145347851258,568.2006048376767
2025-08-12 19:00:00,468.03157886920326,2025-08-12 17:00:00,420.75038861864095,560.5216371330486
2025-08-12 19:05:00,461.21584767559295,2025-08-12 17:05:00,414.6231919124693,552.3590152515688
2025-08-12 19:10:00,453.9976629049529,2025-08-12 17:10:00,408.1341980400778,543.7144089313216
2025-08-12 19:15:00,446.3906110511946,2025-08-12 17:15:00,401.29562096918016,534.604089561149
2025-08-12 19:20:00,438.4206879946981,2025-08-12 17:20:00,394.1308304407643,525.0591901972103
2025-08-12 19:25:00,430.12601774449786,2025-08-12 17:25:00,386.67409912432777,515.1253687244068
2025-08-12 19:30:00,421.5560791038817,2025-08-12 17:30:00,378.96990740677523,504.86188169950594
2025-08-12 19:35:00,412.7704687348821,2025-08-12 17:35:00,371.07183141382694,494.34010297862835
2025-08-12 19:40:00,403.83724995258774,2025-08-12 17:40:00,363.04105861138726,483.64154620855476
2025-08-12 19:45:00,394.8309551247097,2025-08-12 17:45:00,354.944592005439,472.85547247049215
2025-08-12 19:50:00,385.83032513953685,2025-08-12 17:50:00,346.8532179720377,462.0761830329993
2025-08-12 19:55:00,376.91588072702865,2025-08-12 17:55:00,338.83932292686967,451.4001107297092
2025-08-12 20:00:00,368.16742801148195,2025-08-12 18:00:00,330.97465087039984,440.9228325717973
2025-08-12 20:05:00,359.6616032691863,2025-08-12 18:05:00,323.3280961774673,430.7361293129329
2025-08-12 20:10:00,351.46955966982375,2025-08-12 18:10:00,315.9636240272325,420.92521505609125
2025-08-12 20:15:00,343.6548924058153,2025-08-12 18:15:00,308.93840513879553,411.56625235734526
2025-08-12 20:20:00,336.2718875625345,2025-08-12 18:20:00,302.3012415429352,402.72425504657514
2025-08-12 20:25:00,329.36416551872463,2025-08-12 18:25:00,296.09134702807216,394.451463543465
2025-08-12 20:30:00,322.9637720528643,2025-08-12 18:30:00,290.33753006431226,386.78625635285727
2025-08-12 20:35:00,317.090750344322,2025-08-12 18:35:00,285.05780904163004,379.75263748691737
2025-08-12 20:40:00,311.75320591161795,2025-08-12 18:40:00,280.2594706479784,373.3603142361699
2025-08-12 20:45:00,306.947854891557,2025-08-12 18:45:00,275.9395627605137,367.60535379680977
2025-08-12 20:50:00,302.661025070244,2025-08-12 18:50:00,272.08579435108874,362.4713821204571
2025-08-12 20:55:00,298.8700596298951,2025-08-12 18:55:00,268.67779742464114,357.93126506238775
2025-08-12 21:00:00,295.5450564137141,2025-08-12 19:00:00,265.6886905811533,353.94919135123064
2025-08-12 21:05:00,292.65086151118373,2025-08-12 19:05:00,263.08687120623017,350.4830601366063
2025-08-12 21:10:00,290.14922562243197,2025-08-12 19:10:00,260.8379539965887,347.48706348342796
2025-08-12 21:15:00,288.0010254358983,2025-08-12 19:15:00,258.9067679311132,344.91434672710443
2025-08-12 21:20:00,286.1684503439382,2025-08-12 19:20:00,257.2593220814593,342.7196273169387
2025-08-12 21:25:00,284.6170572254052,2025-08-12 19:25:00,255.86465281768832,340.8616556545606
2025-08-12 21:30:00,283.31760264200386,2025-08-12 19:30:00,254.69647091363956,339.30540935975296
2025-08-12 21:35:00,282.2475723544337,2025-08-12 19:35:00,253.73453654926055,338.02392504192153
2025-08-12 21:40:00,281.39234183017027,2025-08-12 19:40:00,252.96570258230523,336.9996881416156
2025-08-12 21:45:00,280.7459179192085,2025-08-12 19:45:00,252.3845812989793,336.2255211725199
2025-08-12 21:50:00,280.3112304221266,2025-08-12 19:50:00,251.9938065273992,335.7049329077402
2025-08-12 21:55:00,280.09996179185543,2025-08-12 19:55:00,251.80388054312206,335.45191442808857
2025-08-12 22:00:00,280.1319231298635,2025-08-12 20:00:00,251.8326131030492,335.4901918057572
2025-08-12 22:05:00,280.43400382186735,2025-08-12 20:05:00,252.10417719037403,335.85196817229513
2025-08-12 22:10:00,281.03874011757074,2025-08-12 20:10:00,252.6478221983535,336.5762094282386
2025-08-12 22:15:00,281.9825635216648,2025-08-12 20:15:00,253.4962992712455,337.7065464899075
2025-08-12 22:20:00,283.3038030095464,2025-08-12 20:20:00,254.6840653389275,339.2888827129922
2025-08-12 22:25:00,285.0405245409184,2025-08-12 20:25:00,256.24534088578827,341.3688064616435
2025-08-12 22:30:00,287.22829761251626,2025-08-12 20:30:00,258.2121021293527,343.98891629852767
2025-08-12 22:35:00,289.8979807476354,2025-08-12 20:35:00,260.6120902226858,347.18616885387644
2025-08-12 22:40:00,293.0736163835424,2025-08-12 20:40:00,263.46691880315745,350.98935771108404
2025-08-12 22:45:00,296.7705204905368,2025-08-12 20:45:00,266.790356600799,355.416825505849
2025-08-12 22:50:00,300.99364359997367,2025-08-12 20:50:00,270.5868540375168,360.47450106875687
2025-08-12 22:55:00,305.73626876673467,2025-08-12 20:55:00,274.8503727231756,366.1543400856113
2025-08-12 23:00:00,310.97909802066033,2025-08-12 21:00:00,279.56356419495637,372.4332310179702
2025-08-12 23:05:00,316.6897633756546,2025-08-12 21:05:00,284.69733032498993,379.27240948031687
2025-08-12 23:10:00,322.8227821208371,2025-08-12 21:10:00,290.2107831280583,386.61740469607355
2025-08-12 23:15:00,329.31995892125275,2025-08-12 21:15:00,296.05160624154075,394.398521059441
2025-08-12 23:20:00,336.1112210374809,2025-08-12 21:20:00,302.1568057699952,402.5318384069264
2025-08-12 23:25:00,343.11585722025194,2025-08-12 21:25:00,308.4538240249466,410.92069573611406
2025-08-12 23:30:00,350.2441170382866,2025-08-12 21:30:00,314.8619772864403,419.45760658466844
2025-08-12 23:35:00,357.39911552446574,2025-08-12 21:35:00,321.2941680392505,428.02654006314725
2025-08-12 23:40:00,364.4789786678583,2025-08-12 21:40:00,327.65881372436934,436.505490328427
2025-08-12 23:45:00,371.3791586571961,2025-08-12 21:45:00,333.8619280934188,444.7692493540059
2025-08-12 23:50:00,377.99484412835,2025-08-12 21:50:00,339.8092879696304,452.6922934785238
2025-08-12 23:55:00,384.2233896340178,2025-08-12 21:55:00,345.4086172891826,460.1516929750913
2025-08-13 00:00:00,389.9666907796574,2025-08-12 22:00:00,350.5717222976527,467.02995654969874
2025-08-13 00:05:00,395.1334356210426,2025-08-12 22:05:00,355.21651550831274,473.2177276486897
2025-08-13 00:10:00,399.64116994693103,2025-08-12 22:10:00,359.26887234711734,478.61625787225375
2025-08-13 00:15:00,403.4181224527468,2025-08-12 22:15:00,362.6642719448446,483.13959282979783
2025-08-13 00:20:00,406.40474575699113,2025-08-12 22:20:00,365.349182477921,486.7164176843075
2025-08-13 00:25:00,408.5549402283044,2025-08-12 22:25:00,367.2821613627999,489.291522825988
2025-08-13 00:30:00,409.836938748637,2025-08-12 22:30:00,368.4346506391468,490.8268634779054
2025-08-13 00:35:00,410.2338418688828,2025-08-12 22:35:00,368.79145806331854,491.30220060639766
2025-08-13 00:40:00,409.7438036093943,2025-08-12 22:40:00,368.3509241390566,490.71532343855796
2025-08-13 00:45:00,408.3798781533491,2025-08-12 22:45:00,367.12478429809886,489.08186585991126
2025-08-13 00:50:00,406.169546456634,2025-08-12 22:50:00,365.1377433325813,486.43473947531305
2025-08-13 00:55:00,403.153949308609,2025-08-12 22:55:00,362.42678593305214,482.82321511101986
2025-08-13 01:00:00,399.38685930298305,2025-08-12 23:00:00,359.040252512256,478.31169163159433
2025-08-13 01:05:00,394.9334285553189,2025-08-12 23:05:00,355.0367134299294,472.97819618761076
2025-08-13 01:10:00,389.8687518322356,2025-08-12 23:10:00,350.48367727665607,466.9126633976413
2025-08-13 01:15:00,384.2762860816414,2025-08-12 23:15:00,345.4561700653178,460.215042553964
2025-08-13 01:20:00,378.246167445054,2025-08-12 23:20:00,340.03522226113193,452.99328205128
2025-08-13 01:25:00,371.87346565525274,2025-08-12 23:25:00,334.30629952244016,445.3612388271659
2025-08-13 01:30:00,365.25641374441517,2025-08-12 23:30:00,328.3577112461506,437.43655823399257
2025-08-13 01:35:00,358.4946484457441,2025-08-12 23:35:00,322.27902872639913,429.3385667175275
2025-08-13 01:40:00,351.6874932196565,2025-08-12 23:40:00,316.15954163178117,421.1862155433524
2025-08-13 01:45:00,344.93231287539595,2025-08-12 23:45:00,310.0867788453391,413.0961102670328
2025-08-13 01:50:00,338.3229650890306,2025-08-12 23:50:00,304.1451164123302,405.1806562488532
2025-08-13 01:55:00,331.9483709165012,2025-08-12 23:55:00,298.4144924620018,397.54634667880697
2025-08-13 02:00:00,325.8912232495983,2025-08-13 00:00:00,292.969246137112,390.29221580410837
2025-08-13 02:05:00,320.2268494391004,2025-08-13 00:05:00,287.87709511643425,383.5084767896067
2025-08-13 02:10:00,315.0222414964477,2025-08-13 00:10:00,283.19826378678425,377.27536027276875
2025-08-13 02:15:00,310.3352650912864,2025-08-13 00:15:00,278.9847721487144,371.6621670472766
2025-08-13 02:20:00,306.21405616204515,2025-08-13 00:20:00,275.27989338231504,366.7265454348059
2025-08-13 02:25:00,302.6966117965854,2025-08-13 00:25:00,272.11778605766114,362.5140013175576
2025-08-13 02:30:00,299.81057985400406,2025-08-13 00:30:00,269.5233050093081,359.05764618617434
2025-08-13 02:35:00,297.5732490665753,2025-08-13 00:35:00,267.5119924381489,356.37818528567766
2025-08-13 02:40:00,295.9917389013109,2025-08-13 00:40:00,266.0902485929002,354.48414499651955
2025-08-13 02:45:00,295.06338508725946,2025-08-13 00:45:00,265.2556783509061,353.372334547857
2025-08-13 02:50:00,294.7763134323551,2025-08-13 00:50:00,264.9976070672243,353.02853322921464
2025-08-13 02:55:00,295.11019043389155,2025-08-13 00:55:00,265.2977553574031,353.42838933284435
2025-08-13 03:00:00,296.03713512414123,2025-08-13 01:00:00,266.13105882720924,354.53851219371165
2025-08-13 03:05:00,297.52277205416004,2025-08-13 01:05:00,267.4666146825681,356.3177332586907
2025-08-13 03:10:00,299.5274007673288,2025-08-13 01:10:00,269.2687330612888,358.71850666561346
2025-08-13 03:15:00,302.00725277349125,2025-08-13 01:15:00,271.4980670259552,361.68841461434675
2025-08-13 03:20:00,304.9158028987832,2025-08-13 01:20:00,274.1127914394021,365.17173785901144
2025-08-13 03:25:00,308.2050985443561,2025-08-13 01:25:00,277.06979793990394,369.1110476481621
2025-08-13 03:30:00,311.82706767955904,2025-08-13 01:30:00,280.3258707990972,373.44877219703636
2025-08-13 03:35:00,315.7347651056549,2025-08-13 01:35:00,283.8388072864306,378.1286892316687
2025-08-13 03:40:00,319.883516204632,2025-08-13 01:40:00,287.5684458749081,383.09729575961853
2025-08-13 03:45:00,324.23191894783525,2025-08-13 01:45:00,291.47756702543717,388.30500809053217
2025-08-13 03:50:00,328.7426679120222,2025-08-13 01:50:00,295.53263395965615,393.70714869012807
2025-08-13 03:55:00,333.38316864486666,2025-08-13 01:55:00,299.704344961394,399.2646819535363
2025-08-13 04:00:00,338.1259173086603,2025-08-13 02:00:00,303.96797466824626,404.94466887228884
2025-08-13 04:05:00,342.948628042982,2025-08-13 02:05:00,308.3034885678933,410.72041956576203
2025-08-13 04:10:00,347.83410004506936,2025-08-13 02:10:00,312.69542350619406,416.57133409463603
2025-08-13 04:15:00,352.76982612960376,2025-08-13 02:15:00,317.13253579079776,422.48243366622427
2025-08-13 04:20:00,357.7473557222014,2025-08-13 02:20:00,321.6072285359032,428.4435977459257
2025-08-13 04:25:00,362.76143580960996,2025-08-13 02:25:00,326.1147793948415,434.44853524629866
2025-08-13 04:30:00,367.80896444955846,2025-08-13 02:30:00,330.6523997877927,440.493531234765
2025-08-13 04:35:00,372.88780100813057,2025-08-13 02:35:00,335.21816533060655,446.5760220560469
2025-08-13 04:40:00,377.9954860764151,2025-08-13 02:40:00,339.80986506722394,452.6930622851528
2025-08-13 04:45:00,383.1279307561212,2025-08-13 02:45:00,344.423823165452,458.8397549961753
2025-08-13 04:50:00,388.27813943787135,2025-08-13 02:50:00,349.0537507219408,465.00772214242244
2025-08-13 04:55:00,393.43503242718924,2025-08-13 02:55:00,353.6896873281043,471.18369451564604
2025-08-13 05:00:00,398.5824337097644,2025-08-13 03:00:00,358.3170910927226,477.3482994785434
2025-08-13 05:05:00,403.6982854729543,2025-08-13 03:05:00,362.91613251355597,483.4751202639301
2025-08-13 05:10:00,408.75414411647876,2025-08-13 03:10:00,367.4612414017285,489.53009238959
2025-08-13 05:15:00,413.7150029193192,2025-08-13 03:15:00,371.9209474630595,495.4712912814945
2025-08-13 05:20:00,418.5394742889434,2025-08-13 03:20:00,376.25804413622257,501.2491505382071
2025-08-13 05:25:00,423.18035003211224,2025-08-13 03:25:00,380.43009226422896,506.8071329196033
2025-08-13 05:30:00,427.5855422486376,2025-08-13 03:30:00,384.39026593781097,512.0828571753433
2025-08-13 05:35:00,431.69939006083587,2025-08-13 03:35:00,388.08852721727925,517.0096630036611
2025-08-13 05:40:00,435.4643004384743,2025-08-13 03:40:00,391.4731011990883,521.5185761279246
2025-08-13 05:45:00,438.82267406923586,2025-08-13 03:45:00,394.49220733223325,525.5406147479832
2025-08-13 05:50:00,441.7190518966224,2025-08-13 03:50:00,397.0959891099578,529.0093602661489
2025-08-13 05:55:00,444.102404041064,2025-08-13 03:55:00,399.2385717609228,531.8636985334398
2025-08-13 06:00:00,445.9284720525397,2025-08-13 04:00:00,400.88016788426296,534.0506249664417
2025-08-13 06:05:00,447.16206775010255,2025-08-13 04:05:00,401.98914405719955,535.5279976719946
2025-08-13 06:10:00,447.77922810017685,2025-08-13 04:10:00,402.54395802458436,536.2671181617552
2025-08-13 06:15:00,447.76912618368146,2025-08-13 04:15:00,402.5348766175103,536.255019955079
2025-08-13 06:20:00,447.1356427162515,2025-08-13 04:20:00,401.96538851641117,535.496350655203
2025-08-13 06:25:00,445.8985121173134,2025-08-13 04:25:00,400.8532345426711,534.014744498756
2025-08-13 06:30:00,444.0939700719348,2025-08-13 04:30:00,399.23098980289063,531.8535978855407
2025-08-13 06:35:00,441.7748466057102,2025-08-13 04:35:00,397.14614736122,529.0761808464115
2025-08-13 06:40:00,439.01006895499074,2025-08-13 04:40:00,394.6606713303186,525.7650416732079
2025-08-13 06:45:00,435.88356099439216,2025-08-13 04:45:00,391.85000748020104,522.0206888566345
2025-08-13 06:50:00,432.49255005669653,2025-08-13 04:50:00,388.80156110550837,517.959563308385
2025-08-13 06:55:00,428.9453168624516,2025-08-13 04:55:00,385.61267426029707,513.7113436430908
2025-08-13 07:00:00,425.35844813502143,2025-08-13 05:00:00,382.3881559176746,509.41565586890675
2025-08-13 07:05:00,421.85367454532485,2025-08-13 05:05:00,379.23743934968576,505.2182864627146
2025-08-13 07:10:00,418.55439623081986,2025-08-13 05:10:00,376.27145864312115,501.2670212795576
2025-08-13 07:15:00,415.58201506867795,2025-08-13 05:15:00,373.5993514914722,497.70725302799514
2025-08-13 07:20:00,413.05220487139627,2025-08-13 05:20:00,371.32510618048406,494.6775144004388
2025-08-13 07:25:00,411.07125788302477,2025-08-13 05:25:00,369.5442771663308,492.305102582248
2025-08-13 07:30:00,409.7326475818898,2025-08-13 05:30:00,368.34089510870933,490.70196281273047
2025-08-13 07:35:00,409.1139437653338,2025-08-13 05:35:00,367.78469359793786,489.9609938443665
2025-08-13 07:40:00,409.2742061096876,2025-08-13 05:40:00,367.92876602106526,490.15292643114844
2025-08-13 07:45:00,410.2519668636225,2025-08-13 05:45:00,368.8077520462991,491.3239073718879
2025-08-13 07:50:00,412.06389318998407,2025-08-13 05:50:00,370.43663509689776,493.49389751073807
2025-08-13 07:55:00,414.7041948377467,2025-08-13 05:55:00,372.81020986091386,496.6559623562441
2025-08-13 08:00:00,418.14481486243164,2025-08-13 06:00:00,375.90325374477504,500.77650049097565
2025-08-13 08:05:00,422.33641071424387,2025-08-13 06:05:00,379.67140885055505,505.7964185373912
2025-08-13 08:10:00,427.21010162055063,2025-08-13 06:10:00,384.0527528354847,511.6332238492972
2025-08-13 08:15:00,432.67992696302764,2025-08-13 06:15:00,388.97000894047596,518.1839687011823
2025-08-13 08:20:00,438.64593079640974,2025-08-13 06:20:00,394.3333189065698,525.3289443541262
2025-08-13 08:25:00,444.9977607492626,2025-08-13 06:25:00,400.0434783098293,532.9359911533312
2025-08-13 08:30:00,451.61864690903445,2025-08-13 06:30:00,405.99551349398143,540.8652637005239
2025-08-13 08:35:00,458.3896083583259,2025-08-13 06:35:00,412.0824631566395,548.9742686648711
2025-08-13 08:40:00,465.19372370440817,2025-08-13 06:40:00,418.1992174640881,557.1229792331679
2025-08-13 08:45:00,471.9202962809759,2025-08-13 06:45:00,424.24626247865814,565.1788234179162
2025-08-13 08:50:00,478.46874687213415,2025-08-13 06:50:00,430.1331796344123,573.0213460419434
2025-08-13 08:55:00,484.75207518768946,2025-08-13 06:55:00,435.7817575294676,580.5463542531174
2025-08-13 09:00:00,490.6997470803229,2025-08-13 07:00:00,441.12858747254074,587.6693752989275
2025-08-13 09:05:00,496.25988602548966,2025-08-13 07:05:00,446.12703357655107,594.3282810756745
2025-08-13 09:10:00,501.4006746251524,2025-08-13 07:10:00,450.7484926805293,600.4849665903567
2025-08-13 09:15:00,506.1109034764072,2025-08-13 07:15:00,454.9828877707846,606.1260072939681
2025-08-13 09:20:00,510.39963934360327,2025-08-13 07:20:00,458.83836967473053,611.2622616794521
2025-08-13 09:25:00,514.2950210757142,2025-08-13 07:25:00,462.34023461633024,615.9274292542904
2025-08-13 09:30:00,517.8422283781264,2025-08-13 07:30:00,465.5290981853372,620.1756179111375
2025-08-13 09:35:00,521.1007037422996,2025-08-13 07:35:00,468.45839791142106,624.0780168691243
2025-08-13 09:40:00,524.1407405443164,2025-08-13 07:40:00,471.19132603766826,627.7188105295181
2025-08-13 09:45:00,527.0395783956844,2025-08-13 07:45:00,473.797319324387,631.190502209293
2025-08-13 09:50:00,529.8771697002369,2025-08-13 07:50:00,476.34825327421987,634.5888441061903
2025-08-13 09:55:00,532.7317975111858,2025-08-13 07:55:00,478.91450267927127,638.007589178616
2025-08-13 10:00:00,535.6757336813624,2025-08-13 08:00:00,481.561038390949,641.5332912812592
2025-08-13 10:05:00,538.7711272432487,2025-08-13 08:05:00,484.3437310614691,645.2403810273646
2025-08-13 10:10:00,542.066306199581,2025-08-13 08:10:00,487.3060265326306,649.186736757703
2025-08-13 10:15:00,545.5926609146658,2025-08-13 08:15:00,490.4761440712032,653.4099520432757
2025-08-13 10:20:00,549.362255460623,2025-08-13 08:20:00,493.8649290202407,657.9244749977582
2025-08-13 10:25:00,553.3662845943616,2025-08-13 08:25:00,497.46446565435247,662.7197603299875
2025-08-13 10:30:00,557.5744602467082,2025-08-13 08:30:00,501.24752564653977,667.7595345941423
2025-08-13 10:35:00,561.9353734398168,2025-08-13 08:35:00,505.1678934242135,672.9822296274606
2025-08-13 10:40:00,566.3778371312809,2025-08-13 08:40:00,509.1615733573577,678.3025907604847
2025-08-13 10:45:00,570.8131744089242,2025-08-13 08:45:00,513.1488467967524,683.6144171934541
2025-08-13 10:50:00,575.1383758714952,2025-08-13 08:50:00,517.0371104917525,688.7943433227722
2025-08-13 10:55:00,579.2400125998995,2025-08-13 08:55:00,520.7243942678134,693.7065249740293
2025-08-13 11:00:00,582.9987573293912,2025-08-13 09:00:00,524.1034254636846,698.2080540256164
2025-08-13 11:05:00,586.2943386398227,2025-08-13 09:05:00,527.0660826425839,702.1548916212574
2025-08-13 11:10:00,589.0107319364263,2025-08-13 09:10:00,529.5080621730002,705.4080849664333
2025-08-13 11:15:00,591.0413777432932,2025-08-13 09:15:00,531.3335693630286,707.8400168349034
2025-08-13 11:20:00,592.2942130806281,2025-08-13 09:20:00,532.4598415610124,709.3404312215517
2025-08-13 11:25:00,592.6963056824313,2025-08-13 09:25:00,532.8213142182167,709.8219833509751
2025-08-13 11:30:00,592.1978934261563,2025-08-13 09:30:00,532.3732522497771,709.2250773590131
2025-08-13 11:35:00,590.7756521979807,2025-08-13 09:35:00,531.0946877757514,707.5217799371998
2025-08-13 11:40:00,588.4350437850514,2025-08-13 09:40:00,528.9905308260784,704.7186322037237
2025-08-13 11:45:00,585.2116299363937,2025-08-13 09:45:00,526.0927506532571,700.8582234424766
2025-08-13 11:50:00,581.171278470363,2025-08-13 09:50:00,522.4605610185414,696.0194379404296
2025-08-13 11:55:00,576.4092302783131,2025-08-13 09:55:00,518.1795814481744,690.3163376172349
2025-08-13 12:00:00,571.0480406814625,2025-08-13 10:00:00,513.359986557199,683.8956965633389
2025-08-13 12:05:00,565.2344532991402,2025-08-13 10:05:00,508.1336957238105,676.9332571377164
2025-08-13 12:10:00,559.1353069640395,2025-08-13 10:10:00,502.6506934936281,669.6288280282009
2025-08-13 12:15:00,552.9326151301516,2025-08-13 10:15:00,497.07460607257116,662.2003912766409
2025-08-13 12:20:00,546.8179908799764,2025-08-13 10:20:00,491.5776895274652,654.8774255839361
2025-08-13 12:25:00,540.9866172323148,2025-08-13 10:25:00,486.3354092215891,647.8936850602325
2025-08-13 12:30:00,535.630981789612,2025-08-13 10:30:00,481.52080739651285,641.4796957446302
2025-08-13 12:35:00,530.9346051089774,2025-08-13 10:35:00,477.29886511165535,635.8552446082713
2025-08-13 12:40:00,527.0659935982359,2025-08-13 10:40:00,473.82106602704715,631.2221374519728
2025-08-13 12:45:00,524.1730402574567,2025-08-13 10:45:00,471.220362789609,627.7574931503193
2025-08-13 12:50:00,522.3780799798669,2025-08-13 10:50:00,469.6067318543298,625.6078218058894
2025-08-13 12:55:00,521.7737817279346,2025-08-13 10:55:00,469.0634806383405,624.8841051577348
2025-08-13 13:00:00,522.420028138267,2025-08-13 11:00:00,469.64444235239336,625.6580595494149
2025-08-13 13:05:00,524.3418956682217,2025-08-13 11:05:00,471.3721601958254,627.9597169222909
2025-08-13 13:10:00,527.5288064663368,2025-08-13 11:10:00,474.23712490619727,631.7764090828335
2025-08-13 13:15:00,531.9348788577828,2025-08-13 11:15:00,478.1980898382256,637.053187449257
2025-08-13 13:20:00,537.4804578706071,2025-08-13 11:20:00,483.1834468741731,643.6946560326999
2025-08-13 13:25:00,544.0547631381299,2025-08-13 11:25:00,489.09360683152255,651.5681426048402
2025-08-13 13:30:00,551.5195498131867,2025-08-13 11:30:00,495.80429054665524,660.5080830636892
2025-08-13 13:35:00,559.7136411939698,2025-08-13 11:35:00,503.17060360863053,670.3214497742673
2025-08-13 13:40:00,568.4581604449044,2025-08-13 11:40:00,511.03173956446335,680.7940171559761
2025-08-13 13:45:00,577.5622644564648,2025-08-13 11:45:00,519.2161345365794,691.697228639096
2025-08-13 13:50:00,586.8291670636905,2025-08-13 11:50:00,527.5468819675576,702.7954101616002
2025-08-13 13:55:00,596.0622307045497,2025-08-13 11:55:00,535.8472088908352,713.8530656305581
2025-08-13 14:00:00,605.0709071144399,2025-08-13 12:00:00,543.9458164881232,724.6419915869511
2025-08-13 14:05:00,613.6763168548623,2025-08-13 12:05:00,551.6818959664638,734.94795933288
2025-08-13 14:10:00,621.7162757001367,2025-08-13 12:10:00,558.9096471724832,744.5767346076676
2025-08-13 14:15:00,629.049600430307,2025-08-13 12:15:00,565.5021494082098,753.3592342700077
2025-08-13 14:20:00,635.5595581330956,2025-08-13 12:20:00,571.3544622798263,761.1556572337106
2025-08-13 14:25:00,641.1563587139899,2025-08-13 12:25:00,576.3858664109787,767.8584695351575
2025-08-13 14:30:00,645.7786296815057,2025-08-13 12:30:00,580.5411892432153,773.3941705582471
2025-08-13 14:35:00,649.393852735253,2025-08-13 12:35:00,583.7911975193284,777.7238158988105
2025-08-13 14:40:00,651.9977825923324,2025-08-13 12:40:00,586.132074820704,780.842321342388
2025-08-13 14:45:00,653.612907076282,2025-08-13 12:45:00,587.5840372201881,782.7766186436606
2025-08-13 14:50:00,654.286043059802,2025-08-13 12:50:00,588.1891720859668,783.582776391408
2025-08-13 14:55:00,654.0851936787365,2025-08-13 12:55:00,588.0086127840896,783.3422361608448
2025-08-13 15:00:00,653.0958169926095,2025-08-13 13:00:00,587.1191842840215,782.1573438055276
2025-08-13 15:05:00,651.416674396345,2025-08-13 13:05:00,585.6096709694897,780.1463774529751
2025-08-13 15:10:00,649.1554377651368,2025-08-13 13:10:00,583.576867555587,777.4382865554926
2025-08-13 15:15:00,646.4242372070707,2025-08-13 13:15:00,581.1215766135139,774.1673598119497
2025-08-13 15:20:00,643.3353268238218,2025-08-13 13:20:00,578.3447121820577,770.4680344177975
2025-08-13 15:25:00,639.997033933019,2025-08-13 13:25:00,575.3436582050554,766.4700447930305
2025-08-13 15:30:00,636.5101388588212,2025-08-13 13:30:00,572.2090140404762,762.2940869650936
2025-08-13 15:35:00,632.9648084111573,2025-08-13 13:35:00,569.0218377237837,758.048146057637
2025-08-13 15:40:00,629.4381778281809,2025-08-13 13:40:00,565.8514721858712,753.8246003885406
2025-08-13 15:45:00,625.9926443787684,2025-08-13 13:45:00,562.7540112381689,749.6981778626771
2025-08-13 15:50:00,622.6749028531658,2025-08-13 13:50:00,559.7714324993449,745.7248008610479
2025-08-13 15:55:00,619.5157197711524,2025-08-13 13:55:00,556.9313944132693,741.9413158290944
2025-08-13 16:00:00,616.5304112149026,2025-08-13 14:00:00,554.247665810547,738.3660655364982
2025-08-13 16:05:00,613.719959949085,2025-08-13 14:05:00,551.721130175615,735.0002269569629
2025-08-13 16:10:00,611.0726819645498,2025-08-13 14:10:00,549.341283833909,731.8298071459258
2025-08-13 16:15:00,608.566332114776,2025-08-13 14:15:00,547.0881288740353,728.82816498234
2025-08-13 16:20:00,606.170523694073,2025-08-13 14:20:00,544.9343482968742,725.9589088918128
2025-08-13 16:25:00,603.8493281203382,2025-08-13 14:25:00,542.8476430748282,723.1790102656574
2025-08-13 16:30:00,601.5639185721996,2025-08-13 14:30:00,540.7931087251261,720.4419695203786
2025-08-13 16:35:00,599.2751256714399,2025-08-13 14:35:00,538.7355328137123,717.7008768212664
2025-08-13 16:40:00,596.9457831375674,2025-08-13 14:40:00,536.6415036485848,714.911221273484
2025-08-13 16:45:00,594.5427569049191,2025-08-13 14:45:00,534.4812344127132,712.0333210231375
2025-08-13 16:50:00,592.0385710279212,2025-08-13 14:50:00,532.2300248181259,709.0342704657978
2025-08-13 16:55:00,589.4125670505268,2025-08-13 14:55:00,529.8693033542618,705.8893287247228
2025-08-13 17:00:00,586.6515591906314,2025-08-13 15:00:00,527.3872162847591,702.5827043095392
2025-08-13 17:05:00,583.7499744539099,2025-08-13 15:05:00,524.7787536068024,699.1077229186748
2025-08-13 17:10:00,580.7094931329012,2025-08-13 15:10:00,522.0454258674799,695.4663968956704
2025-08-13 17:15:00,577.5382302887373,2025-08-13 15:15:00,519.1945283333484,691.6684449594258
2025-08-13 17:20:00,574.2495210868528,2025-08-13 15:20:00,516.2380490331915,687.7298375040301
2025-08-13 17:25:00,570.8603916903309,2025-08-13 15:25:00,513.1912941238097,683.6709653177046
2025-08-13 17:30:00,567.3898116955802,2025-08-13 15:30:00,510.0713168670368,679.5145466735632
2025-08-13 17:35:00,563.8568334826223,2025-08-13 15:35:00,506.8952449454055,675.2833989876162
2025-08-13 17:40:00,560.2787276895267,2025-08-13 15:40:00,503.6786042935056,670.9982058349942
2025-08-13 17:45:00,556.6692225473283,2025-08-13 15:45:00,500.43373629769593,666.6754083510438
2025-08-13 17:50:00,553.0369479834025,2025-08-13 15:50:00,497.16839907828466,662.3253418661977
2025-08-13 17:55:00,549.3841737091138,2025-08-13 15:55:00,493.88463305729016,657.9507246208218
2025-08-13 18:00:00,545.7059144132279,2025-08-13 16:00:00,490.5779565464374,653.5455861314251
2025-08-13 18:05:00,541.9894560149062,2025-08-13 16:05:00,487.23693985872393,649.0946998241438
2025-08-13 18:10:00,538.2143348557165,2025-08-13 16:10:00,483.8431866024818,644.5735581147808
2025-08-13 18:15:00,534.3527786414309,2025-08-13 16:15:00,480.3717300786316,639.9489004873142
2025-08-13 18:20:00,530.370594424743,2025-08-13 16:20:00,476.7918315581715,635.1797769553162
2025-08-13 18:25:00,526.2284662946518,2025-08-13 16:25:00,473.06814687720447,630.2191021942176
2025-08-13 18:30:00,521.8836048524496,2025-08-13 16:30:00,469.1622092806057,625.0156309784859
2025-08-13 18:35:00,517.2916726958667,2025-08-13 16:35:00,465.03416039112545,619.5162641703095
2025-08-13 18:40:00,512.4088961989476,2025-08-13 16:40:00,460.64464865437395,613.6685778188447
2025-08-13 18:45:00,507.1942642166481,2025-08-13 16:45:00,455.95680592727274,607.4234563618122
2025-08-13 18:50:00,501.61170938151594,2025-08-13 16:50:00,450.93820841716087,600.7377049791096
2025-08-13 18:55:00,495.63216775840846,2025-08-13 16:55:00,445.5627282673761,593.5765162661871
2025-08-13 19:00:00,489.23541774512887,2025-08-13 17:00:00,439.8121866896339,585.9156725290248
2025-08-13 19:05:00,482.41160874235175,2025-08-13 17:05:00,433.6777282056259,577.7433765421576
2025-08-13 19:10:00,475.16240397720003,2025-08-13 17:10:00,427.1608480209961,569.0616202113288
2025-08-13 19:15:00,467.50167932445413,2025-08-13 17:15:00,420.2740202506759,559.8870214922483
2025-08-13 19:20:00,459.4557400125748,2025-08-13 17:20:00,413.04089273296773,550.2510839209757
2025-08-13 19:25:00,451.06303903292115,2025-08-13 17:25:00,405.4960338854493,540.1998593765775
2025-08-13 19:30:00,442.373403362207,2025-08-13 17:30:00,397.6842370954957,529.7930213935371
2025-08-13 19:35:00,433.44679660842763,2025-08-13 17:35:00,389.65940836540676,519.1023832879624
2025-08-13 19:40:00,424.35166735139023,2025-08-13 17:40:00,381.4830815058367,508.2099201054386
2025-08-13 19:45:00,415.16295111915935,2025-08-13 17:45:00,373.22262195531135,497.20537575805724
2025-08-13 19:50:00,405.95980933020235,2025-08-13 17:50:00,364.94919413753104,486.18355514762493
2025-08-13 19:55:00,396.8232001424751,2025-08-13 17:55:00,356.73557770660386,475.2414149781025
2025-08-13 20:00:00,387.833383517532,2025-08-13 18:00:00,348.6539246529919,464.4750757829705
2025-08-13 20:05:00,379.06746539656353,2025-08-13 18:05:00,340.7735515702444,453.9768807936264
2025-08-13 20:10:00,370.5970839505921,2025-08-13 18:10:00,333.1588596433636,443.83262495792314
2025-08-13 20:15:00,362.4863341082241,2025-08-13 18:15:00,325.8674688436018,434.1190693234833
2025-08-13 20:20:00,354.7900158919354,2025-08-13 18:20:00,318.9486432202112,424.9018432189673
2025-08-13 20:25:00,347.5522772348786,2025-08-13 18:25:00,312.4420708217537,416.2338188711308
2025-08-13 20:30:00,340.8057044471958,2025-08-13 18:30:00,306.3770460447509,408.1540221336417
2025-08-13 20:35:00,334.57089366265285,2025-08-13 18:35:00,300.7720843733649,400.6871192451436
2025-08-13 20:40:00,328.856515115546,2025-08-13 18:40:00,295.6349801629647,393.84349380824244
2025-08-13 20:45:00,323.65986080208313,2025-08-13 18:45:00,290.96329897600515,387.6199026769894
2025-08-13 20:50:00,318.9678448674698,2025-08-13 18:50:00,286.74527690864136,382.0006740354562
2025-08-13 20:55:00,314.75840671511264,2025-08-13 18:55:00,282.9610819559214,376.95938778235717
2025-08-13 21:00:00,311.00224958783934,2025-08-13 19:00:00,279.58437695915325,372.4609576819887
2025-08-13 21:05:00,307.66483349372794,2025-08-13 19:05:00,276.58411120364127,368.46401812208717
2025-08-13 21:10:00,304.7085308932812,2025-08-13 19:10:00,273.9264583353935,364.92350579711393
2025-08-13 21:15:00,302.0948473887699,2025-08-13 19:15:00,271.57681271339027,361.79331923911303
2025-08-13 21:20:00,299.7866077734571,2025-08-13 19:20:00,269.50175462112594,359.0289368630425
2025-08-13 21:25:00,297.7500100801797,2025-08-13 19:25:00,267.67089681239304,356.5898769261568
2025-08-13 21:30:00,295.9564570932984,2025-08-13 19:30:00,266.05853100139007,354.4418909741821
2025-08-13 21:35:00,294.38408519078564,2025-08-13 19:35:00,264.6450022590909,352.5587948055264
2025-08-13 21:40:00,293.01892408615515,2025-08-13 19:40:00,263.41775159645806,350.923857395605
2025-08-13 21:45:00,291.85563783867633,2025-08-13 19:45:00,262.37198211679174,349.5306883417848
2025-08-13 21:50:00,290.89781569430943,2025-08-13 19:50:00,261.5109204755162,348.38358617884967
2025-08-13 21:55:00,290.15780106871176,2025-08-13 19:55:00,260.84566313955617,347.4973335664841
2025-08-13 22:00:00,289.6560668344012,2025-08-13 20:00:00,260.39461478384584,346.89644912381266
2025-08-13 22:05:00,289.4201642555503,2025-08-13 20:05:00,260.1825434061677,346.6139286579482
2025-08-13 22:10:00,289.4832908157043,2025-08-13 20:10:00,260.23929283487325,346.68952997299107
2025-08-13 22:15:00,289.8825379493717,2025-08-13 20:15:00,260.5982074770247,347.1676743271062
2025-08-13 22:20:00,290.65689250642777,2025-08-13 20:20:00,261.29433567759855,348.09505295632437
2025-08-13 22:25:00,291.84507558506465,2025-08-13 20:25:00,262.3624868764865,349.5180388284752
2025-08-13 22:30:00,293.4833083702667,2025-08-13 20:30:00,263.83522314502403,351.48001097784396
2025-08-13 22:35:00,295.60309692998294,2025-08-13 20:35:00,265.74086776508335,354.01870154384983
2025-08-13 22:40:00,298.2291264215181,2025-08-13 20:40:00,268.10161216561494,357.16367384104245
2025-08-13 22:45:00,301.377350000639,2025-08-13 20:45:00,270.9317978927701,360.93403360799067
2025-08-13 22:50:00,305.0533491945698,2025-08-13 20:50:00,274.23644262025846,365.336465365395
2025-08-13 22:55:00,309.25103119101755,2025-08-13 20:55:00,278.01006904001855,370.36367226988966
2025-08-13 23:00:00,313.95171459492286,2025-08-13 21:00:00,282.23588297707147,375.99328120261833
2025-08-13 23:05:00,319.12363984585653,2025-08-13 21:05:00,286.8853332652219,382.1872564377664
2025-08-13 23:10:00,324.72192379201994,2025-08-13 21:10:00,291.91807091005506,388.891845239703
2025-08-13 23:15:00,330.68896120991883,2025-08-13 21:15:00,297.2823100465441,396.03805872896316
2025-08-13 23:20:00,336.95525939224336,2025-08-13 21:20:00,302.91557821572064,403.54267139720787
2025-08-13 23:25:00,343.4406763848319,2025-08-13 21:25:00,308.74582951324714,411.30970403837955
2025-08-13 23:30:00,350.05601979895926,2025-08-13 21:30:00,314.692881887501,419.2323385102733
2025-08-13 23:35:00,356.7049507797709,2025-08-13 21:35:00,320.670128766513,427.19519795568414
2025-08-13 23:40:00,363.28612898500984,2025-08-13 21:40:00,326.58646734801,435.07691566109514
2025-08-13 23:45:00,369.6955272605024,2025-08-13 21:45:00,332.3483794432167,442.7529071467483
2025-08-13 23:50:00,375.82884132224683,2025-08-13 21:50:00,337.862097729564,450.098256038048
2025-08-13 23:55:00,381.58391871081267,2025-08-13 21:55:00,343.03578932879293,456.9906230177723
2025-08-14 00:00:00,386.86313340361,2025-08-13 22:00:00,347.7816905326441,463.3130896973349
2025-08-14 00:05:00,391.5756367224391,2025-08-13 22:05:00,352.0181303206485,468.9568543374196
2025-08-14 00:10:00,395.6394221465784,2025-08-13 22:10:00,355.67138658297256,473.8237046990969
2025-08-14 00:15:00,398.9831499931525,2025-08-13 22:15:00,358.6773264690805,477.82820330839445
2025-08-14 00:20:00,401.54768800893385,2025-08-13 22:20:00,360.98279134684435,480.89953249214045
2025-08-14 00:25:00,403.2873347722372,2025-08-13 22:25:00,362.54669661470575,482.9829595424176
2025-08-14 00:30:00,404.1707040307808,2025-08-13 22:30:00,363.34082670251735,484.04089581284654
2025-08-14 00:35:00,404.18125947458697,2025-08-13 22:35:00,363.3503158209529,484.05353717063093
2025-08-14 00:40:00,403.3175001743987,2025-08-13 22:40:00,362.573814666682,483.01908608038576
2025-08-14 00:45:00,401.59280691576544,2025-08-13 22:45:00,361.0233522799961,480.953567571534
2025-08-14 00:50:00,399.0349684759434,2025-08-13 22:50:00,358.72391017786487,477.8902619004191
2025-08-14 00:55:00,395.6854143854013,2025-08-13 22:55:00,355.71273262292345,473.8787856939791
2025-08-14 01:00:00,391.5981865976652,2025-08-13 23:00:00,352.03840217663645,468.9838604061327
2025-08-14 01:05:00,386.8386869532858,2025-08-13 23:05:00,347.75971369616843,463.28381226184445
2025-08-14 01:10:00,381.4822400556751,2025-08-13 23:10:00,342.944382390469,456.86885113567644
2025-08-14 01:15:00,375.6125125763574,2025-08-13 23:15:00,337.6676228094694,449.8391774880539
2025-08-14 01:20:00,369.31983007470245,2025-08-13 23:20:00,332.0106357009885,442.30296656333803
2025-08-14 01:25:00,362.69943118528914,2025-08-13 23:25:00,326.05903856247676,434.3742775784334
2025-08-14 01:30:00,355.84969723416884,2025-08-13 23:30:00,319.9012741038662,426.17093348467785
2025-08-14 01:35:00,348.87039242286056,2025-08-13 23:35:00,313.62702821058525,417.8124133858057
2025-08-14 01:40:00,341.8609468248052,2025-08-13 23:40:00,307.32568639405963,409.4177962287548
2025-08-14 01:45:00,334.91881085302845,2025-08-13 23:45:00,301.08485449330277,401.10379008946404
2025-08-14 01:50:00,328.1379067555062,2025-08-13 23:50:00,294.9889666023373,392.9828776605026
2025-08-14 01:55:00,321.6071990590302,2025-08-13 23:55:00,289.1179999297767,385.1616041932071
2025-08-14 02:00:00,315.40940302649835,2025-08-14 00:00:00,283.5463137295265,377.7390307267651
2025-08-14 02:05:00,309.61984728713657,2025-08-14 00:05:00,278.34162682965706,370.805371957114
2025-08-14 02:10:00,304.30550404283474,2025-08-14 00:10:00,273.5641458086217,364.4408347975061
2025-08-14 02:15:00,299.52419814118036,2025-08-14 00:15:00,269.26585396881427,358.7146711525137
2025-08-14 02:20:00,295.32400372826316,2025-08-14 00:20:00,265.4899689403328,353.68445534038074
2025-08-14 02:25:00,291.7428352852079,2025-08-14 00:25:00,262.2705750315611,349.3955943122416
2025-08-14 02:30:00,288.8082373047072,2025-08-14 00:30:00,259.6324341528658,345.88107576558326
2025-08-14 02:35:00,286.53737458537665,2025-08-14 00:35:00,257.5909770914291,343.1614565206193
2025-08-14 02:40:00,284.93722222983985,2025-08-14 00:40:00,256.15247431546726,341.2450900648455
2025-08-14 02:45:00,284.0049513874802,2025-08-14 00:45:00,255.31438274872224,340.12858852434397
2025-08-14 02:50:00,283.7285032605959,2025-08-14 00:50:00,255.0658617897295,339.7975101021616
2025-08-14 02:55:00,284.08733996260753,2025-08-14 00:55:00,255.3884483173027,340.2272583173588
2025-08-14 03:00:00,285.0533566217116,2025-08-14 01:00:00,256.2568766522286,341.3841743540225
2025-08-14 03:05:00,286.5919346318771,2025-08-14 01:05:00,257.6400254074072,343.22679845045315
2025-08-14 03:10:00,288.66311143387213,2025-08-14 01:10:00,259.50196909599936,345.7072708464636
2025-08-14 03:15:00,291.22283781537436,2025-08-14 01:15:00,261.80310841736,348.77283754484495
2025-08-14 03:20:00,294.22428960014093,2025-08-14 01:20:00,264.50134943757456,352.3674212099857
2025-08-14 03:25:00,297.61919725391124,2025-08-14 01:25:00,267.55329887675424,356.4332135238386
2025-08-14 03:30:00,301.3591543003032,2025-08-14 01:30:00,270.91544034696943,360.91224216441833
2025-08-14 03:35:00,305.3968639507025,2025-08-14 01:35:00,274.54525504588213,365.7478637884502
2025-08-14 03:40:00,309.68728327426015,2025-08-14 01:40:00,278.4022503411254,370.88613430651685
2025-08-14 03:45:00,314.1886256939469,2025-08-14 01:45:00,282.4488609928354,376.2770094873652
2025-08-14 03:50:00,318.8631854139471,2025-08-14 01:50:00,286.6511902962622,381.87533230451635
2025-08-14 03:55:00,323.67795228710224,2025-08-14 01:55:00,290.9795628344629,387.6415693107357
2025-08-14 04:00:00,328.6049919513632,2025-08-14 02:00:00,295.4088662128501,393.54226589514894
2025-08-14 04:05:00,333.6215737170265,2025-08-14 02:05:00,299.91866602708416,399.5501994429132
2025-08-14 04:10:00,338.7100381358653,2025-08-14 02:10:00,304.49308681055203,405.64422073402335
2025-08-14 04:15:00,343.8574061903196,2025-08-14 02:15:00,309.12046070379967,411.80878590242486
2025-08-14 04:20:00,349.05474275011505,2025-08-14 02:20:00,313.79275521563414,418.0331941021163
2025-08-14 04:25:00,354.29629818148794,2025-08-14 02:25:00,318.5048015481587,424.3105594854846
2025-08-14 04:30:00,359.5784624097473,2025-08-14 02:30:00,323.25335432136524,430.6365585729457
2025-08-14 04:35:00,364.8985757480929,2025-08-14 02:35:00,328.03602253365204,437.00800608370486
2025-08-14 04:40:00,370.2536494856058,2025-08-14 02:40:00,332.8501193977649,443.4213226927488
2025-08-14 04:45:00,375.6390557524879,2025-08-14 02:45:00,337.6914845576426,449.87096599381096
2025-08-14 04:50:00,381.04725096943463,2025-08-14 02:50:00,342.55333649667966,456.347901683198
2025-08-14 04:55:00,386.4665991202579,2025-08-14 02:55:00,347.4252146849586,462.83819429343737
2025-08-14 05:00:00,391.88036019729515,2025-08-14 03:00:00,352.29207021328705,469.3217957403306
2025-08-14 05:05:00,397.2659053654191,2025-08-14 03:05:00,357.1335602424131,475.7716053916029
2025-08-14 05:10:00,402.594213686552,2025-08-14 03:10:00,361.9235955691173,482.1528673366344
2025-08-14 05:15:00,407.82969547480764,2025-08-14 03:15:00,366.63018182625956,488.42295883392933
2025-08-14 05:20:00,412.9303752409677,2025-08-14 03:20:00,371.2155839459546,494.5316094081643
2025-08-14 05:25:00,417.8484526720043,2025-08-14 03:25:00,375.63683046817596,500.42157268767653
2025-08-14 05:30:00,422.53124424163184,2025-08-14 03:30:00,379.8465600285215,506.0297540913805
2025-08-14 05:35:00,426.9224906602938,2025-08-14 03:35:00,383.7941967278148,511.2887766504777
2025-08-14 05:40:00,430.96399841244175,2025-08-14 03:40:00,387.42742583904254,516.1289469381176
2025-08-14 05:45:00,434.5975663878733,2025-08-14 03:45:00,390.6939258077601,520.4805624319778
2025-08-14 05:50:00,437.7671331082606,2025-08-14 03:50:00,393.5432985628587,524.2764830649538
2025-08-14 05:55:00,440.4210664272381,2025-08-14 03:55:00,395.9291279080187,527.4548734043178
2025-08-14 06:00:00,442.5145064891245,2025-08-14 04:00:00,397.8110857915373,529.9620086142188
2025-08-14 06:05:00,444.0116653013141,2025-08-14 04:05:00,399.1569995727709,531.7550284580597
2025-08-14 06:10:00,444.88798239785064,2025-08-14 04:10:00,399.94478991762696,532.8045189535196
2025-08-14 06:15:00,445.132036472188,2025-08-14 04:15:00,400.1641893155683,533.0968017726129
2025-08-14 06:20:00,444.74711770102164,2025-08-14 04:20:00,399.8181555651403,532.6358172802873
2025-08-14 06:25:00,443.75237450961777,2025-08-14 04:25:00,398.92390269149837,531.444497917778
2025-08-14 06:30:00,442.18346185971495,2025-08-14 04:30:00,397.5134837433791,529.5655446019206
2025-08-14 06:35:00,440.09263508525817,2025-08-14 04:35:00,395.6338751494197,527.0615391042325
2025-08-14 06:40:00,437.54825345500586,2025-08-14 04:40:00,393.34653043154975,524.0143495100473
2025-08-14 06:45:00,434.63368031323046,2025-08-14 04:45:00,390.7263914549826,520.5238130105251
2025-08-14 06:50:00,431.44559066041245,2025-08-14 04:50:00,387.86036697942234,516.705709035913
2025-08-14 06:55:00,428.091721711245,2025-08-14 04:55:00,384.8453104587756,512.6890652900806
2025-08-14 07:00:00,424.6881262902995,2025-08-14 05:00:00,381.7855509025435,508.61286837598294
2025-08-14 07:05:00,421.356011388272,2025-08-14 05:05:00,378.79005080544033,504.62227760321406
2025-08-14 07:10:00,418.2182644053123,2025-08-14 05:10:00,375.96928331437283,500.8644647649283
2025-08-14 07:15:00,415.3957861009088,2025-08-14 05:15:00,373.43193562874296,497.48422242363347
2025-08-14 07:20:00,413.00376142691715,2025-08-14 05:20:00,371.28155655902503,494.6194978049061
2025-08-14 07:25:00,411.1480066623782,2025-08-14 05:25:00,369.61327267902027,492.3970180712735
2025-08-14 07:30:00,409.9215328826984,2025-08-14 05:30:00,368.51069895808115,490.9281746813727
2025-08-14 07:35:00,409.4014616578761,2025-08-14 05:35:00,368.04316603972114,490.30532958389557
2025-08-14 07:40:00,409.64641920401033,2025-08-14 05:40:00,368.2633776395026,490.5986944143606
2025-08-14 07:45:00,410.6945197093216,2025-08-14 05:45:00,369.2055975982212,491.85391529611485
2025-08-14 07:50:00,412.5620282120983,2025-08-14 05:50:00,370.88444783775066,494.0904714829119
2025-08-14 07:55:00,415.24276888360544,2025-08-14 05:55:00,373.2943764200219,497.3009667096501
2025-08-14 08:00:00,418.70831626795,2025-08-14 06:00:00,376.40982946757526,501.4513582241035
2025-08-14 08:05:00,422.9089769217286,2025-08-14 06:05:00,380.1861336366286,506.4821324132835
2025-08-14 08:10:00,427.7755372906723,2025-08-14 06:10:00,384.5610674208324,512.3103980867189
2025-08-14 08:15:00,433.2217226133708,2025-08-14 06:15:00,389.45707165317697,518.8328312964277
2025-08-14 08:20:00,439.1472818978294,2025-08-14 06:20:00,394.7840228339978,525.9293699511022
2025-08-14 08:25:00,445.441587312438,2025-08-14 06:25:00,400.4424689065461,533.4675245007076
2025-08-14 08:30:00,451.9876134621282,2025-08-14 06:30:00,406.3272065412253,541.3071435772773
2025-08-14 08:35:00,458.6661444090788,2025-08-14 06:35:00,412.3310631573114,549.305452385997
2025-08-14 08:40:00,465.3600445339695,2025-08-14 06:40:00,418.3487363359608,557.3221675526833
2025-08-14 08:45:00,471.9584241937763,2025-08-14 06:45:00,424.28053865755777,565.2244859780259
2025-08-14 08:50:00,478.36053273413233,2025-08-14 06:50:00,430.035897436642,572.8917471675677
2025-08-14 08:55:00,484.4792203533782,2025-08-14 06:55:00,435.5364668637174,580.219579212003
2025-08-14 09:00:00,490.24382561117733,2025-08-14 07:00:00,440.7187238137978,587.1233569107944
2025-08-14 09:05:00,495.6023671826229,2025-08-14 07:05:00,445.5359381865163,593.5408266497574
2025-08-14 09:10:00,500.52294566617957,2025-08-14 07:10:00,449.9594331015113,599.4337852272718
2025-08-14 09:15:00,504.9942926881672,2025-08-14 07:15:00,453.97907853162417,604.7887374700452
2025-08-14 09:20:00,509.02543926069995,2025-08-14 07:20:00,457.6029931637731,609.6164990536089
2025-08-14 09:25:00,512.6445119547201,2025-08-14 07:25:00,460.8564621842334,613.9507547810896
2025-08-14 09:30:00,515.8967017931056,2025-08-14 07:30:00,463.78011135694175,617.8456260991396
2025-08-14 09:35:00,518.84148635298,2025-08-14 07:35:00,466.42740975282965,621.3723442460067
2025-08-14 09:40:00,521.5492179849801,2025-08-14 07:40:00,468.86160263184775,624.6151642517692
2025-08-14 09:45:00,524.0972192471148,2025-08-14 07:45:00,471.1522013214365,627.6666887713742
2025-08-14 09:50:00,526.565549559467,2025-08-14 07:50:00,473.3711775295602,630.6227981668288
2025-08-14 09:55:00,529.0326230891362,2025-08-14 07:55:00,475.5890239169066,633.5774024204967
2025-08-14 10:00:00,531.5708669184246,2025-08-14 08:00:00,477.870850882861,636.6172412922092
2025-08-14 10:05:00,534.2426094421319,2025-08-14 08:05:00,480.2726903225304,639.8169602022123
2025-08-14 10:10:00,537.0963820970744,2025-08-14 08:10:00,482.83817096060477,643.2346811269813
2025-08-14 10:15:00,540.1638027246795,2025-08-14 08:15:00,485.595716560925,646.9082700675287
2025-08-14 10:20:00,543.4571868155513,2025-08-14 08:20:00,488.55639848638964,650.852476240077
2025-08-14 10:25:00,546.9680043889878,2025-08-14 08:25:00,491.7125484666143,655.0570840118274
2025-08-14 10:30:00,550.6662663525588,2025-08-14 08:30:00,495.03720694830383,659.4861779959899
2025-08-14 10:35:00,554.5008862266534,2025-08-14 08:35:00,498.4844482778915,664.078576258525
2025-08-14 10:40:00,558.4010228514902,2025-08-14 08:40:00,501.9905877664504,668.7494383641929
2025-08-14 10:45:00,562.2783683265029,2025-08-14 08:45:00,505.47623849831314,673.3930054470711
2025-08-14 10:50:00,566.0303051854545,2025-08-14 08:50:00,508.84914956403776,677.8863812908132
2025-08-14 10:55:00,569.5438190803079,2025-08-14 08:55:00,512.0077234796019,682.0942182175248
2025-08-14 11:00:00,572.7000196733549,2025-08-14 09:00:00,514.8450803718256,685.8741313759687
2025-08-14 11:05:00,575.3790945277292,2025-08-14 09:05:00,517.2535114200892,689.0826315951292
2025-08-14 11:10:00,577.4654997280344,2025-08-14 09:10:00,519.1291451133656,691.5813417493105
2025-08-14 11:15:00,578.8531778137085,2025-08-14 09:15:00,520.3766380608192,693.2432458333789
2025-08-14 11:20:00,579.4505887846844,2025-08-14 09:20:00,520.9136977583945,693.9587141705832
2025-08-14 11:25:00,579.1853438955699,2025-08-14 09:25:00,520.6752482707686,693.6410529139499
2025-08-14 11:30:00,578.0082446533925,2025-08-14 09:30:00,519.6170612040211,692.2313412105485
2025-08-14 11:35:00,575.8965502093426,2025-08-14 09:35:00,517.7186930209928,689.7023442788386
2025-08-14 11:40:00,572.8563247883221,2025-08-14 09:40:00,514.9855953302915,686.0613247254973
2025-08-14 11:45:00,568.923751245125,2025-08-14 09:45:00,511.4502957452309,681.3516156799994
2025-08-14 11:50:00,564.1653366349901,2025-08-14 09:50:00,507.172582687364,675.6528669889929
2025-08-14 11:55:00,558.6769786597049,2025-08-14 09:55:00,502.2386661414789,669.0799271781541
2025-08-14 12:00:00,552.5819064694982,2025-08-14 10:00:00,496.759326480501,661.7803773256568
2025-08-14 12:05:00,546.0275539524151,2025-08-14 10:05:00,490.86710361945137,653.9307864666408
2025-08-14 12:10:00,539.1814660029329,2025-08-14 10:10:00,484.7126168384066,645.73180887912
2025-08-14 12:15:00,532.2263773376718,2025-08-14 10:15:00,478.4601407429773,637.4022903998825
2025-08-14 12:20:00,525.3546368044509,2025-08-14 10:20:00,472.2825928372896,629.1725908934078
2025-08-14 12:25:00,518.7621770773814,2025-08-14 10:25:00,466.3561124087277,621.2773622682824
2025-08-14 12:30:00,512.6422485814023,2025-08-14 10:30:00,460.8544274599839,613.9480441312642
2025-08-14 12:35:00,507.17914714985574,2025-08-14 10:35:00,455.94321600724425,607.4053519359366
2025-08-14 12:40:00,502.5421662398793,2025-08-14 10:40:00,451.774669251054,601.8520340651759
2025-08-14 12:45:00,498.87999689883196,2025-08-14 10:45:00,448.4824572657949,597.4661651469678
2025-08-14 12:50:00,496.3157823267786,2025-08-14 10:50:00,446.1772831570313,594.3952233242806
2025-08-14 12:55:00,494.9430092820303,2025-08-14 10:55:00,444.94318952288256,592.7511697407307
2025-08-14 13:00:00,494.8223869087557,2025-08-14 11:00:00,444.8347525867382,592.6067105777269
2025-08-14 13:05:00,495.97982608164375,2025-08-14 11:05:00,445.8752656712863,593.9928770873386
2025-08-14 13:10:00,498.4055904750163,2025-08-14 11:10:00,448.0559760277855,596.8980088999341
2025-08-14 13:15:00,502.0546462233708,2025-08-14 11:15:00,451.33639917342185,601.2681727828908
2025-08-14 13:20:00,506.84819161082385,2025-08-14 11:20:00,455.6456940494319,607.0089946196106
2025-08-14 13:25:00,512.6763041358541,2025-08-14 11:25:00,460.8850426757453,613.9888295739494
2025-08-14 13:30:00,519.4016005997398,2025-08-14 11:30:00,466.9309404922819,622.0431454670138
2025-08-14 13:35:00,526.8637688418335,2025-08-14 11:35:00,473.63927029213073,630.979950051282
2025-08-14 13:40:00,534.8847985644072,2025-08-14 11:40:00,480.8500046213152,640.5860555248752
2025-08-14 13:45:00,543.2747144145059,2025-08-14 11:45:00,488.39235969687564,650.6339445563544
2025-08-14 13:50:00,551.8375982093548,2025-08-14 11:50:00,496.0902092588297,660.8889825921749
2025-08-14 13:55:00,560.3776797910076,2025-08-14 11:55:00,503.76756011835255,671.1167123555454
2025-08-14 14:00:00,568.7052767800187,2025-08-14 12:00:00,511.25389186940953,681.0899673844955
2025-08-14 14:05:00,576.6423732473841,2025-08-14 12:05:00,518.389171995627,690.5955531330458
2025-08-14 14:10:00,584.0276451620243,2025-08-14 12:10:00,525.0283736401973,699.4402655224713
2025-08-14 14:15:00,590.7207653092075,2025-08-14 12:15:00,531.045345635554,707.4560465761591
2025-08-14 14:20:00,596.6058516933604,2025-08-14 12:20:00,536.335912543815,714.5041142785237
2025-08-14 14:25:00,601.5939591411188,2025-08-14 12:25:00,540.820114554685,720.477946556184
2025-08-14 14:30:00,605.624553182185,2025-08-14 12:30:00,544.4435324728518,725.3050464197778
2025-08-14 14:35:00,608.6659457437469,2025-08-14 12:35:00,547.1776793979604,728.9474637581329
2025-08-14 14:40:00,610.7147130761707,2025-08-14 12:40:00,549.0194774522482,731.401098237348
2025-08-14 14:45:00,611.7941549554821,2025-08-14 12:45:00,549.9898726364979,732.6938540185785
2025-08-14 14:50:00,611.9518897241858,2025-08-14 12:50:00,550.1316728231244,732.88275954286
2025-08-14 14:55:00,611.2567106365409,2025-08-14 12:55:00,549.5067216777492,732.0502026430695
2025-08-14 15:00:00,609.7948536298779,2025-08-14 13:00:00,548.1925434653635,730.2994607708889
2025-08-14 15:05:00,607.665844867282,2025-08-14 13:05:00,546.2786100799304,727.7497279516544
2025-08-14 15:10:00,604.9781070241156,2025-08-14 13:10:00,543.8623911898515,724.5308528072125
2025-08-14 15:15:00,601.844506179348,2025-08-14 13:15:00,541.0453509884248,720.778005446198
2025-08-14 15:20:00,598.3780167300447,2025-08-14 13:20:00,537.9290510446034,716.6264857006236
2025-08-14 15:25:00,594.6876697920188,2025-08-14 13:25:00,534.6115080017526,712.2068708697421
2025-08-14 15:30:00,590.8749321438947,2025-08-14 13:30:00,531.1839383257384,707.6406790891602
2025-08-14 15:35:00,587.0306389065477,2025-08-14 13:35:00,527.7280008492849,703.036695861739
2025-08-14 15:40:00,583.2325746951858,2025-08-14 13:40:00,524.3136222793814,698.4880772090563
2025-08-14 15:45:00,579.5437664139954,2025-08-14 13:45:00,520.9974624561481,694.0703050966737
2025-08-14 15:50:00,576.0115180080651,2025-08-14 13:50:00,517.8220466154403,689.8400314385665
2025-08-14 15:55:00,572.6671838725189,2025-08-14 13:55:00,514.8155616885015,685.8348067285044
2025-08-14 16:00:00,569.5266459832392,2025-08-14 14:00:00,511.99228523228766,682.0736514589594
2025-08-14 16:05:00,566.5914302829265,2025-08-14 14:05:00,509.35358903668066,678.5583931217913
2025-08-14 16:10:00,563.8503725035898,2025-08-14 14:10:00,506.8894366633119,675.2756612222427
2025-08-14 16:15:00,561.2817231380842,2025-08-14 14:15:00,504.5802757699964,672.1994082244158
2025-08-14 16:20:00,558.8555663533904,2025-08-14 14:20:00,502.3992126620838,669.2938064780899
2025-08-14 16:25:00,556.5364189828347,2025-08-14 14:25:00,500.31434873093036,666.5163608107753
2025-08-14 16:30:00,554.2858736001021,2025-08-14 14:30:00,498.29115652095936,663.8210739127859
2025-08-14 16:35:00,552.0651535446837,2025-08-14 14:35:00,496.29477664294336,661.1615062740278
2025-08-14 16:40:00,549.8374580103333,2025-08-14 14:40:00,494.29212595841796,658.4935846971016
2025-08-14 16:45:00,547.569990606484,2025-08-14 14:45:00,492.25372121304855,655.7780317328717
2025-08-14 16:50:00,545.2355847191711,2025-08-14 14:50:00,490.15514020137067,652.9823122370825
2025-08-14 16:55:00,542.8138623633508,2025-08-14 14:55:00,487.97806355026165,650.0820212292712
2025-08-14 17:00:00,540.2918888809924,2025-08-14 15:00:00,485.7108632785364,647.0616679690208
2025-08-14 17:05:00,537.6643125830367,2025-08-14 15:05:00,483.3487283320846,643.9148431932642
2025-08-14 17:10:00,534.9330048159449,2025-08-14 15:10:00,480.8933410113881,640.6437880545844
2025-08-14 17:15:00,532.1062410336041,2025-08-14 15:15:00,478.3521407726637,637.2584133606498
2025-08-14 17:20:00,529.1974857330777,2025-08-14 15:20:00,475.7372319110652,633.7748443950477
2025-08-14 17:25:00,526.2238629986921,2025-08-14 15:25:00,473.0640086124988,630.2135892179485
2025-08-14 17:30:00,523.2044085939261,2025-08-14 15:30:00,470.34958362158045,626.5974453451416
2025-08-14 17:35:00,520.1582090264893,2025-08-14 15:35:00,467.6111153009051,622.949271064468
2025-08-14 17:40:00,517.1025367150797,2025-08-14 15:40:00,464.8641311858095,619.289752083566
2025-08-14 17:45:00,514.0510891077457,2025-08-14 15:45:00,462.1209449894055,615.6352926716155
2025-08-14 17:50:00,511.0124325574994,2025-08-14 15:50:00,459.389257680007,611.9961520214391
2025-08-14 17:55:00,507.9887401963753,2025-08-14 15:55:00,456.6710228568783,608.3749327085483
2025-08-14 18:00:00,504.97489701608424,2025-08-14 16:00:00,453.9616422368636,604.7655089223146
2025-08-14 18:05:00,501.9580259395085,2025-08-14 16:05:00,451.24953960278833,601.1524588820861
2025-08-14 18:10:00,498.9174669473465,2025-08-14 16:10:00,448.5161420387586,597.5110398389438
2025-08-14 18:15:00,495.82521794219446,2025-08-14 16:15:00,445.7362762575504,593.8077160611368
2025-08-14 18:20:00,492.64682268609846,2025-08-14 16:20:00,442.87896683749574,590.0012222414096
2025-08-14 18:25:00,489.34266850518475,2025-08-14 16:25:00,439.908602831216,586.0441176475263
2025-08-14 18:30:00,485.8696357394595,2025-08-14 16:30:00,436.7864205857472,581.8847615280857
2025-08-14 18:35:00,482.1830233268086,2025-08-14 16:35:00,433.4722348014101,577.4696192207937
2025-08-14 18:40:00,478.2386606553309,2025-08-14 16:40:00,429.92633704193236,572.7457913384853
2025-08-14 18:45:00,473.9951063740146,2025-08-14 16:45:00,426.11147241826325,567.6636470977628
2025-08-14 18:50:00,469.4158298476005,2025-08-14 16:50:00,421.99480066988235,562.1794368620516
2025-08-14 18:55:00,464.47127099694086,2025-08-14 16:55:00,417.54974791726846,556.2577590373018
2025-08-14 19:00:00,459.14067935999867,2025-08-14 17:00:00,412.7576599384411,549.873762559018
2025-08-14 19:05:00,453.41364308717186,2025-08-14 17:05:00,407.6091767030859,543.014978039988
2025-08-14 19:10:00,447.2912319471157,2025-08-14 17:10:00,402.1052599103653,535.6826866511949
2025-08-14 19:15:00,440.7866965037224,2025-08-14 17:15:00,396.2578215340837,527.8927574666524
2025-08-14 19:20:00,433.925685167075,2025-08-14 17:20:00,390.0899189468567,519.6759074068816
2025-08-14 19:25:00,426.74596290422016,2025-08-14 17:25:00,383.6355020471066,511.07736436271523
2025-08-14 19:30:00,419.2966379096239,2025-08-14 17:30:00,376.9387180523265,502.1559410442384
2025-08-14 19:35:00,411.6369246389518,2025-08-14 17:35:00,370.0527994928798,492.9825535714955
2025-08-14 19:40:00,403.83449264884797,2025-08-14 17:40:00,363.03857985424264,483.6382440202494
2025-08-14 19:45:00,395.96346899061984,2025-08-14 17:45:00,355.96269777161183,474.21178805870426
2025-08-14 19:50:00,388.10217772847227,2025-08-14 17:50:00,348.89556490509796,464.7969877606455
2025-08-14 19:55:00,380.330711280447,2025-08-14 17:55:00,341.90918262712535,455.4897630069307
2025-08-14 20:00:00,372.7284360769527,2025-08-14 18:00:00,335.0748996627487,446.3851642247415
2025-08-14 20:05:00,365.3715373208073,2025-08-14 18:05:00,328.46120488139456,437.57443195539366
2025-08-14 20:10:00,358.33070585839596,2025-08-14 18:10:00,322.13164784345844,429.14222661654924
2025-08-14 20:15:00,351.6690633837444,2025-08-14 18:15:00,316.1429736031004,421.1641436955029
2025-08-14 20:20:00,345.4404114233985,2025-08-14 18:20:00,310.5435485830673,413.7046167072166
2025-08-14 20:25:00,339.6878748660584,2025-08-14 18:25:00,305.3721411368185,406.81529266506885
2025-08-14 20:30:00,334.44299315247497,2025-08-14 18:30:00,300.65710454766196,400.53394367624657
2025-08-14 20:35:00,329.7252924900889,2025-08-14 18:35:00,296.4159924588555,394.8839546195823
2025-08-14 20:40:00,325.54235089630896,2025-08-14 18:40:00,292.65561734612436,389.87440104235947
2025-08-14 20:45:00,321.89034665208965,2025-08-14 18:45:00,289.3725435657083,385.5007059965414
2025-08-14 20:50:00,318.7550595483248,2025-08-14 18:50:00,286.5539874534749,381.74583914646604
2025-08-14 20:55:00,316.1132747921059,2025-08-14 18:55:00,284.1790794066473,378.58199810803313
2025-08-14 21:00:00,313.9345225038403,2025-08-14 19:00:00,282.22042765454466,375.9726916965371
2025-08-14 21:05:00,312.18307149337386,2025-08-14 19:05:00,280.6459106207139,373.8751277028491
2025-08-14 21:10:00,310.8200858849202,2025-08-14 19:10:00,279.4206156826586,372.2427956997713
2025-08-14 21:15:00,309.80584672711336,2025-08-14 19:15:00,278.5088363518055,371.0281276755498
2025-08-14 21:20:00,309.1019389795868,2025-08-14 19:20:00,277.8760383277084,370.18511720179606
2025-08-14 21:25:00,308.6733065371448,2025-08-14 19:25:00,277.49070692086667,369.67178056125056
2025-08-14 21:30:00,308.4900847380339,2025-08-14 19:30:00,277.3259944385047,369.45235138716737
2025-08-14 21:35:00,308.52913015939237,2025-08-14 19:35:00,277.36109543799296,369.4991127692845
2025-08-14 21:40:00,308.7751814303054,2025-08-14 19:40:00,277.5822902729801,369.79378746094545
2025-08-14 21:45:00,309.2216012420085,2025-08-14 19:45:00,277.9836121447114,370.32842652164516
2025-08-14 21:50:00,309.8706682117526,2025-08-14 19:50:00,278.5671094814065,371.1057588575721
2025-08-14 21:55:00,310.7334069784516,2025-08-14 19:55:00,279.34269319787705,372.1389877416073
2025-08-14 22:00:00,311.82896449832555,2025-08-14 20:00:00,280.3275759986375,373.45104385563457
2025-08-14 22:05:00,313.1835600841368,2025-08-14 20:05:00,281.54532848561325,375.07332784178476
2025-08-14 22:10:00,314.8290543268429,2025-08-14 20:10:00,283.0245926492859,377.04399642154823
2025-08-14 22:15:00,316.8011979162154,2025-08-14 20:15:00,284.79750759584795,379.40586515708816
2025-08-14 22:20:00,319.1376342074006,2025-08-14 20:20:00,286.8979138972219,382.20401629500134
2025-08-14 22:25:00,321.8757391739531,2025-08-14 20:25:00,289.3594117549926,385.48321186168135
2025-08-14 22:30:00,325.0503883587403,2025-08-14 20:30:00,292.21335353698584,389.28521933023575
2025-08-14 22:35:00,328.691742805677,2025-08-14 20:35:00,295.48685337720707,393.6461600191312
2025-08-14 22:40:00,332.8231443802355,2025-08-14 20:40:00,299.20089511395264,398.59398849647573
2025-08-14 22:45:00,337.45920580577456,2025-08-14 20:45:00,303.36861527328097,404.14620517888625
2025-08-14 22:50:00,342.6041722108607,2025-08-14 20:50:00,307.9938301350645,410.30789409599106
2025-08-14 22:55:00,348.25061949488577,2025-08-14 20:55:00,313.0698655914929,417.07016403357505
2025-08-14 23:00:00,354.3785412572569,2025-08-14 21:00:00,318.57873631592497,424.40905502628607
2025-08-14 23:05:00,360.95486033932775,2025-08-14 21:05:00,324.4907066495224,432.2849533729269
2025-08-14 23:10:00,367.9333845427536,2025-08-14 21:10:00,330.76425079299685,440.6425386040935
2025-08-14 23:15:00,375.2552092653586,2025-08-14 21:15:00,337.3464147676516,449.41126568492734
2025-08-14 23:20:00,382.84955319027574,2025-08-14 21:20:00,344.17356768206093,458.50636584896046
2025-08-14 23:25:00,390.63499771664624,2025-08-14 21:25:00,351.1725159537858,467.83033095890715
2025-08-14 23:30:00,398.52108680035997,2025-08-14 21:30:00,358.2619415320138,477.27482949992464
2025-08-14 23:35:00,406.41023210981626,2025-08-14 21:35:00,365.3541145918797,486.7229882227204
2025-08-14 23:40:00,414.1998590257907,2025-08-14 21:40:00,372.35682274249024,496.05196222517304
2025-08-14 23:45:00,421.784722500272,2025-08-14 21:45:00,379.1754529345337,505.1357084596019
2025-08-14 23:50:00,429.0593177194873,2025-08-14 21:50:00,385.7151585948296,513.8478727789551
2025-08-14 23:55:00,435.92031021216457,2025-08-14 21:55:00,391.8830442417301,522.0647002709046
2025-08-15 00:00:00,442.2689114728303,2025-08-14 22:00:00,397.59030111970327,529.6678803399311
2025-08-15 00:05:00,448.01313094303987,2025-08-14 22:05:00,402.75423168233925,536.5472437138139
2025-08-15 00:10:00,453.06984183810215,2025-08-14 22:10:00,407.30010672643357,542.6032365086953
2025-08-15 00:15:00,457.36660684217725,2025-08-14 22:15:00,411.16280665286905,547.7491067089051
2025-08-15 00:20:00,460.8432197298919,2025-08-14 22:20:00,414.2882073515072,551.9127504361252
2025-08-15 00:25:00,463.45292970912544,2025-08-14 22:25:00,416.634280859191,555.0381782406693
2025-08-15 00:30:00,465.1633267751836,2025-08-14 22:30:00,418.1718912742294,557.0865754149171
2025-08-15 00:35:00,465.9568773967809,2025-08-14 22:35:00,418.885276326649,558.0369435388808
2025-08-15 00:40:00,465.83111090080877,2025-08-14 22:40:00,418.77221493411787,557.8863236973967
2025-08-15 00:45:00,464.79846670608356,2025-08-14 22:45:00,417.84388986834955,556.6496135249726
2025-08-15 00:50:00,462.8858215019453,2025-08-14 22:50:00,416.1244626987661,554.3590009477861
2025-08-15 00:55:00,460.13372286750354,2025-08-14 22:55:00,413.6503848325762,551.0630463546024
2025-08-15 01:00:00,456.5953617848355,2025-08-14 23:00:00,410.4694738260954,546.8254520631729
2025-08-15 01:05:00,452.33532092719446,2025-08-14 23:05:00,406.6397881225914,541.7235632514224
2025-08-15 01:10:00,447.428138330604,2025-08-14 23:10:00,402.22833582373903,535.8466477890144
2025-08-15 01:15:00,441.956727462909,2025-08-14 23:15:00,397.3096543654559,529.2940040883528
2025-08-15 01:20:00,436.01069479929225,2025-08-14 23:20:00,391.9642980542421,522.1729462077938
2025-08-15 01:25:00,429.68459472501723,2025-08-14 23:25:00,386.2772692620343,514.5967138970012
2025-08-15 01:30:00,423.0761598409783,2025-08-14 23:30:00,380.33642750871013,506.6823531843369
2025-08-15 01:35:00,416.28454181943897,2025-08-14 23:35:00,374.2309080289859,498.548609599314
2025-08-15 01:40:00,409.4085950019451,2025-08-14 23:40:00,368.0495787636156,490.31387258371933
2025-08-15 01:45:00,402.54523153236727,2025-08-14 23:45:00,361.879561659144,482.0942055742801
2025-08-15 01:50:00,395.7878733656393,2025-08-14 23:50:00,355.8048410568389,474.0014921051165
2025-08-15 01:55:00,389.22502330435924,2025-08-14 23:55:00,349.9049790851296,466.14172445974685
2025-08-15 02:00:00,382.93897395246506,2025-08-15 00:00:00,344.2539550365481,458.61345749465056
2025-08-15 02:05:00,377.0046708152938,2025-08-15 00:05:00,338.9191433189751,451.5064470708505
2025-08-15 02:10:00,371.4887429835208,2025-08-15 00:10:00,333.9604420612135,444.90048918646346
2025-08-15 02:15:00,366.4487125969507,2025-08-15 00:15:00,329.42956243782857,438.8644732186818
2025-08-15 02:20:00,361.9323919112266,2025-08-15 00:20:00,325.36948664500295,433.4556598418233
2025-08-15 02:25:00,357.9774746770908,2025-08-15 00:25:00,321.81410055922294,428.71919165700666
2025-08-15 02:30:00,354.6113261130755,2025-08-15 00:30:00,318.7880049272158,424.6878416602958
2025-08-15 02:35:00,351.8509735182461,2025-08-15 00:35:00,316.306506927006,421.3820020003813
2025-08-15 02:40:00,349.7032965082693,2025-08-15 00:40:00,314.3757911860761,418.80991180814743
2025-08-15 02:45:00,348.1654129621511,2025-08-15 00:45:00,312.99326673923684,416.9681194122735
2025-08-15 02:50:00,347.2252532310855,2025-08-15 00:50:00,312.148083230113,415.8421700203614
2025-08-15 02:55:00,346.86231111658117,2025-08-15 00:55:00,311.8218060244323,415.4075051016009
2025-08-15 03:00:00,347.0485561156888,2025-08-15 01:00:00,311.9892362989923,415.63055490533407
2025-08-15 03:05:00,347.74948671770477,2025-08-15 01:05:00,312.61935793289024,416.469999904981
2025-08-15 03:10:00,348.92530024753034,2025-08-15 01:10:00,313.6763891717064,417.8781718199902
2025-08-15 03:15:00,350.5321501471583,2025-08-15 01:15:00,315.1209128966946,419.80255935499935
2025-08-15 03:20:00,352.52345765271593,2025-08-15 01:20:00,316.9110557944172,422.1873790839314
2025-08-15 03:25:00,354.85124132320766,2025-08-15 01:25:00,319.0036835746748,424.9751677135534
2025-08-15 03:30:00,357.46742535462613,2025-08-15 01:30:00,321.3555771169369,428.1083489400745
2025-08-15 03:35:00,360.3250860483957,2025-08-15 01:35:00,323.9245530188381,431.530726238445
2025-08-15 03:40:00,363.37959585905054,2025-08-15 01:40:00,326.67049207059523,435.1888529910112
2025-08-15 03:45:00,366.5896256271086,2025-08-15 01:45:00,329.5562402409452,439.03323277663367
2025-08-15 03:50:00,369.91796875591456,2025-08-15 01:50:00,332.54834959451654,443.01930641723345
2025-08-15 03:55:00,373.33215586371756,2025-08-15 01:55:00,335.617630850913,447.1081880943373
2025-08-15 04:00:00,376.80483451721045,2025-08-15 02:00:00,338.7394947570515,451.2671201236584
2025-08-15 04:05:00,380.31389681530715,2025-08-15 02:05:00,341.89406678225197,455.469625751341
2025-08-15 04:10:00,383.84234656742393,2025-08-15 02:10:00,345.06606771435014,459.69535008467903
2025-08-15 04:15:00,387.3779080314225,2025-08-15 02:15:00,348.2444619234687,463.929591510809
2025-08-15 04:20:00,390.91238895982707,2025-08-15 02:20:00,351.42188475417686,468.16253887130864
2025-08-15 04:25:00,394.4408216782077,2025-08-15 02:25:00,354.5938703733102,472.38824280478883
2025-08-15 04:30:00,397.9604166171699,2025-08-15 02:30:00,357.7579110175899,476.60336248111224
2025-08-15 04:35:00,401.46937264148744,2025-08-15 02:35:00,360.9123875049337,480.8057408337233
2025-08-15 04:40:00,404.9655969863375,2025-08-15 02:40:00,364.05541848448377,484.99287153608867
2025-08-15 04:45:00,408.4453945144045,2025-08-15 02:45:00,367.18368210675,489.16032923634936
2025-08-15 04:50:00,411.90219053880435,2025-08-15 02:50:00,370.29126786871007,493.30023999090366
2025-08-15 04:55:00,415.3253533790363,2025-08-15 02:55:00,373.3686181167688,497.3998711397583
2025-08-15 05:00:00,418.6991820918686,2025-08-15 03:00:00,376.4016180384549,501.44041899785856
2025-08-15 05:05:00,422.0021209098544,2025-08-15 03:05:00,379.370889459432,505.39606805487466
2025-08-15 05:10:00,425.20625516994994,2025-08-15 03:10:00,382.2513376940975,509.23338729175623
2025-08-15 05:15:00,428.2771338745333,2025-08-15 03:15:00,385.01199203172985,512.9111176771479
2025-08-15 05:20:00,431.1739517825599,2025-08-15 03:20:00,387.6161694325463,516.3803902424872
2025-08-15 05:25:00,433.8501095633626,2025-08-15 03:25:00,390.0219780940003,519.585396930596
2025-08-15 05:30:00,436.2541544676478,2025-08-15 03:30:00,392.18316309390684,522.46451715737
2025-08-15 05:35:00,438.3310869146253,2025-08-15 03:35:00,394.0502809843529,524.9518826001191
2025-08-15 05:40:00,440.02400105759193,2025-08-15 03:40:00,395.5721746251029,526.9793419635107
2025-08-15 05:45:00,441.27601045845347,2025-08-15 03:45:00,396.6977043238455,528.4787671962534
2025-08-15 05:50:00,442.0323943335531,2025-08-15 03:50:00,397.3776772653337,529.3846238672845
2025-08-15 05:55:00,442.24288621751333,2025-08-15 03:55:00,397.56690497127465,529.6367121039067
2025-08-15 06:00:00,441.8640159166365,2025-08-15 04:00:00,397.2263086663947,529.1829713502984
2025-08-15 06:05:00,440.8614080159451,2025-08-15 04:05:00,396.32498558715446,527.9822330940126
2025-08-15 06:10:00,439.21193644983657,2025-08-15 04:10:00,394.8421458947296,526.0068012121012
2025-08-15 06:15:00,436.9056350698803,2025-08-15 04:15:00,392.768830234635,523.2447400957581
2025-08-15 06:20:00,433.94726882103845,2025-08-15 04:20:00,390.1093221905756,519.7017563145218
2025-08-15 06:25:00,430.35747940230567,2025-08-15 04:25:00,386.8821782088807,515.4025706766371
2025-08-15 06:30:00,426.17343239926674,2025-08-15 04:30:00,383.1208093568459,510.3916932447098
2025-08-15 06:35:00,421.4489099298056,2025-08-15 04:35:00,378.87356460924565,504.7335342895973
2025-08-15 06:40:00,416.2538130785377,2025-08-15 04:40:00,374.20328354751985,498.51180839842357
2025-08-15 06:45:00,410.67306078521995,2025-08-15 04:45:00,369.18630648398283,491.8282157668275
2025-08-15 06:50:00,404.8048962599829,2025-08-15 04:50:00,363.91095196530495,484.800413936449
2025-08-15 06:55:00,398.758636329057,2025-08-15 04:55:00,358.475493482412,477.5593223776214
2025-08-15 07:00:00,392.6519235424947,2025-08-15 05:00:00,352.98568917404384,470.24583157237424
2025-08-15 07:05:00,386.60756355945307,2025-08-15 05:05:00,347.5519387037012,463.00701541962314
2025-08-15 07:10:00,380.7500501314451,2025-08-15 05:10:00,342.28615929384216,455.9919695030027
2025-08-15 07:15:00,375.2018967555718,2025-08-15 05:15:00,337.298487960522,449.347417823769
2025-08-15 07:20:00,370.0799062831417,2025-08-15 05:20:00,332.6939279712521,443.2132452281444
2025-08-15 07:25:00,365.4915167970335,2025-08-15 05:25:00,328.5690638668297,437.7181211752518
2025-08-15 07:30:00,361.53136376147074,2025-08-15 05:30:00,325.0089709074442,432.9753825161337
2025-08-15 07:35:00,358.27819450724974,2025-08-15 05:35:00,322.08444126082776,429.07933823499246
2025-08-15 07:40:00,355.7922610650581,2025-08-15 05:40:00,319.84964021511774,426.10214706727754
2025-08-15 07:45:00,354.11330220626274,2025-08-15 05:45:00,318.34029207664463,424.09140076147327
2025-08-15 07:50:00,353.25920509418836,2025-08-15 05:50:00,317.5724770230288,423.06852125260076
2025-08-15 07:55:00,353.22541223536246,2025-08-15 05:55:00,317.5420979650219,423.02805041813644
2025-08-15 08:00:00,353.98511147980366,2025-08-15 06:00:00,318.22505135270615,423.937877625206
2025-08-15 08:05:00,355.4902163705064,2025-08-15 06:05:00,319.5781084887332,425.7404138118282
2025-08-15 08:10:00,357.67311276680374,2025-08-15 06:10:00,321.54048570540607,428.3546832692452
2025-08-15 08:15:00,360.4491164823559,2025-08-15 06:15:00,324.03605372871624,431.6792669460308
2025-08-15 08:20:00,363.7195570054362,2025-08-15 06:20:00,326.9761098769889,435.5959955577459
2025-08-15 08:25:00,367.3753756409329,2025-08-15 06:25:00,330.26261271365837,439.97425877575574
2025-08-15 08:30:00,371.3011035591423,2025-08-15 06:30:00,333.7917582281307,444.67576939811613
2025-08-15 08:35:00,375.37906756072164,2025-08-15 06:35:00,337.45776072860906,449.5596002367478
2025-08-15 08:40:00,379.49365977571097,2025-08-15 06:40:00,341.15669121028026,454.4872975730108
2025-08-15 08:45:00,383.5355020482208,2025-08-15 06:45:00,344.79022104816545,459.3278684872522
2025-08-15 08:50:00,387.4053378109362,2025-08-15 06:50:00,348.26912070913863,463.9624418260727
2025-08-15 08:55:00,391.0174927477905,2025-08-15 06:55:00,351.5163708137239,468.2884127438377
2025-08-15 09:00:00,394.30276111722856,2025-08-15 07:00:00,354.4697568790344,472.22289940669907
2025-08-15 09:05:00,397.21059642326543,2025-08-15 07:05:00,357.083838685245,475.70536657310487
2025-08-15 09:10:00,399.71051201569907,2025-08-15 07:10:00,359.33120938525536,478.6993029736163
2025-08-15 09:15:00,401.79262913652235,2025-08-15 07:15:00,361.20298818670403,481.19287765950895
2025-08-15 09:20:00,403.4673441649012,2025-08-15 07:20:00,362.7085212123138,483.1985414903689
2025-08-15 09:25:00,404.764123727428,2025-08-15 07:25:00,363.8742983297556,484.7515841400644
2025-08-15 09:30:00,405.729472517293,2025-08-15 07:30:00,364.74212626450645,485.90770032651244
2025-08-15 09:35:00,406.4241543898788,2025-08-15 07:35:00,365.3666304241681,486.73966175409225
2025-08-15 09:40:00,406.91977955313337,2025-08-15 07:40:00,365.81218685553614,487.3332298816596
2025-08-15 09:45:00,407.2948990474824,2025-08-15 07:45:00,366.14941126549394,487.7824786131256
2025-08-15 09:50:00,407.6307704021015,2025-08-15 07:50:00,366.4513524364792,488.1847231839131
2025-08-15 09:55:00,408.00697461268396,2025-08-15 07:55:00,366.78955198315293,488.6352709878059
2025-08-15 10:00:00,408.4970733871354,2025-08-15 08:00:00,367.23014030907353,489.2222206292727
2025-08-15 10:05:00,409.1644966680445,2025-08-15 08:05:00,367.8301395772727,490.0215367587094
2025-08-15 10:10:00,410.05884350972514,2025-08-15 08:10:00,368.63413827775815,491.0926199473156
2025-08-15 10:15:00,411.2127646100312,2025-08-15 08:15:00,369.6714886902283,492.47457316044836
2025-08-15 10:20:00,412.63957275409416,2025-08-15 08:20:00,370.95415872405204,494.1833399892107
2025-08-15 10:25:00,414.331698938934,2025-08-15 08:25:00,372.4753440072829,496.209855682134
2025-08-15 10:30:00,416.2600779785535,2025-08-15 08:30:00,374.2089155587672,498.51931133662663
2025-08-15 10:35:00,418.3745095459761,2025-08-15 08:35:00,376.1097443572214,501.0515862883318
2025-08-15 10:40:00,420.6050001823932,2025-08-15 08:40:00,378.1149077787798,503.7228553214067
2025-08-15 10:45:00,422.86405061471265,2025-08-15 08:45:00,380.1457458465956,506.42832799431727
2025-08-15 10:50:00,425.04981230411613,2025-08-15 08:50:00,382.11069890054597,509.04602896972415
2025-08-15 10:55:00,427.0499995774025,2025-08-15 08:55:00,383.908824519716,511.441483241643
2025-08-15 11:00:00,428.7464099502596,2025-08-15 09:00:00,385.4338611964309,513.4731297423785
2025-08-15 11:05:00,430.01987752490646,2025-08-15 09:05:00,386.5786813348935,514.9982536058185
2025-08-15 11:10:00,430.7554631418591,2025-08-15 09:10:00,387.2399570867196,515.8792019710164
2025-08-15 11:15:00,430.84767186591637,2025-08-15 09:15:00,387.32285075935357,515.989632521646
2025-08-15 11:20:00,430.2054835956281,2025-08-15 09:20:00,386.74553722648693,515.2205382193356
2025-08-15 11:25:00,428.7569864871152,2025-08-15 09:25:00,385.44336927706723,513.4857963615153
2025-08-15 11:30:00,426.45341562160854,2025-08-15 09:30:00,383.37250829111787,510.72700535022193
2025-08-15 11:35:00,423.2724201139306,2025-08-15 09:35:00,380.5128613004526,506.9173974302085
2025-08-15 11:40:00,419.22041027663465,2025-08-15 09:40:00,376.8701910390827,502.0646496879134
2025-08-15 11:45:00,414.33387093914973,2025-08-15 09:45:00,372.47729658906604,496.2124569021622
2025-08-15 11:50:00,408.67956688203293,2025-08-15 09:50:00,367.3941980615099,489.4407775753088
2025-08-15 11:55:00,402.3536090700103,2025-08-15 09:55:00,361.70729716002717,481.8647156399229
2025-08-15 12:00:00,395.47939542382557,2025-08-15 10:00:00,355.5275259786298,473.63205429627754
2025-08-15 12:05:00,388.204483969908,2025-08-15 10:05:00,348.9875360300938,464.9195112495028
2025-08-15 12:10:00,380.6964991213754,2025-08-15 10:10:00,342.2380180800544,455.9278360103291
2025-08-15 12:15:00,373.1382104506303,2025-08-15 10:15:00,335.4432780687259,446.8759161593522
2025-08-15 12:20:00,365.72195711456953,2025-08-15 10:20:00,328.77622478830204,437.99409995505727
2025-08-15 12:25:00,358.64361754014936,2025-08-15 10:25:00,322.41294875913417,429.51697433882526
2025-08-15 12:30:00,352.0963435271074,2025-08-15 10:30:00,316.5270893219658,421.6758608023933
2025-08-15 12:35:00,346.2642880533109,2025-08-15 10:35:00,311.28419606896347,414.6913037134864
2025-08-15 12:40:00,341.3165576438319,2025-08-15 10:40:00,306.83629215274004,408.76582758233593
2025-08-15 12:45:00,337.40161260555783,2025-08-15 10:45:00,303.31684021692365,404.07723069867876
2025-08-15 12:50:00,334.6423218264731,2025-08-15 10:50:00,300.8362967663797,400.7726626852223
2025-08-15 12:55:00,333.13185450132954,2025-08-15 10:55:00,299.4784189163735,398.96370436670236
2025-08-15 13:00:00,332.93055928377834,2025-08-15 11:00:00,299.2974588170222,398.72263019567856
2025-08-15 13:05:00,334.06394400707444,2025-08-15 11:05:00,300.3163474653767,400.0799887357549
2025-08-15 13:10:00,336.5218271686716,2025-08-15 11:10:00,302.52593190820386,403.0235864668072
2025-08-15 13:15:00,340.25868801212295,2025-08-15 11:15:00,305.8852899581343,407.49890704831665
2025-08-15 13:20:00,345.1951967241052,2025-08-15 11:20:00,310.32310580809065,413.41094390627217
2025-08-15 13:25:00,351.22086200558874,2025-08-15 11:25:00,315.7400501411964,420.6273710041044
2025-08-15 13:30:00,358.19769166299477,2025-08-15 11:30:00,322.01207092400773,428.9829268215475
2025-08-15 13:35:00,365.9647250049839,2025-08-15 11:35:00,328.99446793437943,438.2848424209977
2025-08-15 13:40:00,374.34326419690916,2025-08-15 11:40:00,336.5265956373356,448.31910659605194
2025-08-15 13:45:00,383.1426080415711,2025-08-15 11:45:00,344.43701773145085,458.85733273332056
2025-08-15 13:50:00,392.16607486958685,2025-08-15 11:50:00,352.54892159859577,469.6639719162476
2025-08-15 13:55:00,401.21709407420786,2025-08-15 11:55:00,360.68559446357636,480.50360823855357
2025-08-15 14:00:00,410.1051466505664,2025-08-15 12:00:00,368.6757638119802,491.14807328311707
2025-08-15 14:05:00,418.6513445891607,2025-08-15 12:05:00,376.35861314570064,501.3831280872774
2025-08-15 14:10:00,426.6934571473703,2025-08-15 12:10:00,383.5883004936288,511.01448268097164
2025-08-15 14:15:00,434.0902165813743,2025-08-15 12:15:00,390.2378291726446,519.8729526958463
2025-08-15 14:20:00,440.7247674239065,2025-08-15 12:20:00,396.20214861461466,527.8185902720189
2025-08-15 14:25:00,446.50715892792937,2025-08-15 12:25:00,401.4003950199981,534.7436690459982
2025-08-15 14:30:00,451.37581988827924,2025-08-15 12:30:00,405.7772171909911,540.5744504192007
2025-08-15 14:35:00,455.2979952498199,2025-08-15 12:35:00,409.30316903292845,545.2717064464229
2025-08-15 14:40:00,458.2691649937251,2025-08-15 12:40:00,411.97418714546785,548.8300238853394
2025-08-15 14:45:00,460.3115043102933,2025-08-15 12:45:00,413.8102065508536,551.2759600763756
2025-08-15 14:50:00,461.4714796638713,2025-08-15 12:50:00,414.85299960764945,552.6651639540123
2025-08-15 14:55:00,461.8167061384503,2025-08-15 12:55:00,415.1633508315807,553.0786123567466
2025-08-15 15:00:00,461.4322162521201,2025-08-15 13:00:00,414.8177026394561,552.618141503332
2025-08-15 15:05:00,460.4163086031947,2025-08-15 13:05:00,413.9044233707394,551.4014752691273
2025-08-15 15:10:00,458.87615517962786,2025-08-15 13:10:00,412.51985835257597,549.5569644339835
2025-08-15 15:15:00,456.923349396699,2025-08-15 13:15:00,410.7643276808012,547.2182549454169
2025-08-15 15:20:00,454.6695721222461,2025-08-15 13:20:00,408.7382300692319,544.5190974854399
2025-08-15 15:25:00,452.2225411948681,2025-08-15 13:25:00,406.5384015530799,541.5884965528212
2025-08-15 15:30:00,449.68239153015253,2025-08-15 13:30:00,404.2548612817999,538.5463752240225
2025-08-15 15:35:00,447.13860898003594,2025-08-15 13:35:00,401.968055124171,535.4999030971912
2025-08-15 15:40:00,444.6676126105401,2025-08-15 13:40:00,399.74668218764276,532.5406007917229
2025-08-15 15:45:00,442.33104875763667,2025-08-15 13:45:00,397.6461612110098,529.742296883983
2025-08-15 15:50:00,440.1748269057383,2025-08-15 13:50:00,395.70776383977653,527.1599732609315
2025-08-15 15:55:00,438.22889435613916,2025-08-15 13:55:00,393.95841205789964,524.8294952596668
2025-08-15 16:00:00,436.5077145621776,2025-08-15 14:00:00,392.4111082008788,522.7681845287915
2025-08-15 16:05:00,435.01138472665116,2025-08-15 14:05:00,391.0659396519519,520.9761574798331
2025-08-15 16:10:00,433.72730288156794,2025-08-15 14:10:00,389.9115775111702,519.4383218069541
2025-08-15 16:15:00,432.6322740793335,2025-08-15 14:15:00,388.92717001627017,518.1268988931004
2025-08-15 16:20:00,431.6949305451114,2025-08-15 14:20:00,388.0845182079328,517.0043222207577
2025-08-15 16:25:00,430.8783319356535,2025-08-15 14:25:00,387.3504135069103,516.0263514809204
2025-08-15 16:30:00,430.14260964030825,2025-08-15 14:30:00,386.68901488412973,515.14523942763
2025-08-15 16:35:00,429.44752306321743,2025-08-15 14:35:00,386.0641469037658,514.3127933198664
2025-08-15 16:40:00,428.754805969772,2025-08-15 14:40:00,385.44140903856845,513.4831849412475
2025-08-15 16:45:00,428.03019627620233,2025-08-15 14:45:00,384.79000040733274,512.6153815064805
2025-08-15 16:50:00,427.24506267490494,2025-08-15 14:50:00,384.08418207630996,511.67509373224385
2025-08-15 16:55:00,426.3775647101307,2025-08-15 14:55:00,383.30431994246305,510.636165161228
2025-08-15 17:00:00,425.4133087345271,2025-08-15 15:00:00,382.4374744243823,509.4813577455265
2025-08-15 17:05:00,424.34548876814256,2025-08-15 15:05:00,381.4775270915195,508.2025205414914
2025-08-15 17:10:00,423.1745278049944,2025-08-15 15:10:00,380.42485820645794,506.80016013310086
2025-08-15 17:15:00,421.9072600877549,2025-08-15 15:15:00,379.2856116073275,505.2824613118607
2025-08-15 17:20:00,420.5557172580039,2025-08-15 15:20:00,378.07060348281937,503.6638333521452
2025-08-15 17:25:00,419.1356001018685,2025-08-15 15:25:00,376.7939485041711,501.9630797508584
2025-08-15 17:30:00,417.66453184703175,2025-08-15 15:30:00,375.471489576501,500.20130634973935
2025-08-15 17:35:00,416.1601983656064,2025-08-15 15:35:00,374.119125920931,498.3996940144353
2025-08-15 17:40:00,414.63848454978455,2025-08-15 15:40:00,372.75113771611734,496.5772667300344
2025-08-15 17:45:00,413.1117145458504,2025-08-15 15:45:00,371.3786041062301,494.7487840789312
2025-08-15 17:50:00,411.5870967866474,2025-08-15 15:50:00,370.0080053183675,492.9228789883915
2025-08-15 17:55:00,410.06546297845836,2025-08-15 15:55:00,368.6400890387061,491.10054752233145
2025-08-15 18:00:00,408.54037427658807,2025-08-15 16:00:00,367.2690668834486,489.27407842379154
2025-08-15 18:05:00,406.997648461127,2025-08-15 16:05:00,365.8821893399386,487.42648685354135
2025-08-15 18:10:00,405.4153401089096,2025-08-15 16:10:00,364.4597279416746,485.5314906437192
2025-08-15 18:15:00,403.7641825174448,2025-08-15 16:15:00,362.97537254848095,483.5540395525586
2025-08-15 18:20:00,402.0084766782601,2025-08-15 16:20:00,361.3970305145486,481.45137991219514
2025-08-15 18:25:00,400.1073899465585,2025-08-15 16:25:00,359.68799416470705,479.1746099349217
2025-08-15 18:30:00,398.0166065225827,2025-08-15 16:30:00,357.8084245419038,476.6706563544197
2025-08-15 18:35:00,395.6902539656553,2025-08-15 16:35:00,355.7170833021608,473.8845816478623
2025-08-15 18:40:00,393.0830159815226,2025-08-15 16:40:00,353.3732320652516,470.7621143417194
2025-08-15 18:45:00,390.1523321811378,2025-08-15 16:45:00,350.73860995084334,467.25228347586227
2025-08-15 18:50:00,386.86058034905574,2025-08-15 16:50:00,347.7793953911529,463.31003212091684
2025-08-15 18:55:00,383.17713720468987,2025-08-15 16:55:00,344.46805871128385,458.89868537684714
2025-08-15 19:00:00,379.08021830075086,2025-08-15 17:00:00,340.78501615860785,453.99215386291485
2025-08-15 19:05:00,374.55840774552917,2025-08-15 17:05:00,336.7200050904101,448.5767657360238
2025-08-15 19:10:00,369.6118020753517,2025-08-15 17:10:00,332.2731122907856,442.65263660952667
2025-08-15 19:15:00,364.2527101390396,2025-08-15 17:15:00,327.4554031518121,436.23450774534666
2025-08-15 19:20:00,358.50587084009015,2025-08-15 17:20:00,322.2891174191189,429.35200682527966
2025-08-15 19:25:00,352.4081725942011,2025-08-15 17:25:00,316.80741699019546,422.04931196911866
2025-08-15 19:30:00,346.0078805905003,2025-08-15 17:30:00,311.0536912387489,414.38422629111466
2025-08-15 19:35:00,339.3634005149675,2025-08-15 17:35:00,305.08044562847675,406.42669731660845
2025-08-15 19:40:00,332.541627933329,2025-08-15 17:40:00,298.94781784355854,398.2568401782337
2025-08-15 19:45:00,325.61595127010236,2025-08-15 17:45:00,292.7217825094898,389.962545953675
2025-08-15 19:50:00,318.6639918429139,2025-08-15 17:50:00,286.472119532223,381.63677509687733
2025-08-15 19:55:00,311.7651757154401,2025-08-15 17:55:00,280.2702312458466,373.37464945271824
2025-08-15 20:00:00,304.99823978898695,2025-08-15 18:00:00,274.18690044220386,365.27046551488627
2025-08-15 20:05:00,298.4387770212668,2025-08-15 18:05:00,268.2900835750261,357.4147545430775
2025-08-15 20:10:00,292.15692367488776,2025-08-15 18:10:00,262.64283164574346,349.8915127771066
2025-08-15 20:15:00,286.21528488598346,2025-08-15 18:15:00,257.30142533400885,342.77571706679066
2025-08-15 20:20:00,280.6671839611092,2025-08-15 18:20:00,252.31380115301602,336.13122820365993
2025-08-15 20:25:00,275.5553061963689,2025-08-15 18:25:00,247.71833227187344,330.0091667384078
2025-08-15 20:30:00,270.9107903600044,2025-08-15 18:30:00,243.5430117778648,324.44682492681625
2025-08-15 20:35:00,266.7528010585202,2025-08-15 18:35:00,239.8050682427331,319.4671545890142
2025-08-15 20:40:00,263.08859401553025,2025-08-15 18:40:00,236.5110244069687,315.0788452884036
2025-08-15 20:45:00,259.9140646642228,2025-08-15 18:45:00,233.6571903527132,311.2769813342215
2025-08-15 20:50:00,257.21474947368785,2025-08-15 18:50:00,231.23056367473177,308.04424098496486
2025-08-15 20:55:00,254.96722997804122,2025-08-15 18:55:00,229.21009167259456,305.3525779347237
2025-08-15 21:00:00,253.14087227350277,2025-08-15 19:00:00,227.56823512138106,303.1653045609658
2025-08-15 21:05:00,251.69982081544202,2025-08-15 19:05:00,226.272760652621,301.4394797257769
2025-08-15 21:10:00,250.6051550252341,2025-08-15 19:10:00,225.28867949777603,300.1284915605694
2025-08-15 21:15:00,249.81711081227627,2025-08-15 19:15:00,224.58024458906374,299.1847179941627
2025-08-15 21:20:00,249.2972674587281,2025-08-15 19:20:00,224.11291652211008,298.5621457987404
2025-08-15 21:25:00,249.01060252581235,2025-08-15 19:25:00,223.8552108728053,298.21883157645055
2025-08-15 21:30:00,248.92732417418645,2025-08-15 19:30:00,223.78034541416514,298.1190961737586
2025-08-15 21:35:00,249.02440075293106,2025-08-15 19:35:00,223.86761518414784,298.23535654015666
2025-08-15 21:40:00,249.28672138241888,2025-08-15 19:40:00,224.10343582485407,298.5495156596108
2025-08-15 21:45:00,249.70783766264273,2025-08-15 19:45:00,224.48201036246522,299.05385083157665
2025-08-15 21:50:00,250.2902552703768,2025-08-15 19:50:00,225.00559134686057,299.7513628921324
2025-08-15 21:55:00,251.04526366187412,2025-08-15 19:55:00,225.68432775798126,300.6555722633756
2025-08-15 22:00:00,251.9923120229389,2025-08-15 20:00:00,226.5357039982798,301.7897715818719
2025-08-15 22:05:00,253.15795889433826,2025-08-15 20:05:00,227.58359562840943,303.1857677542976
2025-08-15 22:10:00,254.5744406466641,2025-08-15 20:10:00,228.8569824567133,304.88216754146805
2025-08-15 22:15:00,256.27791981912253,2025-08-15 20:15:00,230.3883738332254,306.92227974260504
2025-08-15 22:20:00,258.30648719984276,2025-08-15 20:20:00,232.2120125625592,309.3517224567552
2025-08-15 22:25:00,260.69800122187553,2025-08-15 20:25:00,234.3619325670776,312.21583551103924
2025-08-15 22:30:00,263.4878543709857,2025-08-15 20:30:00,236.8699509352251,315.5570054771305
2025-08-15 22:35:00,266.706758495233,2025-08-15 20:35:00,239.76367696216414,319.41201332479886
2025-08-15 22:40:00,270.3786395116658,2025-08-15 20:40:00,243.06461953607814,323.80951309107826
2025-08-15 22:45:00,274.5187268046847,2025-08-15 20:45:00,246.7864695481253,328.76774371509606
2025-08-15 22:50:00,279.1319140472299,2025-08-15 20:50:00,250.9336263057121,334.2925659329476
2025-08-15 22:55:00,284.2114569067134,2025-08-15 20:55:00,255.50002679795324,340.3759026307922
2025-08-15 23:00:00,289.73805921238056,2025-08-15 21:00:00,260.4683241796561,346.994644425182
2025-08-15 23:05:00,295.67938373718994,2025-08-15 21:05:00,265.80944797468453,354.11006376810536
2025-08-15 23:10:00,301.99000713423,2025-08-15 21:10:00,271.4825635647599,361.66776097816376
2025-08-15 23:15:00,308.61182175118165,2025-08-15 21:15:00,277.4354334120777,369.59814545959756
2025-08-15 23:20:00,315.4748705037241,2025-08-15 21:20:00,283.60516759265937,377.8174355591959
2025-08-15 23:25:00,322.498585431801,2025-08-15 21:25:00,289.91933723197076,386.22914187985367
2025-08-15 23:30:00,329.5933866817274,2025-08-15 21:30:00,296.29741195566965,394.72598224551984
2025-08-15 23:35:00,336.6625867227606,2025-08-15 21:35:00,302.65247173961393,403.19216221951746
2025-08-15 23:40:00,343.60453549487545,2025-08-15 21:40:00,308.8931353518748,411.5059441656861
2025-08-15 23:45:00,350.3149352390465,2025-08-15 21:45:00,314.9256413356974,419.54241952383944
2025-08-15 23:50:00,356.68925028062364,2025-08-15 21:50:00,320.6560143532641,427.1763948024715
2025-08-15 23:55:00,362.62513613096536,2025-08-15 21:55:00,325.99224889615834,434.2853007072978
2025-08-16 00:00:00,368.02481412260886,2025-08-15 22:00:00,330.8464440316418,440.7520360399432
2025-08-16 00:05:00,372.7973223759102,2025-08-15 22:05:00,335.1368269735658,446.46766348934455
2025-08-16 00:10:00,376.86058060422374,2025-08-15 22:10:00,338.7896092981076,451.3338824733954
2025-08-16 00:15:00,380.1432148050478,2025-08-15 22:15:00,341.74062730212046,455.26521441642456
2025-08-16 00:20:00,382.58609779153824,2025-08-15 22:20:00,343.93672690804675,458.19084771283667
2025-08-16 00:25:00,384.1435725082765,2025-08-15 22:25:00,345.3368633986541,460.0561027884209
2025-08-16 00:30:00,384.7843362942773,2025-08-15 22:30:00,345.9128963505843,460.82349110698794
2025-08-16 00:35:00,384.4919755093009,2025-08-15 22:35:00,345.6500702519845,460.4733554468592
2025-08-16 00:40:00,383.2651508127645,2025-08-15 22:40:00,344.5471810642896,459.00409179366875
2025-08-16 00:45:00,381.1174433169165,2025-08-15 22:45:00,342.61643791721286,456.4319650910984
2025-08-16 00:50:00,378.07688065600195,2025-08-15 22:50:00,339.88303705505297,452.7905416542031
2025-08-16 00:55:00,374.18516950463527,2025-08-15 22:55:00,336.3844718871103,448.1297700219056
2025-08-16 01:00:00,369.4966669682438,2025-08-15 23:00:00,332.1696082896745,442.51474907876747
2025-08-16 01:05:00,364.07712777140625,2025-08-15 23:05:00,327.297558355111,436.02422766895666
2025-08-16 01:10:00,358.00226679495483,2025-08-15 23:10:00,321.8363881434308,428.7488830691261
2025-08-16 01:15:00,351.35617805630363,2025-08-15 23:15:00,315.86169637938866,420.7894275355469
2025-08-16 01:20:00,344.2296511241384,2025-08-15 23:20:00,309.45510094526367,412.254592017095
2025-08-16 01:25:00,336.71842494800273,2025-08-15 23:25:00,302.70266911096905,403.25903491537906
2025-08-16 01:30:00,328.9214170165943,2025-08-15 23:30:00,295.69332558519915,393.9212212981621
2025-08-16 01:35:00,320.93896309336776,2025-08-15 23:35:00,288.51727007534953,384.3613147803233
2025-08-16 01:40:00,312.87109976892435,2025-08-15 23:40:00,281.2644333388132,374.6991206828466
2025-08-16 01:45:00,304.8159183868289,2025-08-15 23:45:00,274.0229973974631,365.0521146696956
2025-08-16 01:50:00,296.8680160533787,2025-08-15 23:50:00,266.8780030285324,355.5335876538848
2025-08-16 01:55:00,289.1170655306955,2025-08-15 23:55:00,259.910064129063,346.2509330800023
2025-08-16 02:00:00,281.646523107534,2025-08-16 00:00:00,253.19420611937161,337.3040994509138
2025-08-16 02:05:00,274.5324906388335,2025-08-16 00:05:00,246.7988429409228,328.7842274892656
2025-08-16 02:10:00,267.8427451677422,2025-08-16 00:10:00,240.78490470726342,320.7724879982698
2025-08-16 02:15:00,261.635947329519,2025-08-16 00:15:00,235.20512607604513,313.3391338343471
2025-08-16 02:20:00,255.96103737819584,2025-08-16 00:20:00,230.10350328989912,306.54277657960034
2025-08-16 02:25:00,250.85682553243342,2025-08-16 00:25:00,225.51492590611412,300.4298959338689
2025-08-16 02:30:00,246.35178093673815,2025-08-16 00:30:00,221.46498707727966,295.0345869715175
2025-08-16 02:35:00,242.46402129288677,2025-08-16 00:35:00,217.96997423015833,290.3785477238744
2025-08-16 02:40:00,239.20150207171366,2025-08-16 00:40:00,215.03703916303974,286.4713057821057
2025-08-16 02:45:00,236.56240153026562,2025-08-16 00:45:00,212.66454416793547,283.31067939953294
2025-08-16 02:50:00,234.53569394968628,2025-08-16 00:50:00,210.84257735918854,280.88346400991975
2025-08-16 02:55:00,233.10189969780518,2025-08-16 00:55:00,209.55362696371378,279.16633051367563
2025-08-16 03:00:00,232.23399653554904,2025-08-16 01:00:00,208.77340056598885,278.12691667207946
2025-08-16 03:05:00,231.89847204508186,2025-08-16 01:05:00,208.47177121846445,277.72508751100173
2025-08-16 03:10:00,232.05649259365745,2025-08-16 01:10:00,208.61382831508934,277.9143352895432
2025-08-16 03:15:00,232.66515975798765,2025-08-16 01:15:00,209.16100708997047,278.64328421269875
2025-08-16 03:20:00,233.67882117554416,2025-08-16 01:20:00,210.0722670446835,279.85726032653304
2025-08-16 03:25:00,235.05039927902294,2025-08-16 01:25:00,211.3052864521641,281.4998828305001
2025-08-16 03:30:00,236.73269880576473,2025-08-16 01:30:00,212.81763777973848,283.5146299703314
2025-08-16 03:35:00,238.67965253969334,2025-08-16 01:35:00,214.56790758450714,285.8463309572619
2025-08-16 03:40:00,240.84746460011462,2025-08-16 01:40:00,216.5167243055458,288.44253518783944
2025-08-16 03:45:00,243.19561196330278,2025-08-16 01:45:00,218.6276586104111,291.2547116811946
2025-08-16 03:50:00,245.68766801092517,2025-08-16 01:50:00,220.867963747577,294.2392353729837
2025-08-16 03:55:00,248.29191644529408,2025-08-16 01:55:00,223.20912744312847,297.35812234950026
2025-08-16 04:00:00,250.98173048290357,2025-08-16 02:00:00,225.62721278764823,300.57948397554065
2025-08-16 04:05:00,253.73569977217184,2025-08-16 02:05:00,228.10297233255545,303.8776788929955
2025-08-16 04:10:00,256.5374970468627,2025-08-16 02:10:00,230.62172821438085,307.233153322988
2025-08-16 04:15:00,259.3754863076423,2025-08-16 02:15:00,233.17301991835845,310.6319718182305
2025-08-16 04:20:00,262.2420853462974,2025-08-16 02:20:00,235.75003120131942,314.0650538124693
2025-08-16 04:25:00,265.1329063560794,2025-08-16 02:25:00,238.34881751875423,317.5271444025455
2025-08-16 04:30:00,268.0457090179447,2025-08-16 02:30:00,240.9673648717134,321.0155605487785
2025-08-16 04:35:00,270.9792104080411,2025-08-16 02:35:00,243.6045199390669,324.5287658023249
2025-08-16 04:40:00,273.9318045170455,2025-08-16 02:40:00,246.25883895275012,328.06483678233684
2025-08-16 04:45:00,276.9002512018816,2025-08-16 02:45:00,248.92740909337206,331.61989304487906
2025-08-16 04:50:00,279.8783986252497,2025-08-16 02:50:00,251.60469999065128,335.1865670573528
2025-08-16 04:55:00,282.8560055653177,2025-08-16 02:55:00,254.28150500499257,338.75259377892166
2025-08-16 05:00:00,285.81772885513607,2025-08-16 03:00:00,256.9440309571575,342.29959800277135
2025-08-16 05:05:00,288.74233760005194,2025-08-16 03:05:00,259.57319172650955,345.80215329110155
2025-08-16 05:10:00,291.60220891201095,2025-08-16 03:10:00,262.1441549269272,349.2271780589647
2025-08-16 05:15:00,294.36315029895,2025-08-16 03:15:00,264.62618223866235,352.5337228651389
2025-08-16 05:20:00,296.98458162757174,2025-08-16 03:20:00,266.98279298898717,355.6731883334755
2025-08-16 05:25:00,299.4200951715958,2025-08-16 03:25:00,269.1722676236046,358.58999587508276
2025-08-16 05:30:00,301.61839623156334,2025-08-16 03:30:00,271.14849330375387,361.22271418870895
2025-08-16 05:35:00,303.5246096643395,2025-08-16 03:35:00,272.8621384483153,363.50562398006576
2025-08-16 05:40:00,305.08192046769165,2025-08-16 03:40:00,274.262127584291,365.3706827505208
2025-08-16 05:45:00,306.2334994715237,2025-08-16 03:45:00,275.29737250207637,366.74983103379594
2025-08-16 05:50:00,306.9246496483501,2025-08-16 03:50:00,275.9187017427147,367.5775628495754
2025-08-16 05:55:00,307.1050948883451,2025-08-16 03:55:00,276.08091815776027,367.79366677482597
2025-08-16 06:00:00,306.7313220589534,2025-08-16 04:00:00,275.7449043708239,367.3460308295065
2025-08-16 06:05:00,305.7688796844917,2025-08-16 04:05:00,274.87968924141705,366.193395409728
2025-08-16 06:10:00,304.19453270957257,2025-08-16 04:10:00,273.46438495122743,364.30793386474164
2025-08-16 06:15:00,301.9981732828072,2025-08-16 04:15:00,271.4899047578386,361.6775408801538
2025-08-16 06:20:00,299.1843921919184,2025-08-16 04:20:00,268.9603756813185,358.30771445218153
2025-08-16 06:25:00,295.7736248227107,2025-08-16 04:25:00,265.89416869684715,354.22292830529943
2025-08-16 06:30:00,291.80279856841696,2025-08-16 04:30:00,262.3244807418852,349.46740723938086
2025-08-16 06:35:00,287.325425885407,2025-08-16 04:35:00,258.2994183712682,344.1052385746103
2025-08-16 06:40:00,282.4111070309164,2025-08-16 04:40:00,253.88155072904937,338.21977662273065
2025-08-16 06:45:00,277.14442943075295,2025-08-16 04:45:00,249.1469201035865,331.91232455330396
2025-08-16 06:50:00,271.6232744740372,2025-08-16 04:50:00,244.18351977219328,325.3001065857031
2025-08-16 06:55:00,265.9565673367247,2025-08-16 04:55:00,239.08927114056712,318.51357314401923
2025-08-16 07:00:00,260.261529606157,2025-08-16 05:00:00,233.9695539109658,311.69311055902693
2025-08-16 07:05:00,254.66051717120632,2025-08-16 05:05:00,228.93436341301455,304.9852540780041
2025-08-16 07:10:00,249.2775457205762,2025-08-16 05:10:00,224.0951871009208,298.5385267493961
2025-08-16 07:15:00,244.23462301896484,2025-08-16 05:15:00,219.56170734811613,292.49904690174986
2025-08-16 07:20:00,239.64801910161145,2025-08-16 05:20:00,215.4384484318507,287.0060612727732
2025-08-16 07:25:00,235.62461273889699,2025-08-16 05:25:00,211.82149208293754,282.1875694805549
2025-08-16 07:30:00,232.25845429645062,2025-08-16 05:30:00,208.7953875704319,278.1562076532869
2025-08-16 07:35:00,229.62768082933098,2025-08-16 05:35:00,206.430378437218,275.00555389979695
2025-08-16 07:40:00,227.79190966375714,2025-08-16 05:40:00,204.78005938567821,272.80700682394536
2025-08-16 07:45:00,226.79022112836265,2025-08-16 05:45:00,203.8795627961952,271.6073696133254
2025-08-16 07:50:00,226.6398209489436,2025-08-16 05:50:00,203.74435624861187,271.4272481031556
2025-08-16 07:55:00,227.33544796609857,2025-08-16 05:55:00,204.36971007304552,272.2603414500441
2025-08-16 08:00:00,228.84956491572288,2025-08-16 06:00:00,205.7308688574756,274.07367061356945
2025-08-16 08:05:00,231.13333957887812,2025-08-16 06:05:00,207.78393348051145,276.8087533960765
2025-08-16 08:10:00,234.11839222485946,2025-08-16 06:10:00,210.46743202537084,280.38369720669783
2025-08-16 08:15:00,237.71925407925232,2025-08-16 06:15:00,213.70452989013103,284.69614335956373
2025-08-16 08:20:00,241.83645192396483,2025-08-16 06:20:00,217.40580277724692,289.62696123705535
2025-08-16 08:25:00,246.36010706175216,2025-08-16 06:25:00,221.47247208575664,295.0445584636871
2025-08-16 08:30:00,251.17391430546493,2025-08-16 06:30:00,225.7999819375938,300.8096462032964
2025-08-16 08:35:00,256.15934861894385,2025-08-16 06:35:00,230.2817808578653,306.78027709525895
2025-08-16 08:40:00,261.19993570298374,2025-08-16 06:40:00,234.81316094038013,312.8169597722783
2025-08-16 08:45:00,266.18541736197756,2025-08-16 06:45:00,239.29500242325787,318.7876473659395
2025-08-16 08:50:00,271.0156442746685,2025-08-16 06:50:00,243.6372732066549,324.57239954733507
2025-08-16 08:55:00,275.6040375989156,2025-08-16 06:55:00,247.7621407614822,330.0675281968403
2025-08-16 09:00:00,279.8804763109481,2025-08-16 07:00:00,251.60656778569864,335.1890553249008
2025-08-16 09:05:00,283.79348875813287,2025-08-16 07:05:00,255.12428236342092,339.8753377084896
2025-08-16 09:10:00,287.31165431991485,2025-08-16 07:10:00,258.2870380281582,344.088745541268
2025-08-16 09:15:00,290.42415236625857,2025-08-16 07:15:00,261.08510726472105,347.81631987444683
2025-08-16 09:20:00,293.1404305448225,2025-08-16 07:20:00,263.52698330647956,351.06937535253223
2025-08-16 09:25:00,295.4890008355862,2025-08-16 07:25:00,265.6382978141982,353.8820583502938
2025-08-16 09:30:00,297.5154084117038,2025-08-16 07:30:00,267.45999492534446,356.30891445006495
2025-08-16 09:35:00,299.2794537009608,2025-08-16 07:35:00,269.04583394669646,358.42156154088764
2025-08-16 09:40:00,300.85178059604016,2025-08-16 07:40:00,270.4593222282747,360.3046038079662
2025-08-16 09:45:00,302.30997193330353,2025-08-16 07:45:00,271.77020508219715,362.05095561950606
2025-08-16 09:50:00,303.7343161470184,2025-08-16 07:50:00,273.0506600952866,363.756771608336
2025-08-16 09:55:00,305.20342525584033,2025-08-16 07:55:00,274.371357792552,365.5161987068098
2025-08-16 10:00:00,306.7898931078447,2025-08-16 08:00:00,275.7975584922453,367.41617639594983
2025-08-16 10:05:00,308.5561839013369,2025-08-16 08:05:00,277.3854161739233,369.53151273631664
2025-08-16 10:10:00,310.550934043843,2025-08-16 08:10:00,279.1786539287011,371.92045541888155
2025-08-16 10:15:00,312.80583568894497,2025-08-16 08:15:00,281.2057623254587,374.6209594420081
2025-08-16 10:20:00,315.3332481563166,2025-08-16 08:20:00,283.4778521284918,377.64782651226943
2025-08-16 10:25:00,318.1246550280712,2025-08-16 08:25:00,285.9872672600971,380.99085723989816
2025-08-16 10:30:00,321.15005073014925,2025-08-16 08:30:00,288.7070333503469,384.6141164994577
2025-08-16 10:35:00,324.3583025327418,2025-08-16 08:35:00,291.5911831677345,388.45636696697744
2025-08-16 10:40:00,327.67849350648777,2025-08-16 08:40:00,294.57596390810016,392.43267746443337
2025-08-16 10:45:00,331.02221077896434,2025-08-16 08:45:00,297.58189428832037,396.4371634100332
2025-08-16 10:50:00,334.28670302517264,2025-08-16 08:50:00,300.51660306278654,400.34676827617017
2025-08-16 10:55:00,337.35879349372823,2025-08-16 08:55:00,303.27834675033716,404.0259498882657
2025-08-16 11:00:00,340.119401256421,2025-08-16 09:00:00,305.7600741410037,407.3320951410397
2025-08-16 11:05:00,342.44849547557095,2025-08-16 09:05:00,307.8538800765016,410.12145330338694
2025-08-16 11:10:00,344.2302864457971,2025-08-16 09:10:00,309.4556720858595,412.2553528878403
2025-08-16 11:15:00,345.3584439359863,2025-08-16 09:15:00,310.4698615633451,413.6064512151638
2025-08-16 11:20:00,345.74112862532456,2025-08-16 09:20:00,310.81388692194696,414.0647601375914
2025-08-16 11:25:00,345.30562638085655,2025-08-16 09:25:00,310.4223797098761,413.54319611912473
2025-08-16 11:30:00,344.0023877045414,2025-08-16 09:30:00,309.25079598715536,411.9824179378998
2025-08-16 11:35:00,341.80829565183933,2025-08-16 09:35:00,307.27835411460075,409.3547403944902
2025-08-16 11:40:00,338.72901374685773,2025-08-16 09:40:00,304.51014547936796,405.666946210293
2025-08-16 11:45:00,334.80030006223166,2025-08-16 09:45:00,300.9783158246862,400.9618597892996
2025-08-16 11:50:00,330.08821336719075,2025-08-16 09:50:00,296.7422505725651,395.318594104111
2025-08-16 11:55:00,324.6881800952841,2025-08-16 09:55:00,291.88773604771666,388.85143328249495
2025-08-16 12:00:00,318.722935766152,2025-08-16 10:00:00,286.52510885971463,381.7073672232297
2025-08-16 12:05:00,312.33939880294145,2025-08-16 10:05:00,280.7864455316513,374.0623476329639
2025-08-16 12:10:00,305.70457744915524,2025-08-16 10:10:00,274.82188290584406,366.116386088457
2025-08-16 12:15:00,299.0006491990832,2025-08-16 10:15:00,268.7951946569352,358.0876610886787
2025-08-16 12:20:00,292.4193857151229,2025-08-16 10:20:00,262.87877941168995,350.2058412521923
2025-08-16 12:25:00,286.15612317364685,2025-08-16 10:25:00,257.2482402187713,342.70486411294803
2025-08-16 12:30:00,280.4034968380298,2025-08-16 10:30:00,252.07675206376987,335.81543255098956
2025-08-16 12:35:00,275.3451693988222,2025-08-16 10:35:00,247.52942378103083,329.75750375859917
2025-08-16 12:40:00,271.1497838308337,2025-08-16 10:40:00,243.75786180138607,324.73304709126296
2025-08-16 12:45:00,267.9653640554875,2025-08-16 10:45:00,240.89513646725592,320.91933821694204
2025-08-16 12:50:00,265.9143702057869,2025-08-16 10:50:00,239.05133682151208,318.463037227249
2025-08-16 12:55:00,265.0895907182798,2025-08-16 10:55:00,238.3098776859304,317.47526894518523
2025-08-16 13:00:00,265.55102187354163,2025-08-16 11:00:00,238.72469443476223,318.0278858160307
2025-08-16 13:05:00,267.32384785287695,2025-08-16 11:05:00,240.318427108871,320.15104879296035
2025-08-16 13:10:00,270.3975925271203,2025-08-16 11:10:00,243.0816578919883,323.8322115065929
2025-08-16 13:15:00,274.72646984501137,2025-08-16 11:15:00,246.97322610237626,329.0165398953628
2025-08-16 13:20:00,280.2309142625375,2025-08-16 11:20:00,251.92160401610474,335.6087450706505
2025-08-16 13:25:00,286.80022852876664,2025-08-16 11:25:00,257.82727716993764,343.4762543447999
2025-08-16 13:30:00,294.2962445113993,2025-08-16 11:30:00,264.5660353652808,352.453595490695
2025-08-16 13:35:00,302.55785569294653,2025-08-16 11:35:00,271.9930472853964,362.3478249271487
2025-08-16 13:40:00,311.4062487343243,2025-08-16 11:40:00,279.94756355928786,372.9447931179121
2025-08-16 13:45:00,320.6506372828896,2025-08-16 11:45:00,288.2580713326053,384.0160114661593
2025-08-16 13:50:00,330.0942849835332,2025-08-16 11:50:00,296.7477088259202,395.32586556288857
2025-08-16 13:55:00,339.54059703593964,2025-08-16 11:55:00,305.2397415145386,406.6389105272417
2025-08-16 14:00:00,348.79906073277584,2025-08-16 12:00:00,313.56290254539726,417.7269854841194
2025-08-16 14:05:00,357.69082484809223,2025-08-16 12:05:00,321.556408488017,428.3758955233945
2025-08-16 14:10:00,366.0537258559009,2025-08-16 12:10:00,329.07447779760525,438.3914311746513
2025-08-16 14:15:00,373.7465935860124,2025-08-16 12:15:00,335.9902015076517,447.6045249251804
2025-08-16 14:20:00,380.65270034893075,2025-08-16 12:20:00,342.1986439195082,455.8753819436732
2025-08-16 14:25:00,386.6822532880779,2025-08-16 12:25:00,347.619083173783,463.09646495861995
2025-08-16 14:30:00,391.77386899324813,2025-08-16 12:30:00,352.1963368963269,469.19426027749506
2025-08-16 14:35:00,395.8950099183644,2025-08-16 12:35:00,355.90115452847095,474.129800447206
2025-08-16 14:40:00,399.0414030363583,2025-08-16 12:40:00,358.72969471018575,477.89796802646026
2025-08-16 14:45:00,401.23549973499365,2025-08-16 12:45:00,360.7021407593351,480.52565113390926
2025-08-16 14:50:00,402.5240716041335,2025-08-16 12:50:00,361.860539335802,482.0688641269276
2025-08-16 14:55:00,402.97506744585246,2025-08-16 12:55:00,362.26597496073805,482.6089835097934
2025-08-16 15:00:00,402.67388176097205,2025-08-16 13:00:00,361.9952154656929,482.24827901720744
2025-08-16 15:05:00,401.7192029757956,2025-08-16 13:05:00,361.13697963716305,481.1049413883744
2025-08-16 15:10:00,400.2186203904639,2025-08-16 13:10:00,359.787987957033,479.307821182478
2025-08-16 15:15:00,398.284171754412,2025-08-16 13:15:00,358.0489599680496,476.99109648828244
2025-08-16 15:20:00,396.0280088368969,2025-08-16 13:20:00,356.02071771434316,474.28908194640076
2025-08-16 15:25:00,393.55834645652584,2025-08-16 13:25:00,353.80054400553377,471.3313772463118
2025-08-16 15:30:00,390.9758420803339,2025-08-16 13:30:00,351.47892775366165,468.2385312799269
2025-08-16 15:35:00,388.3705291241459,2025-08-16 13:35:00,349.1368070757413,465.11836941611693
2025-08-16 15:40:00,385.8193986949187,2025-08-16 13:40:00,346.8433953317996,462.0630973590791
2025-08-16 15:45:00,383.3846930228995,2025-08-16 13:45:00,344.65464695685216,459.1472573370992
2025-08-16 15:50:00,381.1129407470846,2025-08-16 13:50:00,342.61239020314383,456.42657274595035
2025-08-16 15:55:00,379.03473095844777,2025-08-16 13:55:00,340.7441240098398,453.9376775396758
2025-08-16 16:00:00,377.1651908335193,2025-08-16 14:00:00,339.0634473854072,451.69868825172506
2025-08-16 16:05:00,375.50510260075794,2025-08-16 14:05:00,337.5710635365157,449.71054169062995
2025-08-16 16:10:00,374.04256986834605,2025-08-16 14:10:00,336.25627786112057,447.9589905591597
2025-08-16 16:15:00,372.75512313160664,2025-08-16 14:15:00,335.0988907546401,446.4171250415758
2025-08-16 16:20:00,371.61213915654747,2025-08-16 14:20:00,334.0713725840651,445.04827029364424
2025-08-16 16:25:00,370.57744048590894,2025-08-16 14:25:00,333.1412005883502,443.8090996500587
2025-08-16 16:30:00,369.61193894892136,2025-08-16 14:30:00,332.27323533720005,442.65280053136615
2025-08-16 16:35:00,368.6761911541922,2025-08-16 14:35:00,331.4320180645695,441.53213494056894
2025-08-16 16:40:00,367.73274401218833,2025-08-16 14:40:00,330.5838792432567,440.40224849602134
2025-08-16 16:45:00,366.7481637021228,2025-08-16 14:45:00,329.69876258278003,439.2231003525984
2025-08-16 16:50:00,365.69466141880986,2025-08-16 14:50:00,328.7516865410619,437.961410220508
2025-08-16 16:55:00,364.5512526243224,2025-08-16 14:55:00,327.7237864668982,436.59204670245884
2025-08-16 17:00:00,363.30441210837773,2025-08-16 15:00:00,326.6029034852484,435.09881180380165
2025-08-16 17:05:00,361.94821395216564,2025-08-16 15:05:00,325.38371032172563,433.47460855530835
2025-08-16 17:10:00,360.48397194312184,2025-08-16 15:10:00,324.0673880431618,431.7210103685125
2025-08-16 17:15:00,358.91942092620377,2025-08-16 15:15:00,322.6608901098975,429.8472806097217
2025-08-16 17:20:00,357.26750204934274,2025-08-16 15:20:00,321.1758503373996,427.8689177917549
2025-08-16 17:25:00,355.544833552109,2025-08-16 15:25:00,319.62720816794734,425.80582416751713
2025-08-16 17:30:00,353.7699631380864,2025-08-16 15:30:00,318.03163759073965,423.680212744949
2025-08-16 17:35:00,351.96150722849177,2025-08-16 15:35:00,316.4058743706595,421.5143788292589
2025-08-16 17:40:00,350.13628636915644,2025-08-16 15:40:00,314.76503981899174,419.32846695836366
2025-08-16 17:45:00,348.3075645207713,2025-08-16 15:45:00,313.1210579529765,417.1383622504839
2025-08-16 17:50:00,346.48349311147234,2025-08-16 15:50:00,311.48125673233034,414.95382697818866
2025-08-16 17:55:00,344.66584905696317,2025-08-16 15:55:00,309.84723356630195,412.77698920236975
2025-08-16 18:00:00,342.84913997315806,2025-08-16 16:00:00,308.2140509189584,410.60127116148624
2025-08-16 18:05:00,341.0201303605468,2025-08-16 16:05:00,306.5698103590527,408.4108218228542
2025-08-16 18:10:00,339.15782081833714,2025-08-16 16:10:00,304.89563387398294,406.1804919891924
2025-08-16 18:15:00,337.2338889778153,2025-08-16 16:15:00,303.1660602594607,403.8763623670263
2025-08-16 18:20:00,335.2135774983268,2025-08-16 16:20:00,301.34984340892413,401.456807043991
2025-08-16 18:25:00,333.0569917780944,2025-08-16 16:25:00,299.41111892783357,398.87404764676614
2025-08-16 18:30:00,330.72074946990466,2025-08-16 16:30:00,297.3108870130276,396.07612882579707
2025-08-16 18:35:00,328.15990598263966,2025-08-16 16:35:00,295.0087434374562,393.00922426480287
2025-08-16 18:40:00,325.3300663850237,2025-08-16 16:40:00,292.46477810652266,389.6201659283719
2025-08-16 18:45:00,322.18958411355743,2025-08-16 16:45:00,289.6415516495347,385.85907726755414
2025-08-16 18:50:00,318.7017423731363,2025-08-16 16:50:00,286.50605645224886,381.68198569795265
2025-08-16 18:55:00,314.8368139003153,2025-08-16 16:55:00,283.0315683400329,377.053289403096
2025-08-16 19:00:00,310.5738999550975,2025-08-16 17:00:00,279.1992997921889,371.94795973858095
2025-08-16 19:05:00,305.90245910987085,2025-08-16 17:05:00,274.99977429054024,366.35337213262716
2025-08-16 19:10:00,300.8234502087284,2025-08-16 17:10:00,270.4338538154382,360.2706749112986
2025-08-16 19:15:00,295.3500313250953,2025-08-16 17:15:00,265.5133671937336,353.7156263806388
2025-08-16 19:20:00,289.50777664217077,2025-08-16 17:20:00,260.2613050696594,346.71885456593986
2025-08-16 19:25:00,283.3343950116941,2025-08-16 17:25:00,254.71156689517582,339.3255201535008
2025-08-16 19:30:00,276.8789563582691,2025-08-16 17:30:00,248.90826548398744,331.5943900208459
2025-08-16 19:35:00,270.20065454056606,2025-08-16 17:35:00,242.90461485019895,323.5963556207491
2025-08-16 19:40:00,263.36715589326946,2025-08-16 17:40:00,236.76144558281388,315.4124551703062
2025-08-16 19:45:00,256.452601399106,2025-08-16 17:45:00,230.5454088410771,307.13148102219793
2025-08-16 19:50:00,249.535345910333,2025-08-16 17:50:00,224.32694396290051,298.847272122443
2025-08-16 19:55:00,242.69552919627512,2025-08-16 17:55:00,218.17809488849997,290.65580506050543
2025-08-16 20:00:00,236.01258130423147,2025-08-16 18:00:00,212.17026753315542,282.65220645210894
2025-08-16 20:05:00,229.56276699547553,2025-08-16 18:05:00,206.37202228764494,274.9278121189685
2025-08-16 20:10:00,223.41687227824525,2025-08-16 18:10:00,200.8469942608362,267.56739644600816
2025-08-16 20:15:00,217.63812924810372,2025-08-16 18:15:00,195.65202775551242,260.64668713905917
2025-08-16 20:20:00,212.28046471522072,2025-08-16 18:20:00,190.8356018217213,254.23026775463018
2025-08-16 20:25:00,207.3871433586265,2025-08-16 18:25:00,186.43661048144193,248.36995272109522
2025-08-16 20:30:00,202.9898585308619,2025-08-16 18:30:00,182.48354538139264,243.10369847270886
2025-08-16 20:35:00,199.10830405207787,2025-08-16 18:35:00,178.99411084507642,238.45509062379878
2025-08-16 20:40:00,195.75023883662513,2025-08-16 18:40:00,175.97528197070395,234.43342136653882
2025-08-16 20:45:00,192.9120349451219,2025-08-16 18:45:00,173.42379731829195,231.03434582632326
2025-08-16 20:50:00,190.57967835317254,2025-08-16 18:50:00,171.32705857935704,228.2410805973912
2025-08-16 20:55:00,188.730172454196,2025-08-16 18:55:00,169.66439229596867,226.02608459885994
2025-08-16 21:00:00,187.3332770464978,2025-08-16 19:00:00,168.4086131729688,224.3531417117189
2025-08-16 21:05:00,186.35350169095554,2025-08-16 19:05:00,167.52781606393745,223.17974805388488
2025-08-16 21:10:00,185.75226181587286,2025-08-16 19:10:00,166.98731426338531,222.45969416370667
2025-08-16 21:15:00,185.4900998795437,2025-08-16 19:15:00,166.75163628443778,222.14572509755897
2025-08-16 21:20:00,185.52887181946153,2025-08-16 19:20:00,166.78649142995457,222.1921589542019
2025-08-16 21:25:00,185.8338016149823,2025-08-16 19:25:00,167.06061680046213,222.55734744983482
2025-08-16 21:30:00,186.3753132647311,2025-08-16 19:30:00,167.54742420269727,223.20586992170982
2025-08-16 21:35:00,187.13056007963309,2025-08-16 19:35:00,168.2263749513642,224.11036483239764
2025-08-16 21:40:00,188.08458495844323,2025-08-16 19:40:00,169.08402293204327,225.25291933316086
2025-08-16 21:45:00,189.2310618826894,2025-08-16 19:45:00,170.11468118930094,226.62595728941662
2025-08-16 21:50:00,190.57258727400148,2025-08-16 19:50:00,171.3206838507027,228.23258821464302
2025-08-16 21:55:00,192.120509493655,2025-08-16 19:55:00,172.71223285054626,230.08640307647585
2025-08-16 22:00:00,193.8943046686179,2025-08-16 20:00:00,174.3068368108147,232.2107267766225
2025-08-16 22:05:00,195.92052614353904,2025-08-16 20:05:00,176.12836662096186,234.63735999881013
2025-08-16 22:10:00,198.2313728853178,2025-08-16 20:10:00,178.20576846421068,237.40486470863095
2025-08-16 22:15:00,200.86293773164886,2025-08-16 20:15:00,180.57148903042565,240.55646622973148
2025-08-16 22:20:00,203.8532094378116,2025-08-16 20:20:00,183.25967939886854,244.13766046508755
2025-08-16 22:25:00,207.23991206952135,2025-08-16 20:25:00,186.3042526985387,248.19362632148386
2025-08-16 22:30:00,211.05827140583966,2025-08-16 20:30:00,189.73687615211665,252.7665507201461
2025-08-16 22:35:00,215.33880032651314,2025-08-16 20:35:00,193.5849801865028,257.892976343409
2025-08-16 22:40:00,220.10519357313353,2025-08-16 20:40:00,197.86986586808464,263.60128036911277
2025-08-16 22:45:00,225.372417282433,2025-08-16 20:45:00,202.60498743399165,269.9093864670298
2025-08-16 22:50:00,231.14506991446797,2025-08-16 20:50:00,207.79447880155578,276.8228018218789
2025-08-16 22:55:00,237.4160801650349,2025-08-16 20:55:00,213.43198301939594,284.33305773370967
2025-08-16 23:00:00,244.1657933032263,2025-08-16 21:00:00,219.49983090440378,292.41661540205837
2025-08-16 23:05:00,251.36148218135838,2025-08-16 21:05:00,225.96860145011732,301.0342803041051
2025-08-16 23:10:00,258.9573024510644,2025-08-16 21:10:00,232.7970815669457,310.1311485607956
2025-08-16 23:15:00,266.8946946424083,2025-08-16 21:15:00,239.93262754270094,319.6370884728171
2025-08-16 23:20:00,275.1032193785395,2025-08-16 21:20:00,247.3119158827258,329.46774078619273
2025-08-16 23:25:00,283.50179623656453,2025-08-16 21:25:00,254.86205701934574,339.52600237063916
2025-08-16 23:30:00,292.0003031385805,2025-08-16 21:30:00,262.5020331302327,349.70394167425127
2025-08-16 23:35:00,300.50148094915176,2025-08-16 21:35:00,270.14441033083955,359.8850796980003
2025-08-16 23:40:00,308.90307904628617,2025-08-16 21:40:00,277.69726749686174,369.94695956370856
2025-08-16 23:45:00,317.1001706147164,2025-08-16 21:45:00,285.06627766342456,379.76391934400164
2025-08-16 23:50:00,324.9875629152521,2025-08-16 21:50:00,292.1568748057287,389.20997863702723
2025-08-16 23:55:00,332.4622268932813,2025-08-16 21:55:00,298.87643800517776,398.16174830202925
2025-08-17 00:00:00,339.42567230934446,2025-08-16 22:00:00,305.1364266410131,406.50127495133927
2025-08-17 00:05:00,345.78619932246323,2025-08-16 22:05:00,310.85440451561493,414.1187374803338
2025-08-17 00:10:00,351.46096382837385,2025-08-16 22:10:00,315.9558965494429,420.9149205474735
2025-08-17 00:15:00,356.37780279670005,2025-08-16 22:15:00,320.37602972015077,426.8034006254726
2025-08-17 00:20:00,360.47677539467503,2025-08-16 22:20:00,324.06091849988223,431.71239167417815
2025-08-17 00:25:00,363.7113869764486,2025-08-16 22:25:00,326.96876519550426,435.5862110085182
2025-08-17 00:30:00,366.0494740278029,2025-08-16 22:30:00,329.0706554949972,438.38633912156365
2025-08-17 00:35:00,367.4737394629317,2025-08-16 22:35:00,330.35103968782107,440.0920607639777
2025-08-17 00:40:00,367.98193865768883,2025-08-16 22:40:00,330.8078999048312,440.70068774022405
2025-08-17 00:45:00,367.58672630424286,2025-08-16 22:45:00,330.45261244388456,440.22737549940484
2025-08-17 00:50:00,366.31518326449583,2025-08-16 22:50:00,329.3095224211739,438.7045564878199
2025-08-17 00:55:00,364.20804985052575,2025-08-16 22:55:00,327.41525450672833,436.18102191412754
2025-08-17 01:00:00,361.3186980256185,2025-08-16 23:00:00,324.81778895510274,432.72069084188814
2025-08-17 01:05:00,357.71187938572774,2025-08-16 23:05:00,321.57533606746307,428.4011107533861
2025-08-17 01:10:00,353.462288547449,2025-08-16 23:10:00,317.7550447080724,423.31173704152536
2025-08-17 01:15:00,348.65298295263614,2025-08-16 23:15:00,313.4315817424061,417.55204054414224
2025-08-17 01:20:00,343.37370017014223,2025-08-16 23:20:00,308.6856193273726,411.229492319338
2025-08-17 01:25:00,337.71911256409646,2025-08-16 23:25:00,303.6022658953881,404.4574734100354
2025-08-17 01:30:00,331.787057374385,2025-08-16 23:30:00,298.2694750345478,397.3531551618218
2025-08-17 01:35:00,325.67677735745264,2025-08-16 23:35:00,292.77646386230066,390.0353921879918
2025-08-17 01:40:00,319.4872042058959,2025-08-16 23:40:00,287.2121698563426,382.62266656711034
2025-08-17 01:45:00,313.31531346668623,2025-08-16 23:45:00,281.66377196125103,375.231117668409
2025-08-17 01:50:00,307.25457643659934,2025-08-16 23:50:00,276.2152988755555,367.9726881185376
2025-08-17 01:55:00,301.3935309994548,2025-08-16 23:55:00,270.94634426495384,360.9534122148116
2025-08-17 02:00:00,295.8144904817541,2025-08-17 00:00:00,265.9309060511197,354.2718696313631
2025-08-17 02:05:00,290.59240664460435,2025-08-17 00:05:00,261.2363642657375,348.01782372121903
2025-08-17 02:10:00,285.79390024932337,2025-08-17 00:10:00,256.9226095496957,342.2710605071327
2025-08-17 02:15:00,281.4764704663803,2025-08-17 00:15:00,253.04133242861784,337.1004418578758
2025-08-17 02:20:00,277.6878918563143,2025-08-17 00:20:00,249.63548121159343,332.5631833035446
2025-08-17 02:25:00,274.46580570595245,2025-08-17 00:25:00,246.73889461117014,328.7043646136859
2025-08-17 02:30:00,271.83751000546624,2025-08-17 00:30:00,244.37611293721534,325.55667827067106
2025-08-17 02:35:00,269.81995000504736,2025-08-17 00:35:00,242.56236960756942,323.1404181602288
2025-08-17 02:40:00,268.41990848258865,2025-08-17 00:40:00,241.30376219462528,321.4637074388736
2025-08-17 02:45:00,267.6343917089144,2025-08-17 00:45:00,240.5975993998232,320.52296077165266
2025-08-17 02:50:00,267.4512036878165,2025-08-17 00:50:00,240.43291728317317,320.3035720506243
2025-08-17 02:55:00,267.8496972138512,2025-08-17 00:55:00,240.79115444816577,320.78081387293804
2025-08-17 03:00:00,268.8016861582852,2025-08-17 01:00:00,241.64697216734407,321.9209301081629
2025-08-17 03:05:00,270.2724988854187,2025-08-17 01:05:00,242.969201381069,323.68239748547296
2025-08-17 03:10:00,272.2221481786938,2025-08-17 01:10:00,244.72189443609216,326.0173267146976
2025-08-17 03:15:00,274.606588680203,2025-08-17 01:15:00,246.86545549680508,328.8729684147329
2025-08-17 03:20:00,277.3790286639453,2025-08-17 01:20:00,249.35781980136713,332.1932841128637
2025-08-17 03:25:00,280.4912597598396,2025-08-17 01:25:00,252.15564905518013,335.9205387421813
2025-08-17 03:30:00,283.8949654139839,2025-08-17 01:30:00,255.21550770870257,339.9968676732109
2025-08-17 03:35:00,287.54296756959457,2025-08-17 01:35:00,258.49498369697505,344.3657697576987
2025-08-17 03:40:00,291.39037089641323,2025-08-17 01:40:00,261.95371707740793,348.9734776749078
2025-08-17 03:45:00,295.3955652528756,2025-08-17 01:45:00,265.55430122185015,353.77015849534394
2025-08-17 03:50:00,299.5210501202464,2025-08-17 01:50:00,269.2630239652608,358.71090103543764
2025-08-17 03:55:00,303.73404946313354,2025-08-17 01:55:00,273.0504203521726,363.75645222371656
2025-08-17 04:00:00,308.00689176025577,2025-08-17 02:00:00,276.891614276232,368.8736722313511
2025-08-17 04:05:00,312.31713787038154,2025-08-17 02:05:00,280.76643342894613,374.03568760632055
2025-08-17 04:10:00,316.6474484941432,2025-08-17 02:10:00,284.65929015068525,379.221732543694
2025-08-17 04:15:00,320.9851932113928,2025-08-17 02:15:00,288.55882996362016,384.4166806629051
2025-08-17 04:20:00,325.32181387815547,2025-08-17 02:20:00,292.45735927918565,389.6102826023976
2025-08-17 04:25:00,329.65196600752586,2025-08-17 02:25:00,296.35007351785373,394.7961377245113
2025-08-17 04:30:00,333.9724726954711,2025-08-17 02:30:00,300.23411671078196,399.97044132133794
2025-08-17 04:35:00,338.28113527148565,2025-08-17 02:35:00,304.10751230016666,405.1305602321102
2025-08-17 04:40:00,342.57545362141235,2025-08-17 02:40:00,307.9680127368023,410.2735002826235
2025-08-17 04:45:00,346.85131585445754,2025-08-17 02:45:00,311.8119215187272,415.3943370108043
2025-08-17 04:50:00,351.10172149330117,2025-08-17 02:50:00,315.6329453664153,420.4846865400398
2025-08-17 04:55:00,355.3156044519114,2025-08-17 02:55:00,319.42113610498126,425.5312959597587
2025-08-17 05:00:00,359.4768212062425,2025-08-17 03:00:00,323.1619810512589,430.5148315434869
2025-08-17 05:05:00,363.56336563557585,2025-08-17 03:05:00,326.83569717294364,435.40893843106295
2025-08-17 05:10:00,367.54686541050484,2025-08-17 03:10:00,330.41677835215194,440.17963749533766
2025-08-17 05:15:00,371.3924049978101,2025-08-17 03:15:00,333.87383627058614,444.78511337015823
2025-08-17 05:20:00,375.0587082186051,2025-08-17 03:20:00,337.16976452540666,449.17593308474096
2025-08-17 05:25:00,378.49869887487836,2025-08-17 03:25:00,340.2622426205139,453.29571747842505
2025-08-17 05:30:00,381.66044188812253,2025-08-17 03:30:00,343.1045820300659,457.08226832240746
2025-08-17 05:35:00,384.48845038204865,2025-08-17 03:35:00,345.6469012379088,460.46913370160155
2025-08-17 05:40:00,386.92532674100727,2025-08-17 03:40:00,347.83760101403215,463.3875733708103
2025-08-17 05:45:00,388.91368876673266,2025-08-17 03:45:00,349.62509598832384,465.7688655489269
2025-08-17 05:50:00,390.39831647334796,2025-08-17 03:50:00,350.9597445734078,467.5468779528242
2025-08-17 05:55:00,391.32844121558765,2025-08-17 03:55:00,351.79590684200235,468.66080929164065
2025-08-17 06:00:00,391.66008819616485,2025-08-17 04:00:00,352.09405039098937,469.05799468872965
2025-08-17 06:05:00,391.35837548125926,2025-08-17 04:05:00,351.82281710721304,468.6966590170826
2025-08-17 06:10:00,390.39966910607546,2025-08-17 04:10:00,350.9609605613271,467.5484978860618
2025-08-17 06:15:00,388.7734941616441,2025-08-17 04:15:00,349.4990640339934,465.6009663876111
2025-08-17 06:20:00,386.4841065343601,2025-08-17 04:20:00,347.4409534761422,462.85916143509525
2025-08-17 06:25:00,383.5516390785545,2025-08-17 04:25:00,344.8047278936233,459.34719443675965
2025-08-17 06:30:00,380.0127492880489,2025-08-17 04:30:00,341.6233415900938,455.1089669568956
2025-08-17 06:35:00,375.92071253044855,2025-08-17 04:35:00,337.9446879826558,450.2082823746278
2025-08-17 06:40:00,371.34492495213976,2025-08-17 04:40:00,333.8311527240706,444.7282505554853
2025-08-17 06:45:00,366.3698030051012,2025-08-17 04:45:00,329.3586244008768,438.76996990820885
2025-08-17 06:50:00,361.09309031390706,2025-08-17 04:50:00,324.6149724430048,432.4504996632846
2025-08-17 06:55:00,355.62360761709033,2025-08-17 04:55:00,319.6980243691405,425.9001651689804
2025-08-17 07:00:00,350.0785054443407,2025-08-17 05:00:00,314.7130960022311,419.2592676563614
2025-08-17 07:05:00,344.5801019995247,2025-08-17 05:05:00,309.770148793887,412.67429724057763
2025-08-17 07:10:00,339.2524086843093,2025-08-17 05:10:00,304.9806663443614,406.29377183585507
2025-08-17 07:15:00,334.2174623469688,2025-08-17 05:15:00,300.4543571725992,400.2638446016677
2025-08-17 07:20:00,329.59159537812155,2025-08-17 05:20:00,296.29580161200414,394.72383695346036
2025-08-17 07:25:00,325.48178213659975,2025-08-17 05:25:00,292.6011673253643,389.8018629874843
2025-08-17 07:30:00,321.9822016396874,2025-08-17 05:30:00,289.4551192368237,385.6107129070826
2025-08-17 07:35:00,319.1711525553653,2025-08-17 05:35:00,286.9280461758303,382.24415837114196
2025-08-17 07:40:00,317.1084465909491,2025-08-17 05:40:00,285.0737175892187,379.77383077723874
2025-08-17 07:45:00,315.83339101622977,2025-08-17 05:45:00,283.92746987262296,378.2468051010994
2025-08-17 07:50:00,315.3634508454876,2025-08-17 05:50:00,283.50500370069284,377.6839977057194
2025-08-17 07:55:00,315.69365628952204,2025-08-17 05:55:00,283.80185133913034,378.0794566970285
2025-08-17 08:00:00,316.79679324890196,2025-08-17 06:00:00,284.793547894051,379.4005900614642
2025-08-17 08:05:00,318.6243841691883,2025-08-17 06:05:00,286.43651307987085,381.58934035289417
2025-08-17 08:10:00,321.10843513222517,2025-08-17 06:10:00,288.6696218170451,384.5642770353449
2025-08-17 08:15:00,324.1638939761853,2025-08-17 06:15:00,291.41641402946493,388.2235403644286
2025-08-17 08:20:00,327.6917344854041,2025-08-17 06:20:00,294.5878672652159,392.4485350593361
2025-08-17 08:25:00,331.58255498906095,2025-08-17 06:25:00,298.08563175989866,397.1082400385808
2025-08-17 08:30:00,335.7205568432669,2025-08-17 06:30:00,301.8056070070141,402.0639731098044
2025-08-17 08:35:00,339.9877506866029,2025-08-17 06:35:00,305.6417230918146,407.1744284444843
2025-08-17 08:40:00,344.26822648950844,2025-08-17 06:40:00,309.48977937446233,412.30079045311174
2025-08-17 08:45:00,348.45231841706214,2025-08-17 06:45:00,313.251188612676,417.31172168731166
2025-08-17 08:50:00,352.4404970938497,2025-08-17 06:50:00,316.83647602467744,422.0880242746137
2025-08-17 08:55:00,356.1468306489097,2025-08-17 06:55:00,320.16839069464385,426.5267849177796
2025-08-17 09:00:00,359.50187145544567,2025-08-17 07:00:00,323.18450069002495,430.5448320975689
2025-08-17 09:05:00,362.4548471162467,2025-08-17 07:05:00,325.8391627106204,434.0813600297339
2025-08-17 09:10:00,364.9750614961588,2025-08-17 07:10:00,328.1047815868344,437.09960656251616
2025-08-17 09:15:00,367.0524430445575,2025-08-17 07:15:00,329.97230320986193,439.58750985586175
2025-08-17 09:20:00,368.69721243232436,2025-08-17 07:20:00,331.45091574443273,441.5573103384806
2025-08-17 09:25:00,369.9386779231224,2025-08-17 07:25:00,332.5669666933279,443.04410802642195
2025-08-17 09:30:00,370.8232035535825,2025-08-17 07:30:00,333.3621363347834,444.1034291851983
2025-08-17 09:35:00,371.41143048710916,2025-08-17 07:35:00,333.890939778934,444.8078985814359
2025-08-17 09:40:00,371.77486448852665,2025-08-17 07:40:00,334.2176591804391,445.24315259133954
2025-08-17 09:45:00,371.9919706584,2025-08-17 07:45:00,334.4128329880835,445.50316219595453
2025-08-17 09:50:00,372.1439393515205,2025-08-17 07:50:00,334.5494495959688,445.6851621816535
2025-08-17 09:55:00,372.31030337832806,2025-08-17 07:55:00,334.6990073012428,445.8844022348386
2025-08-17 10:00:00,372.56459546883707,2025-08-17 08:00:00,334.9276104569589,446.1889462556213
2025-08-17 10:05:00,372.97023598180465,2025-08-17 08:05:00,335.29227261048914,446.6747474166571
2025-08-17 10:10:00,373.57683399262237,2025-08-17 08:10:00,335.8375912605757,447.4012182905385
2025-08-17 10:15:00,374.41706996683183,2025-08-17 08:15:00,336.5929454474324,448.40749749285186
2025-08-17 10:20:00,375.5043063806786,2025-08-17 08:20:00,337.5703477516778,449.7095881255234
2025-08-17 10:25:00,376.8310439589624,2025-08-17 08:25:00,338.76305648514955,451.2985089441193
2025-08-17 10:30:00,378.3683074117315,2025-08-17 08:30:00,340.14502348131793,453.1395587068998
2025-08-17 10:35:00,380.066006585597,2025-08-17 08:35:00,341.6712187626006,455.17274869504894
2025-08-17 10:40:00,381.8542785408499,2025-08-17 08:40:00,343.2788370390134,457.3144100043548
2025-08-17 10:45:00,383.6457749481573,2025-08-17 08:45:00,344.8893540289239,459.45993296579263
2025-08-17 10:50:00,385.33881868640196,2025-08-17 08:50:00,346.41136417305967,461.4875475344326
2025-08-17 10:55:00,386.82131601219544,2025-08-17 08:55:00,347.74409759130623,463.263008562312
2025-08-17 11:00:00,387.9752769048179,2025-08-17 09:00:00,348.7814837762186,464.64500943131964
2025-08-17 11:05:00,388.6817684511997,2025-08-17 09:05:00,349.4166045802765,465.49111430132723
2025-08-17 11:10:00,388.8261049830812,2025-08-17 09:10:00,349.5463600382902,465.6639738962798
2025-08-17 11:15:00,388.3030655517136,2025-08-17 09:15:00,349.07615876566985,465.03757403013475
2025-08-17 11:20:00,387.02192444708237,2025-08-17 09:20:00,347.9244402877174,463.5032602321185
2025-08-17 11:25:00,384.91108459616356,2025-08-17 09:25:00,346.0268403656532,460.9752867739572
2025-08-17 11:30:00,381.92211610303667,2025-08-17 09:30:00,343.33982155788283,457.395653286075
2025-08-17 11:35:00,378.0330232904446,2025-08-17 09:35:00,339.84361022055043,452.7380174155567
2025-08-17 11:40:00,373.2505917228778,2025-08-17 09:40:00,335.5443064311407,447.01050565618795
2025-08-17 11:45:00,367.61170140113154,2025-08-17 09:45:00,330.4750645223257,440.25728604994805
2025-08-17 11:50:00,361.18353202654015,2025-08-17 09:50:00,324.69627761012543,432.55881401453564
2025-08-17 11:55:00,354.0626290964657,2025-08-17 09:55:00,318.29473803370774,424.03071388532123
2025-08-17 12:00:00,346.3728444584565,2025-08-17 10:00:00,311.3817859575825,414.82131249212586
2025-08-17 12:05:00,338.2622092447908,2025-08-17 10:05:00,304.09049820657475,405.1078941387388
2025-08-17 12:10:00,329.89883999059583,2025-08-17 10:10:00,296.57200795349047,395.0917977085882
2025-08-17 12:15:00,321.46601712129734,2025-08-17 10:15:00,288.9910803844961,384.9925225875111
2025-08-17 12:20:00,313.15660912606006,2025-08-17 10:20:00,281.5211001501838,375.0410509702541
2025-08-17 12:25:00,305.1670420226524,2025-08-17 10:25:00,274.3386500433441,365.4726256011661
2025-08-17 12:30:00,297.6910331275122,2025-08-17 10:30:00,267.61787779215007,356.5192452432644
2025-08-17 12:35:00,290.913318566701,2025-08-17 10:35:00,261.5248572265346,348.40215265129615
2025-08-17 12:40:00,285.0036053731826,2025-08-17 10:40:00,256.2121513428736,341.32459151274867
2025-08-17 12:45:00,280.11097134757136,2025-08-17 10:45:00,251.81377789846118,335.46509963710565
2025-08-17 12:50:00,276.35891953651895,2025-08-17 10:50:00,248.44076349325422,330.97158612500385
2025-08-17 12:55:00,273.8412696030676,2025-08-17 10:55:00,246.17744999961195,327.9564108117576
2025-08-17 13:00:00,272.6190365880518,2025-08-17 11:00:00,245.07868863549012,326.49264622521
2025-08-17 13:05:00,272.71841026742015,2025-08-17 11:05:00,245.1680234498497,326.61165763376084
2025-08-17 13:10:00,274.1299062251269,2025-08-17 11:10:00,246.43692815532623,328.3020863585319
2025-08-17 13:15:00,276.8087155379958,2025-08-17 11:15:00,248.8451204874505,331.51026856120365
2025-08-17 13:20:00,280.67623452885744,2025-08-17 11:20:00,252.3219374200314,336.14206729931135
2025-08-17 13:25:00,285.62271190682543,2025-08-17 11:25:00,256.76871488770087,342.0660427811346
2025-08-17 13:30:00,291.5109089205578,2025-08-17 11:30:00,262.06207818548677,349.1178358201286
2025-08-17 13:35:00,298.1806312782753,2025-08-17 11:35:00,268.0580160680721,357.10559533029505
2025-08-17 13:40:00,305.4539600521002,2025-08-17 11:40:00,274.596583221023,365.8162429356579
2025-08-17 13:45:00,313.1409849542549,2025-08-17 11:45:00,281.50705435358446,375.0223392278109
2025-08-17 13:50:00,321.04582672269754,2025-08-17 11:50:00,288.613338194681,384.48929626526206
2025-08-17 13:55:00,328.9727282010831,2025-08-17 11:55:00,295.7394532436497,393.982672342133
2025-08-17 14:00:00,336.73199430317015,2025-08-17 12:00:00,302.7148676713179,403.27528577860426
2025-08-17 14:05:00,344.1455709365051,2025-08-17 12:05:00,309.37951465318633,412.15389632357676
2025-08-17 14:10:00,351.05207071486507,2025-08-17 12:10:00,315.58831037752697,420.4252240232558
2025-08-17 14:15:00,357.3110781480901,2025-08-17 12:15:00,321.21502431905003,427.92110518105187
2025-08-17 14:20:00,362.8065983676185,2025-08-17 12:20:00,326.1553795694686,434.5026226029963
2025-08-17 14:25:00,367.4495490397422,2025-08-17 12:25:00,330.3292930142688,440.063089950423
2025-08-17 14:30:00,371.1792345934177,2025-08-17 12:30:00,333.6822006320106,444.52981729730124
2025-08-17 14:35:00,373.9637822674324,2025-08-17 12:35:00,336.18544949141346,447.8646333468609
2025-08-17 14:40:00,375.79956044356084,2025-08-17 12:40:00,337.835774845292,450.0631888186578
2025-08-17 14:45:00,376.7096381986461,2025-08-17 12:45:00,338.65391530079387,451.15311158504727
2025-08-17 14:50:00,376.74138080395454,2025-08-17 12:50:00,338.6824512246979,451.1911270051549
2025-08-17 14:55:00,375.9633064731927,2025-08-17 12:55:00,337.98297902704576,450.2592935191676
2025-08-17 15:00:00,374.4613545894501,2025-08-17 13:00:00,336.63275637690316,448.4605334209612
2025-08-17 15:05:00,372.3347337192081,2025-08-17 13:05:00,334.7209696556724,445.9136603774171
2025-08-17 15:10:00,369.6915283647526,2025-08-17 13:10:00,332.34478452138507,442.74811800923374
2025-08-17 15:15:00,366.6442463464666,2025-08-17 13:15:00,329.60534310052583,439.0986473691915
2025-08-17 15:20:00,363.30548425943715,2025-08-17 13:20:00,326.60386732614137,435.1000958279877
2025-08-17 15:25:00,359.78387634015786,2025-08-17 13:25:00,323.4380170555695,430.88256537625125
2025-08-17 15:30:00,356.1804740008852,2025-08-17 13:30:00,320.1986353491869,426.567076700598
2025-08-17 15:35:00,352.58567903167165,2025-08-17 13:35:00,316.96699148456713,422.2618963403977
2025-08-17 15:40:00,349.07682529872096,2025-08-17 13:40:00,313.81260695497633,418.0596404934614
2025-08-17 15:45:00,345.716472159859,2025-08-17 13:45:00,310.7917212863468,414.03523118481843
2025-08-17 15:50:00,342.5514397442973,2025-08-17 13:50:00,307.9464247743985,410.24474090329494
2025-08-17 15:55:00,339.6125830067518,2025-08-17 13:55:00,305.30445536412003,406.7251220053384
2025-08-17 16:00:00,336.91526942925134,2025-08-17 14:00:00,302.87962809348664,403.4947788178667
2025-08-17 16:05:00,334.46049603880925,2025-08-17 14:05:00,300.67283926847904,400.55490539538175
2025-08-17 16:10:00,332.2365558487841,2025-08-17 14:10:00,298.6735645582587,397.89148127513187
2025-08-17 16:15:00,330.22114347065843,2025-08-17 14:15:00,296.8617518951645,395.4777931893522
2025-08-17 16:20:00,328.38377464595874,2025-08-17 14:20:00,295.209996582209,393.2773327329741
2025-08-17 16:25:00,326.68838592458815,2025-08-17 14:25:00,293.68587834835006,391.2469097773788
2025-08-17 16:30:00,325.0959783409558,2025-08-17 14:30:00,292.25433795684194,389.33981857657307
2025-08-17 16:35:00,323.56717313919455,2025-08-17 14:35:00,290.8799747475957,387.50889854203365
2025-08-17 16:40:00,322.06455751878184,2025-08-17 14:40:00,289.5291554123693,385.70934354283816
2025-08-17 16:45:00,320.5547138529655,2025-08-17 14:45:00,288.17183821877205,383.9011321280805
2025-08-17 16:50:00,319.0098457226068,2025-08-17 14:50:00,286.7830347799455,382.05097488938424
2025-08-17 16:55:00,317.4089374569486,2025-08-17 14:55:00,285.34385245693665,380.13370314431387
2025-08-17 17:00:00,315.73840950037163,2025-08-17 15:00:00,283.8420835194084,378.1330538134303
2025-08-17 17:05:00,313.99225874423075,2025-08-17 15:05:00,282.27233130096175,376.0418374838016
2025-08-17 17:10:00,312.171699266598,2025-08-17 15:10:00,280.6356872318414,373.86150815353227
2025-08-17 17:15:00,310.2843440775167,2025-08-17 15:15:00,278.93899524540325,371.6011832776096
2025-08-17 17:20:00,308.3429907616976,2025-08-17 15:20:00,277.19376009684663,369.27618943538704
2025-08-17 17:25:00,306.364092680812,2025-08-17 15:25:00,275.4147730067427,366.90623141952545
2025-08-17 17:30:00,304.36601175640743,2025-08-17 15:30:00,273.6185409502095,364.5132997426128
2025-08-17 17:35:00,302.3671582038321,2025-08-17 15:35:00,271.82161431746005,362.119442754617
2025-08-17 17:40:00,300.38412639350156,2025-08-17 15:40:00,270.03891109291357,359.7445341223855
2025-08-17 17:45:00,298.4299346094815,2025-08-17 15:45:00,268.28213443577357,357.4041647381287
2025-08-17 17:50:00,296.5124696149827,2025-08-17 15:50:00,266.5583743776441,355.10777990773215
2025-08-17 17:55:00,294.63322519442755,2025-08-17 15:55:00,264.8689737988021,352.85716860981995
2025-08-17 18:00:00,292.78640785154846,2025-08-17 16:00:00,263.2087244698969,350.6453924663867
2025-08-17 18:05:00,290.95846358536653,2025-08-17 16:05:00,261.56544163366715,348.45621900261364
2025-08-17 18:10:00,289.128057627183,2025-08-17 16:10:00,259.9199457889288,346.2640973795857
2025-08-17 18:15:00,287.26651594863523,2025-08-17 16:15:00,258.24645959688354,344.0346871509596
2025-08-17 18:20:00,285.33871382708674,2025-08-17 16:20:00,256.51340668241755,341.7259224221999
2025-08-17 18:25:00,283.30437417656367,2025-08-17 16:25:00,254.68457880587147,339.28956675117684
2025-08-17 18:30:00,281.119717602583,2025-08-17 16:30:00,252.72061922707238,336.6731892785719
2025-08-17 18:35:00,278.73938859092186,2025-08-17 16:35:00,250.58075430787952,333.8224715604316
2025-08-17 18:40:00,276.1185679581904,2025-08-17 16:40:00,248.2246925601108,330.6837374706508
2025-08-17 18:45:00,273.2151722256979,2025-08-17 16:45:00,245.61460183565288,327.20658720409455
2025-08-17 18:50:00,269.99203566457885,2025-08-17 16:50:00,242.71707093840377,323.3465105265618
2025-08-17 18:55:00,266.41897065526666,2025-08-17 16:55:00,239.5049618434149,319.0673542921869
2025-08-17 19:00:00,262.4746073747109,2025-08-17 17:00:00,235.95906353638907,314.3435256804375
2025-08-17 19:05:00,258.1479232023509,2025-08-17 17:05:00,232.06946691697092,309.16182383564245
2025-08-17 19:10:00,253.43938637497848,2025-08-17 17:10:00,227.8365929200311,303.52280952520505
2025-08-17 19:15:00,248.3616555567382,2025-08-17 17:15:00,223.2718214141484,297.4416429551255
2025-08-17 19:20:00,242.93979744916746,2025-08-17 17:20:00,218.39768682838564,290.9483443830478
2025-08-17 19:25:00,237.21100594659904,2025-08-17 17:25:00,213.24762567899805,284.0874577745591
2025-08-17 19:30:00,231.22382927257703,2025-08-17 17:30:00,207.86528178158505,276.91712521017143
2025-08-17 19:35:00,225.03693347465514,2025-08-17 17:35:00,202.30339465933565,269.5076060281508
2025-08-17 19:40:00,218.71745164133895,2025-08-17 17:40:00,196.6223155243329,261.9392998219731
2025-08-17 19:45:00,212.33898678551526,2025-08-17 17:45:00,190.88821191243076,254.3003546635716
2025-08-17 19:50:00,205.9793516621551,2025-08-17 17:50:00,185.17103582766418,246.68396027512614
2025-08-17 19:55:00,199.71814056385927,2025-08-17 17:55:00,179.54234083832986,239.1854399749966
2025-08-17 20:00:00,193.63423529253953,2025-08-17 18:00:00,174.0730399988193,231.89926379200975
2025-08-17 20:05:00,187.80335028321568,2025-08-17 18:05:00,168.83119896836774,224.9161084689068
2025-08-17 20:10:00,182.29571977649104,2025-08-17 18:10:00,163.8799568285294,218.3200875854186
2025-08-17 20:15:00,177.1740233434358,2025-08-17 18:15:00,159.27566117437456,212.18626713575853
2025-08-17 20:20:00,172.49163514184542,2025-08-17 18:20:00,155.06629423327536,206.5785688116645
2025-08-17 20:25:00,168.29126771137953,2025-08-17 18:25:00,151.29025366571463,201.54814579112076
2025-08-17 20:30:00,164.6040634301202,2025-08-17 18:30:00,147.97553580414544,197.132294653108
2025-08-17 20:35:00,161.44916690890057,2025-08-17 18:35:00,145.13935124462938,193.35394327063946
2025-08-17 20:40:00,158.83379028596318,2025-08-17 18:40:00,142.78818354533928,190.22172900862265
2025-08-17 20:45:00,156.75376183837284,2025-08-17 18:45:00,140.91828241649677,187.73065574911408
2025-08-17 20:50:00,155.19452739813207,2025-08-17 18:50:00,139.51656397206204,185.86329320227568
2025-08-17 20:55:00,154.13255441917278,2025-08-17 18:55:00,138.56187295595757,184.59145843805848
2025-08-17 21:00:00,153.53707156594803,2025-08-17 19:00:00,138.02654659504108,183.87829924358567
2025-08-17 21:05:00,153.3720626238691,2025-08-17 19:05:00,137.87820708198302,183.6806820601915
2025-08-17 21:10:00,153.5984231882455,2025-08-17 19:10:00,138.08170039253997,183.9517748664358
2025-08-17 21:15:00,154.1761823444265,2025-08-17 19:15:00,138.6010935285298,184.64370789555667
2025-08-17 21:20:00,155.06668968967364,2025-08-17 19:20:00,139.40164060376293,185.7101928456596
2025-08-17 21:25:00,156.23467038167257,2025-08-17 19:25:00,140.45163028874305,187.10898403663177
2025-08-17 21:30:00,157.65005763638862,2025-08-17 19:30:00,141.72403318708268,188.80407303705243
2025-08-17 21:35:00,159.28952252072438,2025-08-17 19:35:00,143.1978770864142,190.76752076681944
2025-08-17 21:40:00,161.13763469717657,2025-08-17 19:40:00,144.8592904430339,192.98084762235626
2025-08-17 21:45:00,163.1876043908864,2025-08-17 19:45:00,146.70216939442597,195.43592206747718
2025-08-17 21:50:00,165.44157417064625,2025-08-17 19:50:00,148.72844006415286,198.1353100746964
2025-08-17 21:55:00,167.9104489129777,2025-08-17 19:55:00,150.94790570319472,201.09207148765822
2025-08-17 22:00:00,170.61327200750853,2025-08-17 20:00:00,153.3776859119124,204.32901295534242
2025-08-17 22:05:00,173.57617523979587,2025-08-17 20:05:00,156.04127260714418,207.8774302959865
2025-08-17 22:10:00,176.83094752476757,2025-08-17 20:10:00,158.96724334415234,211.77539439079268
2025-08-17 22:15:00,180.41328357595233,2025-08-17 20:15:00,162.18768690768331,216.06565376393635
2025-08-17 22:20:00,184.36078625088197,2025-08-17 20:20:00,165.73640746316943,220.79324216146412
2025-08-17 22:25:00,188.71080627895256,2025-08-17 20:25:00,169.6469825182365,226.00289137698655
2025-08-17 22:30:00,193.49820897459978,2025-08-17 20:30:00,173.9507552455687,231.7363566338881
2025-08-17 22:35:00,198.75315989708562,2025-08-17 20:35:00,178.67484383837217,238.02976465828286
2025-08-17 22:40:00,204.49901991050206,2025-08-17 20:40:00,183.8402492142964,244.9110927713108
2025-08-17 22:45:00,210.75043490820417,2025-08-17 20:45:00,189.46013771851764,252.3978811144737
2025-08-17 22:50:00,217.5116970258885,2025-08-17 20:50:00,195.53836788931386,260.49527001384365
2025-08-17 22:55:00,224.77544270454086,2025-08-17 20:55:00,202.068320044474,269.1944407607264
2025-08-17 23:00:00,232.5217392589711,2025-08-17 21:00:00,209.03207512592888,278.47152167244144
2025-08-17 23:05:00,240.71759603446003,2025-08-17 21:05:00,216.3999752400222,288.28700264619187
2025-08-17 23:10:00,249.3169197448516,2025-08-17 21:10:00,224.13058350740982,298.5856816712941
2025-08-17 23:15:00,258.2609167306516,2025-08-17 21:15:00,232.17104568449506,309.29714657950854
2025-08-17 23:20:00,267.4789282180423,2025-08-17 21:20:00,240.4578410434352,320.3367753637608
2025-08-17 23:25:00,276.88966928371076,2025-08-17 21:25:00,248.91789617504833,331.60721998099854
2025-08-17 23:30:00,286.40282832556625,2025-08-17 21:30:00,257.4700228788113,343.0003219023073
2025-08-17 23:35:00,295.9209716763325,2025-08-17 21:35:00,266.02663036978146,354.3993931067089
2025-08-17 23:40:00,305.34168918956266,2025-08-17 21:40:00,274.49565411457826,365.6817856671464
2025-08-17 23:45:00,314.5599095527046,2025-08-17 21:45:00,282.78263724835557,376.7216646041305
2025-08-17 23:50:00,323.4703105293263,2025-08-17 21:50:00,290.79289733106083,387.3928944279704
2025-08-17 23:55:00,331.9697484841408,2025-08-17 21:55:00,298.43371043851914,397.57194877437547
2025-08-18 00:00:00,339.95963351082645,2025-08-17 22:00:00,305.6164463515925,407.1407548931486
2025-08-18 00:05:00,347.348180883009,2025-08-17 22:05:00,312.2585925625041,415.98939001964334
2025-08-18 00:10:00,354.052476319588,2025-08-17 22:10:00,318.28561090423676,424.01855476748847
2025-08-18 00:15:00,360.00030114914415,2025-08-17 22:15:00,323.63257833433556,431.14175897285065
2025-08-18 00:20:00,365.13167334874703,2025-08-17 22:20:00,328.2455722958673,437.28716726561936
2025-08-18 00:25:00,369.4000713167128,2025-08-17 22:25:00,332.08277086298045,442.39906467801205
2025-08-18 00:30:00,372.773318651976,2025-08-17 22:30:00,335.1152481386547,446.4389162696176
2025-08-18 00:35:00,375.2341192457101,2025-08-17 22:35:00,337.32745529063396,449.38600796114486
2025-08-18 00:40:00,376.7802430780938,2025-08-17 22:40:00,338.7173875787495,451.237669047416
2025-08-18 00:45:00,377.4243728491802,2025-08-17 22:45:00,339.2964464793481,452.0090885201956
2025-08-18 00:50:00,377.1936305552403,2025-08-17 22:50:00,339.0890140875413,451.73274808892063
2025-08-18 00:55:00,376.12881048134255,2025-08-17 22:55:00,338.13176359392315,450.457503601112
2025-08-18 01:00:00,374.283351124962,2025-08-17 23:00:00,336.47273506586305,448.2473538026729
2025-08-18 01:05:00,371.72208284919844,2025-08-17 23:05:00,334.1702096145083,445.17994050860295
2025-08-18 01:10:00,368.51979093578916,2025-08-17 23:10:00,331.2914176101469,441.34482769373943
2025-08-18 01:15:00,364.75963504344367,2025-08-17 23:15:00,327.9111178090235,436.8416086123578
2025-08-18 01:20:00,360.53146613264255,2025-08-17 23:20:00,324.11008430469667,431.7778901220727
2025-08-18 01:25:00,355.93008077348986,2025-08-17 23:25:00,319.97353718809995,426.26720201674493
2025-08-18 01:30:00,351.0534508144461,2025-08-17 23:30:00,315.5895510575607,420.42687685120904
2025-08-18 01:35:00,346.0009636053326,2025-08-17 23:35:00,311.0474730168836,414.3759424059554
2025-08-18 01:40:00,340.87170499117616,2025-08-17 23:40:00,306.4363791235057,408.2330653748113
2025-08-18 01:45:00,335.7628138098564,2025-08-17 23:45:00,301.84359511704156,402.1145806866484
2025-08-18 01:50:00,330.7679332977654,2025-08-17 23:50:00,297.35330426606185,396.1326368855793
2025-08-18 01:55:00,325.97578148908195,2025-08-17 23:55:00,293.045262187588,390.39348401969113
2025-08-18 02:00:00,321.46885958752256,2025-08-18 00:00:00,288.9936357008955,384.99592676768606
2025-08-18 02:05:00,317.3223144442735,2025-08-18 00:05:00,285.26598021948115,380.0299621253951
2025-08-18 02:10:00,313.6029686490376,2025-08-18 00:10:00,281.9223678236391,375.5756178282721
2025-08-18 02:15:00,310.3685293977328,2025-08-18 00:15:00,279.0146760494261,371.7020048794855
2025-08-18 02:20:00,307.6669849723955,2025-08-18 00:20:00,276.5860453369911,368.4665947652015
2025-08-18 02:25:00,305.5361955473484,2025-08-18 00:25:00,274.6705111740632,365.9147293979141
2025-08-18 02:30:00,304.0036825925167,2025-08-18 00:30:00,273.29281477403305,364.0793689026986
2025-08-18 02:35:00,303.08661892408844,2025-08-18 00:35:00,272.4683941317091,362.98107970173356
2025-08-18 02:40:00,302.79201836874694,2025-08-18 00:40:00,272.20355452741,362.6282616590295
2025-08-18 02:45:00,303.11712121178067,2025-08-18 00:45:00,272.49581503657896,363.0176096988651
2025-08-18 02:50:00,304.0499678234888,2025-08-18 00:50:00,273.3344242076654,364.13480078937226
2025-08-18 02:55:00,305.57014917281117,2025-08-18 00:55:00,274.7010347578414,365.95539276891344
2025-08-18 03:00:00,307.6497185167833,2025-08-18 01:00:00,276.57052316234115,368.44591619904446
2025-08-18 03:05:00,310.25424423209336,2025-08-18 01:05:00,278.9119361275338,371.56513525137404
2025-08-18 03:10:00,313.34397916715733,2025-08-18 01:10:00,281.6895418134529,375.2654481411443
2025-08-18 03:15:00,316.87511746570294,2025-08-18 01:15:00,284.8639596913423,379.4943923180011
2025-08-18 03:20:00,320.80110577113584,2025-08-18 01:20:00,288.3933392883647,384.19621478400484
2025-08-18 03:25:00,325.0739723489907,2025-08-18 01:25:00,292.23455504028396,389.3134638706089
2025-08-18 03:30:00,329.6456349324851,2025-08-18 01:30:00,296.34438201667297,394.7885555341061
2025-08-18 03:35:00,334.46914684677495,2025-08-18 01:35:00,300.68061615999187,400.565265732723
2025-08-18 03:40:00,339.4998405961081,2025-08-18 01:40:00,305.2031023460037,406.59010000374394
2025-08-18 03:45:00,344.6963297822345,2025-08-18 01:45:00,309.8746350870162,412.8134933760227
2025-08-18 03:50:00,350.02133291145304,2025-08-18 01:50:00,314.66169911681385,419.19079697365515
2025-08-18 03:55:00,355.44228767189355,2025-08-18 01:55:00,319.53502161280903,425.68301368366366
2025-08-18 04:00:00,360.9317304063003,2025-08-18 02:00:00,324.46991333396545,432.2572526182926
2025-08-18 04:05:00,366.4674233616599,2025-08-18 02:05:00,329.4463830154951,438.88688151107124
2025-08-18 04:10:00,372.0322215832947,2025-08-18 02:10:00,334.44901770949184,445.5513673071835
2025-08-18 04:15:00,377.61368141660887,2025-08-18 02:15:00,339.46663083636713,452.2358072992891
2025-08-18 04:20:00,383.2034232909963,2025-08-18 02:20:00,344.4916893411986,458.9301659879758
2025-08-18 04:25:00,388.796272575204,2025-08-18 02:25:00,349.5195413410602,465.6282461572598
2025-08-18 04:30:00,394.38921294136713,2025-08-18 02:30:00,354.54747522165343,472.32643540765946
2025-08-18 04:35:00,399.98019647208713,2025-08-18 02:35:00,359.5736499489965,479.02228112258905
2025-08-18 04:40:00,405.5668634638598,2025-08-18 02:40:00,364.59594420006067,485.7129572857475
2025-08-18 04:45:00,411.1452315699487,2025-08-18 02:45:00,369.61077793022366,492.39369457896663
2025-08-18 04:50:00,416.70841844898183,2025-08-18 02:50:00,374.6119640616523,499.0562506070166
2025-08-18 04:55:00,422.2454642942929,2025-08-18 02:55:00,379.5896499623401,505.68749974108806
2025-08-18 05:00:00,427.74031945478515,2025-08-18 03:00:00,384.529407338896,512.268220678358
2025-08-18 05:05:00,433.1710588413365,2025-08-18 03:05:00,389.4115260046893,518.7721556033204
2025-08-18 05:10:00,438.5093778273363,2025-08-18 03:10:00,394.21056070520336,525.1654064707095
2025-08-18 05:15:00,443.72041481350766,2025-08-18 03:15:00,398.8951716076024,531.406222506471
2025-08-18 05:20:00,448.76293334102115,2025-08-18 03:20:00,403.4282880165294,537.4452183091569
2025-08-18 05:25:00,453.58988227936027,2025-08-18 03:25:00,407.7676119710271,543.2260447393144
2025-08-18 05:30:00,458.14933659178746,2025-08-18 03:30:00,411.86646397259,548.6865155943146
2025-08-18 05:35:00,462.38580398141306,2025-08-18 03:35:00,415.67495763206017,553.7601724672783
2025-08-18 05:40:00,466.2418655952997,2025-08-18 03:40:00,419.141474627559,558.3782496789137
2025-08-18 05:45:00,469.6601018219786,2025-08-18 03:45:00,422.21439595530427,562.4719806415012
2025-08-18 05:50:00,472.58523872270007,2025-08-18 03:50:00,424.8440315254401,565.975168457144
2025-08-18 05:55:00,474.9664368427093,2025-08-18 03:55:00,426.98467775446693,568.8269270324745
2025-08-18 06:00:00,476.759633416796,2025-08-18 04:00:00,428.5967231579833,570.9744861391418
2025-08-18 06:05:00,477.9298410589958,2025-08-18 04:05:00,429.64871482360905,572.3759443590684
2025-08-18 06:10:00,478.453302649511,2025-08-18 04:10:00,430.11929560828247,573.002849809339
2025-08-18 06:15:00,478.3194021106609,2025-08-18 04:15:00,429.9989218850103,572.8424885161318
2025-08-18 06:20:00,477.53223594793604,2025-08-18 04:20:00,429.2912763246955,571.8997665158507
2025-08-18 06:25:00,476.1117591785036,2025-08-18 04:25:00,428.0142980613773,570.1985822362868
2025-08-18 06:30:00,474.0944328483509,2025-08-18 04:30:00,426.2007647963077,567.7826019728594
2025-08-18 06:35:00,471.53331702723534,2025-08-18 04:35:00,423.8983763984238,564.715371260762
2025-08-18 06:40:00,468.49757363497713,2025-08-18 04:40:00,421.169307955809,561.079719452276
2025-08-18 06:45:00,465.0713657643753,2025-08-18 04:45:00,418.0892202905132,556.9764415293891
2025-08-18 06:50:00,461.35216447086805,2025-08-18 04:50:00,414.7457377986375,552.5222702897031
2025-08-18 06:55:00,457.44849863946814,2025-08-18 04:55:00,411.2364256287896,547.8471815533337
2025-08-18 07:00:00,453.477207539555,2025-08-18 05:00:00,407.6663197875486,543.0911037813308
2025-08-18 07:05:00,449.5602786890446,2025-08-18 05:05:00,404.1450844469213,538.4001310543915
2025-08-18 07:10:00,445.8213733726408,2025-08-18 05:10:00,400.78388845949235,533.9223619814167
2025-08-18 07:15:00,442.3821588480557,2025-08-18 05:15:00,397.6921080901886,529.8035070946806
2025-08-18 07:20:00,439.3585784678488,2025-08-18 05:20:00,394.97397393551165,526.1824218918155
2025-08-18 07:25:00,436.85719815361546,2025-08-18 05:25:00,392.72528648190115,523.1867313185127
2025-08-18 07:30:00,434.9717691466268,2025-08-18 05:30:00,391.0303260920061,520.9287132671479
2025-08-18 07:35:00,433.78014308797145,2025-08-18 05:35:00,389.9590797276503,519.5016040304984
2025-08-18 07:40:00,433.3416654865934,2025-08-18 05:40:00,389.564897733294,518.9764766799798
2025-08-18 07:45:00,433.69515841406667,2025-08-18 05:45:00,389.8826803217417,519.3998251106584
2025-08-18 07:50:00,434.85758279399454,2025-08-18 05:50:00,390.9276750008959,520.7919619789756
2025-08-18 07:55:00,436.8234460555684,2025-08-18 05:55:00,392.69494406696344,523.1463092997683
2025-08-18 08:00:00,439.5649928151894,2025-08-18 06:00:00,395.1595360231593,526.4296268094379
2025-08-18 08:05:00,443.0331859376773,2025-08-18 06:05:00,398.2773675327701,530.5831868995654
2025-08-18 08:10:00,447.1594538773935,2025-08-18 06:10:00,401.98679424148673,535.5248672588424
2025-08-18 08:15:00,451.85814905906534,2025-08-18 06:15:00,406.2108208092356,541.1520950668103
2025-08-18 08:20:00,457.0296323485349,2025-08-18 06:20:00,410.8598737834735,547.3455410022816
2025-08-18 08:25:00,462.56387194803574,2025-08-18 06:25:00,415.83503692914104,553.9734293342901
2025-08-18 08:30:00,468.34442222055145,2025-08-18 06:30:00,421.03162810674246,560.8963030218066
2025-08-18 08:35:00,474.2526302591759,2025-08-18 06:35:00,426.3429808883156,567.9720615642829
2025-08-18 08:40:00,480.1719063370316,2025-08-18 06:40:00,431.6642836006585,575.0610753565112
2025-08-18 08:45:00,485.99188915837567,2025-08-18 06:45:00,436.89632379707155,582.0311740558078
2025-08-18 08:50:00,491.6123384819119,2025-08-18 06:50:00,441.9489876425385,588.7623084460629
2025-08-18 08:55:00,496.94659666888856,2025-08-18 06:55:00,446.74437177150094,595.150696039649
2025-08-18 09:00:00,501.92447579379825,2025-08-18 07:00:00,451.21937873868615,601.1122787244886
2025-08-18 09:05:00,506.4944491489785,2025-08-18 07:05:00,455.32768713491566,606.5853473428263
2025-08-18 09:10:00,510.62505273520804,2025-08-18 07:10:00,459.04101149720475,611.532220137382
2025-08-18 09:15:00,514.3054341139882,2025-08-18 07:15:00,462.3495957152353,615.9399000650741
2025-08-18 09:20:00,517.5450205172067,2025-08-18 07:20:00,465.26191466903555,619.8196773201756
2025-08-18 09:25:00,520.372314818462,2025-08-18 07:25:00,467.80359183292813,623.2056873715176
2025-08-18 09:30:00,522.8328642188114,2025-08-18 07:30:00,470.015573167422,626.1524782300806
2025-08-18 09:35:00,524.9864821953086,2025-08-18 07:35:00,471.9516297103086,628.7316834129059
2025-08-18 09:40:00,526.9038365639439,2025-08-18 07:40:00,473.67529031815064,631.0279357561094
2025-08-18 09:45:00,528.6625448147115,2025-08-18 07:45:00,475.2563314559412,633.1341911296067
2025-08-18 09:50:00,530.3429406538189,2025-08-18 07:50:00,476.76697140900984,635.1466583845807
2025-08-18 09:55:00,532.0236918252351,2025-08-18 07:55:00,478.27793079823135,637.1595511908561
2025-08-18 10:00:00,533.7774582434615,2025-08-18 08:00:00,479.85452933416326,639.2598881515976
2025-08-18 10:05:00,535.6667803446035,2025-08-18 08:05:00,481.5529895325154,641.5225686308985
2025-08-18 10:10:00,537.740380860879,2025-08-18 08:10:00,483.4171120884564,644.0059437034756
2025-08-18 10:15:00,540.0300481701153,2025-08-18 08:15:00,485.47547407440646,646.7480836072914
2025-08-18 10:20:00,542.5482476218979,2025-08-18 08:20:00,487.7392815732865,649.7639170319313
2025-08-18 10:25:00,545.2865784877181,2025-08-18 08:25:00,490.200982509672,653.0433831389618
2025-08-18 10:30:00,548.2151604051178,2025-08-18 08:30:00,492.83371507618926,656.5506967582376
2025-08-18 10:35:00,551.2829952581371,2025-08-18 08:35:00,495.59163305630574,660.2247817813526
2025-08-18 10:40:00,554.4193100082019,2025-08-18 08:40:00,498.4111130006044,663.9808793560467
2025-08-18 10:45:00,557.5358448144369,2025-08-18 08:45:00,501.21281119805303,667.7132881734038
2025-08-18 10:50:00,560.5300104095168,2025-08-18 08:50:00,503.9045020894287,671.299145788517
2025-08-18 10:55:00,563.2888010044804,2025-08-18 08:55:00,506.38459588513564,674.6031147739697
2025-08-18 11:00:00,565.6933154220903,2025-08-18 09:00:00,508.54620296748857,677.4827972969418
2025-08-18 11:05:00,567.6237112375238,2025-08-18 09:05:00,510.2815875573357,679.7946682723915
2025-08-18 11:10:00,568.9643957027524,2025-08-18 09:10:00,511.4868342441571,681.4002920919304
2025-08-18 11:15:00,569.6092439958721,2025-08-18 09:15:00,512.0665390807104,682.1725720774715
2025-08-18 11:20:00,569.466630536697,2025-08-18 09:20:00,511.9383326282417,682.0017760602302
2025-08-18 11:25:00,568.4640631550466,2025-08-18 09:25:00,511.03704597475354,680.8010863301555
2025-08-18 11:30:00,566.5522224317095,2025-08-18 09:30:00,509.3183420162204,678.5114372112399
2025-08-18 11:35:00,563.7082295267578,2025-08-18 09:35:00,506.7616531644165,675.1054286617103
2025-08-18 11:40:00,559.9379939926537,2025-08-18 09:40:00,503.3722919807314,670.5901380502112
2025-08-18 11:45:00,555.2775277537029,2025-08-18 09:45:00,499.18263241562204,665.008693797301
2025-08-18 11:50:00,549.793151175408,2025-08-18 09:50:00,494.2522950605577,658.4405221672001
2025-08-18 11:55:00,543.5805599220786,2025-08-18 09:55:00,488.6673082729512,651.0002297224722
2025-08-18 12:00:00,536.7627663107639,2025-08-18 10:00:00,482.53825749733255,642.8351378586232
2025-08-18 12:05:00,529.4869730385493,2025-08-18 10:05:00,475.99747481298994,634.1215387330328
2025-08-18 12:10:00,521.9204800492345,2025-08-18 10:10:00,469.19535929457504,625.0597932671105
2025-08-18 12:15:00,514.2457638029808,2025-08-18 10:15:00,462.29595338066036,615.8684380058368
2025-08-18 12:20:00,506.6549022372347,2025-08-18 10:20:00,455.4719310327355,606.7775083673658
2025-08-18 12:25:00,499.3435449575402,2025-08-18 10:25:00,448.8991770655916,598.0213172531243
2025-08-18 12:30:00,492.50464776372553,2025-08-18 10:30:00,442.7511546202416,589.8309514224185
2025-08-18 12:35:00,486.32220095380177,2025-08-18 10:35:00,437.1932670431376,582.4267604151383
2025-08-18 12:40:00,480.9651820839594,2025-08-18 10:40:00,432.3774215466237,576.0111142864488
2025-08-18 12:45:00,476.5819566076003,2025-08-18 10:45:00,428.43699550307116,570.76169772813
2025-08-18 12:50:00,473.29533306134783,2025-08-18 10:50:00,425.48239116276153,566.8255880851943
2025-08-18 12:55:00,471.1984551152984,2025-08-18 10:55:00,423.5973426948403,564.3143356136677
2025-08-18 13:00:00,470.35168106764473,2025-08-18 11:00:00,422.8361109196612,563.3002263165571
2025-08-18 13:05:00,470.7805638502274,2025-08-18 11:05:00,423.2216673769402,563.813862768209
2025-08-18 13:10:00,472.47500279614576,2025-08-18 11:10:00,424.74493178296217,565.8431482584806
2025-08-18 13:15:00,475.3895939570049,2025-08-18 11:15:00,427.36508695830054,569.3337063379277
2025-08-18 13:20:00,479.4451605100774,2025-08-18 11:20:00,431.0109546311545,574.1907136563708
2025-08-18 13:25:00,484.53140054065756,2025-08-18 11:25:00,435.583375737108,580.2820709867469
2025-08-18 13:30:00,490.51054777437673,2025-08-18 11:30:00,440.95850133925984,587.442787373024
2025-08-18 13:35:00,497.22190412106477,2025-08-18 11:35:00,446.9918672883048,595.4804083726962
2025-08-18 13:40:00,504.4870711301661,2025-08-18 11:40:00,453.52309718916786,604.1812813262379
2025-08-18 13:45:00,512.1156838534076,2025-08-18 11:45:00,460.38105702102354,613.3174223170157
2025-08-18 13:50:00,519.9114337566955,2025-08-18 11:50:00,467.3892696063943,622.653729300891
2025-08-18 13:55:00,527.678160351922,2025-08-18 11:55:00,474.3713908579809,631.9552775358184
2025-08-18 14:00:00,535.2257916334518,2025-08-18 12:00:00,481.1565501041294,640.9944339376601
2025-08-18 14:05:00,542.3759235088714,2025-08-18 12:05:00,487.5843658778554,649.5575390901171
2025-08-18 14:10:00,548.966845952393,2025-08-18 12:10:00,493.50946432135595,657.4509266414133
2025-08-18 14:15:00,554.8578486896486,2025-08-18 12:15:00,498.8053499046372,664.5060798569713
2025-08-18 14:20:00,559.9326703008995,2025-08-18 12:20:00,503.36750609559977,670.583762317136
2025-08-18 14:25:00,564.1019905760809,2025-08-18 12:25:00,507.1156359339677,675.5770027989493
2025-08-18 14:30:00,567.3049050816214,2025-08-18 12:30:00,509.9949876353517,679.4128612394852
2025-08-18 14:35:00,569.5093616150024,2025-08-18 12:35:00,511.97674695457096,682.0529514403745
2025-08-18 14:40:00,570.711578833171,2025-08-18 12:40:00,513.0575145450198,683.4927448084748
2025-08-18 14:45:00,570.9345061478111,2025-08-18 12:45:00,513.2579214374248,683.7597259033523
2025-08-18 14:50:00,570.2254195004596,2025-08-18 12:50:00,512.6204676930465,682.910513101509
2025-08-18 14:55:00,568.6527783846196,2025-08-18 12:55:00,511.20669693371866,681.0270945189358
2025-08-18 15:00:00,566.302494309227,2025-08-18 13:00:00,509.0938417702383,678.2123590670038
2025-08-18 15:05:00,563.2737790413005,2025-08-18 13:05:00,506.3710914612225,674.5851242456064
2025-08-18 15:10:00,559.6747515394594,2025-08-18 13:10:00,503.13564264021034,670.2748749408632
2025-08-18 15:15:00,555.6179855143445,2025-08-18 13:15:00,499.4886966676203,665.4164311167156
2025-08-18 15:20:00,551.2161750207297,2025-08-18 13:20:00,495.53156309067504,660.1447568630432
2025-08-18 15:25:00,546.5780834671426,2025-08-18 13:25:00,491.3620178896108,654.59010886884
2025-08-18 15:30:00,541.8049231999646,2025-08-18 13:30:00,487.0710488011437,648.8737005578429
2025-08-18 15:35:00,536.9872888142087,2025-08-18 13:35:00,482.7400984303872,643.1040293755335
2025-08-18 15:40:00,532.2027388830187,2025-08-18 13:40:00,478.4388902773449,637.373980632124
2025-08-18 15:45:00,527.5140893673832,2025-08-18 13:45:00,474.2238945487094,631.7587836644393
2025-08-18 15:50:00,522.9684489225021,2025-08-18 13:50:00,470.1374609188991,626.3148565043555
2025-08-18 15:55:00,518.5969928775947,2025-08-18 13:55:00,466.20761534273527,621.0795351936296
2025-08-18 16:00:00,514.4154409105979,2025-08-18 14:00:00,462.44848947478897,616.0716458542801
2025-08-18 16:05:00,510.4251739460906,2025-08-18 14:05:00,458.86132473674945,611.2928423022902
2025-08-18 16:10:00,506.61490052165084,2025-08-18 14:10:00,455.4359703451725,606.7296017129445
2025-08-18 16:15:00,502.9627622156191,2025-08-18 14:15:00,452.1527760460517,602.3557461126895
2025-08-18 16:20:00,499.4387530478987,2025-08-18 14:20:00,448.98476710444055,598.1353398898126
2025-08-18 16:25:00,496.00731894063426,2025-08-18 14:25:00,445.89998116405803,594.0258029475295
2025-08-18 16:30:00,492.63000119856144,2025-08-18 14:30:00,442.8638446796374,589.9810765756918
2025-08-18 16:35:00,489.2679919847875,2025-08-18 14:35:00,439.8414702350486,585.9546839269009
2025-08-18 16:40:00,485.8844797890502,2025-08-18 14:40:00,436.79976506914517,581.9025389844667
2025-08-18 16:45:00,482.4466783475186,2025-08-18 14:45:00,433.7092550313121,577.7853764271852
2025-08-18 16:50:00,478.92745239252423,2025-08-18 14:50:00,430.5455460957351,573.5706986515946
2025-08-18 16:55:00,475.3064767995788,2025-08-18 14:55:00,427.29036640980166,569.2341639838264
2025-08-18 17:00:00,471.5708916360835,2025-08-18 15:00:00,423.93215516889325,564.7603711757615
2025-08-18 17:05:00,467.7154420521946,2025-08-18 15:05:00,420.4661883752847,560.143026940429
2025-08-18 17:10:00,463.74211863753214,2025-08-18 15:10:00,416.89425552651005,555.3845152378071
2025-08-18 17:15:00,459.65933872103477,2025-08-18 15:15:00,413.2239236214257,550.4949167872535
2025-08-18 17:20:00,455.4807315358028,2025-08-18 15:20:00,409.46744504936265,545.4905541627036
2025-08-18 17:25:00,451.22360893880807,2025-08-18 15:25:00,405.64038279982304,540.3921603036634
2025-08-18 17:30:00,446.90721770140965,2025-08-18 15:30:00,401.76003930899844,535.2227854321242
2025-08-18 17:35:00,442.5508786808126,2025-08-18 15:35:00,397.84378361467276,530.0055684963968
2025-08-18 17:40:00,438.17212215582185,2025-08-18 15:40:00,393.9073750629089,524.7615040212501
2025-08-18 17:45:00,433.7849269975366,2025-08-18 15:45:00,389.963380360128,519.5073333123298
2025-08-18 17:50:00,429.39816463968225,2025-08-18 15:50:00,386.0197747356864,514.2536809316956
2025-08-18 17:55:00,425.0143369982109,2025-08-18 15:55:00,382.0788073585649,509.0035432114088
2025-08-18 18:00:00,420.62868154498256,2025-08-18 16:00:00,378.1361968177301,503.7512164763531
2025-08-18 18:05:00,416.22869743001723,2025-08-18 16:05:00,374.18070511616503,498.4817295211385
2025-08-18 18:10:00,411.794124519257,2025-08-18 16:10:00,370.19411882626537,493.1708185054101
2025-08-18 18:15:00,407.2973842267456,2025-08-18 16:15:00,366.15164538854884,487.7854549010773
2025-08-18 18:20:00,402.7044673942481,2025-08-18 16:20:00,362.02271129646175,482.28490883025995
2025-08-18 18:25:00,397.9762318351884,2025-08-18 16:25:00,357.77212856065273,476.62230302336525
2025-08-18 18:30:00,393.07005169686107,2025-08-18 16:30:00,353.3615774503586,470.7465881200053
2025-08-18 18:35:00,387.9417428657082,2025-08-18 16:35:00,348.7513373916061,464.6048485632285
2025-08-18 18:40:00,382.54767463734885,2025-08-18 16:40:00,343.9021853134471,458.1448315672123
2025-08-18 18:45:00,376.8469683403125,2025-08-18 16:45:00,338.777372163715,451.31758022201524
2025-08-18 18:50:00,370.80367850533776,2025-08-18 16:50:00,333.3445837336178,444.0800456946362
2025-08-18 18:55:00,364.38885246865243,2025-08-18 16:55:00,327.5777921970779,436.3975538407876
2025-08-18 19:00:00,357.5823692056429,2025-08-18 17:00:00,321.45890918290877,428.24600741967106
2025-08-18 19:05:00,350.37446789233337,2025-08-18 17:05:00,314.979159918923,419.61371672212647
2025-08-18 19:10:00,342.76689070159455,2025-08-18 17:10:00,308.1401105813052,410.50276820050834
2025-08-18 19:15:00,334.7735815533286,2025-08-18 17:15:00,300.9542964560969,400.9298613023849
2025-08-18 19:20:00,326.4209027746474,2025-08-18 17:20:00,293.4454167120681,390.92656794601663
2025-08-18 19:25:00,317.7473534392307,2025-08-18 17:25:00,285.648081193818,380.538995199348
2025-08-18 19:30:00,308.8027955693505,2025-08-18 17:30:00,277.6071147939295,369.8268585679485
2025-08-18 19:35:00,299.6472167597957,2025-08-18 17:35:00,269.37644507831754,358.8620000948699
2025-08-18 19:40:00,290.34907849783326,2025-08-18 17:40:00,261.0176174611669,347.72641028386465
2025-08-18 19:45:00,280.9833180733749,2025-08-18 17:45:00,252.5979989648662,336.5098351570388
2025-08-18 19:50:00,271.6290875653481,2025-08-18 17:50:00,244.18874561706903,325.3070684310261
2025-08-18 19:55:00,262.3673246623382,2025-08-18 17:55:00,235.86261867035688,314.21504229536225
2025-08-18 20:00:00,253.27825772136694,2025-08-18 18:00:00,227.69174170339215,303.32983943346557
2025-08-18 20:05:00,244.4389499582856,2025-08-18 18:05:00,219.74539290055722,292.7437519082265
2025-08-18 20:10:00,235.92098571321907,2025-08-18 18:10:00,212.08792505402755,282.5425101988081
2025-08-18 20:15:00,227.78839502975353,2025-08-18 18:15:00,204.7768998048088,272.8027976455596
2025-08-18 20:20:00,220.09590197940418,2025-08-18 18:20:00,197.86151292386248,263.59015261713216
2025-08-18 20:25:00,212.8875675263422,2025-08-18 18:25:00,191.3813742764945,254.957343184925
2025-08-18 20:30:00,206.19588004702615,2025-08-18 18:30:00,185.36569021893746,246.94327791575827
2025-08-18 20:35:00,200.04132683407116,2025-08-18 18:35:00,179.83287838948485,239.57249269848114
2025-08-18 20:40:00,194.43245840717162,2025-08-18 18:40:00,174.79062552263647,232.85522776369734
2025-08-18 20:45:00,189.3664362605494,2025-08-18 18:45:00,170.23637986235033,226.7880836743227
2025-08-18 20:50:00,184.83003332827928,2025-08-18 18:50:00,166.15825055899236,221.3552194978612
2025-08-18 20:55:00,180.80103714264126,2025-08-18 18:55:00,162.53626907871288,216.5300332498885
2025-08-18 21:00:00,177.24998852619046,2025-08-18 19:00:00,159.3439522504655,212.27724417774706
2025-08-18 21:05:00,174.14217459955862,2025-08-18 19:05:00,156.5500939374344,208.55527961657504
2025-08-18 21:10:00,171.4397845863713,2025-08-18 19:10:00,154.12070305959057,205.31885681360203
2025-08-18 21:15:00,169.10413058142103,2025-08-18 19:15:00,152.02100001682612,202.52164255341435
2025-08-18 21:20:00,167.09783374528553,2025-08-18 19:20:00,150.21738203120242,200.11887137741255
2025-08-18 21:25:00,165.3868784286397,2025-08-18 19:25:00,148.67926976081426,198.06980563388967
2025-08-18 21:30:00,163.94244387817514,2025-08-18 19:30:00,147.38075396427226,196.33992915650737
2025-08-18 21:35:00,162.74243313674626,2025-08-18 19:35:00,146.3019699492649,194.90277829803733
2025-08-18 21:40:00,161.77263297901467,2025-08-18 19:40:00,145.43014032991775,193.74133108668258
2025-08-18 21:45:00,161.02745505332854,2025-08-18 19:45:00,144.76024129750633,192.8488948287058
2025-08-18 21:50:00,160.5102268618085,2025-08-18 19:50:00,144.2952642053358,192.22945459054358
2025-08-18 21:55:00,160.23302092953932,2025-08-18 19:55:00,144.04606199549465,191.8974686092687
2025-08-18 22:00:00,160.21603023016198,2025-08-18 20:00:00,144.03078771980756,191.8771202929136
2025-08-18 22:05:00,160.48651730082736,2025-08-18 20:05:00,144.2739498166339,192.2010596647803
2025-08-18 22:10:00,161.07738225172596,2025-08-18 20:10:00,144.8051247820334,192.90868839018046
2025-08-18 22:15:00,162.02541068638888,2025-08-18 20:15:00,145.65738208755468,194.04406145951438
2025-08-18 22:20:00,163.36927532684965,2025-08-18 20:20:00,146.86548768395662,195.65349390459903
2025-08-18 22:25:00,165.14737507688065,2025-08-18 20:25:00,148.46396136523217,197.78297282839569
2025-08-18 22:30:00,167.39560102545596,2025-08-18 20:30:00,150.4850684534569,200.47548193725777
2025-08-18 22:35:00,170.14512147800306,2025-08-18 20:35:00,152.95682858921347,203.7683488611437
2025-08-18 22:40:00,173.42027634281484,2025-08-18 20:40:00,155.90112282996787,207.6907234392095
2025-08-18 22:45:00,177.23666627810766,2025-08-18 20:45:00,159.3319758341056,212.26128925367186
2025-08-18 22:50:00,181.59951327166965,2025-08-18 20:50:00,163.25408205706597,217.48630023541114
2025-08-18 22:55:00,186.50235814961735,2025-08-18 20:55:00,167.66163483954585,223.3580207809272
2025-08-18 23:00:00,191.92614657308567,2025-08-18 21:00:00,172.537504738054,229.85363112826948
2025-08-18 23:05:00,197.83873967836115,2025-08-18 21:05:00,177.8527996008474,236.93464129232245
2025-08-18 23:10:00,204.1948688872316,2025-08-18 21:10:00,183.5668239434012,244.54683694500275
2025-08-18 23:15:00,210.93653767654956,2025-08-18 21:15:00,189.62744013066154,252.62076058051312
2025-08-18 23:20:00,217.99385637785332,2025-08-18 21:20:00,195.97181884406666,261.07271128388635
2025-08-18 23:25:00,225.2862807087991,2025-08-18 21:25:00,202.5275524948401,269.80622801480104
2025-08-18 23:30:00,232.72421079847607,2025-08-18 21:30:00,209.2140927135813,278.7140046242764
2025-08-18 23:35:00,240.21089541653225,2025-08-18 21:35:00,215.94446221156053,287.680170388028
2025-08-18 23:40:00,247.64457721975117,2025-08-18 21:40:00,222.62718331155227,296.5828591859368
2025-08-18 23:45:00,254.92080767441814,2025-08-18 21:45:00,229.16835901357788,305.29698188778775
2025-08-18 23:50:00,261.9348569780926,2025-08-18 21:50:00,235.47383946308423,313.69711251172214
2025-08-18 23:55:00,268.5841433386944,2025-08-18 21:55:00,241.45140582093393,321.66039756529864
2025-08-19 00:00:00,274.7706077725592,2025-08-18 22:00:00,247.01290515611325,329.06940013925606
2025-08-19 00:05:00,280.4029653557656,2025-08-18 22:05:00,252.07627427257097,335.8147960398602
2025-08-19 00:10:00,285.3987702289189,2025-08-18 22:10:00,256.56739610439416,341.7978468695986
2025-08-19 00:15:00,289.68624060958985,2025-08-18 22:15:00,260.42174036299457,346.9325856894437
2025-08-19 00:20:00,293.2057996206263,2025-08-18 22:20:00,263.58574870883666,351.1476623379445
2025-08-19 00:25:00,295.91129896387923,2025-08-18 22:25:00,266.0179348079701,354.3878089212295
2025-08-19 00:30:00,297.77090354277055,2025-08-18 22:30:00,267.68967958881575,356.61489925025955
2025-08-19 00:35:00,298.767626502041,2025-08-18 22:35:00,268.5857122314665,357.8085896124531
2025-08-19 00:40:00,298.8995149328947,2025-08-18 22:40:00,268.7042771126441,357.96654117495154
2025-08-19 00:45:00,298.17949647837,2025-08-18 22:45:00,268.05699590720536,357.1042362769118
2025-08-19 00:50:00,296.6349058913875,2025-08-18 22:50:00,266.6684419739435,355.25441142832466
2025-08-19 00:55:00,294.30671806031324,2025-08-18 22:55:00,264.5754508619582,352.4661387699285
2025-08-19 01:00:00,291.24851994445186,2025-08-18 23:00:00,261.82619610263123,348.8035948477397
2025-08-19 01:05:00,287.52525832044336,2025-08-18 23:05:00,258.479063460395,344.34456089535945
2025-08-19 01:10:00,283.21180290479185,2025-08-18 23:10:00,254.60135921058898,339.17870200796784
2025-08-19 01:15:00,278.3913659494816,2025-08-18 23:15:00,250.26788938968775,333.4056744263349
2025-08-19 01:20:00,273.1538192975347,2025-08-18 23:20:00,245.55944686420858,327.13311001732
2025-08-19 01:25:00,267.5939488739308,2025-08-18 23:25:00,240.56124215534558,320.4745258260234
2025-08-19 01:30:00,261.80968452795133,2025-08-18 23:30:00,235.36131210506164,313.54720410843305
2025-08-19 01:35:00,255.90034047122165,2025-08-18 23:35:00,230.04893806748603,306.470085053639
2025-08-19 01:40:00,249.96489856327446,2025-08-18 23:40:00,224.71310261931845,299.3617108208815
2025-08-19 01:45:00,244.10036299262163,2025-08-18 23:45:00,219.44101045326912,292.3382550809303
2025-08-19 01:50:00,238.400212061923,2025-08-18 23:50:00,214.3166965660077,285.51166885078715
2025-08-19 01:55:00,232.95296883530887,2025-08-18 23:55:00,209.41974130064798,278.98796867948533
2025-08-19 02:00:00,227.84090988932238,2025-08-19 00:00:00,204.82410954143646,272.86569022885595
2025-08-19 02:05:00,223.1389281147523,2025-08-19 00:05:00,200.59712839689922,267.23452634794967
2025-08-19 02:10:00,218.9135632228751,2025-08-19 00:10:00,196.79861564566937,262.17416599277504
2025-08-19 02:15:00,215.22221100400262,2025-08-19 00:15:00,193.48016887681808,257.7533472224772
2025-08-19 02:20:00,212.11252024537507,2025-08-19 00:20:00,190.6846233319266,254.0291349391634
2025-08-19 02:25:00,209.62198396213958,2025-08-19 00:25:00,188.44568443047052,251.04643133999335
2025-08-19 02:30:00,207.77772929261,2025-08-19 00:30:00,186.78773889014798,248.83772429259156
2025-08-19 02:35:00,206.59650801806848,2025-08-19 00:35:00,185.72584620438363,247.42307598141977
2025-08-19 02:40:00,206.08488675961945,2025-08-19 00:40:00,185.2659096252364,246.81035069038109
2025-08-19 02:45:00,206.23963293284336,2025-08-19 00:45:00,185.40502312838615,246.9956770279011
2025-08-19 02:50:00,207.04828893286248,2025-08-19 00:50:00,186.13198759323888,247.96413557957257
2025-08-19 02:55:00,208.48992320396405,2025-08-19 00:55:00,187.42798599846927,249.69065840039872
2025-08-19 03:00:00,210.53604251946135,2025-08-19 01:00:00,189.2674035421222,252.14112157483464
2025-08-19 03:05:00,213.151645418093,2025-08-19 01:05:00,191.61877465842645,255.273606828016
2025-08-19 03:10:00,216.29639214666398,2025-08-19 01:10:00,194.44583477122964,259.0398026666092
2025-08-19 03:15:00,219.9258621417112,2025-08-19 01:15:00,197.70865074314634,263.38651035771073
2025-08-19 03:20:00,223.9928658755294,2025-08-19 01:20:00,201.36480019710373,268.257215015319
2025-08-19 03:25:00,228.44877461824402,2025-08-19 01:25:00,205.37056694403157,273.5936781433334
2025-08-19 03:30:00,233.244828999276,2025-08-19 01:30:00,209.68211735165752,279.33750478838647
2025-08-19 03:35:00,238.33338576530838,2025-08-19 01:35:00,214.25662115327916,285.4316366758803
2025-08-19 03:40:00,243.66906213592,2025-08-19 01:40:00,219.053280199026,291.8217227074538
2025-08-19 03:45:00,249.2097383715627,2025-08-19 01:45:00,224.0342297430486,298.4573196514252
2025-08-19 03:50:00,254.91738233211169,2025-08-19 01:50:00,229.16527970403627,305.2928796464775
2025-08-19 03:55:00,260.7586644997406,2025-08-19 01:55:00,234.41646755764012,312.28848676227517
2025-08-19 04:00:00,266.7053381846961,2025-08-19 02:00:00,239.76240013334032,319.41031233960183
2025-08-19 04:05:00,272.7343675044234,2025-08-19 02:05:00,245.18236866494524,326.63076826007966
2025-08-19 04:10:00,278.82779508934357,2025-08-19 02:10:00,250.6602298609121,333.9283485086244
2025-08-19 04:15:00,284.97235132040504,2025-08-19 02:15:00,256.1840546172555,341.287161190478
2025-08-19 04:20:00,291.15881787025234,2025-08-19 02:20:00,261.74555585465794,348.6961662985678
2025-08-19 04:25:00,297.3811694044643,2025-08-19 02:25:00,267.3393169262226,356.1481478020392
2025-08-19 04:30:00,303.63552766266486,2025-08-19 02:30:00,272.96185135874106,363.63846103811017
2025-08-19 04:35:00,309.91897241099946,2025-08-19 02:35:00,278.610533924377,371.16360869092665
2025-08-19 04:40:00,316.22826201034667,2025-08-19 02:40:00,284.2824504588268,378.7197085248674
2025-08-19 04:45:00,322.5585233724,2025-08-19 02:45:00,289.9732201598299,386.30092445630305
2025-08-19 04:50:00,328.9019754066896,2025-08-19 02:50:00,295.67584799331837,393.8979377346072
2025-08-19 04:55:00,335.2467523473728,2025-08-19 02:55:00,301.37966688934443,401.4965377406757
2025-08-19 05:00:00,341.57589218955036,2025-08-19 03:00:00,307.06942836794354,409.0764105230906
2025-08-19 05:05:00,347.86655189395407,2025-08-19 03:05:00,312.7245970249182,416.61019891548597
2025-08-19 05:10:00,354.08950410098095,2025-08-19 03:10:00,318.31889808850843,424.0628997937278
2025-08-19 05:15:00,360.2089604780007,2025-08-19 03:15:00,323.8201586123959,431.39165251400084
2025-08-19 05:20:00,366.1827546457755,2025-08-19 03:20:00,329.1904719226468,438.54595798823203
2025-08-19 05:25:00,371.9629031717417,2025-08-19 03:25:00,334.3867019386846,445.4683505380565
2025-08-19 05:30:00,377.4965471149908,2025-08-19 03:30:00,339.3613296021097,452.095525503206
2025-08-19 05:35:00,382.7272594717881,2025-08-19 03:35:00,344.06362824228296,458.35990505786725
2025-08-19 05:40:00,387.5966866562029,2025-08-19 03:40:00,348.4411392323379,464.1916040724996
2025-08-19 05:45:00,392.0464751016029,2025-08-19 03:45:00,352.44140396275685,469.5207374406742
2025-08-19 05:50:00,396.0204184159162,2025-08-19 03:50:00,356.01389408807177,474.2799915444135
2025-08-19 05:55:00,399.4667470192981,2025-08-19 03:55:00,359.112069862202,478.40736635859446
2025-08-19 06:00:00,402.34047105190933,2025-08-19 04:00:00,361.69548636248436,481.8489813524365
2025-08-19 06:05:00,404.6056798658151,2025-08-19 04:05:00,363.73186068375543,484.5618293954817
2025-08-19 06:10:00,406.2376976042112,2025-08-19 04:10:00,365.199009758016,486.5163583115991
2025-08-19 06:15:00,407.2249947382351,2025-08-19 04:15:00,366.0865687851789,487.6987601641342
2025-08-19 06:20:00,407.5707603205199,2025-08-19 04:20:00,366.3974046554182,488.1128542103411
2025-08-19 06:25:00,407.2940486316885,2025-08-19 04:25:00,366.1486467598667,487.7814601424186
2025-08-19 06:30:00,406.4304273634952,2025-08-19 04:30:00,365.3722696934098,486.74717436136046
2025-08-19 06:35:00,405.0320713519235,2025-08-19 04:35:00,364.1151775187375,485.07248223311825
2025-08-19 06:40:00,403.1672660243159,2025-08-19 04:40:00,362.43875737592424,482.83916340943875
2025-08-19 06:45:00,400.9193074099476,2025-08-19 04:45:00,360.41789061543926,480.1469744640317
2025-08-19 06:50:00,398.38480958984974,2025-08-19 04:50:00,358.1394312317034,477.11162186909837
2025-08-19 06:55:00,395.6714551288798,2025-08-19 04:55:00,355.7001835495886,473.8620678790456
2025-08-19 07:00:00,392.89524832978555,2025-08-19 05:00:00,353.2044329585135,470.5372409863647
2025-08-19 07:05:00,390.1773536516701,2025-08-19 05:05:00,350.76110371819914,467.2822495641765
2025-08-19 07:10:00,387.64062180741286,2025-08-19 05:10:00,348.48063599448005,464.24422146840993
2025-08-19 07:15:00,385.40592254638676,2025-08-19 05:15:00,346.47168910932703,461.5679121233937
2025-08-19 07:20:00,383.58841534431195,2025-08-19 05:20:00,344.837788970713,459.39123824410234
2025-08-19 07:25:00,382.2938963744808,2025-08-19 05:25:00,343.67404407780083,457.84090291411746
2025-08-19 07:30:00,381.6153618126371,2025-08-19 05:30:00,343.0640560054646,457.02827974801636
2025-08-19 07:35:00,381.62992338204464,2025-08-19 05:35:00,343.07714654521385,457.0457189018941
2025-08-19 07:40:00,382.3962023102713,2025-08-19 05:40:00,343.76601492802814,457.9634260369295
2025-08-19 07:45:00,383.95231248292515,2025-08-19 05:45:00,345.1649247226608,459.82704691405644
2025-08-19 07:50:00,386.31452317892206,2025-08-19 05:50:00,347.2885016632193,462.6560658656674
2025-08-19 07:55:00,389.47666712988854,2025-08-19 05:55:00,350.1312015072165,466.44309687867826
2025-08-19 08:00:00,393.4103316077791,2025-08-19 06:00:00,353.66748181925567,471.1541124439239
2025-08-19 08:05:00,398.06583986122814,2025-08-19 06:05:00,357.85268426134,476.72961893905074
2025-08-19 08:10:00,403.3739988265707,2025-08-19 06:10:00,362.6246057477352,483.08674971344186
2025-08-19 08:15:00,409.2485578295909,2025-08-19 06:15:00,367.9057087653045,490.12220966630065
2025-08-19 08:20:00,415.58929338684345,2025-08-19 06:20:00,373.60589454398166,497.7159696509708
2025-08-19 08:25:00,422.2856083702023,2025-08-19 06:25:00,379.6257386287938,505.73557688837
2025-08-19 08:30:00,429.2205111480744,2025-08-19 06:30:00,385.86006804278753,514.0409204461766
2025-08-19 08:35:00,436.2748223580006,2025-08-19 06:35:00,392.20174308570756,522.4892693327779
2025-08-19 08:40:00,443.3314456250022,2025-08-19 06:40:00,398.54549661853486,530.9403871736026
2025-08-19 08:45:00,450.27953299551604,2025-08-19 06:45:00,404.7916786995883,539.2615207972641
2025-08-19 08:50:00,457.0183777609965,2025-08-19 06:50:00,410.84975614976173,547.3320623394795
2025-08-19 08:55:00,463.4608761464357,2025-08-19 06:55:00,416.64142453653534,555.0476950131513
2025-08-19 09:00:00,469.5364145934452,2025-08-19 07:00:00,422.1032037797713,562.323850961881
2025-08-19 09:05:00,475.19306137198373,2025-08-19 07:05:00,427.1884083638269,569.0983359670389
2025-08-19 09:10:00,480.39896816700764,2025-08-19 07:10:00,431.8684073340051,575.3330080089534
2025-08-19 09:15:00,485.14291898017524,2025-08-19 07:15:00,436.13311774745733,581.0144346398228
2025-08-19 09:20:00,489.43399834996217,2025-08-19 07:20:00,439.99070641015703,586.1534956391512
2025-08-19 09:25:00,493.3003872992879,2025-08-19 07:25:00,443.46650745954355,590.78394102257
2025-08-19 09:30:00,496.7873320430664,2025-08-19 07:30:00,446.60119627601455,594.9599583355416
2025-08-19 09:35:00,499.95436595327703,2025-08-19 07:35:00,449.4482920888847,598.7528456370698
2025-08-19 09:40:00,502.87189754473115,2025-08-19 07:40:00,452.0710906484976,602.2469252202901
2025-08-19 09:45:00,505.61730578372874,2025-08-19 07:45:00,454.5391539921419,605.5348672955652
2025-08-19 09:50:00,508.2707065348204,2025-08-19 07:50:00,456.9245045701524,608.7126198236432
2025-08-19 09:55:00,510.9105702922312,2025-08-19 07:55:00,459.297685680099,611.8741602450976
2025-08-19 10:00:00,513.609380181572,2025-08-19 08:00:00,461.72385810310396,615.1062954380669
2025-08-19 10:05:00,516.4295201943504,2025-08-19 08:05:00,464.25910371452693,618.4837374062482
2025-08-19 10:10:00,519.4195767614997,2025-08-19 08:10:00,466.94710067759377,622.0646739878956
2025-08-19 10:15:00,522.6112219563533,2025-08-19 08:15:00,469.8163215094701,625.887036132966
2025-08-19 10:20:00,526.0168246063388,2025-08-19 08:20:00,472.8778855217191,629.965636934661
2025-08-19 10:25:00,529.6279070095411,2025-08-19 08:25:00,476.12417144146883,634.2903233700414
2025-08-19 10:30:00,533.4145311565198,2025-08-19 08:30:00,479.5282656379403,638.8252412300716
2025-08-19 10:35:00,537.3256603347306,2025-08-19 08:35:00,483.0442871970962,643.509268182497
2025-08-19 10:40:00,541.2905017028337,2025-08-19 08:40:00,486.6085948672563,648.2576216589683
2025-08-19 10:45:00,545.220794080576,2025-08-19 08:45:00,490.14184373331636,652.9645987465107
2025-08-19 10:50:00,549.0139650450171,2025-08-19 08:50:00,493.5518233787958,657.5073571733054
2025-08-19 10:55:00,552.5570434788779,2025-08-19 08:55:00,496.73697518319966,661.7506010352616
2025-08-19 11:00:00,555.7311803575296,2025-08-19 09:00:00,499.5904564129239,665.5519949583061
2025-08-19 11:05:00,558.416602535697,2025-08-19 09:05:00,502.00459356964944,668.7680968276212
2025-08-19 11:10:00,560.4978032845364,2025-08-19 09:10:00,503.87554857226536,671.2605740526847
2025-08-19 11:15:00,561.8687601394666,2025-08-19 09:15:00,505.1080094905755,672.9024525400741
2025-08-19 11:20:00,562.4379658084591,2025-08-19 09:20:00,505.6197132243517,673.5841417846758
2025-08-19 11:25:00,562.1330619018736,2025-08-19 09:25:00,505.3456111274437,673.21898429402
2025-08-19 11:30:00,560.9048778575564,2025-08-19 09:30:00,504.24149991513997,671.7480926655434
2025-08-19 11:35:00,558.7306982906878,2025-08-19 09:35:00,502.2869589418645,669.1442626137618
2025-08-19 11:40:00,555.6166103348381,2025-08-19 09:40:00,499.4874604106286,665.4147841811175
2025-08-19 11:45:00,551.5988171833902,2025-08-19 09:45:00,495.8755502187023,660.6030148548839
2025-08-19 11:50:00,546.7438436035471,2025-08-19 09:50:00,491.5110327103163,654.788625693823
2025-08-19 11:55:00,541.1476023509423,2025-08-19 09:55:00,486.48013140334444,648.0864832523229
2025-08-19 12:00:00,534.9333349788964,2025-08-19 10:00:00,480.89363782082665,640.644183462686
2025-08-19 12:05:00,528.2484850434203,2025-08-19 10:05:00,474.8841005690787,632.6383069385531
2025-08-19 12:10:00,521.2606044306605,2025-08-19 10:10:00,468.6021452135385,624.2695163312659
2025-08-19 12:15:00,514.1524321254944,2025-08-19 10:15:00,462.21205019688864,615.7566625893415
2025-08-19 12:20:00,507.11631857830446,2025-08-19 10:20:00,455.8867344639252,607.3301074965128
2025-08-19 12:25:00,500.3481953310362,2025-08-19 10:25:00,449.80233628424,599.2245016054684
2025-08-19 12:30:00,494.0413090392018,2025-08-19 10:30:00,444.1325802718909,591.6712800086433
2025-08-19 12:35:00,488.3799491371229,2025-08-19 10:35:00,439.0431386904813,584.8911504960586
2025-08-19 12:40:00,483.5334000758505,2025-08-19 10:40:00,434.6861946442773,579.0868506647662
2025-08-19 12:45:00,479.65034133526257,2025-08-19 10:45:00,431.19540780874206,574.436441289363
2025-08-19 12:50:00,476.853902059388,2025-08-19 10:50:00,428.6814686533641,571.0873836790977
2025-08-19 12:55:00,475.2375525079731,2025-08-19 10:55:00,427.2284049444056,569.1516192186582
2025-08-19 13:00:00,474.8619829509717,2025-08-19 11:00:00,426.89077593774016,568.7018314854109
2025-08-19 13:05:00,475.7530830898694,2025-08-19 11:05:00,427.6918559217985,569.7690263740789
2025-08-19 13:10:00,477.90109322442544,2025-08-19 11:10:00,429.622871134607,572.3415155213041
2025-08-19 13:15:00,481.26095396958624,2025-08-19 11:15:00,432.64331415182056,576.365335131867
2025-08-19 13:20:00,485.7538360920111,2025-08-19 11:20:00,436.68231917706976,581.7460781338498
2025-08-19 13:25:00,491.26978764614955,2025-08-19 11:25:00,441.641041760731,588.3520644284974
2025-08-19 13:30:00,497.6713941755826,2025-08-19 11:30:00,447.3959492427223,596.0187244022301
2025-08-19 13:35:00,504.79831059066186,2025-08-19 11:35:00,453.8028948136646,604.5540263712603
2025-08-19 13:40:00,512.4724920952949,2025-08-19 11:40:00,460.7018200062886,613.7447412179506
2025-08-19 13:45:00,520.5039274343854,2025-08-19 11:45:00,467.921908762377,623.3633086139197
2025-08-19 13:50:00,528.6966612232484,2025-08-19 11:50:00,475.2870013782248,633.1750494520567
2025-08-19 13:55:00,536.8548850067247,2025-08-19 11:55:00,482.62107023663134,642.9454605902542
2025-08-19 14:00:00,544.7888770883238,2025-08-19 12:00:00,489.7535595863788,652.4473284798597
2025-08-19 14:05:00,552.3205814451021,2025-08-19 12:05:00,496.5244008674984,661.4674105577899
2025-08-19 14:10:00,559.2886332730116,2025-08-19 12:10:00,502.78853056915483,669.8124539150016
2025-08-19 14:15:00,565.5526641528287,2025-08-19 12:15:00,508.41976048182437,677.3143512277645
2025-08-19 14:20:00,570.9967505661714,2025-08-19 12:20:00,513.3138778395071,683.834270752155
2025-08-19 14:25:00,575.5319057266813,2025-08-19 12:25:00,517.3908854227147,689.2656405784458
2025-08-19 14:30:00,579.0975536302182,2025-08-19 12:30:00,520.5963266980984,693.5359139757223
2025-08-19 14:35:00,581.6619649560876,2025-08-19 12:35:00,522.9016776843384,696.60709143373
2025-08-19 14:40:00,583.2216752046519,2025-08-19 12:40:00,524.3038238702892,698.4750238157516
2025-08-19 14:45:00,583.7999440823821,2025-08-19 12:45:00,524.8236752350601,699.1675672950432
2025-08-19 14:50:00,583.4443507882609,2025-08-19 12:50:00,524.504004461876,698.7417034337715
2025-08-19 14:55:00,582.2236505443584,2025-08-19 12:55:00,523.4066210262331,697.2797745168936
2025-08-19 15:00:00,580.2240426049494,2025-08-19 13:00:00,521.6090162158399,694.8850140639136
2025-08-19 15:05:00,577.5450180382314,2025-08-19 13:05:00,519.2006303751048,691.6765740700043
2025-08-19 15:10:00,574.2949662028577,2025-08-19 13:10:00,516.2789032214198,687.7842632564212
2025-08-19 15:15:00,570.5867219031867,2025-08-19 13:15:00,512.9452708328764,683.3432142768571
2025-08-19 15:20:00,566.533230550632,2025-08-19 13:20:00,509.3012687209456,678.4886922496722
2025-08-19 15:25:00,562.2434967568832,2025-08-19 13:25:00,505.44488970235227,673.3512427323845
2025-08-19 15:30:00,557.81896356664,2025-08-19 13:30:00,501.4673289066711,668.0523554364961
2025-08-19 15:35:00,553.3504453709718,2025-08-19 13:35:00,497.4502265309737,662.7007910385418
2025-08-19 15:40:00,548.91570927456,2025-08-19 13:40:00,493.4634935406601,657.38968458923
2025-08-19 15:45:00,544.577768195361,2025-08-19 13:45:00,489.5637772025287,652.1945013040039
2025-08-19 15:50:00,540.383915806622,2025-08-19 13:50:00,485.79359351826855,647.1718807951273
2025-08-19 15:55:00,536.3655002469638,2025-08-19 13:55:00,482.1811237946607,642.3593660634879
2025-08-19 16:00:00,532.5384014709555,2025-08-19 14:00:00,478.74064377154366,637.7759751808022
2025-08-19 16:05:00,528.9041479125651,2025-08-19 14:05:00,475.4735274783955,633.4235386225099
2025-08-19 16:10:00,525.4515825431714,2025-08-19 14:10:00,472.3697449848864,629.288694563831
2025-08-19 16:15:00,522.1589681141995,2025-08-19 14:15:00,469.40975496902377,625.3454101499154
2025-08-19 16:20:00,518.9964062975349,2025-08-19 14:20:00,466.56667947269284,621.5578786946785
2025-08-19 16:25:00,515.9284369630977,2025-08-19 14:25:00,463.8086405966552,617.8836326146009
2025-08-19 16:30:00,512.9166814901494,2025-08-19 14:30:00,461.101136780932,614.2767090979866
2025-08-19 16:35:00,509.9223980310112,2025-08-19 14:35:00,458.40933993228634,610.6907103271097
2025-08-19 16:40:00,506.9088268827527,2025-08-19 14:40:00,455.7002038632562,607.0816123305174
2025-08-19 16:45:00,503.84321925647055,2025-08-19 14:45:00,452.9442881123856,603.4101946675407
2025-08-19 16:50:00,500.6984629173618,2025-08-19 14:50:00,450.11721935991426,599.6439873192234
2025-08-19 16:55:00,497.4542412498244,2025-08-19 14:55:00,447.2007334025365,595.7586588020663
2025-08-19 17:00:00,494.0976882321657,2025-08-19 15:00:00,444.1832639616686,591.7388005755604
2025-08-19 17:05:00,490.6235282802054,2025-08-19 15:05:00,441.0600683998599,587.5780945209823
2025-08-19 17:10:00,487.03371658012446,2025-08-19 15:10:00,437.8329043877091,583.2788821986209
2025-08-19 17:15:00,483.33662035322766,2025-08-19 15:15:00,434.50929387838056,578.8511843181799
2025-08-19 17:20:00,479.54580405020727,2025-08-19 15:20:00,431.1014310232046,574.3112458692116
2025-08-19 17:25:00,475.67850009614244,2025-08-19 15:25:00,427.6248074041092,569.6797046623963
2025-08-19 17:30:00,471.7538612104628,2025-08-19 15:30:00,424.0966409066109,564.979498281724
2025-08-19 17:35:00,467.79109967563966,2025-08-19 15:35:00,420.5342029621281,560.2336356447763
2025-08-19 17:40:00,463.8076227205538,2025-08-19 15:40:00,416.95314229747123,555.462963909888
2025-08-19 17:45:00,459.8172718186739,2025-08-19 15:45:00,413.36590210152724,550.684059833242
2025-08-19 17:50:00,455.82876678265393,2025-08-19 15:50:00,409.7803212995494,545.9073663932294
2025-08-19 17:55:00,451.84444379834633,2025-08-19 15:55:00,406.1985000726999,541.1356814410585
2025-08-19 18:00:00,447.85936071042306,2025-08-19 16:00:00,402.6159955289416,536.3630861773996
2025-08-19 18:05:00,443.86082325541093,2025-08-19 16:05:00,399.02139579666004,531.5743777619626
2025-08-19 18:10:00,439.8283643689576,2025-08-19 16:10:00,395.39630142233773,526.7450445315692
2025-08-19 18:15:00,435.7341851692072,2025-08-19 16:15:00,391.715721805186,521.841794128456
2025-08-19 18:20:00,431.54404310912685,2025-08-19 16:20:00,387.94887362710864,516.8236171648185
2025-08-19 18:25:00,427.21854975470194,2025-08-19 16:25:00,384.06034752756904,511.6433414614392
2025-08-19 18:30:00,422.7148204179371,2025-08-19 16:30:00,380.0115910884089,506.2496076729056
2025-08-19 18:35:00,417.9883998476379,2025-08-19 16:35:00,375.7626399887134,500.58917552376676
2025-08-19 18:40:00,412.995374216277,2025-08-19 16:40:00,371.27401663587545,494.6094531556746
2025-08-19 18:45:00,407.69457001094236,2025-08-19 16:45:00,366.50870692157264,488.26113055215586
2025-08-19 18:50:00,402.04973558123595,2025-08-19 16:50:00,361.4341213867137,481.5007921930891
2025-08-19 18:55:00,396.0316011055846,2025-08-19 16:55:00,356.02394708713473,474.29338410124836
2025-08-19 19:00:00,389.6197177110551,2025-08-19 17:00:00,350.25980092301523,466.61441639977136
2025-08-19 19:05:00,382.8039865215698,2025-08-19 17:05:00,344.1326042205518,458.45179452323185
2025-08-19 19:10:00,375.58580174592294,2025-08-19 17:10:00,337.6436103436593,449.80718819698836
2025-08-19 19:15:00,367.9787498904691,2025-08-19 17:15:00,330.8050332712374,440.6968688247851
2025-08-19 19:20:00,360.0088268392605,2025-08-19 17:20:00,323.6402427475753,431.1519694671794
2025-08-19 19:25:00,351.71415658624045,2025-08-19 17:25:00,316.1835114286038,421.2181479909988
2025-08-19 19:30:00,343.14421794329564,2025-08-19 17:30:00,308.47931970895786,410.9546609633091
2025-08-19 19:35:00,334.3586075754165,2025-08-19 17:35:00,300.58124371701683,400.43288224377335
2025-08-19 19:40:00,325.4253887936955,2025-08-19 17:40:00,292.5504709150926,389.7343254743864
2025-08-19 19:45:00,316.41909396949956,2025-08-19 17:45:00,284.45400431245446,378.94825174073355
2025-08-19 19:50:00,307.4184639799453,2025-08-19 17:50:00,276.3626302751144,368.16896229799346
2025-08-19 19:55:00,298.5040195673123,2025-08-19 17:55:00,268.3487352298341,357.4928899945539
2025-08-19 20:00:00,289.755566852173,2025-08-19 18:00:00,260.48406317373053,347.01561183712994
2025-08-19 20:05:00,281.24974211046015,2025-08-19 18:05:00,252.83750848132192,336.82890857896354
2025-08-19 20:10:00,273.0576985098797,2025-08-19 18:10:00,245.47303632999228,327.0179943206632
2025-08-19 20:15:00,265.2430312518919,2025-08-19 18:15:00,238.44781744696775,317.6590316291277
2025-08-19 20:20:00,257.8600264038921,2025-08-19 18:20:00,231.8106538468651,308.817034312706
2025-08-19 20:25:00,250.95230436557875,2025-08-19 18:25:00,225.60075933694333,300.54424281617867
2025-08-19 20:30:00,244.55191089554472,2025-08-19 18:30:00,219.84694236943136,292.87903562057244
2025-08-19 20:35:00,238.67888918593934,2025-08-19 18:35:00,214.56722134579346,285.84541675335936
2025-08-19 20:40:00,233.34134475542567,2025-08-19 18:40:00,209.76888295411092,279.45309350523513
2025-08-19 20:45:00,228.53599373432405,2025-08-19 18:45:00,205.4489750657107,273.6981330646287
2025-08-19 20:50:00,224.24916391125524,2025-08-19 18:50:00,201.59520665470728,268.56416138617317
2025-08-19 20:55:00,220.45819846906534,2025-08-19 18:55:00,198.18720972660472,264.02404432589907
2025-08-19 21:00:00,217.13319525611297,2025-08-19 19:00:00,195.19810288601929,260.04197061860856
2025-08-19 21:05:00,214.23900035424367,2025-08-19 19:05:00,192.59628351169047,256.57583940477593
2025-08-19 21:10:00,211.7373644659602,2025-08-19 19:10:00,190.34736630246994,253.5798427521584
2025-08-19 21:15:00,209.58916427763964,2025-08-19 19:15:00,188.4161802353881,251.00712599369484
2025-08-19 21:20:00,207.75658918680287,2025-08-19 19:20:00,186.768734386744,248.81240658487448
2025-08-19 21:25:00,206.2051960679764,2025-08-19 19:25:00,185.37406512270928,246.9544349221449
2025-08-19 21:30:00,204.90574148497603,2025-08-19 19:30:00,184.20588321902096,245.39818862781752
2025-08-19 21:35:00,203.8357111942816,2025-08-19 19:35:00,183.24394885183327,244.1167043062444
2025-08-19 21:40:00,202.98048067369973,2025-08-19 19:40:00,182.47511488818762,243.09246741034752
2025-08-19 21:45:00,202.33405676290963,2025-08-19 19:45:00,181.89399360501596,242.31830044145744
2025-08-19 21:50:00,201.89936926305964,2025-08-19 19:50:00,181.50321883094745,241.79771217336264
2025-08-19 21:55:00,201.68810063387207,2025-08-19 19:55:00,181.31329284764445,241.54469369500873
2025-08-19 22:00:00,201.72006197040366,2025-08-19 20:00:00,181.3420254062443,241.58297107090914
2025-08-19 22:05:00,202.02214266423618,2025-08-19 20:05:00,181.61358949521303,241.94474743963707
2025-08-19 22:10:00,202.62687895910472,2025-08-19 20:10:00,182.157234502442,242.6689886945807
2025-08-19 22:15:00,203.57070236305918,2025-08-19 20:15:00,183.00571157520847,243.79932575608245
2025-08-19 22:20:00,204.8919418499214,2025-08-19 20:20:00,184.19347764197408,245.38166197794627
2025-08-19 22:25:00,206.62866338259704,2025-08-19 20:25:00,185.7547531900068,247.46158572815887
2025-08-19 22:30:00,208.8164364549369,2025-08-19 20:30:00,187.72151443423823,250.08169556593168
2025-08-19 22:35:00,211.48611958849693,2025-08-19 20:35:00,190.1215025261698,253.27894811941323
2025-08-19 22:40:00,214.66175522841772,2025-08-19 20:40:00,192.97633111024976,257.0821369814278
2025-08-19 22:45:00,218.35865933509024,2025-08-19 20:45:00,196.2997689076019,261.50960477580725
2025-08-19 22:50:00,222.58178244113955,2025-08-19 20:50:00,200.0962663412744,266.56728033465816
2025-08-19 22:55:00,227.32440760954802,2025-08-19 20:55:00,204.35978502841422,272.24711935348563
2025-08-19 23:00:00,232.56723686165947,2025-08-19 21:00:00,209.07297649856403,278.5260102836718
2025-08-19 23:05:00,238.2779022166725,2025-08-19 21:05:00,214.20674262861445,285.36518874604093
2025-08-19 23:10:00,244.4109209626472,2025-08-19 21:10:00,219.72019543239503,292.7101839627464
2025-08-19 23:15:00,250.90809776377364,2025-08-19 21:15:00,225.56101854651644,300.4913003269651
2025-08-19 23:20:00,257.69935987910316,2025-08-19 21:20:00,231.66621807416303,308.6246176733742
2025-08-19 23:25:00,264.70399606208355,2025-08-19 21:25:00,237.96323632930265,317.01347500281264
2025-08-19 23:30:00,271.8322558801219,2025-08-19 21:30:00,244.37138959079968,325.5503858513714
2025-08-19 23:35:00,278.9872543704447,2025-08-19 21:35:00,250.80358034733496,334.11931933481276
2025-08-19 23:40:00,286.06711750922966,2025-08-19 21:40:00,257.1682260283116,342.59826959457433
2025-08-19 23:45:00,292.9672974995788,2025-08-19 21:45:00,263.37134039827026,350.86202862136446
2025-08-19 23:50:00,299.58298296441137,2025-08-19 21:50:00,269.31870026879915,358.7850727383119
2025-08-19 23:55:00,305.8115284768081,2025-08-19 21:55:00,274.9180295944005,366.24447224293806
2025-08-20 00:00:00,311.5548296212505,2025-08-19 22:00:00,280.0811346017943,373.12273581611163
2025-08-20 00:05:00,316.72157446433624,2025-08-19 22:05:00,284.7259278139831,379.31050691713915
2025-08-20 00:10:00,321.2293087874085,2025-08-19 22:10:00,288.77828465025607,384.7090371373306
2025-08-20 00:15:00,325.00626129580615,2025-08-19 22:15:00,292.17368425030435,389.2323720979668
2025-08-20 00:20:00,327.99288459906154,2025-08-19 22:20:00,294.8585947824917,392.80919695129205
2025-08-20 00:25:00,330.14307906937387,2025-08-19 22:25:00,296.7915736664708,395.38430209177386
2025-08-20 00:30:00,331.42507759069787,2025-08-19 22:30:00,297.94406294370896,396.91964274487856
2025-08-20 00:35:00,331.8219807097007,2025-08-19 22:35:00,298.3008703667633,397.39497987188224
2025-08-20 00:40:00,331.33194245194835,2025-08-19 22:40:00,297.86033644406206,396.8081027061217
2025-08-20 00:45:00,329.9680169951386,2025-08-19 22:45:00,296.63419660241703,395.17464512655937
2025-08-20 00:50:00,327.7576852990167,2025-08-19 22:50:00,294.6471556374328,392.5275187426716
2025-08-20 00:55:00,324.7420881509801,2025-08-19 22:55:00,291.93619823789317,388.91599437836453
2025-08-20 01:00:00,320.97499814495234,2025-08-19 23:00:00,288.54966481673586,384.4044708984578
2025-08-20 01:05:00,316.52156739831884,2025-08-19 23:05:00,284.54612573533575,379.0709754557085
2025-08-20 01:10:00,311.4568906718699,2025-08-19 23:10:00,279.9930895790368,373.0054426617084
2025-08-20 01:15:00,305.86442492363506,2025-08-19 23:15:00,274.9655823698195,366.3078218208567
2025-08-20 01:20:00,299.83430628648995,2025-08-19 23:20:00,269.54463456513224,359.0860613175047
2025-08-20 01:25:00,293.4616044940638,2025-08-19 23:25:00,263.8157118240808,351.454018090247
2025-08-20 01:30:00,286.84455258854916,2025-08-19 23:30:00,257.86712355257646,343.5293375034485
2025-08-20 01:35:00,280.08278728692386,2025-08-19 23:35:00,251.7884410301692,335.43134598344545
2025-08-20 01:40:00,273.27563206192474,2025-08-19 23:40:00,245.66895393652973,327.27899481057386
2025-08-20 01:45:00,266.52045171632574,2025-08-19 23:45:00,239.5961911488844,319.18888953265133
2025-08-20 01:50:00,259.9111039338203,2025-08-19 23:50:00,233.6545287193455,311.2734355190944
2025-08-20 01:55:00,253.536509758256,2025-08-19 23:55:00,227.92390476628879,303.6391259454136
2025-08-20 02:00:00,247.47936209291942,2025-08-20 00:00:00,222.4786584428071,296.3849950725908
2025-08-20 02:05:00,241.81498827691547,2025-08-20 00:05:00,217.38650741717953,289.601256051495
2025-08-20 02:10:00,236.61038033836928,2025-08-20 00:10:00,212.70767609122117,283.36813953957505
2025-08-20 02:15:00,231.92340393318074,2025-08-20 00:15:00,208.49418445312682,277.75494631405036
2025-08-20 02:20:00,227.8021949999927,2025-08-20 00:20:00,204.78930568317944,272.8193246968529
2025-08-20 02:25:00,224.2847506399657,2025-08-20 00:25:00,201.62719836340943,268.60678058611086
2025-08-20 02:30:00,221.39871869568643,2025-08-20 00:30:00,199.03271731352996,265.1504254526942
2025-08-20 02:35:00,219.1613879107168,2025-08-20 00:35:00,197.0214047445815,262.47096455514264
2025-08-20 02:40:00,217.57987774344426,2025-08-20 00:40:00,195.5996608975275,260.57692426357954
2025-08-20 02:45:00,216.65152392990814,2025-08-20 00:45:00,194.76509065599672,259.4651138155341
2025-08-20 02:50:00,216.36445227487968,2025-08-20 00:50:00,194.50701937220333,259.12131249674314
2025-08-20 02:55:00,216.6983292738379,2025-08-20 00:55:00,194.80716766006438,259.5211685972851
2025-08-20 03:00:00,217.6252739648474,2025-08-20 01:00:00,195.64047113055355,260.6312914590624
2025-08-20 03:05:00,219.11091089650483,2025-08-20 01:05:00,196.9760269873855,262.41051252600386
2025-08-20 03:10:00,221.11553960935325,2025-08-20 01:10:00,198.77814536581818,264.811285932543
2025-08-20 03:15:00,223.5953916159491,2025-08-20 01:15:00,201.00747933087422,267.78119388179533
2025-08-20 03:20:00,226.50394174245673,2025-08-20 01:20:00,203.62220374541397,271.2645171279159
2025-08-20 03:25:00,229.7932373865897,2025-08-20 01:25:00,206.5792102446214,275.2038269153421
2025-08-20 03:30:00,233.41520652255355,2025-08-20 01:30:00,209.83528310449864,279.54155146512767
2025-08-20 03:35:00,237.32290394782183,2025-08-20 01:35:00,213.34821959108808,284.2214684987689
2025-08-20 03:40:00,241.47165504720158,2025-08-20 01:40:00,217.07785817992755,289.1900750272009
2025-08-20 03:45:00,245.82005778972945,2025-08-20 01:45:00,220.9869793298495,294.3977873573057
2025-08-20 03:50:00,250.33080674897377,2025-08-20 01:50:00,225.04204625962512,299.7999279509822
2025-08-20 03:55:00,254.97130748523227,2025-08-20 01:55:00,229.21375726443213,305.35746121847916
2025-08-20 04:00:00,259.71405614809964,2025-08-20 02:00:00,233.47738697045173,311.0374481361224
2025-08-20 04:05:00,264.5367668867892,2025-08-20 02:05:00,237.81290087402533,316.8131988348266
2025-08-20 04:10:00,269.42223888655485,2025-08-20 02:10:00,242.20483581023896,322.6641133609201
2025-08-20 04:15:00,274.3579649707531,2025-08-20 02:15:00,246.64194809454045,328.5752129321057
2025-08-20 04:20:00,279.3354945636369,2025-08-20 02:20:00,251.11664083990314,334.5363770121499
2025-08-20 04:25:00,284.3495746511039,2025-08-20 02:25:00,255.624191698894,340.54131451259286
2025-08-20 04:30:00,289.3971032904582,2025-08-20 02:30:00,260.161812091311,346.5863105003475
2025-08-20 04:35:00,294.47593985129953,2025-08-20 02:35:00,264.7275776361649,352.6688013243471
2025-08-20 04:40:00,299.5836249177704,2025-08-20 02:40:00,269.3192773711518,358.78584155128095
2025-08-20 04:45:00,304.7160695996282,2025-08-20 02:45:00,273.9332354713142,364.93253426488036
2025-08-20 04:50:00,309.8662782809274,2025-08-20 02:50:00,278.5631630273976,371.10050141058747
2025-08-20 04:55:00,315.0231712698094,2025-08-20 02:55:00,283.1990996331692,377.27647378328896
2025-08-20 05:00:00,320.17057255111916,2025-08-20 03:00:00,287.82650339664997,383.4410787446709
2025-08-20 05:05:00,325.2864243157744,2025-08-20 03:05:00,292.42554481880063,389.56789953181254
2025-08-20 05:10:00,330.3422829581835,2025-08-20 03:10:00,296.97065370597045,395.62287165613657
2025-08-20 05:15:00,335.3031417617695,2025-08-20 03:15:00,301.43035976797177,401.56407054893396
2025-08-20 05:20:00,340.12761312948805,2025-08-20 03:20:00,305.7674564394217,407.34192980336445
2025-08-20 05:25:00,344.7684888744495,2025-08-20 03:25:00,309.93950456903957,412.8999121869074
2025-08-20 05:30:00,349.1736810930885,2025-08-20 03:30:00,313.89967824452174,418.1756364451788
2025-08-20 05:35:00,353.2875289042207,2025-08-20 03:35:00,317.59793952303164,423.1024422722199
2025-08-20 05:40:00,357.0524392794801,2025-08-20 03:40:00,320.982513502702,427.61135539363414
2025-08-20 05:45:00,360.4108129137725,2025-08-20 03:45:00,324.00161963902104,431.6333940179213
2025-08-20 05:50:00,363.30719074115996,2025-08-20 03:50:00,326.6054014167465,435.10213953608815
2025-08-20 05:55:00,365.69054288285014,2025-08-20 03:55:00,328.747984065238,437.9564778000839
2025-08-20 06:00:00,367.51661089507746,2025-08-20 04:00:00,330.3895801892538,440.14340423398596
2025-08-20 06:05:00,368.7502065907418,2025-08-20 04:05:00,331.49855636048375,441.6207769372652
2025-08-20 06:10:00,369.3673669441269,2025-08-20 04:10:00,332.0533703308448,442.3598974309909
2025-08-20 06:15:00,369.35726502608816,2025-08-20 04:15:00,332.0442889223833,442.3477992224663
2025-08-20 06:20:00,368.7237815538845,2025-08-20 04:20:00,331.4748008169928,441.5891299168733
2025-08-20 06:25:00,367.48665096018686,2025-08-20 04:25:00,330.3626468479638,440.1075237667024
2025-08-20 06:30:00,365.68210891467334,2025-08-20 04:30:00,328.74040210806197,437.94637715332544
2025-08-20 06:35:00,363.3629854425469,2025-08-20 04:35:00,326.65555966108576,435.1689601071281
2025-08-20 06:40:00,360.59820779670645,2025-08-20 04:40:00,324.17008363457046,431.85782093976763
2025-08-20 06:45:00,357.4716998384087,2025-08-20 04:45:00,321.3594197865213,428.11346812594974
2025-08-20 06:50:00,354.0806888996887,2025-08-20 04:50:00,318.31097341090776,424.0523425764735
2025-08-20 06:55:00,350.53345570511016,2025-08-20 04:55:00,315.1220865653965,419.8041229107797
2025-08-20 07:00:00,346.94658697674987,2025-08-20 05:00:00,311.8975682219379,415.50843513548176
2025-08-20 07:05:00,343.44181339013346,2025-08-20 05:05:00,308.74685165671804,411.3110657329785
2025-08-20 07:10:00,340.14253507390436,2025-08-20 05:10:00,305.7808709486035,407.3598005477566
2025-08-20 07:15:00,337.1701539063941,2025-08-20 05:15:00,303.1087637921285,403.800032289765
2025-08-20 07:20:00,334.64034371337965,2025-08-20 05:20:00,300.8345184849765,400.77029366731915
2025-08-20 07:25:00,332.65939672992783,2025-08-20 05:25:00,299.05368947524596,398.3978818550203
2025-08-20 07:30:00,331.3207864213044,2025-08-20 05:30:00,297.85030741089247,396.79474207653436
2025-08-20 07:35:00,330.70208260737877,2025-08-20 05:35:00,297.29410590248574,396.05377311132065
2025-08-20 07:40:00,330.86234495259646,2025-08-20 05:40:00,297.43817832638973,396.24570569913715
2025-08-20 07:45:00,331.84010570453773,2025-08-20 05:45:00,298.31716434983133,397.416686637489
2025-08-20 07:50:00,333.6520320335919,2025-08-20 05:50:00,299.9460474028506,399.5866767795639
2025-08-20 07:55:00,336.29233367729125,2025-08-20 05:55:00,302.3196221632139,402.7487416202037
2025-08-20 08:00:00,339.7329537030999,2025-08-20 06:00:00,305.41266604808527,406.86927975628095
2025-08-20 08:05:00,343.9245495580491,2025-08-20 06:05:00,309.18082115668534,411.8891978064534
2025-08-20 08:10:00,348.798240464496,2025-08-20 06:10:00,313.562165141741,417.7260031185273
2025-08-20 08:15:00,354.2680658055064,2025-08-20 06:15:00,318.4794212454138,424.27674796865585
2025-08-20 08:20:00,360.2340696385188,2025-08-20 06:20:00,323.84273121117525,431.42172362115707
2025-08-20 08:25:00,366.58589959085197,2025-08-20 06:25:00,329.5528906139675,439.0287704197396
2025-08-20 08:30:00,373.2067857512579,2025-08-20 06:30:00,335.5049257986897,446.95804296769177
2025-08-20 08:35:00,379.9777472002893,2025-08-20 06:35:00,341.591875461114,455.0670479317275
2025-08-20 08:40:00,386.78186254546847,2025-08-20 06:40:00,347.7086297677508,463.21575849894276
2025-08-20 08:45:00,393.50843512269256,2025-08-20 06:45:00,353.7556747829109,471.27160268447705
2025-08-20 08:50:00,400.0568857132654,2025-08-20 06:50:00,359.6425919381387,479.1141253078032
2025-08-20 08:55:00,406.3402140283464,2025-08-20 06:55:00,365.2911698327676,486.63913351840915
2025-08-20 09:00:00,412.2878859218751,2025-08-20 07:00:00,370.63799977664564,493.76215456529155
2025-08-20 09:05:00,417.84802487149045,2025-08-20 07:05:00,375.63644588465513,500.4210603473661
2025-08-20 09:10:00,422.9888134665732,2025-08-20 07:10:00,380.2579049845161,506.5777458565633
2025-08-20 09:15:00,427.6990423190498,2025-08-20 07:15:00,384.4923000758697,512.2187865616379
2025-08-20 09:20:00,431.9877781847177,2025-08-20 07:20:00,388.34778197844184,517.3550409452918
2025-08-20 09:25:00,435.8831599168693,2025-08-20 07:25:00,391.84964692007816,522.0202085201788
2025-08-20 09:30:00,439.4303672180572,2025-08-20 07:30:00,395.03851048798447,526.2683971755596
2025-08-20 09:35:00,442.68884258434315,2025-08-20 07:35:00,397.96781021596763,530.1707961360767
2025-08-20 09:40:00,445.7288793857926,2025-08-20 07:40:00,400.7007383417048,533.8115897957912
2025-08-20 09:45:00,448.6277172387106,2025-08-20 07:45:00,403.30673162981697,537.2832814774222
2025-08-20 09:50:00,451.46530854284856,2025-08-20 07:50:00,405.8576655792772,540.6816233738232
2025-08-20 09:55:00,454.31993635326955,2025-08-20 07:55:00,408.42391498385393,544.1003684456164
2025-08-20 10:00:00,457.26387252349537,2025-08-20 08:00:00,411.07045069557597,547.6260705483186
2025-08-20 10:05:00,460.3592660852508,2025-08-20 08:05:00,413.85314336597844,551.3331602942674
2025-08-20 10:10:00,463.6544450423445,2025-08-20 08:10:00,416.8154388378244,555.2795160255175
2025-08-20 10:15:00,467.1807997578102,2025-08-20 08:15:00,419.9855563767394,559.5027313115464
2025-08-20 10:20:00,470.9503943026916,2025-08-20 08:20:00,423.3743413248098,564.0172542647407
2025-08-20 10:25:00,474.95442343685534,2025-08-20 08:25:00,426.97387795930376,568.812539597479
2025-08-20 10:30:00,479.1625990899887,2025-08-20 08:30:00,430.75693795219837,573.8523138625761
2025-08-20 10:35:00,483.5235122832642,2025-08-20 08:35:00,434.67730573002217,579.0750088960943
2025-08-20 10:40:00,487.9659759752866,2025-08-20 08:40:00,438.6709856636682,584.395370029787
2025-08-20 10:45:00,492.4013132509274,2025-08-20 08:45:00,442.6582591012628,589.7071964603582
2025-08-20 10:50:00,496.7265147118139,2025-08-20 08:50:00,446.54652279474845,594.8871225876588
2025-08-20 10:55:00,500.82815144043934,2025-08-20 08:55:00,450.2338065710082,599.7993042391809
2025-08-20 11:00:00,504.5868961725607,2025-08-20 09:00:00,453.61283776924347,604.3008332939173
2025-08-20 11:05:00,507.882477480975,2025-08-20 09:05:00,456.57549494632923,608.2476708871424
2025-08-20 11:10:00,510.59887077944313,2025-08-20 09:10:00,459.0174744784218,611.5008642345513
2025-08-20 11:15:00,512.629516587609,2025-08-20 09:15:00,460.8429816696179,613.9327961045772
2025-08-20 11:20:00,513.8823519224109,2025-08-20 09:20:00,461.9692538653245,615.4332104881919
2025-08-20 11:25:00,514.2844445233012,2025-08-20 09:25:00,462.33072652170813,615.9147626165219
2025-08-20 11:30:00,513.7860322654212,2025-08-20 09:30:00,461.88266455182577,615.3178566226378
2025-08-20 11:35:00,512.363791042977,2025-08-20 09:35:00,460.60410008295247,613.6145592076886
2025-08-20 11:40:00,510.02318262733274,2025-08-20 09:40:00,458.49994313083874,610.8114114709608
2025-08-20 11:45:00,506.7997687745163,2025-08-20 09:45:00,455.60216295427875,606.9510027047331
2025-08-20 11:50:00,502.7594173134656,2025-08-20 09:50:00,451.96997332404004,602.1122172086503
2025-08-20 11:55:00,497.997369119798,2025-08-20 09:55:00,447.6889937522187,596.4091168835183
2025-08-20 12:00:00,492.6361795255355,2025-08-20 10:00:00,442.8693988635701,589.9884758327219
2025-08-20 12:05:00,486.82259213968234,2025-08-20 10:05:00,437.64310802700726,583.0260364028707
2025-08-20 12:10:00,480.7234458059044,2025-08-20 10:10:00,432.1601057980142,575.7216072949394
2025-08-20 12:15:00,474.5207539712801,2025-08-20 10:15:00,426.58401837629515,568.2931705424975
2025-08-20 12:20:00,468.4061297238406,2025-08-20 10:20:00,421.08710183364855,560.9702048530689
2025-08-20 12:25:00,462.5747560721263,2025-08-20 10:25:00,415.84482152412915,553.9864643245119
2025-08-20 12:30:00,457.21912063156225,2025-08-20 10:30:00,411.0302197009756,547.5724750114709
2025-08-20 12:35:00,452.52274395094094,2025-08-20 10:35:00,406.80827741613,541.9480238751279
2025-08-20 12:40:00,448.65413244070265,2025-08-20 10:40:00,403.33047833197423,537.3149167194321
2025-08-20 12:45:00,445.76117910010225,2025-08-20 10:45:00,400.7297750946968,533.8502724179926
2025-08-20 12:50:00,443.96621882188686,2025-08-20 10:50:00,399.1161441588551,531.7006010728135
2025-08-20 12:55:00,443.36192056995446,2025-08-20 10:55:00,398.57289294286574,530.9768844246588
2025-08-20 13:00:00,444.00816698075056,2025-08-20 11:00:00,399.15385465733556,531.7508388168944
2025-08-20 13:05:00,445.93003450822556,2025-08-20 11:05:00,400.8815724985384,534.0524961868006
2025-08-20 13:10:00,449.116945309192,2025-08-20 11:10:00,403.7465372114735,537.8691883507579
2025-08-20 13:15:00,453.52301769903875,2025-08-20 11:15:00,407.70750214206413,543.1459667152661
2025-08-20 13:20:00,459.068596717992,2025-08-20 11:20:00,412.6928591835215,549.7874353060491
2025-08-20 13:25:00,465.6429019805522,2025-08-20 11:25:00,418.6030191364096,557.6609218722461
2025-08-20 13:30:00,473.1076886473003,2025-08-20 11:30:00,425.3137028440729,566.6008623211446
2025-08-20 13:35:00,481.3017800422033,2025-08-20 11:35:00,432.68001591874173,576.4142290486329
2025-08-20 13:40:00,490.0462992814684,2025-08-20 11:40:00,440.541151864084,586.8867964163662
2025-08-20 13:45:00,499.15040329986863,2025-08-20 11:45:00,448.7255468423487,597.7900079076775
2025-08-20 13:50:00,508.4173059031554,2025-08-20 11:50:00,457.056294269786,608.8881894254644
2025-08-20 13:55:00,517.6503695482453,2025-08-20 11:55:00,465.35662119686685,619.945844899489
2025-08-20 14:00:00,526.6590459528506,2025-08-20 12:00:00,473.455228789404,630.7347708495528
2025-08-20 14:05:00,535.2644556973155,2025-08-20 12:05:00,481.1913082713786,641.040738600323
2025-08-20 14:10:00,543.3044145419133,2025-08-20 12:10:00,488.4190594767898,650.6695138743003
2025-08-20 14:15:00,550.6377392763496,2025-08-20 12:15:00,495.0115617163514,659.4520135417496
2025-08-20 14:20:00,557.1476969749993,2025-08-20 12:20:00,500.8638745842471,667.2484365004956
2025-08-20 14:25:00,562.7444975540395,2025-08-20 12:25:00,505.8952787137328,673.9512487997218
2025-08-20 14:30:00,567.3667685236119,2025-08-20 12:30:00,510.05060154781813,679.4869498252746
2025-08-20 14:35:00,570.9819915748387,2025-08-20 12:35:00,513.3006098216656,683.8165951628193
2025-08-20 14:40:00,573.5859214343084,2025-08-20 12:40:00,515.6414871251898,686.9351006092594
2025-08-20 14:45:00,575.2010459158439,2025-08-20 12:45:00,517.0934495225038,688.869397907641
2025-08-20 14:50:00,575.874181901306,2025-08-20 12:50:00,517.6985843900284,689.6755556577141
2025-08-20 14:55:00,575.6733325221091,2025-08-20 12:55:00,517.518025089831,689.4350154293891
2025-08-20 15:00:00,574.6839558346957,2025-08-20 13:00:00,516.6285965886063,688.2501230725311
2025-08-20 15:05:00,573.0048132408293,2025-08-20 13:05:00,515.1190832762304,686.2391567228506
2025-08-20 15:10:00,570.7435766076768,2025-08-20 13:10:00,513.0862798605799,683.5310658230395
2025-08-20 15:15:00,568.0123760488804,2025-08-20 13:15:00,510.6309889178502,680.2601390786219
2025-08-20 15:20:00,564.9234656665913,2025-08-20 13:20:00,507.8541244872569,676.5608136856193
2025-08-20 15:25:00,561.5851727748815,2025-08-20 13:25:00,504.8530705094392,672.5628240597661
2025-08-20 15:30:00,558.0982777006582,2025-08-20 13:30:00,501.71842634483704,668.3868662317986
2025-08-20 15:35:00,554.5529472572275,2025-08-20 13:35:00,498.5312500319502,664.140925329412
2025-08-20 15:40:00,551.0263166702915,2025-08-20 13:40:00,495.3608844904781,659.9173796555734
2025-08-20 15:45:00,547.5807832207655,2025-08-20 13:45:00,492.2634235426737,655.7909571295738
2025-08-20 15:50:00,544.2630416939691,2025-08-20 13:50:00,489.28084480277647,651.8175801265149
2025-08-20 15:55:00,541.1038586142629,2025-08-20 13:55:00,486.44080671877515,648.0340950973247
2025-08-20 16:00:00,538.1185500562235,2025-08-20 14:00:00,483.75707811444386,644.4588448025851
2025-08-20 16:05:00,535.3080987915067,2025-08-20 14:05:00,481.2305424805015,641.0930062243683
2025-08-20 16:10:00,532.6608208066166,2025-08-20 14:10:00,478.85069613847645,637.922586412906
2025-08-20 16:15:00,530.1544709552338,2025-08-20 14:15:00,476.5975411771564,634.9209442473933
2025-08-20 16:20:00,527.7586625362092,2025-08-20 14:20:00,474.443760601504,632.051688158876
2025-08-20 16:25:00,525.4374669627787,2025-08-20 14:25:00,472.3570553797316,629.2717895330851
2025-08-20 16:30:00,523.1520574146324,2025-08-20 14:30:00,470.3025210300226,626.5347487877972
2025-08-20 16:35:00,520.8632645138157,2025-08-20 14:35:00,468.2449451185576,623.7936560886168
2025-08-20 16:40:00,518.5339219772013,2025-08-20 14:40:00,466.1509159509652,621.0040005375506
2025-08-20 16:45:00,516.130895746409,2025-08-20 14:45:00,463.9906467167621,618.126100289427
2025-08-20 16:50:00,513.6267098702198,2025-08-20 14:50:00,461.7394371229018,615.1270497330556
2025-08-20 16:55:00,511.00070589014086,2025-08-20 14:55:00,459.37871565662425,611.9821079887656
2025-08-20 17:00:00,508.23969803174003,2025-08-20 15:00:00,456.8966285884653,608.675483575372
2025-08-20 17:05:00,505.33811329620096,2025-08-20 15:05:00,454.2881659115715,605.2005021859236
2025-08-20 17:10:00,502.2976319758536,2025-08-20 15:10:00,451.5548381728435,601.5591761637113
2025-08-20 17:15:00,499.12636913121594,2025-08-20 15:15:00,448.7039406382862,597.7612242268992
2025-08-20 17:20:00,495.83765992854404,2025-08-20 15:20:00,445.7474613374214,593.8226167705606
2025-08-20 17:25:00,492.4485305317347,2025-08-20 15:25:00,442.7007064277812,589.7637445838909
2025-08-20 17:30:00,488.97795053686735,2025-08-20 15:30:00,439.5807291709034,585.6073259396098
2025-08-20 17:35:00,485.4449723259655,2025-08-20 15:35:00,436.40465725112045,581.3761782561252
2025-08-20 17:40:00,481.8668665331089,2025-08-20 15:40:00,433.1880165994354,577.0909851037894
2025-08-20 17:45:00,478.25736138803074,2025-08-20 15:45:00,429.94314860103685,572.7681876163899
2025-08-20 17:50:00,474.6250868283479,2025-08-20 15:50:00,426.67781138544,568.4181211366255
2025-08-20 17:55:00,470.9723125502119,2025-08-20 15:55:00,423.39404536098675,564.0435038866419
2025-08-20 18:00:00,467.2940532535714,2025-08-20 16:00:00,420.08736884945563,559.6383653963416
2025-08-20 18:05:00,463.57759485884856,2025-08-20 16:05:00,416.7463521649775,555.1874790933704
2025-08-20 18:10:00,459.8024736967608,2025-08-20 16:10:00,413.35259890613,550.6663373805364
2025-08-20 18:15:00,455.9409174824863,2025-08-20 16:15:00,409.8811423822899,546.0416797530833
2025-08-20 18:20:00,451.9587332640285,2025-08-20 16:20:00,406.30124386023874,541.2725562189656
2025-08-20 18:25:00,447.8166051349832,2025-08-20 16:25:00,402.5775591802119,536.3118814591196
2025-08-20 18:30:00,443.4717436991838,2025-08-20 16:30:00,398.671621589369,531.1084102510558
2025-08-20 18:35:00,438.87981153736905,2025-08-20 16:35:00,394.5435726951855,525.6090434366137
2025-08-20 18:40:00,433.99703503975184,2025-08-20 16:40:00,390.15406095780645,519.761357084313
2025-08-20 18:45:00,428.78240306291525,2025-08-20 16:45:00,385.4662182356163,513.5162356338229
2025-08-20 18:50:00,423.19984822345634,2025-08-20 16:50:00,380.44762072161467,506.8304842459384
2025-08-20 18:55:00,417.2203065989378,2025-08-20 16:55:00,375.07214057056143,499.66929553132604
2025-08-20 19:00:00,410.82355658941714,2025-08-20 17:00:00,369.3215989961984,492.00845179866553
2025-08-20 19:05:00,403.9997475822817,2025-08-20 17:05:00,363.18714050827236,483.8361558065788
2025-08-20 19:10:00,396.75054282295287,2025-08-20 17:10:00,356.67026032887725,475.15439948272353
2025-08-20 19:15:00,389.08981816435903,2025-08-20 17:15:00,349.7834325532999,465.9798007566394
2025-08-20 19:20:00,381.0438788532271,2025-08-20 17:20:00,342.55030503626364,456.34386318626196
2025-08-20 19:25:00,372.6511778758194,2025-08-20 17:25:00,335.0054461907643,446.2926386445535
2025-08-20 19:30:00,363.961542203614,2025-08-20 17:30:00,327.19364939947,435.88580065972707
2025-08-20 19:35:00,355.03493544976686,2025-08-20 17:35:00,319.1688206693202,425.1951625540713
2025-08-20 19:40:00,345.93980619220736,2025-08-20 17:40:00,310.99249380928075,414.3026993709222
2025-08-20 19:45:00,336.75108996382994,2025-08-20 17:45:00,302.7320342622196,403.2981550281558
2025-08-20 19:50:00,327.5479481707237,2025-08-20 17:50:00,294.4586064407092,392.27633441275435
2025-08-20 19:55:00,318.41133898621865,2025-08-20 17:55:00,286.24499001267867,381.3341942470908
2025-08-20 20:00:00,309.42152235826376,2025-08-20 18:00:00,278.16333695635916,370.5678550483519
2025-08-20 20:05:00,300.6556042414091,2025-08-20 18:05:00,270.28296387730995,360.06966006393446
2025-08-20 20:10:00,292.18522279094725,2025-08-20 18:10:00,262.66827194639234,349.9254042228535
2025-08-20 20:15:00,284.0744729495122,2025-08-20 18:15:00,255.3768811474692,340.211848589531
2025-08-20 20:20:00,276.37815473110106,2025-08-20 18:20:00,248.45805552217058,330.9946224824731
2025-08-20 20:25:00,269.14041607634385,2025-08-20 18:25:00,241.95148312578044,322.3265981373906
2025-08-20 20:30:00,262.3938432914403,2025-08-20 18:30:00,235.88645835127605,314.24680140323
2025-08-20 20:35:00,256.1590325049972,2025-08-20 18:35:00,230.2814966781819,306.7798985124562
2025-08-20 20:40:00,250.4446539579988,2025-08-20 18:40:00,225.14439246787921,299.93627307568494
2025-08-20 20:45:00,245.24799964416775,2025-08-20 18:45:00,220.47271128058864,293.71268194399096
2025-08-20 20:50:00,240.55598370907137,2025-08-20 18:50:00,216.25468921279062,288.09345330187926
2025-08-20 20:55:00,236.3465455581562,2025-08-20 18:55:00,212.47049426136695,283.0521670505072
2025-08-20 21:00:00,232.590388430091,2025-08-20 19:00:00,209.0937892638869,278.55373694919035
2025-08-20 21:05:00,229.25297233631244,2025-08-20 19:05:00,206.0935235086741,274.5567973896874
2025-08-20 21:10:00,226.2966697323057,2025-08-20 19:10:00,203.435870637226,271.0162850604507
2025-08-20 21:15:00,223.68298623390777,2025-08-20 19:15:00,201.08622502071862,267.8860985097712
2025-08-20 21:20:00,221.374746617136,2025-08-20 19:20:00,199.01116692714268,265.1217161319534
2025-08-20 21:25:00,219.33814892024498,2025-08-20 19:25:00,197.18030911516115,262.68265619074
2025-08-20 21:30:00,217.54459593615735,2025-08-20 19:30:00,195.56794330666966,260.534670242111
2025-08-20 21:35:00,215.97222403342775,2025-08-20 19:35:00,194.15441456417557,258.65157407319566
2025-08-20 21:40:00,214.60706292967507,2025-08-20 19:40:00,192.92716390233184,257.0166366643256
2025-08-20 21:45:00,213.44377668029725,2025-08-20 19:45:00,191.8813944209584,255.62346760823107
2025-08-20 21:50:00,212.48595453661247,2025-08-20 19:50:00,191.02033278029603,254.47636544611282
2025-08-20 21:55:00,211.74593991039518,2025-08-20 19:55:00,190.35507544377896,253.5901128330052
2025-08-20 22:00:00,211.24420567777327,2025-08-20 20:00:00,189.90402708958675,252.98922839235613
2025-08-20 22:05:00,211.00830309671747,2025-08-20 20:05:00,189.69195570992648,252.706707923851
2025-08-20 22:10:00,211.0714296577328,2025-08-20 20:10:00,189.74870513940627,252.78230923992544
2025-08-20 22:15:00,211.4706767906826,2025-08-20 20:15:00,190.10761978091264,253.2604535931812
2025-08-20 22:20:00,212.24503134877887,2025-08-20 20:20:00,190.8037479824216,254.18783222364507
2025-08-20 22:25:00,213.43321442616403,2025-08-20 20:25:00,191.8718991801843,255.61081809429683
2025-08-20 22:30:00,215.07144721097552,2025-08-20 20:30:00,193.34463544837072,257.5727902431979
2025-08-20 22:35:00,217.19123577187423,2025-08-20 20:35:00,195.25028006949304,260.11148081061987
2025-08-20 22:40:00,219.81726526594687,2025-08-20 20:40:00,197.6110244723058,263.2564531108514
2025-08-20 22:45:00,222.96548884531285,2025-08-20 20:45:00,200.4412101996812,267.02681287809315
2025-08-20 22:50:00,226.6414880349424,2025-08-20 20:50:00,203.7458549233029,271.4292446303462
2025-08-20 22:55:00,230.83917003261263,2025-08-20 20:55:00,207.519481344162,276.456451536305
2025-08-20 23:00:00,235.53985344155058,2025-08-20 21:00:00,211.74529528573913,282.0860604750608
2025-08-20 23:05:00,240.7117786893201,2025-08-20 21:05:00,216.39474557104504,288.2800357064194
2025-08-20 23:10:00,246.31006263059533,2025-08-20 21:10:00,221.42748321148386,294.98462450250184
2025-08-20 23:15:00,252.27710005321973,2025-08-20 21:15:00,226.791722352221,302.1308379974214
2025-08-20 23:20:00,258.54339823442183,2025-08-20 21:20:00,232.42499052038852,309.63545066432187
2025-08-20 23:25:00,265.028815226781,2025-08-20 21:25:00,238.25524181770885,317.4024833052188
2025-08-20 23:30:00,271.64415864043946,2025-08-20 21:30:00,244.20229419154114,325.325117776551
2025-08-20 23:35:00,278.2930896212371,2025-08-20 21:35:00,250.17954107054055,333.2879772219451
2025-08-20 23:40:00,284.8742678312485,2025-08-20 21:40:00,256.0958796563279,341.1696949330717
2025-08-20 23:45:00,291.2836661034114,2025-08-20 21:45:00,261.8577917485413,348.84568641473726
2025-08-20 23:50:00,297.416980163772,2025-08-20 21:50:00,267.3715100336446,356.1910353043796
2025-08-20 23:55:00,303.1720575549267,2025-08-20 21:55:00,272.54520163520084,363.08340228720436
2025-08-21 00:00:00,308.45127224411556,2025-08-20 22:00:00,277.29110283580803,369.40586896244537
2025-08-21 00:05:00,313.1637755648431,2025-08-20 22:05:00,281.52754262551906,375.0496336048036
2025-08-21 00:10:00,317.22756098815836,2025-08-20 22:10:00,285.1807988871024,379.9164839654941
2025-08-21 00:15:00,320.57128883570334,2025-08-20 22:15:00,288.18673877408315,383.9209825759544
2025-08-21 00:20:00,323.13582685131314,2025-08-20 22:20:00,290.49220365169276,386.99231175949495
2025-08-21 00:25:00,324.8754736151967,2025-08-20 22:25:00,292.05610892007576,389.07573881046693
2025-08-21 00:30:00,325.7588428705213,2025-08-20 22:30:00,292.8502390049935,390.1336750770407
2025-08-21 00:35:00,325.76939831542217,2025-08-20 22:35:00,292.8597281244132,390.1463164361362
2025-08-21 00:40:00,324.90563901673846,2025-08-20 22:40:00,292.08322697149487,389.1118653476929
2025-08-21 00:45:00,323.180945758077,2025-08-20 22:45:00,290.5327645847836,387.0463468388074
2025-08-21 00:50:00,320.623107315839,2025-08-20 22:50:00,288.23332248048047,383.9830411647991
2025-08-21 00:55:00,317.27355322750117,2025-08-20 22:55:00,285.2221449275206,379.97156496099893
2025-08-21 01:00:00,313.1863254398787,2025-08-20 23:00:00,281.5478144813358,375.0766396732887
2025-08-21 01:05:00,308.42682579645964,2025-08-20 23:05:00,277.26912600173114,369.3765915301505
2025-08-21 01:10:00,303.07037889646904,2025-08-20 23:10:00,272.4537946938922,362.9616304011323
2025-08-21 01:15:00,297.20065142383083,2025-08-20 23:15:00,267.1770351188973,355.93195676150924
2025-08-21 01:20:00,290.9079689164895,2025-08-20 23:20:00,261.5200480053045,348.39574582998324
2025-08-21 01:25:00,284.28757002875284,2025-08-20 23:25:00,255.56845086830003,340.4670568470866
2025-08-21 01:30:00,277.43783607256734,2025-08-20 23:30:00,249.41068640513598,332.2637127472649
2025-08-21 01:35:00,270.45853126433764,2025-08-20 23:35:00,243.13644051462256,323.90519265207973
2025-08-21 01:40:00,263.4490856704359,2025-08-20 23:40:00,236.83509870183101,315.5105755000033
2025-08-21 01:45:00,256.50694969440116,2025-08-20 23:45:00,230.5942667972463,307.196569355613
2025-08-21 01:50:00,249.72604560107627,2025-08-20 23:50:00,224.49837891005419,299.0756569316784
2025-08-21 01:55:00,243.19533789981404,2025-08-20 23:55:00,218.62741223319082,291.2543834586508
2025-08-21 02:00:00,236.99754187072892,2025-08-21 00:00:00,213.05572603603918,283.83180999633674
2025-08-21 02:05:00,231.2079861287204,2025-08-21 00:05:00,207.85103913379038,276.89815122351587
2025-08-21 02:10:00,225.89364288625563,2025-08-21 00:10:00,203.07355811440647,270.53361406610804
2025-08-21 02:15:00,221.11233698247207,2025-08-21 00:15:00,198.77526627268495,264.8074504185657
2025-08-21 02:20:00,216.91214257017282,2025-08-21 00:20:00,194.99938124475904,259.7772346071728
2025-08-21 02:25:00,213.33097412986962,2025-08-21 00:25:00,191.77998733846138,255.48837358232956
2025-08-21 02:30:00,210.39637614669127,2025-08-21 00:30:00,189.14184645735892,251.97385503246446
2025-08-21 02:35:00,208.12551342794683,2025-08-21 00:35:00,187.10038939644912,249.25423578820238
2025-08-21 02:40:00,206.5253610715379,2025-08-21 00:40:00,185.66188661970327,247.33786933138413
2025-08-21 02:45:00,205.5930902306651,2025-08-21 00:45:00,184.82379505429486,246.22136779266324
2025-08-21 02:50:00,205.3166421027184,2025-08-21 00:50:00,184.575274094347,245.8902893692085
2025-08-21 02:55:00,205.67547880707184,2025-08-21 00:55:00,184.89786062402547,246.32003758721032
2025-08-21 03:00:00,206.64149546444506,2025-08-21 01:00:00,185.76628895739537,247.47695362180113
2025-08-21 03:05:00,208.18007347444268,2025-08-21 01:05:00,187.1494377124231,249.3195777180307
2025-08-21 03:10:00,210.25125027591088,2025-08-21 01:10:00,189.0113814005416,251.8000501134102
2025-08-21 03:15:00,212.81097665730238,2025-08-21 01:15:00,191.31252072180277,254.86561681165898
2025-08-21 03:20:00,215.81242843809048,2025-08-21 01:20:00,194.01076173844072,258.46020047203507
2025-08-21 03:25:00,219.20733609619606,2025-08-21 01:25:00,197.06271118151773,262.52599279107994
2025-08-21 03:30:00,222.94729314327657,2025-08-21 01:30:00,200.42485265235192,267.0050214324843
2025-08-21 03:35:00,226.98500279240088,2025-08-21 01:35:00,204.0546673501184,271.84064305498924
2025-08-21 03:40:00,231.27542211752967,2025-08-21 01:40:00,207.91166264677412,276.9789135749375
2025-08-21 03:45:00,235.7767645357897,2025-08-21 01:45:00,211.95827329720154,282.3697887540772
2025-08-21 03:50:00,240.45132425684034,2025-08-21 01:50:00,216.1606026015726,287.9681115724863
2025-08-21 03:55:00,245.26609112870386,2025-08-21 01:55:00,220.48897513861218,293.73434857715887
2025-08-21 04:00:00,250.19313079338104,2025-08-21 02:00:00,224.91827851737355,299.6350451620705
2025-08-21 04:05:00,255.20971255747074,2025-08-21 02:05:00,229.42807833019302,305.64297870795025
2025-08-21 04:10:00,260.29817698117427,2025-08-21 02:10:00,234.00249911803414,311.7370000048864
2025-08-21 04:15:00,265.4455450311889,2025-08-21 02:15:00,238.6298730072906,317.90156516797094
2025-08-21 04:20:00,270.64288159088113,2025-08-21 02:20:00,243.3021675190323,324.1259733675388
2025-08-21 04:25:00,275.88443702556583,2025-08-21 02:25:00,248.01421385453406,330.40333875487335
2025-08-21 04:30:00,281.1666012514508,2025-08-21 02:30:00,252.76276662560613,336.7293378394909
2025-08-21 04:35:00,286.4867145903879,2025-08-21 02:35:00,257.5454348384247,343.1007853509584
2025-08-21 04:40:00,291.841788327616,2025-08-21 02:40:00,262.35953170228146,349.5141019596612
2025-08-21 04:45:00,297.22719459462337,2025-08-21 02:45:00,267.2008968622718,355.9637452608735
2025-08-21 04:50:00,302.6353898089762,2025-08-21 02:50:00,272.062748798977,362.440680947154
2025-08-21 04:55:00,308.05473796261526,2025-08-21 02:55:00,276.9346269897872,368.93097356076555
2025-08-21 05:00:00,313.46849903999134,2025-08-21 03:00:00,281.8014825184203,375.41457500806456
2025-08-21 05:05:00,318.85404420834817,2025-08-21 03:05:00,286.6429725477558,381.86438465961584
2025-08-21 05:10:00,324.1823525297462,2025-08-21 03:10:00,291.43300787469826,388.24564660496486
2025-08-21 05:15:00,329.4178343170627,2025-08-21 03:15:00,296.1395941309963,394.51573810113507
2025-08-21 05:20:00,334.51851408070485,2025-08-21 03:20:00,300.7249962484278,400.6243886723545
2025-08-21 05:25:00,339.4365915146731,2025-08-21 03:25:00,305.14624277328465,406.5143519553778
2025-08-21 05:30:00,344.11938308551396,2025-08-21 03:30:00,309.3559723347209,412.12253336053476
2025-08-21 05:35:00,348.51062950371147,2025-08-21 03:35:00,313.3036090335966,417.38155591907577
2025-08-21 05:40:00,352.5521372561302,2025-08-21 03:40:00,316.9368381450679,422.2217262070399
2025-08-21 05:45:00,356.18570522936244,2025-08-21 03:45:00,320.20333811180825,426.57334169826623
2025-08-21 05:50:00,359.3552719516519,2025-08-21 03:50:00,323.0527108686168,430.3692623335202
2025-08-21 05:55:00,362.00920527055933,2025-08-21 03:55:00,325.4385402137139,433.54765267280044
2025-08-21 06:00:00,364.1026453296807,2025-08-21 04:00:00,327.32049809474677,436.05478787938983
2025-08-21 06:05:00,365.599804143921,2025-08-21 04:05:00,328.6664118778239,437.8478077256868
2025-08-21 06:10:00,366.4761212406537,2025-08-21 04:10:00,329.45420222285634,438.8972982213816
2025-08-21 06:15:00,366.72017531260275,2025-08-21 04:15:00,329.6736016186506,439.18958103761463
2025-08-21 06:20:00,366.33525654398454,2025-08-21 04:20:00,329.3275678705133,438.72859654834065
2025-08-21 06:25:00,365.3405133521816,2025-08-21 04:25:00,328.43331499651265,437.53727718535345
2025-08-21 06:30:00,363.7716007032262,2025-08-21 04:30:00,327.0228960492451,435.65832387063074
2025-08-21 06:35:00,361.68077392775797,2025-08-21 04:35:00,325.14328745437643,433.1543183717313
2025-08-21 06:40:00,359.1363922938872,2025-08-21 04:40:00,322.8559427332536,430.1071287732126
2025-08-21 06:45:00,356.22181916015666,2025-08-21 04:45:00,320.23580376391857,426.616592283325
2025-08-21 06:50:00,353.0337295026619,2025-08-21 04:50:00,317.36977928415405,422.798488303112
2025-08-21 06:55:00,349.679860558176,2025-08-21 04:55:00,314.3547227677159,418.7818445628863
2025-08-21 07:00:00,346.27626513228785,2025-08-21 05:00:00,311.29496320704044,414.7056476428692
2025-08-21 07:05:00,342.9441502316008,2025-08-21 05:05:00,308.29946311114236,410.7150568717057
2025-08-21 07:10:00,339.80640324557316,2025-08-21 05:10:00,305.47869561731676,406.9572440297457
2025-08-21 07:15:00,336.9839249442477,2025-08-21 05:15:00,302.94134793445403,403.5770016921372
2025-08-21 07:20:00,334.5919002693387,2025-08-21 05:20:00,300.7909688639114,400.71227707231117
2025-08-21 07:25:00,332.73614550638825,2025-08-21 05:25:00,299.12268498533473,398.4897973405811
2025-08-21 07:30:00,331.5096717249138,2025-08-21 05:30:00,298.0201112627822,397.0209539485309
2025-08-21 07:35:00,330.98960049801025,2025-08-21 05:35:00,297.5525783425512,396.3981088485612
2025-08-21 07:40:00,331.2345580472385,2025-08-21 05:40:00,297.7727899451142,396.6914736827317
2025-08-21 07:45:00,332.2826585499433,2025-08-21 05:45:00,298.7150099014895,397.94669456136444
2025-08-21 07:50:00,334.1501670546534,2025-08-21 05:50:00,300.3938601427571,400.18325075047693
2025-08-21 07:55:00,336.8309077234911,2025-08-21 05:55:00,302.80378872262855,403.3937459740182
2025-08-21 08:00:00,340.2964551105715,2025-08-21 06:00:00,305.91924177264144,407.5441374917481
2025-08-21 08:05:00,344.49711576382384,2025-08-21 06:05:00,309.6955459412216,412.5749116802978
2025-08-21 08:10:00,349.3636761327507,2025-08-21 06:10:00,314.07047972541034,418.40317735371303
2025-08-21 08:15:00,354.80986145292667,2025-08-21 06:15:00,318.9664839554872,424.9256105604008
2025-08-21 08:20:00,360.7354207407531,2025-08-21 06:20:00,324.29343513933566,432.02214921910877
2025-08-21 08:25:00,367.02972615823114,2025-08-21 06:25:00,329.95188121446347,439.5603037721505
2025-08-21 08:30:00,373.5757523037904,2025-08-21 06:30:00,335.83661884542903,447.3999228437731
2025-08-21 08:35:00,380.2542832503684,2025-08-21 06:35:00,341.8404754611802,455.39823165204643
2025-08-21 08:40:00,386.9481833748621,2025-08-21 06:40:00,347.85814863947263,463.4149468182572
2025-08-21 08:45:00,393.5465630353068,2025-08-21 06:45:00,353.7899509616431,471.3172652443638
2025-08-21 08:50:00,399.9486715742635,2025-08-21 06:50:00,359.5453097394694,478.9845264322298
2025-08-21 08:55:00,406.0673591942235,2025-08-21 06:55:00,365.0458791671868,486.3123584775204
2025-08-21 09:00:00,411.83196445310296,2025-08-21 07:00:00,370.2281361182384,493.2161361776056
2025-08-21 09:05:00,417.19050602407805,2025-08-21 07:05:00,375.04535049053396,499.63360591600514
2025-08-21 09:10:00,422.1110845080801,2025-08-21 07:10:00,379.46884540592936,505.5265644940529
2025-08-21 09:15:00,426.5824315296215,2025-08-21 07:15:00,383.488490835641,510.881516736292
2025-08-21 09:20:00,430.6135781059628,2025-08-21 07:20:00,387.1124054712137,515.7092783244167
2025-08-21 09:25:00,434.23265079642994,2025-08-21 07:25:00,390.36587448847996,520.0435340476423
2025-08-21 09:30:00,437.48484063472665,2025-08-21 07:30:00,393.28952366110843,523.9384053655859
2025-08-21 09:35:00,440.42962519619823,2025-08-21 07:35:00,395.9368220584322,527.4651235143659
2025-08-21 09:40:00,443.1373568268874,2025-08-21 07:40:00,398.3710149362718,530.7079435185584
2025-08-21 09:45:00,445.6853580890351,2025-08-21 07:45:00,400.6616136258723,533.759468038179
2025-08-21 09:50:00,448.15368840096403,2025-08-21 07:50:00,402.88058983361555,536.7155774331268
2025-08-21 09:55:00,450.62076193185146,2025-08-21 07:55:00,405.09843622205705,539.6701816882536
2025-08-21 10:00:00,453.1590057595799,2025-08-21 08:00:00,407.38026318660906,542.7100205580979
2025-08-21 10:05:00,455.8307482852851,2025-08-21 08:05:00,409.78210262807454,545.9097394704937
2025-08-21 10:10:00,458.684520939169,2025-08-21 08:10:00,412.3475832651972,549.3274603939948
2025-08-21 10:15:00,461.7519415648137,2025-08-21 08:15:00,415.10512886375506,553.0010493321945
2025-08-21 10:20:00,465.0453256575656,2025-08-21 08:20:00,418.06581079090995,556.9452555069944
2025-08-21 10:25:00,468.556143232287,2025-08-21 08:25:00,421.2219607722897,561.1498632802836
2025-08-21 10:30:00,472.2544051939749,2025-08-21 08:30:00,424.5466192522864,565.578957262191
2025-08-21 10:35:00,476.0890250693093,2025-08-21 08:35:00,427.99386058298853,570.1713555262107
2025-08-21 10:40:00,479.98916169331164,2025-08-21 08:40:00,431.5000000707973,574.8422176308793
2025-08-21 10:45:00,483.86650717030864,2025-08-21 08:45:00,434.9856508044439,579.4857847161339
2025-08-21 10:50:00,487.6184440263059,2025-08-21 08:50:00,438.3585618675126,583.9791605563379
2025-08-21 10:55:00,491.1319579195451,2025-08-21 08:55:00,441.5171357816256,588.1869974811162
2025-08-21 11:00:00,494.288158516259,2025-08-21 09:00:00,444.35449267714586,591.9669106439518
2025-08-21 11:05:00,496.96723337061417,2025-08-21 09:05:00,446.7629237253922,595.1754108630893
2025-08-21 11:10:00,499.053638567344,2025-08-21 09:10:00,448.63855741545433,597.6741210129887
2025-08-21 11:15:00,500.4413166541478,2025-08-21 09:15:00,449.8860503639236,599.33602509841
2025-08-21 11:20:00,501.0387276264655,2025-08-21 09:20:00,450.42311006270506,600.0514934372213
2025-08-21 11:25:00,500.77348273964543,2025-08-21 09:25:00,450.184660577142,599.7338321833358
2025-08-21 11:30:00,499.59638349191994,2025-08-21 09:30:00,449.12647350540675,598.32412047329
2025-08-21 11:35:00,497.4846890508077,2025-08-21 09:35:00,447.22810532501927,595.7951235450981
2025-08-21 11:40:00,494.4444636295016,2025-08-21 09:40:00,444.4950076340614,592.154103991415
2025-08-21 11:45:00,490.511890088309,2025-08-21 09:45:00,440.9597080508027,587.4443949483176
2025-08-21 11:50:00,485.75347547315266,2025-08-21 09:50:00,436.6819949884216,581.7456462512973
2025-08-21 11:55:00,480.2651175003821,2025-08-21 09:55:00,431.74807844479716,575.1727064434701
2025-08-21 12:00:00,474.1700453107186,2025-08-21 10:00:00,426.2687387843076,567.8731565916233
2025-08-21 12:05:00,467.61569279080237,2025-08-21 10:05:00,420.37651592071103,560.0235657292144
2025-08-21 12:10:00,460.7696048478391,2025-08-21 10:10:00,414.2220291455266,551.8245881495006
2025-08-21 12:15:00,453.81451617798996,2025-08-21 10:15:00,407.96955304597276,543.4950696647686
2025-08-21 12:20:00,446.9427756462847,2025-08-21 10:20:00,401.7920051416476,535.265370160109
2025-08-21 12:25:00,440.35031592305563,2025-08-21 10:25:00,395.86552471653823,527.3701415395831
2025-08-21 12:30:00,434.2303874241375,2025-08-21 10:30:00,390.3638397651523,520.0408233990449
2025-08-21 12:35:00,428.76728599092763,2025-08-21 10:35:00,385.4526283109173,513.4981312017253
2025-08-21 12:40:00,424.13030508350846,2025-08-21 10:40:00,381.284081557026,507.94481333402723
2025-08-21 12:45:00,420.4681357414258,2025-08-21 10:45:00,377.9918695708361,503.5589444145792
2025-08-21 12:50:00,417.9039211689919,2025-08-21 10:50:00,375.68669546173044,500.4880025914362
2025-08-21 12:55:00,416.53114812284645,2025-08-21 10:55:00,374.45260182632575,498.8439490062131
2025-08-21 13:00:00,416.4105257510254,2025-08-21 11:00:00,374.3441648914881,498.69948984495016
2025-08-21 13:05:00,417.5679649213882,2025-08-21 11:05:00,375.384677973766,500.08565635153747
2025-08-21 13:10:00,419.99372931813116,2025-08-21 11:10:00,377.5653883332952,502.9907881681695
2025-08-21 13:15:00,423.64278506338394,2025-08-21 11:15:00,380.8458114761431,507.3609520474116
2025-08-21 13:20:00,428.4363304534427,2025-08-21 11:20:00,385.1551063544956,513.101773887252
2025-08-21 13:25:00,434.26444297910945,2025-08-21 11:25:00,390.3944549813813,520.0816088423529
2025-08-21 13:30:00,440.98973944300997,2025-08-21 11:30:00,396.44035279793115,528.1359247354352
2025-08-21 13:35:00,448.45190768180055,2025-08-21 11:35:00,403.1486825948106,537.0727293157477
2025-08-21 13:40:00,456.4729374041316,2025-08-21 11:40:00,410.3594169237769,546.67883478905
2025-08-21 13:45:00,464.8628532573242,2025-08-21 11:45:00,417.9017720021188,556.7267238242348
2025-08-21 13:50:00,473.42573704761116,2025-08-21 11:50:00,425.59962155997164,566.9817618545917
2025-08-21 13:55:00,481.965818634682,2025-08-21 11:55:00,433.2769724243652,577.209491624451
2025-08-21 14:00:00,490.2934156178398,2025-08-21 12:00:00,440.7633041701602,587.182746646391
2025-08-21 14:05:00,498.2305120906925,2025-08-21 12:05:00,447.8985843013107,596.688332401513
2025-08-21 14:10:00,505.61578400130736,2025-08-21 12:10:00,454.5377859422622,605.5330447861178
2025-08-21 14:15:00,512.3089041514704,2025-08-21 12:15:00,460.55475794029775,613.5488258433742
2025-08-21 14:20:00,518.1939905305167,2025-08-21 12:20:00,465.84532484396806,620.5968935396231
2025-08-21 14:25:00,523.1820979824814,2025-08-21 12:25:00,470.3295268586194,626.5707258223208
2025-08-21 14:30:00,527.2126920230907,2025-08-21 12:30:00,473.9529447763754,631.3978256853675
2025-08-21 14:35:00,530.2540845835732,2025-08-21 12:35:00,476.6870917005138,635.04024302243
2025-08-21 14:40:00,532.3028519186245,2025-08-21 12:40:00,478.52888975716354,637.4938775047916
2025-08-21 14:45:00,533.3822937972501,2025-08-21 12:45:00,479.4992849407968,638.7866332852009
2025-08-21 14:50:00,533.5400285671469,2025-08-21 12:50:00,479.64108512849594,638.9755388109113
2025-08-21 14:55:00,532.8448494795083,2025-08-21 12:55:00,479.0161339831262,638.1429819111283
2025-08-21 15:00:00,531.3829924718451,2025-08-21 13:00:00,477.70195576984145,636.3922400377498
2025-08-21 15:05:00,529.2539837074678,2025-08-21 13:05:00,475.78802238280696,633.842507216382
2025-08-21 15:10:00,526.5662458693934,2025-08-21 13:10:00,473.37180349730545,630.6236320780381
2025-08-21 15:15:00,523.4326450212079,2025-08-21 13:15:00,470.5547632928064,626.8707847129306
2025-08-21 15:20:00,519.9661555727644,2025-08-21 13:20:00,467.4384633497578,622.7192649683857
2025-08-21 15:25:00,516.2758086325528,2025-08-21 13:25:00,464.12092030494205,618.2996501348865
2025-08-21 15:30:00,512.4630709855377,2025-08-21 13:30:00,460.69335062992485,613.7334583556328
2025-08-21 15:35:00,508.6187777491758,2025-08-21 13:35:00,457.237413154357,609.1294751293915
2025-08-21 15:40:00,504.8207135363356,2025-08-21 13:40:00,453.8230345831246,604.5808564749383
2025-08-21 15:45:00,501.1319052552119,2025-08-21 13:45:00,450.5068747599512,600.1630843626356
2025-08-21 15:50:00,497.59965684969643,2025-08-21 13:50:00,447.33145891961635,595.9328107050253
2025-08-21 15:55:00,494.2553227142562,2025-08-21 13:55:00,444.32497399277275,591.9275859950901
2025-08-21 16:00:00,491.11478482580446,2025-08-21 14:00:00,441.50169753730324,588.1664307265365
2025-08-21 16:05:00,488.1795691237526,2025-08-21 14:05:00,438.86300134013277,584.6511723872857
2025-08-21 16:10:00,485.43851134562385,2025-08-21 14:10:00,436.39884896785,581.3684404891836
2025-08-21 16:15:00,482.86986198122634,2025-08-21 14:15:00,434.08968807553055,578.292187492684
2025-08-21 16:20:00,480.44370519258115,2025-08-21 14:20:00,431.90862496406584,575.3865857416258
2025-08-21 16:25:00,478.1245578272134,2025-08-21 14:25:00,429.82376103757616,572.6091400805243
2025-08-21 16:30:00,475.874012443024,2025-08-21 14:30:00,427.80056882629555,569.9138531807902
2025-08-21 16:35:00,473.6532923855519,2025-08-21 14:35:00,425.8041889464333,567.2542855395727
2025-08-21 16:40:00,471.4255968493021,2025-08-21 14:40:00,423.8015382602004,564.5863639603716
2025-08-21 16:45:00,469.15812944829275,2025-08-21 14:45:00,421.76313351738406,561.8708109995429
2025-08-21 16:50:00,466.82372356194617,2025-08-21 14:50:00,419.66455250657486,559.0750915049109
2025-08-21 16:55:00,464.40200120596285,2025-08-21 14:55:00,417.48747585531925,556.1748004969044
2025-08-21 17:00:00,461.88002772401353,2025-08-21 15:00:00,415.2202755839619,553.154447237144
2025-08-21 17:05:00,459.2524514252088,2025-08-21 15:05:00,412.8581406367467,550.0076224603705
2025-08-21 17:10:00,456.5211436581401,2025-08-21 15:10:00,410.402753316071,546.7365673217184
2025-08-21 17:15:00,453.6943798740059,2025-08-21 15:15:00,407.8615530757344,543.351192625636
2025-08-21 17:20:00,450.78562457460515,2025-08-21 15:20:00,405.24664421514785,539.867623661382
2025-08-21 17:25:00,447.81200184105097,2025-08-21 15:25:00,402.57342091732886,536.3063684852785
2025-08-21 17:30:00,444.79254743526934,2025-08-21 15:30:00,399.8589959254974,532.6902246112553
2025-08-21 17:35:00,441.7463478686055,2025-08-21 15:35:00,397.12052760551694,529.0420503315074
2025-08-21 17:40:00,438.6906755565223,2025-08-21 15:40:00,394.37354348981586,525.3825313497986
2025-08-21 17:45:00,435.63922794884587,2025-08-21 15:45:00,391.63035729310394,521.7280719374381
2025-08-21 17:50:00,432.6005713988055,2025-08-21 15:50:00,388.89866998389067,518.0889312875084
2025-08-21 17:55:00,429.57687904018735,2025-08-21 15:55:00,386.1804351630147,514.4677119776187
2025-08-21 18:00:00,426.56303585706695,2025-08-21 16:00:00,383.4710545404565,510.8582881879965
2025-08-21 18:05:00,423.5461647801345,2025-08-21 16:05:00,380.75895190606053,507.24523814734084
2025-08-21 18:10:00,420.5056057885104,2025-08-21 16:10:00,378.0255543425144,503.6038191048428
2025-08-21 18:15:00,417.4133567844382,2025-08-21 16:15:00,375.24568856227694,499.900495328329
2025-08-21 18:20:00,414.2349615269789,2025-08-21 16:20:00,372.38837914099673,496.094001506969
2025-08-21 18:25:00,410.93080734751067,2025-08-21 16:25:00,369.41801513601644,492.1368969148168
2025-08-21 18:30:00,407.45777458500856,2025-08-21 16:30:00,366.29583289344515,487.9775407992364
2025-08-21 18:35:00,403.77116216818274,2025-08-21 16:35:00,362.98164710535485,483.5623984869444
2025-08-21 18:40:00,399.8267994952714,2025-08-21 16:40:00,359.4357493445884,478.8385706029191
2025-08-21 18:45:00,395.5832452153468,2025-08-21 16:45:00,355.62088472217033,473.7564263638633
2025-08-21 18:50:00,391.00396869369456,2025-08-21 16:50:00,351.50421297807026,468.27221613385495
2025-08-21 18:55:00,386.05940983750537,2025-08-21 16:55:00,347.0591602204854,462.3505383024828
2025-08-21 19:00:00,380.7288182013962,2025-08-21 17:00:00,342.2670722424069,455.9665418251967
2025-08-21 19:05:00,375.00178192767436,2025-08-21 17:05:00,337.1185890062471,449.1077573050948
2025-08-21 19:10:00,368.8793707891183,2025-08-21 17:10:00,331.61467221487504,441.7754659180983
2025-08-21 19:15:00,362.3748353444699,2025-08-21 17:15:00,325.76723383746514,433.98553673205254
2025-08-21 19:20:00,355.51382401094384,2025-08-21 17:20:00,319.59933125304417,425.76868667601997
2025-08-21 19:25:00,348.33410174504405,2025-08-21 17:25:00,313.1449143505568,417.170143628207
2025-08-21 19:30:00,340.88477675111017,2025-08-21 17:30:00,306.44813035637213,408.2487203105234
2025-08-21 19:35:00,333.2250634792104,2025-08-21 17:35:00,299.56221179582167,399.07533283631017
2025-08-21 19:40:00,325.422631489736,2025-08-21 17:40:00,292.5479921577504,389.7310232858179
2025-08-21 19:45:00,317.5516078338345,2025-08-21 17:45:00,285.4721100772112,380.3045673270592
2025-08-21 19:50:00,309.6903165695395,2025-08-21 17:50:00,278.40497720876687,370.8897670264286
2025-08-21 19:55:00,301.9188501246275,2025-08-21 17:55:00,271.41859493359294,361.5825422764423
2025-08-21 20:00:00,294.3165749214219,2025-08-21 18:00:00,264.58431196947583,352.4779434945989
2025-08-21 20:05:00,286.9596761652039,2025-08-21 18:05:00,257.9706171880565,343.6672112251641
2025-08-21 20:10:00,279.91884469995773,2025-08-21 18:10:00,251.64106014757192,335.23500588292467
2025-08-21 20:15:00,273.2572022258199,2025-08-21 18:15:00,245.65238590767575,327.2569229624936
2025-08-21 20:20:00,267.0285502651776,2025-08-21 18:20:00,240.05296088737623,319.79739597385236
2025-08-21 20:25:00,261.27601370748073,2025-08-21 18:25:00,234.88155344080667,312.9080719312773
2025-08-21 20:30:00,256.03113199400855,2025-08-21 18:30:00,230.16651685175006,306.62672294258823
2025-08-21 20:35:00,251.31343133469122,2025-08-21 18:35:00,225.92540476570232,300.9767338895991
2025-08-21 20:40:00,247.13048973828245,2025-08-21 18:40:00,222.16502965060798,295.96718030922796
2025-08-21 20:45:00,243.4784854949002,2025-08-21 18:45:00,218.88195587094447,291.5934852644124
2025-08-21 20:50:00,240.34319839059089,2025-08-21 18:50:00,216.06339975822152,287.8386184136849
2025-08-21 20:55:00,237.70141363503592,2025-08-21 18:55:00,213.68849171199076,284.67477737604713
2025-08-21 21:00:00,235.52266134502756,2025-08-21 19:00:00,211.72983995832146,282.06547096246396
2025-08-21 21:05:00,233.77121033681595,2025-08-21 19:05:00,210.15532292651775,279.9679069714764
2025-08-21 21:10:00,232.40822472479636,2025-08-21 19:10:00,208.9300279852567,278.335574964128
2025-08-21 21:15:00,231.39398557004927,2025-08-21 19:15:00,208.01824865715426,277.12090694357084
2025-08-21 21:20:00,230.69007782237065,2025-08-21 19:20:00,207.38545063292048,276.27789646963504
2025-08-21 21:25:00,230.2614453797784,2025-08-21 19:25:00,207.00011922594368,275.76455982890957
2025-08-21 21:30:00,230.07822357841798,2025-08-21 19:30:00,206.83540674155947,275.5451306521324
2025-08-21 21:35:00,230.11726900144333,2025-08-21 19:35:00,206.87050774254618,275.59189203624584
2025-08-21 21:40:00,230.36332027330394,2025-08-21 19:40:00,207.09170257838522,275.88656672904153
2025-08-21 21:45:00,230.80974008181585,2025-08-21 19:45:00,207.4930244472477,276.4212057859195
2025-08-21 21:50:00,231.45880705489114,2025-08-21 19:50:00,208.0765217869374,277.19853812583585
2025-08-21 21:55:00,232.3215458217527,2025-08-21 19:55:00,208.85210550355413,278.23176701006577
2025-08-21 22:00:00,233.41710334025413,2025-08-21 20:00:00,209.83698830308072,279.5438231224493
2025-08-21 22:05:00,234.77169892485006,2025-08-21 20:05:00,211.05474078896395,281.166107107144
2025-08-21 22:10:00,236.41719316971938,2025-08-21 20:10:00,212.5340049545813,283.1367756894982
2025-08-21 22:15:00,238.3893367578566,2025-08-21 20:15:00,214.30691990003282,285.49864442355863
2025-08-21 22:20:00,240.72577304976187,2025-08-21 20:20:00,216.4073262020541,288.29679556233424
2025-08-21 22:25:00,243.4638780180856,2025-08-21 20:25:00,218.86882406141714,291.57599113113554
2025-08-21 22:30:00,246.63852719981543,2025-08-21 20:30:00,221.72276584066182,295.37799859602836
2025-08-21 22:35:00,250.2798816475902,2025-08-21 20:35:00,224.99626568163646,299.7389392859275
2025-08-21 22:40:00,254.41128321831636,2025-08-21 20:40:00,228.71030741493686,304.6867677586824
2025-08-21 22:45:00,259.0473446518801,2025-08-21 20:45:00,232.87802758147922,310.2389844507034
2025-08-21 22:50:00,264.1923110537095,2025-08-21 20:50:00,237.503242440335,316.4006733639078
2025-08-21 22:55:00,269.8387583364175,2025-08-21 20:55:00,242.57927789557937,323.1629432999145
2025-08-21 23:00:00,275.96668010114854,2025-08-21 21:00:00,248.08814862213293,330.5018342954518
2025-08-21 23:05:00,282.54299918132034,2025-08-21 21:05:00,254.00011895402315,338.37773263981825
2025-08-21 23:10:00,289.5215233845596,2025-08-21 21:10:00,260.2736630973299,346.73531787076143
2025-08-21 23:15:00,296.8433481079023,2025-08-21 21:15:00,266.85582707264774,355.5040449524787
2025-08-21 23:20:00,304.43769203765953,2025-08-21 21:20:00,273.6829799914083,364.5991451223084
2025-08-21 23:25:00,312.2231365584163,2025-08-21 21:25:00,280.6819282580865,373.923110225532
2025-08-21 23:30:00,320.10922564297425,2025-08-21 21:30:00,287.7713538370735,383.36760876756057
2025-08-21 23:35:00,327.99837095132006,2025-08-21 21:35:00,294.86352689594105,392.8157674890264
2025-08-21 23:40:00,335.7879978722077,2025-08-21 21:40:00,301.86623505096844,402.14474149736316
2025-08-21 23:45:00,343.3728613413756,2025-08-21 21:45:00,308.6848652382353,411.2284877254286
2025-08-21 23:50:00,350.647456562046,2025-08-21 21:50:00,315.2245708998393,419.9406520465244
2025-08-21 23:55:00,357.50844905221106,2025-08-21 21:55:00,321.3924565444814,428.1574795354653
2025-08-22 00:00:00,363.8570503130352,2025-08-21 22:00:00,327.09971342259695,435.76065960468145
