reading_time,yhat,ds,yhat_lower,yhat_upper
2025-07-30 02:00:00,316.04132278106107,2025-07-30 00:00:00,272.13860465128295,346.27711859083183
2025-07-30 02:05:00,317.488792220866,2025-07-30 00:05:00,273.384999616845,347.8630679928066
2025-07-30 02:10:00,318.8959550485893,2025-07-30 00:10:00,274.5966871426533,349.40485463350393
2025-07-30 02:15:00,320.2605751815129,2025-07-30 00:15:00,275.7717417702728,350.90002850330563
2025-07-30 02:20:00,321.5842397452608,2025-07-30 00:20:00,276.91153015058615,352.3503285687592
2025-07-30 02:25:00,322.8716898091105,2025-07-30 00:25:00,278.02013474966566,353.760949479077
2025-07-30 02:30:00,324.1300581342631,2025-07-30 00:30:00,279.1036974848515,355.13970638948797
2025-07-30 02:35:00,325.36804924683105,2025-07-30 00:35:00,280.16971369747927,356.4961365914906
2025-07-30 02:40:00,326.5950986554591,2025-07-30 00:40:00,281.2263081673535,357.8405782924977
2025-07-30 02:45:00,327.82054818112226,2025-07-30 00:45:00,282.28152500118375,359.18326704911675
2025-07-30 02:50:00,329.05287305936616,2025-07-30 00:50:00,283.3426621015201,360.533488925962
2025-07-30 02:55:00,330.2989936759046,2025-07-30 00:55:00,284.4156785122472,361.89882638473
2025-07-30 03:00:00,331.563700684417,2025-07-30 01:00:00,285.5046993958475,363.28452840279385
2025-07-30 03:05:00,332.8492169576381,2025-07-30 01:05:00,286.611638835831,364.6930305159843
2025-07-30 03:10:00,334.1549135345849,2025-07-30 01:10:00,287.73595524300674,366.12364359037736
2025-07-30 03:15:00,335.47718971709156,2025-07-30 01:15:00,288.8745481083463,367.5724224476184
2025-07-30 03:20:00,336.8095199498904,2025-07-30 01:20:00,290.02179837074243,369.0322172300388
2025-07-30 03:25:00,338.1426626186394,2025-07-30 01:25:00,291.16974820996575,370.4929021744715
2025-07-30 03:30:00,339.46501833908394,2025-07-30 01:30:00,292.30840956427136,371.9417681790757
2025-07-30 03:35:00,340.7631185168662,2025-07-30 01:35:00,293.4261848221732,373.3640581038527
2025-07-30 03:40:00,342.0222188336351,2025-07-30 01:40:00,294.51037786473574,374.74361703580155
2025-07-30 03:45:00,343.2269672647466,2025-07-30 01:45:00,295.547769285938,376.0636242161319
2025-07-30 03:50:00,344.36211266987385,2025-07-30 01:50:00,296.5252265497834,377.30736942201247
2025-07-30 03:55:00,345.41321780203305,2025-07-30 01:55:00,297.43031795204206,378.45903418944624
2025-07-30 04:00:00,346.3673401113482,2025-07-30 02:00:00,298.2518988505107,379.5044377497957
2025-07-30 04:05:00,347.2136449404666,2025-07-30 02:05:00,298.9806396787014,380.4317088898411
2025-07-30 04:10:00,347.9439185983825,2025-07-30 02:10:00,299.6094677462781,381.2318481115753
2025-07-30 04:15:00,348.5529532708043,2025-07-30 02:15:00,300.1338986797986,381.8991493670958
2025-07-30 04:20:00,349.0387816274598,2025-07-30 02:20:00,300.55223843966553,382.4314571108807
2025-07-30 04:25:00,349.4027460360562,2025-07-30 02:25:00,300.8656429192651,382.830242135476
2025-07-30 04:30:00,349.64939523552266,2025-07-30 02:30:00,301.07802897179295,383.1004883594267
2025-07-30 04:35:00,349.786209820349,2025-07-30 02:35:00,301.1958380287952,383.2503920485961
2025-07-30 04:40:00,349.82316649763436,2025-07-30 02:40:00,301.2276608882254,383.2908843855173
2025-07-30 04:45:00,349.77215945776265,2025-07-30 02:45:00,301.1837394651155,383.2349974823769
2025-07-30 04:50:00,349.64630499628913,2025-07-30 02:50:00,301.07536801155635,383.0971024758083
2025-07-30 04:55:00,349.4591622180677,2025-07-30 02:55:00,300.9142220763109,382.8920556754806
2025-07-30 05:00:00,349.2239080592122,2025-07-30 03:00:00,300.71164812817665,382.63429466009137
2025-07-30 05:05:00,348.9525085715279,2025-07-30 03:05:00,300.47794996101436,382.33693027825876
2025-07-30 05:10:00,348.65493029743664,2025-07-30 03:10:00,300.2217096201212,382.0108825753799
2025-07-30 05:15:00,348.3384353420274,2025-07-30 03:15:00,299.94918039898545,381.6641084249516
2025-07-30 05:20:00,348.007001552906,2025-07-30 03:20:00,299.6637875645545,381.3009662368014
2025-07-30 05:25:00,347.6609048781425,2025-07-30 03:25:00,299.365768731714,380.9217583590582
2025-07-30 05:30:00,347.2964947352018,2025-07-30 03:30:00,299.0519804367278,380.5224849565411
2025-07-30 05:35:00,346.9061853909833,2025-07-30 03:35:00,298.7158907147152,380.09483456612463
2025-07-30 05:40:00,346.47867687020766,2025-07-30 03:40:00,298.3477693206625,379.62642613951596
2025-07-30 05:45:00,345.9994087710746,2025-07-30 03:45:00,297.9350785035117,379.1013062756326
2025-07-30 05:50:00,345.4512392317722,2025-07-30 03:50:00,297.46305765438547,378.5006931441011
2025-07-30 05:55:00,344.815330393909,2025-07-30 03:55:00,296.91548576632135,377.8039466613183
2025-07-30 06:00:00,344.07221098683885,2025-07-30 04:00:00,296.2755964102403,376.9897327326308
2025-07-30 06:05:00,343.20297686734165,2025-07-30 04:05:00,295.5271115022743,376.0373386481115
2025-07-30 06:10:00,342.1905819420797,2025-07-30 04:10:00,294.6553528983917,374.92808750806813
2025-07-30 06:15:00,341.02116520169375,2025-07-30 04:15:00,293.64838508423355,373.64679221500535
2025-07-30 06:20:00,339.68535514284923,2025-07-30 04:20:00,292.49813839404067,372.1831846902331
2025-07-30 06:25:00,338.17949061270093,2025-07-30 04:25:00,291.20146026213604,370.53325351699493
2025-07-30 06:30:00,336.5066977740746,2025-07-30 04:30:00,289.7610425820411,368.7004239393255
2025-07-30 06:35:00,334.677765851503,2025-07-30 04:35:00,288.18617579870084,366.6965173910492
2025-07-30 06:40:00,332.7117702553153,2025-07-30 04:40:00,286.49328547160985,364.5424342343926
2025-07-30 06:45:00,330.6363998351077,2025-07-30 04:45:00,284.7062140680355,362.2685123219217
2025-07-30 06:50:00,328.4879554370376,2025-07-30 04:50:00,282.8562197207245,359.9145254158117
2025-07-30 06:55:00,326.31099928766366,2025-07-30 04:55:00,280.9816743174069,357.5292990281028
2025-07-30 07:00:00,324.1576481957715,2025-07-30 05:00:00,279.1274548871275,355.1699360028715
2025-07-30 07:05:00,322.086518153598,2025-07-30 05:05:00,277.3440348116492,352.9006601470443
2025-07-30 07:10:00,320.16134241761733,2025-07-30 05:10:00,275.68629387483753,350.7913021024376
2025-07-30 07:15:00,318.449299495415,2025-07-30 05:15:00,274.21207851637945,348.9154673704879
2025-07-30 07:20:00,317.01910077727706,2025-07-30 05:20:00,272.9805551190491,347.348440986814
2025-07-30 07:25:00,315.9388990990258,2025-07-30 05:25:00,272.0504091024634,346.16489599544917
2025-07-30 07:30:00,315.27408923454846,2025-07-30 05:30:00,271.4779509590623,345.4364835136376
2025-07-30 07:35:00,315.0850781396065,2025-07-30 05:35:00,271.3151962433546,345.22938965400476
2025-07-30 07:40:00,315.4251069172731,2025-07-30 05:40:00,271.60799009790884,345.6019491165847
2025-07-30 07:45:00,316.3382072038308,2025-07-30 05:45:00,272.3942475268547,346.6024060613643
2025-07-30 07:50:00,317.85737224406347,2025-07-30 05:50:00,273.7023785353125,348.2669102096403
2025-07-30 07:55:00,320.0030171430551,2025-07-30 05:55:00,275.54996227452256,350.61782978751035
2025-07-30 08:00:00,322.7817938526946,2025-07-30 06:00:00,277.9427266438916,353.66245314167804
2025-07-30 08:05:00,326.1858147053516,2025-07-30 06:05:00,280.87387968708936,357.3921379882946
2025-07-30 08:10:00,330.19232417585425,2025-07-30 06:10:00,284.32382695104275,361.78195177227764
2025-07-30 08:15:00,334.7638423875203,2025-07-30 06:15:00,288.2602950569005,366.7908289026201
2025-07-30 08:20:00,339.84878665858815,2025-07-30 06:20:00,292.6388669046603,372.362251762409
2025-07-30 08:25:00,345.3825593338103,2025-07-30 06:25:00,297.4039183891955,378.42544261368914
2025-07-30 08:30:00,351.28907244348005,2025-07-30 06:30:00,302.48993126205505,384.8970341212095
2025-07-30 08:35:00,357.48266259327363,2025-07-30 06:35:00,307.82314201536656,391.6831674405186
2025-07-30 08:40:00,363.8703343459742,2025-07-30 06:40:00,313.32347362533955,398.68195022488726
2025-07-30 08:45:00,370.3542569111702,2025-07-30 06:45:00,318.9066854155958,405.78619217427797
2025-07-30 08:50:00,376.8344286137213,2025-07-30 06:50:00,324.48666739236614,412.8863244145412
2025-07-30 08:55:00,383.2114165501315,2025-07-30 06:55:00,329.9777993229048,419.8734012577753
2025-07-30 09:00:00,389.3890749742105,2025-07-30 07:00:00,335.2972914980016,426.64207865699746
2025-07-30 09:05:00,395.2771463452594,2025-07-30 07:05:00,340.36742445689464,433.09346409761736
2025-07-30 09:10:00,400.7936527035848,2025-07-30 07:10:00,345.11760816608194,439.13773675677294
2025-07-30 09:15:00,405.86699279851314,2025-07-30 07:15:00,349.48618782587425,444.6964452643947
2025-07-30 09:20:00,410.4376712960825,2025-07-30 07:20:00,353.421932866088,449.70440234486745
2025-07-30 09:25:00,414.45960044481075,2025-07-30 07:25:00,356.88515779158126,454.11111101366674
2025-07-30 09:30:00,417.900931009252,2025-07-30 07:30:00,359.84843768710186,457.88167500665065
2025-07-30 09:35:00,420.74438741090273,2025-07-30 07:35:00,362.29689680226653,460.9971659840263
2025-07-30 09:40:00,422.98710137698833,2025-07-30 07:40:00,364.2280653089408,463.4544412642514
2025-07-30 09:45:00,424.6399578051734,2025-07-30 07:45:00,365.65131603481757,465.26542710736777
2025-07-30 09:50:00,425.7264856458948,2025-07-30 07:50:00,366.5869094182611,466.45590348761743
2025-07-30 09:55:00,426.2813441877662,2025-07-30 07:55:00,367.0646900705979,467.0638455611856
2025-07-30 10:00:00,426.3484707715398,2025-07-30 08:00:00,367.12249179944274,467.1373941712389
2025-07-30 10:05:00,425.97896892286076,2025-07-30 08:05:00,366.8043191104072,466.7325419375226
2025-07-30 10:10:00,425.2288254693717,2025-07-30 08:10:00,366.1583814497102,465.9106319691736
2025-07-30 10:15:00,424.1565513220697,2025-07-30 08:15:00,365.23506171518113,464.73577293871574
2025-07-30 10:20:00,422.820842640397,2025-07-30 08:20:00,364.0849023194023,463.2722764899087
2025-07-30 10:25:00,421.2783572220652,2025-07-30 08:25:00,362.7566904711986,461.58222089392467
2025-07-30 10:30:00,419.581695130213,2025-07-30 08:30:00,361.2957193229376,459.7232384823244
2025-07-30 10:35:00,417.7776630362793,2025-07-30 08:35:00,359.74229342132105,457.7466139389399
2025-07-30 10:40:00,415.9058889259961,2025-07-30 08:40:00,358.1305358507842,455.6957664742532
2025-07-30 10:45:00,413.99783825095005,2025-07-30 08:45:00,356.48754105585766,453.60517185179634
2025-07-30 10:50:00,412.076264917084,2025-07-30 08:50:00,354.83290209532,451.4997608525104
2025-07-30 10:55:00,410.1551114684144,2025-07-30 08:55:00,353.1786246918422,449.3948099090004
2025-07-30 11:00:00,408.23985321969826,2025-07-30 09:00:00,351.5294235596423,447.29631816150766
2025-07-30 11:05:00,406.32826180415515,2025-07-30 09:05:00,349.8833798843674,445.2018440545384
2025-07-30 11:10:00,404.41154543564096,2025-07-30 09:10:00,348.23292318633275,443.10175468836155
2025-07-30 11:15:00,402.47580680240435,2025-07-30 09:15:00,346.5660866917155,440.98082319002555
2025-07-30 11:20:00,400.5037458651753,2025-07-30 09:20:00,344.8679735873206,438.8200944188
2025-07-30 11:25:00,398.47652423417617,2025-07-30 09:25:00,343.12236240861665,436.59892770885784
2025-07-30 11:30:00,396.3757008624493,2025-07-30 09:30:00,341.3133738372183,434.2971177511334
2025-07-30 11:35:00,394.1851458801895,2025-07-30 09:35:00,339.4271186759049,431.8969915249272
2025-07-30 11:40:00,391.89284036543745,2025-07-30 09:40:00,337.45324760509175,429.3853802533591
2025-07-30 11:45:00,389.492474999071,2025-07-30 09:45:00,335.3863277614839,426.75537100230173
2025-07-30 11:50:00,386.98476950087843,2025-07-30 09:50:00,333.2269788853648,424.0077523474144
2025-07-30 11:55:00,384.37844696380193,2025-07-30 09:55:00,330.98271230569816,421.1520819233211
2025-07-30 12:00:00,381.6908125790205,2025-07-30 10:00:00,328.66842927191294,418.2073205155463
2025-07-30 12:05:00,378.947903652119,2025-07-30 10:05:00,326.3065501306539,415.2019964287892
2025-07-30 12:10:00,376.1841968591344,2025-07-30 10:10:00,323.92676224820303,412.17388473604194
2025-07-30 12:15:00,373.4418783574119,2025-07-30 10:15:00,321.5653915135123,409.16920756066946
2025-07-30 12:20:00,370.76970191202213,2025-07-30 10:20:00,319.26441908740276,406.24138295933756
2025-07-30 12:25:00,368.2214786772299,2025-07-30 10:25:00,317.070180975266,403.44937022029035
2025-07-30 12:30:00,365.8542590109303,2025-07-30 10:30:00,315.031802413814,400.8556777312685
2025-07-30 12:35:00,363.7262808498586,2025-07-30 10:35:00,313.199431246694,398.52411507498067
2025-07-30 12:40:00,361.89477020978245,2025-07-30 10:40:00,311.62234396706765,396.5173831022969
2025-07-30 12:45:00,360.41368668073255,2025-07-30 10:45:00,310.34700439621395,394.8946037381344
2025-07-30 12:50:00,359.331510282482,2025-07-30 10:50:00,309.41515797684406,393.70889510454276
2025-07-30 12:55:00,358.6891652147662,2025-07-30 10:55:00,308.86204394449356,393.0050966353035
2025-07-30 13:00:00,358.51817124149915,2025-07-30 11:00:00,308.71480351125155,392.8177436023575
2025-07-30 13:05:00,358.8391046905478,2025-07-30 11:05:00,308.99115465496106,393.16938087883153
2025-07-30 13:10:00,359.66043867629173,2025-07-30 11:10:00,309.698393451667,394.0692922052411
2025-07-30 13:15:00,360.977816823959,2025-07-30 11:15:00,310.8327686901627,395.51270443075174
2025-07-30 13:20:00,362.7737970228117,2025-07-30 11:20:00,312.3792612215704,397.4805067511329
2025-07-30 13:25:00,365.0180822898017,2025-07-30 11:25:00,314.31178275269053,399.93950365922876
2025-07-30 13:30:00,367.6682356449356,2025-07-30 11:30:00,316.59379141482253,402.84319821272646
2025-07-30 13:35:00,370.6708557212904,2025-07-30 11:35:00,319.1793040645187,406.13308011523776
2025-07-30 13:40:00,373.96317052251345,2025-07-30 11:40:00,322.0142686450786,409.74037194919595
2025-07-30 13:45:00,377.4749892219638,2025-07-30 11:45:00,325.03824485251516,413.58816770437795
2025-07-30 13:50:00,381.1309367923145,2025-07-30 11:50:00,328.1863283427324,417.5938811953862
2025-07-30 13:55:00,384.85288432529154,2025-07-30 11:55:00,331.3912434446456,421.6719088910188
2025-07-30 14:00:00,388.562479522152,2025-07-30 12:00:00,334.58552212887344,425.73640249775235
2025-07-30 14:05:00,392.1836775639241,2025-07-30 12:05:00,337.70368330343763,429.7040419593182
2025-07-30 14:10:00,395.64517233754395,2025-07-30 12:10:00,340.68432630736913,433.49669927918603
2025-07-30 14:15:00,398.88263210732464,2025-07-30 12:15:00,343.4720560150223,437.0438880795886
2025-07-30 14:20:00,401.8406516846234,2025-07-30 12:20:00,346.0191638210953,440.2849025360174
2025-07-30 14:25:00,404.474344998788,2025-07-30 12:25:00,348.2869989804003,443.17056231004835
2025-07-30 14:30:00,406.7505168161642,2025-07-30 12:30:00,350.2469775581271,445.66449636716123
2025-07-30 14:35:00,408.64836986617024,2025-07-30 12:35:00,351.88119132586166,447.7439177538391
2025-07-30 14:40:00,410.15972300529984,2025-07-30 12:40:00,353.18259561944825,449.39986263340654
2025-07-30 14:45:00,411.2887362627272,2025-07-30 12:45:00,354.1547725797438,450.63688902664063
2025-07-30 14:50:00,412.051159163757,2025-07-30 12:50:00,354.81128389482956,451.4722532220347
2025-07-30 14:55:00,412.47313839689247,2025-07-30 12:55:00,355.1746440993964,451.9346033719122
2025-07-30 15:00:00,412.5896391260856,2025-07-30 13:00:00,355.2749611895936,452.06224977100885
2025-07-30 15:05:00,412.4425500829527,2025-07-30 13:05:00,355.1483049453866,451.9010886621255
2025-07-30 15:10:00,412.0785554625469,2025-07-30 13:10:00,354.8348744508356,451.50227053534525
2025-07-30 15:15:00,411.5468659968151,2025-07-30 13:15:00,354.37704435431914,450.9197141324085
2025-07-30 15:20:00,410.89690701522846,2025-07-30 13:20:00,353.817374091035,450.2075733232082
2025-07-30 15:25:00,410.17606256469224,2025-07-30 13:25:00,353.1966653773348,449.41776540477724
2025-07-30 15:30:00,409.42757181777665,2025-07-30 13:30:00,352.5521508383259,448.59766625808
2025-07-30 15:35:00,408.68866692992833,2025-07-30 13:35:00,351.9158905436923,447.7880700533012
2025-07-30 15:40:00,407.98903091950973,2025-07-30 13:40:00,351.3134441105371,447.02149959467175
2025-07-30 15:45:00,407.34963997850605,2025-07-30 13:45:00,350.76287383390286,446.32093787459183
2025-07-30 15:50:00,406.7820379720948,2025-07-30 13:50:00,350.27411996886156,445.6990331642935
2025-07-30 15:55:00,406.28807211165406,2025-07-30 13:55:00,349.8487731223707,445.1578093985831
2025-07-30 16:00:00,405.86009887614284,2025-07-30 14:00:00,349.4802515691914,444.68889179779995
2025-07-30 16:05:00,405.4816489188628,2025-07-30 14:05:00,349.1543737934681,444.2742353864656
2025-07-30 16:10:00,405.1285199390081,2025-07-30 14:10:00,348.85029954458844,443.8873224202782
2025-07-30 16:15:00,404.7702479728177,2025-07-30 14:15:00,348.54179674467997,443.4947744362596
2025-07-30 16:20:00,404.37189122147055,2025-07-30 14:20:00,348.1987775169693,443.0583067401563
2025-07-30 16:25:00,403.89604691008395,2025-07-30 14:25:00,347.7890348738476,442.53693821911975
2025-07-30 16:30:00,403.30501147073574,2025-07-30 14:30:00,347.2801028191773,441.8893581902754
2025-07-30 16:35:00,402.5629878546479,2025-07-30 14:35:00,346.64115703283676,441.07634488731804
2025-07-30 16:40:00,401.6382414151195,2025-07-30 14:40:00,345.8448712702821,440.0631275976004
2025-07-30 16:45:00,400.50510749483453,2025-07-30 14:45:00,344.86914606689464,438.8215863160964
2025-07-30 16:50:00,399.1457597295775,2025-07-30 14:50:00,343.69863139869364,437.33218922341877
2025-07-30 16:55:00,397.5516576193379,2025-07-30 14:55:00,342.3259731648436,435.5855787466118
2025-07-30 17:00:00,395.7246051123443,2025-07-30 15:00:00,340.752724719031,433.58373141833005
2025-07-30 17:05:00,393.67736776620154,2025-07-30 15:05:00,338.9898782979785,431.34063408202076
2025-07-30 17:10:00,391.43381430078523,2025-07-30 15:10:00,337.0579869105921,428.88243898723874
2025-07-30 17:15:00,389.02856798554353,2025-07-30 15:15:00,334.98686415261665,426.24708182503593
2025-07-30 17:20:00,386.50617358546447,2025-07-30 15:20:00,332.8148668758768,423.483368975327
2025-07-30 17:25:00,383.9198057781018,2025-07-30 15:25:00,330.58778302488855,420.6495623576713
2025-07-30 17:30:00,381.32956405289605,2025-07-30 15:30:00,328.35736339936585,417.8115112029514
2025-07-30 17:35:00,378.80041660353436,2025-07-30 15:35:00,326.17955116971814,415.0403992371183
2025-07-30 17:40:00,376.39987049480703,2025-07-30 15:40:00,324.11247569148173,412.41019195200835
2025-07-30 17:45:00,374.19545738848836,2025-07-30 15:45:00,322.2142875002997,409.99488178964486
2025-07-30 17:50:00,372.2521323366057,2025-07-30 15:50:00,320.54091845048845,407.8656380770514
2025-07-30 17:55:00,370.62968763378046,2025-07-30 15:55:00,319.1438548207536,406.08797346084395
2025-07-30 18:00:00,369.3802840982685,2025-07-30 16:00:00,318.06801153605704,404.71903900497216
2025-07-30 18:05:00,368.5461985354413,2025-07-30 16:05:00,317.349792541053,403.80515615315886
2025-07-30 18:10:00,368.15787856125274,2025-07-30 16:10:00,317.01541583675373,403.37968545657395
2025-07-30 18:15:00,368.23238488544825,2025-07-30 16:15:00,317.0795721531678,403.4613198296749
2025-07-30 18:20:00,368.77228685736475,2025-07-30 16:20:00,317.54447391978783,404.05287443244515
2025-07-30 18:25:00,369.76506023101496,2025-07-30 16:25:00,318.39933668982906,405.14062681943113
2025-07-30 18:30:00,371.1830174484709,2025-07-30 16:30:00,319.62031910826107,406.6942405533094
2025-07-30 18:35:00,372.98378074946686,2025-07-30 16:35:00,321.1709302996329,408.6672835770692
2025-07-30 18:40:00,375.11128818547064,2025-07-30 16:40:00,323.0028961322161,410.9983304738395
2025-07-30 18:45:00,377.49730270110786,2025-07-30 16:45:00,325.0574586661574,413.6126159227177
2025-07-30 18:50:00,380.06337569138196,2025-07-30 16:50:00,327.26706694415566,416.42418611027017
2025-07-30 18:55:00,382.72319952028954,2025-07-30 16:55:00,329.557402711161,419.33847631551464
2025-07-30 19:00:00,385.38526917717934,2025-07-30 17:00:00,331.84967232810715,422.25522720797454
2025-07-30 19:05:00,387.95576168554487,2025-07-30 17:05:00,334.0630861891097,425.0716397306267
2025-07-30 19:10:00,390.341534036138,2025-07-30 17:10:00,336.1174401982397,427.68565984643726
2025-07-30 19:15:00,392.45313604113016,2025-07-30 17:15:00,337.93571009459595,429.999279633448
2025-07-30 19:20:00,394.207733971063,2025-07-30 17:20:00,339.4465689537292,431.921740627207
2025-07-30 19:25:00,395.53184411964685,2025-07-30 17:25:00,340.5867410206897,433.3725289067704
2025-07-30 19:30:00,396.3637823736897,2025-07-30 17:30:00,341.303110999207,434.28405901593595
2025-07-30 19:35:00,396.6557459461667,2025-07-30 17:35:00,341.55451660187856,434.60395485652157
2025-07-30 19:40:00,396.37545663089713,2025-07-30 17:40:00,341.3131635329668,434.296850153854
2025-07-30 19:45:00,395.50731031943434,2025-07-30 17:45:00,340.56561532074045,433.34564794838525
2025-07-30 19:50:00,394.0529948522059,2025-07-30 17:50:00,339.3133253401404,431.75219755689074
2025-07-30 19:55:00,392.0315565837534,2025-07-30 17:55:00,337.5726941311435,429.53736750603093
2025-07-30 20:00:00,389.47891494400534,2025-07-30 18:00:00,335.37465139450734,426.7405136515137
2025-07-30 20:05:00,386.44684285384,2025-07-30 18:05:00,332.76377804238143,423.4183620496186
2025-07-30 20:10:00,383.0014485708091,2025-07-30 18:10:00,329.79699893765314,419.64334556051296
2025-07-30 20:15:00,379.2212108336381,2025-07-30 18:15:00,326.5418909853411,415.50145101426494
2025-07-30 20:20:00,375.1946332537304,2025-07-30 18:20:00,323.07466336309966,411.08964919707404
2025-07-30 20:25:00,371.01759578736244,2025-07-30 18:25:00,319.4778769122944,406.5129929377853
2025-07-30 20:30:00,366.79048973908033,2025-07-30 18:30:00,315.8379771309313,401.88147801595017
2025-07-30 20:35:00,362.615228868624,2025-07-30 18:35:00,312.24272048112846,397.30676832019225
2025-07-30 20:40:00,358.59223139381476,2025-07-30 18:40:00,308.7785756355234,392.8988891181419
2025-07-30 20:45:00,354.81746735318865,2025-07-30 18:45:00,305.5281810040104,388.7629919391081
2025-07-30 20:50:00,351.3796619081985,2025-07-30 18:50:00,302.5679365377818,384.99629031511904
2025-07-30 20:55:00,348.35773859139977,2025-07-30 18:55:00,299.96580214737963,381.68525842367103
2025-07-30 21:00:00,345.8185773521988,2025-07-30 19:00:00,297.7793671883681,378.9031746448446
2025-07-30 21:05:00,343.8151507342504,2025-07-30 19:05:00,296.0542455506909,376.7080794260718
2025-07-30 21:10:00,342.3850885557936,2025-07-30 19:10:00,294.82283972570195,375.1412026448832
2025-07-30 21:15:00,341.5497068886056,2025-07-30 19:15:00,294.1035046740091,374.22589968990275
2025-07-30 21:20:00,341.31352216550687,2025-07-30 19:20:00,293.9001294304857,373.96711908282856
2025-07-30 21:25:00,341.6642557170588,2025-07-30 19:25:00,294.2021410107557,374.35140744915924
2025-07-30 21:30:00,342.5733191439443,2025-07-30 19:30:00,294.98492235831867,375.3474413263377
2025-07-30 21:35:00,343.99675651398445,2025-07-30 19:35:00,296.21062365675164,376.90705950112135
2025-07-30 21:40:00,345.8766063369977,2025-07-30 19:40:00,297.82933510653,378.9667552851042
2025-07-30 21:45:00,348.1426347219863,2025-07-30 19:45:00,299.7805793215727,381.44957548372264
2025-07-30 21:50:00,350.7143814753567,2025-07-30 19:50:00,301.995073194779,384.26736224548523
2025-07-30 21:55:00,353.5034533070835,2025-07-30 19:55:00,304.39670254463505,387.32326566005946
2025-07-30 22:00:00,356.41599310928575,2025-07-30 20:00:00,306.90464837522427,390.5144492736858
2025-07-30 22:05:00,359.35525111454956,2025-07-30 20:05:00,309.43560086341114,393.7349072312133
2025-07-30 22:10:00,362.22418328501305,2025-07-30 20:10:00,311.9059967940407,396.8783112540754
2025-07-30 22:15:00,364.928003633997,2025-07-30 20:15:00,314.23421732711944,399.8408071435196
2025-07-30 22:20:00,367.37662099166374,2025-07-30 20:20:00,316.34268626142386,402.5236846725816
2025-07-30 22:25:00,369.48689613723934,2025-07-30 20:25:00,318.1598136183583,404.8358506590213
2025-07-30 22:30:00,371.1846624353677,2025-07-30 20:30:00,319.6217355826475,406.69604291674005
2025-07-30 22:35:00,372.40646162590906,2025-07-30 20:35:00,320.6738091657856,408.0347321092617
2025-07-30 22:40:00,373.1009559212699,2025-07-30 20:40:00,321.27182814259106,408.7956689429615
2025-07-30 22:45:00,373.2299878557765,2025-07-30 20:45:00,321.38293567214794,408.9370454126396
2025-07-30 22:50:00,372.76926997960425,2025-07-30 20:50:00,320.98621818325717,408.43225047873545
2025-07-30 22:55:00,371.7086971972769,2025-07-30 20:55:00,320.07297432459364,407.2702122873734
2025-07-30 23:00:00,370.05228509166636,2025-07-30 21:00:00,318.6466618563959,405.4553305937946
2025-07-30 23:05:00,367.81774750603773,2025-07-30 21:05:00,316.7225339124843,403.007013931513
2025-07-30 23:10:00,365.0357359557497,2025-07-30 21:10:00,314.326984068695,399.95884625823845
2025-07-30 23:15:00,361.74877171658835,2025-07-30 21:15:00,311.4966267796144,396.3574168766876
2025-07-30 23:20:00,358.0099085110372,2025-07-30 21:20:00,308.2771458370999,392.26085517953123
2025-07-30 23:25:00,353.8811697141788,2025-07-30 21:25:00,304.721948670921,387.7371183421787
2025-07-30 23:30:00,349.4318082976472,2025-07-30 21:30:00,300.89066801170486,382.8620847948944
2025-07-30 23:35:00,344.7364410552814,2025-07-30 21:35:00,296.8475552996752,377.7175099490962
2025-07-30 23:40:00,339.8731099221715,2025-07-30 21:40:00,292.6598113145682,372.38890204204415
2025-07-30 23:45:00,334.92132376276146,2025-07-30 21:45:00,288.39589998773533,366.96337658205124
2025-07-30 23:50:00,329.96013241469393,2025-07-30 21:50:00,284.1238899891997,361.52754613535774
2025-07-30 23:55:00,325.06628257795086,2025-07-30 21:55:00,279.9098667905094,356.16549978847047
2025-07-31 00:00:00,320.3125011711594,2025-07-30 22:00:00,275.8164544877212,350.95692227250186
2025-07-31 00:05:00,315.76594709403184,2025-07-30 22:05:00,271.9014826364667,345.9753976051223
2025-07-31 00:10:00,311.48686657108647,2025-07-30 22:10:00,268.21682838790963,341.28693579049377
2025-07-31 00:15:00,307.52748071775045,2025-07-30 22:15:00,264.8074585880328,336.94875395839114
2025-07-31 00:20:00,303.9311269775466,2025-07-30 22:20:00,261.7106904816371,333.0083356623512
2025-07-31 00:25:00,300.7316684009211,2025-07-30 22:25:00,258.95568305089796,329.50278364397764
2025-07-31 00:30:00,297.9531772343612,2025-07-30 22:30:00,256.5631645585382,326.45847315090657
2025-07-31 00:35:00,295.60989144734117,2025-07-30 22:35:00,254.5453951138109,323.8910043046688
2025-07-31 00:40:00,293.7064353386916,2025-07-30 22:40:00,252.90635663344835,321.8054438125559
2025-07-31 00:45:00,292.2382882186845,2025-07-30 22:45:00,251.64215641701549,320.1968384887018
2025-07-31 00:50:00,291.1924785442423,2025-07-30 22:50:00,250.74162485668322,319.0509757974767
2025-07-31 00:55:00,290.5484751113029,2025-07-30 22:55:00,250.1870828300629,318.3453603065703
2025-07-31 01:00:00,290.2792418341824,2025-07-30 23:00:00,249.9552499554359,318.05036937750555
2025-07-31 01:05:00,290.352418829916,2025-07-30 23:05:00,250.018261606369,318.1305472447755
2025-07-31 01:10:00,290.7315896353945,2025-07-30 23:10:00,250.34476009403326,318.5459934681348
2025-07-31 01:15:00,291.37759287512097,2025-07-30 23:15:00,250.90102412530726,319.2538000881184
2025-07-31 01:20:00,292.2498363556645,2025-07-30 23:20:00,251.65210035047463,320.2094914404214
2025-07-31 01:25:00,293.30757256478967,2025-07-30 23:25:00,252.56290167704628,321.3684216825239
2025-07-31 01:30:00,294.5110967858287,2025-07-30 23:30:00,253.59923894869,322.68708753212985
2025-07-31 01:35:00,295.82283244780507,2025-07-30 23:35:00,254.7287555244982,324.12431745315723
2025-07-31 01:40:00,297.2082729722188,2025-07-30 23:40:00,255.92173828961117,325.64230360937046
2025-07-31 01:45:00,298.6367547406843,2025-07-30 23:45:00,257.1517832464515,327.2074487821314
2025-07-31 01:50:00,300.0820422326683,2025-07-30 23:50:00,258.39629936835416,328.79100748849174
2025-07-31 01:55:00,301.52271317972145,2025-07-30 23:55:00,259.6368402502954,330.3695079832789
2025-07-31 02:00:00,302.94233893376804,2025-07-31 00:00:00,260.85925942141404,331.92494988328997
2025-07-31 02:05:00,304.3294624540449,2025-07-31 00:05:00,262.0536913898836,333.44478004823264
2025-07-31 02:10:00,305.6773837475629,2025-07-31 00:10:00,263.21436688880203,334.9216574941924
2025-07-31 02:15:00,306.9837692490921,2025-07-31 00:15:00,264.33927651895544,336.3530254028496
2025-07-31 02:20:00,308.2501079276874,2025-07-31 00:20:00,265.42970241002666,337.7405151935054
2025-07-31 02:25:00,309.48104216865244,2025-07-31 00:25:00,266.4896420527479,339.0892133902645
2025-07-31 02:30:00,310.6836056990904,2025-07-31 00:30:00,267.52515208763225,340.4068266396273
2025-07-31 02:35:00,311.86640382579066,2025-07-31 00:35:00,268.54364241969347,341.70278352141816
2025-07-31 02:40:00,313.03877281315374,2025-07-31 00:40:00,269.55315237095533,342.9873135040704
2025-07-31 02:45:00,314.2099553830959,2025-07-31 00:45:00,270.56164071536324,344.2705435642873
2025-07-31 02:50:00,315.3883279856349,2025-07-31 00:50:00,271.5763202926804,345.56165153030554
2025-07-31 02:55:00,316.58071269510623,2025-07-31 00:55:00,272.60306549228795,346.8681121469558
2025-07-31 03:00:00,317.79180249365044,2025-07-31 01:00:00,273.6459173731211,348.1950673757984
2025-07-31 03:05:00,319.0237233861593,2025-07-31 01:05:00,274.7067066071934,349.54484661743675
2025-07-31 03:10:00,320.27575051076604,2025-07-31 01:10:00,275.78480902645225,350.9166556621886
2025-07-31 03:15:00,321.5441883927228,2025-07-31 01:15:00,276.8770425111275,352.30644548780487
2025-07-31 03:20:00,322.82241799855615,2025-07-31 01:20:00,277.9777075073832,353.70696381531513
2025-07-31 03:25:00,324.10110566720596,2025-07-31 01:25:00,279.0787669348943,355.10798402868903
2025-07-31 03:30:00,325.3685615827675,2025-07-31 01:30:00,280.17015486253206,356.4966979428046
2025-07-31 03:35:00,326.61122847278733,2025-07-31 01:35:00,281.24019731938705,357.8582512556997
2025-07-31 03:40:00,327.81427524267417,2025-07-31 01:40:00,282.2761234647603,359.17639397621673
2025-07-31 03:45:00,328.96226516361594,2025-07-31 01:45:00,283.2646409550989,360.4342125377167
2025-07-31 03:50:00,330.03986459585514,2025-07-31 01:50:00,284.19254621534157,361.61490632518513
2025-07-31 03:55:00,331.0325561411505,2025-07-31 01:55:00,285.04733852417183,362.7025690552658
2025-07-31 04:00:00,331.92731959945365,2025-07-31 02:00:00,285.8178063759479,363.6829348803267
2025-07-31 04:05:00,332.713245294276,2025-07-31 02:05:00,286.4945556062905,364.54405039090227
2025-07-31 04:10:00,333.38204728610566,2025-07-31 02:10:00,287.0704513127219,365.2768369284368
2025-07-31 04:15:00,333.9284484219297,2025-07-31 02:15:00,287.54094941523124,365.875512472644
2025-07-31 04:20:00,334.3504150604709,2025-07-31 02:20:00,287.9042987747754,366.3378488229975
2025-07-31 04:25:00,334.6492264222772,2025-07-31 02:25:00,288.1616009096366,366.66524758357093
2025-07-31 04:30:00,334.8293713789197,2025-07-31 02:30:00,288.3167211220957,366.86262707801774
2025-07-31 04:35:00,334.89827406202716,2025-07-31 02:35:00,288.3760522243471,366.9381217075164
2025-07-31 04:40:00,334.8658582244022,2025-07-31 02:40:00,288.34813941616676,366.9026046341454
2025-07-31 04:45:00,334.74396873585727,2025-07-31 02:45:00,288.24318214335705,366.76905393100185
2025-07-31 04:50:00,334.5456762989075,2025-07-31 02:50:00,288.0724353985024,366.55179077977493
2025-07-31 04:55:00,334.2844982624351,2025-07-31 02:55:00,287.84753877490357,366.2656257393523
2025-07-31 05:00:00,333.9735737344302,2025-07-31 03:00:00,287.57980616810863,365.9249549412765
2025-07-31 05:05:00,333.6248349657222,2025-07-31 03:05:00,287.2795122664477,365.54285219943733
2025-07-31 05:10:00,333.2482188073849,2025-07-31 03:10:00,286.95521354842833,365.13020502730114
2025-07-31 05:15:00,332.85096187214305,2025-07-31 03:15:00,286.6131413564332,364.6949423671361
2025-07-31 05:20:00,332.43702079121624,2025-07-31 03:20:00,286.2567026882869,364.2413993826036
2025-07-31 05:25:00,332.006654635712,2025-07-31 03:25:00,285.88612062636713,363.76985993024454
2025-07-31 05:30:00,331.5562003729669,2025-07-31 03:30:00,285.4982409863126,363.2763105336411
2025-07-31 05:35:00,331.0780642896558,2025-07-31 03:35:00,285.0865249315869,362.75243098597207
2025-07-31 05:40:00,330.56094297340803,2025-07-31 03:40:00,284.6412392575468,362.18583647302535
2025-07-31 05:45:00,329.99027717740125,2025-07-31 03:45:00,284.1498472076689,361.5605748591937
2025-07-31 05:50:00,329.34893081992425,2025-07-31 03:50:00,283.59759315023706,360.8578706471888
2025-07-31 05:55:00,328.6180765230673,2025-07-31 03:55:00,282.9682651028797,360.057095236561
2025-07-31 06:00:00,327.7782581919672,2025-07-31 04:00:00,282.2451097041647,359.13693116031277
2025-07-31 06:05:00,326.81059161726756,2025-07-31 04:05:00,281.41186603498517,358.0766875494613
2025-07-31 06:10:00,325.69805540801644,2025-07-31 04:10:00,280.4538772221761,356.857714569987
2025-07-31 06:15:00,324.426818051867,2025-07-31 04:15:00,279.35923315082863,355.4648574433972
2025-07-31 06:20:00,322.9875423407208,2025-07-31 04:20:00,278.1198936863145,353.88788566727686
2025-07-31 06:25:00,321.37660624469964,2025-07-31 04:25:00,276.73273995117694,352.12283069074584
2025-07-31 06:30:00,319.5971798501768,2025-07-31 04:30:00,275.20050166086776,350.173165883569
2025-07-31 06:35:00,317.66010112667215,2025-07-31 04:35:00,273.53251123393414,348.05076608800977
2025-07-31 06:40:00,315.5844990400618,2025-07-31 04:40:00,271.7452403457765,345.77659034552164
2025-07-31 06:45:00,313.3981207740828,2025-07-31 04:45:00,269.86258169434564,343.38104042366126
2025-07-31 06:50:00,311.13733029003566,2025-07-31 04:50:00,267.9158477599237,340.90395923799696
2025-07-31 06:55:00,308.8467576616696,2025-07-31 04:55:00,265.94346885247364,338.3942466387268
2025-07-31 07:00:00,306.57859227080866,2025-07-31 05:00:00,263.9903844926324,335.90908498605626
2025-07-31 07:05:00,304.39152734677435,2025-07-31 05:05:00,262.10713456989754,333.51278271329835
2025-07-31 07:10:00,302.34937802033977,2025-07-31 05:10:00,260.34866936890717,331.27526016951424
2025-07-31 07:15:00,300.51940925611905,2025-07-31 05:15:00,258.77290977624324,329.27021758454646
2025-07-31 07:20:00,298.97042342951306,2025-07-31 05:20:00,257.4391005206441,327.5730396837099
2025-07-31 07:25:00,297.77066883428347,2025-07-31 05:25:00,256.40600921917553,326.2585041014753
2025-07-31 07:30:00,296.98564009957767,2025-07-31 05:30:00,255.73003234819527,325.39837136353816
2025-07-31 07:35:00,296.6758483752794,2025-07-31 05:35:00,255.46327518226144,325.0589417449386
2025-07-31 07:40:00,296.8946432158066,2025-07-31 05:40:00,255.65167624982445,325.29866877263737
2025-07-31 07:45:00,297.68616887848776,2025-07-31 05:45:00,256.33324753136526,326.1659200021667
2025-07-31 07:50:00,299.08353532580713,2025-07-31 05:50:00,257.536499535925,327.6969730389509
2025-07-31 07:55:00,301.10727837425577,2025-07-31 05:55:00,259.27911535758784,329.91432836900213
2025-07-31 08:00:00,303.7641745834613,2025-07-31 06:00:00,261.56693019367924,332.82541086803326
2025-07-31 08:05:00,307.04646470227624,2025-07-31 06:05:00,264.39326266544214,336.421718954333
2025-07-31 08:10:00,310.931525304306,2025-07-31 06:10:00,267.7386320681467,340.67846480953745
2025-07-31 08:15:00,315.38201219221537,2025-07-31 06:15:00,271.5708818544619,345.55473150248235
2025-07-31 08:20:00,320.34648183174414,2025-07-31 06:20:00,275.8457147422832,350.99415387605154
2025-07-31 08:25:00,325.7604790496437,2025-07-31 06:25:00,280.50762931566885,356.9261103055966
2025-07-31 08:30:00,331.54806158781,2025-07-31 06:30:00,285.4912327963182,363.2673931077547
2025-07-31 08:35:00,337.62371483371436,2025-07-31 06:35:00,290.7228897902071,369.9243064538814
2025-07-31 08:40:00,343.894595108499,2025-07-31 06:40:00,296.12265395046967,376.7951242743878
2025-07-31 08:45:00,350.26302616391,2025-07-31 06:45:00,301.6064176747408,383.77282559650183
2025-07-31 08:50:00,356.6291635654788,2025-07-31 06:50:00,307.08820636691587,390.7480138300219
2025-07-31 08:55:00,362.89373415658343,2025-07-31 06:55:00,312.4825373499681,397.61191831696567
2025-07-31 09:00:00,368.9607543370762,2025-07-31 07:00:00,317.7067605362957,404.2593726689678
2025-07-31 09:05:00,374.7401309204497,2025-07-31 07:05:00,322.6832979881501,410.5916644494584
2025-07-31 09:10:00,380.15005235969016,2025-07-31 07:10:00,327.341702967577,416.5191551690208
2025-07-31 09:15:00,385.11908574499205,2025-07-31 07:15:00,331.6204656307699,421.9635779036895
2025-07-31 09:20:00,389.58790579948686,2025-07-31 07:20:00,335.46850184124474,426.85993170437075
2025-07-31 09:25:00,393.51059642684936,2025-07-31 07:25:00,338.8462739136285,431.15790766401244
2025-07-31 09:30:00,396.85548143777106,2025-07-31 07:30:00,341.72650594019115,434.822799120001
2025-07-31 09:35:00,399.60545955184574,2025-07-31 07:35:00,344.09447225611586,437.83586870580734
2025-07-31 09:40:00,401.75783783611365,2025-07-31 07:40:00,345.94785401584284,440.19416585453206
2025-07-31 09:45:00,403.32367742375146,2025-07-31 07:45:00,347.2961758009111,441.9098099222488
2025-07-31 09:50:00,404.3266842055786,2025-07-31 07:50:00,348.15985041048515,443.0087747515372
2025-07-31 09:55:00,404.8016949248109,2025-07-31 07:55:00,348.56887525947883,443.529229930335
2025-07-31 10:00:00,404.7928247351156,2025-07-31 08:00:00,348.56123726763195,443.51951112615455
2025-07-31 10:05:00,404.35135511641516,2025-07-31 08:05:00,348.1810941744065,443.03580593797295
2025-07-31 10:10:00,403.5334508280667,2025-07-31 08:10:00,347.47680864044275,442.1396524294376
2025-07-31 10:15:00,402.39780050218974,2025-07-31 08:15:00,346.49891659665445,440.8953539968436
2025-07-31 10:20:00,401.00327760226594,2025-07-31 08:20:00,345.2981131295635,439.3674165507361
2025-07-31 10:25:00,399.40671665229036,2025-07-31 08:25:00,343.9233376244373,437.61811199604284
2025-07-31 10:30:00,397.66089364642795,2025-07-31 08:30:00,342.42003472530143,435.7052654267402
2025-07-31 10:35:00,395.81279022021994,2025-07-31 08:35:00,340.8286596379116,433.680353229646
2025-07-31 10:40:00,393.90220815898806,2025-07-31 08:40:00,339.1834851030119,431.5869850423061
2025-07-31 10:45:00,391.9607853540612,2025-07-31 08:45:00,337.5117540504971,429.4598255653717
2025-07-31 10:50:00,390.011446610125,2025-07-31 08:50:00,335.83320669757705,427.32399282847575
2025-07-31 10:55:00,388.0683036339742,2025-07-31 08:55:00,334.15999443054085,425.1949486108699
2025-07-31 11:00:00,386.13699896661836,2025-07-31 09:00:00,332.49697595970997,423.0788752776486
2025-07-31 11:05:00,384.2154693590489,2025-07-31 09:05:00,330.8423746512528,420.973512187971
2025-07-31 11:10:00,382.2950858323817,2025-07-31 09:10:00,329.18876021645764,418.86940482519964
2025-07-31 11:15:00,380.36211138975693,2025-07-31 09:15:00,327.5243039263322,416.7515019686624
2025-07-31 11:20:00,378.39940362609684,2025-07-31 09:20:00,325.83424470420096,414.60102119274535
2025-07-31 11:25:00,376.3882789129633,2025-07-31 09:25:00,324.10249434827983,412.39749139903813
2025-07-31 11:30:00,374.31044791783705,2025-07-31 09:30:00,322.31330417928865,410.1208735074928
2025-07-31 11:35:00,372.1499292518384,2025-07-31 09:35:00,320.45291285478066,407.75365718356284
2025-07-31 11:40:00,369.8948490509351,2025-07-31 09:40:00,318.5110959624507,405.2828325860434
2025-07-31 11:45:00,367.53903947164895,2025-07-31 09:45:00,316.4825424616315,402.70164179148077
2025-07-31 11:50:00,365.08335793053817,2025-07-31 09:50:00,314.36799066130015,400.0110242458074
2025-07-31 11:55:00,362.536661277262,2025-07-31 09:55:00,312.17506706639165,397.22068413692136
2025-07-31 12:00:00,359.916384343045,2025-07-31 10:00:00,309.9187845575005,394.34972429310614
2025-07-31 12:05:00,357.2486897853403,2025-07-31 10:05:00,307.62167141994877,391.42681036339076
2025-07-31 12:10:00,354.5681751895993,2025-07-31 10:10:00,305.3135191333641,388.4898498976327
2025-07-31 12:15:00,351.9171429984763,2025-07-31 10:15:00,303.0307537182933,385.5851924295663
2025-07-31 12:20:00,349.3444585003798,2025-07-31 10:20:00,300.8154523666881,382.7663782086762
2025-07-31 12:25:00,346.90403943527804,2025-07-31 10:25:00,298.7140428633452,380.09248330600553
2025-07-31 12:30:00,344.65303766925706,2025-07-31 10:30:00,296.7757378522094,377.62612732881394
2025-07-31 12:35:00,342.6497874151405,2025-07-31 10:35:00,295.0507680788729,375.43122534666907
2025-07-31 12:40:00,340.95160558702815,2025-07-31 10:40:00,293.5884883077342,373.5705778050518
2025-07-31 12:45:00,339.61253716186616,2025-07-31 10:45:00,292.43543588550835,372.10340018479394
2025-07-31 12:50:00,338.68114189120587,2025-07-31 10:50:00,291.6334249107856,371.08289796769367
2025-07-31 12:55:00,338.1984179127646,2025-07-31 10:55:00,291.2177582860268,370.55399159918966
2025-07-31 13:00:00,338.1959530244825,2025-07-31 11:00:00,291.21563580643516,370.55129089409047
2025-07-31 13:05:00,338.6943855426856,2025-07-31 11:05:00,291.644828827218,371.0974086444421
2025-07-31 13:10:00,339.70224441733666,2025-07-31 11:10:00,292.512681503632,372.20168976815495
2025-07-31 13:15:00,341.21522283861873,2025-07-31 11:15:00,293.8154853041351,373.8594154212481
2025-07-31 13:20:00,343.21592187940735,2025-07-31 11:20:00,295.53825826463355,376.0515221144974
2025-07-31 13:25:00,345.6740812532508,2025-07-31 11:25:00,297.6549436908354,378.74485454812105
2025-07-31 13:30:00,348.5472940993592,2025-07-31 11:30:00,300.1290256492499,381.89294878052567
2025-07-31 13:35:00,351.7821824949576,2025-07-31 11:35:00,302.91454118384553,385.4373202023816
2025-07-31 13:40:00,355.31599111232754,2025-07-31 11:40:00,305.95745259104126,389.3092096594512
2025-07-31 13:45:00,359.0785389588433,2025-07-31 11:45:00,309.1973280347782,393.43172191635057
2025-07-31 13:50:00,362.9944539152314,2025-07-31 11:50:00,312.569265675043,397.7222739739503
2025-07-31 13:55:00,366.9856029761755,2025-07-31 11:55:00,316.0059863128472,402.0952578120405
2025-07-31 14:00:00,370.97362269063467,2025-07-31 12:00:00,319.4400123157271,406.46481291785494
2025-07-31 14:05:00,374.8824499686482,2025-07-31 12:05:00,322.80584685882064,410.74759921614367
2025-07-31 14:10:00,378.6407532534621,2025-07-31 12:10:00,326.04206737196574,414.8654608324785
2025-07-31 14:15:00,382.18416813425017,2025-07-31 12:15:00,329.09325059342785,418.7478755879096
2025-07-31 14:20:00,385.4572494878969,2025-07-31 12:20:00,331.91165353090895,422.33409390290933
2025-07-31 14:25:00,388.41506400530307,2025-07-31 12:25:00,334.458584762879,425.5748836812861
2025-07-31 14:30:00,391.0243618869324,2025-07-31 12:30:00,336.70541336863727,428.43381410229847
2025-07-31 14:35:00,393.26428394182165,2025-07-31 12:35:00,338.634177801026,430.8880303681012
2025-07-31 14:40:00,395.12657973669525,2025-07-31 12:40:00,340.23777373147317,432.9284927232705
2025-07-31 14:45:00,396.61533262535363,2025-07-31 12:45:00,341.51971727678205,434.55967517764697
2025-07-31 14:50:00,397.7462080715109,2025-07-31 12:50:00,342.493497740816,435.7987419159284
2025-07-31 14:55:00,398.54526132172725,2025-07-31 12:55:00,343.1815509189334,436.6742409002091
2025-07-31 15:00:00,399.04735871266496,2025-07-31 13:00:00,343.6138997085361,437.2243741430899
2025-07-31 15:05:00,399.29428279371973,2025-07-31 13:05:00,343.82652245761756,437.494921546657
2025-07-31 15:10:00,399.33260422675676,2025-07-31 13:10:00,343.8595204884547,437.53690920604146
2025-07-31 15:15:00,399.2114129047904,2025-07-31 13:15:00,343.75516439677165,437.40412346334347
2025-07-31 15:20:00,398.9800060280554,2025-07-31 13:20:00,343.5559032875369,437.15057780104604
2025-07-31 15:25:00,398.6856322811466,2025-07-31 13:25:00,343.30242231857756,436.82804120370685
2025-07-31 15:30:00,398.37138826150294,2025-07-31 13:30:00,343.0318313456209,436.483733336941
2025-07-31 15:35:00,398.07435642494005,2025-07-31 13:35:00,342.7760615341674,436.1582843494806
2025-07-31 15:40:00,397.82406298763505,2025-07-31 13:40:00,342.56053748122974,435.88404524204526
2025-07-31 15:45:00,397.64132032874795,2025-07-31 13:45:00,342.40318042499996,435.6838195221735
2025-07-31 15:50:00,397.5375015480833,2025-07-31 13:50:00,342.31378357696104,435.5700683585351
2025-07-31 15:55:00,397.5142762144593,2025-07-31 13:55:00,342.2937845786358,435.544621048244
2025-07-31 16:00:00,397.5638163759479,2025-07-31 14:00:00,342.33644289402025,435.59890073617794
2025-07-31 16:05:00,397.66946155720035,2025-07-31 14:05:00,342.4274124291468,435.71465303285606
2025-07-31 16:10:00,397.8068117177962,2025-07-31 14:10:00,342.54568266268546,435.86514353653644
2025-07-31 16:15:00,397.9451986542758,2025-07-31 14:15:00,342.6648456489182,436.016770004851
2025-07-31 16:20:00,398.0494699271675,2025-07-31 14:20:00,342.75463213145866,436.13101695082315
2025-07-31 16:25:00,398.082005836664,2025-07-31 14:25:00,342.78264833178815,436.1666655833882
2025-07-31 16:30:00,398.0048797212084,2025-07-31 14:30:00,342.71623615107217,436.0821607825822
2025-07-31 16:35:00,397.7820653967429,2025-07-31 14:35:00,342.524373964119,435.83802972535926
2025-07-31 16:40:00,397.38159316571284,2025-07-31 14:40:00,342.1795331274996,435.3992441608121
2025-07-31 16:45:00,396.7775575428052,2025-07-31 14:45:00,341.65940680309603,434.7374202158099
2025-07-31 16:50:00,395.95188569300313,2025-07-31 14:50:00,340.948432734491,433.83275602020694
2025-07-31 16:55:00,394.8957851558288,2025-07-31 14:55:00,340.03903986134065,432.67561793542455
2025-07-31 17:00:00,393.6108025722629,2025-07-31 15:00:00,338.9325599737879,431.26770057018547
2025-07-31 17:05:00,392.1094410026362,2025-07-31 15:05:00,337.6397592759553,429.6227031574468
2025-07-31 17:10:00,390.41530164193745,2025-07-31 15:10:00,336.1809604149445,427.76648482766694
2025-07-31 17:15:00,388.56273537307936,2025-07-31 15:15:00,334.5857424384006,425.73668282603705
2025-07-31 17:20:00,386.5960098766334,2025-07-31 15:20:00,332.89222360477106,423.5817999392817
2025-07-31 17:25:00,384.5680182236833,2025-07-31 15:25:00,331.1459493713202,421.3597895390901
2025-07-31 17:30:00,382.5385739605669,2025-07-31 15:30:00,329.3984243162987,419.13618755695484
2025-07-31 17:35:00,380.5723551679831,2025-07-31 15:35:00,327.70534179802445,416.9818598506165
2025-07-31 17:40:00,378.7365748297703,2025-07-31 15:40:00,326.1245779431864,414.9704496961209
2025-07-31 17:45:00,377.0984667349116,2025-07-31 15:45:00,324.7140267934824,413.175623165095
2025-07-31 17:50:00,375.72268447815327,2025-07-31 15:50:00,323.52936062273113,411.66821928674614
2025-07-31 17:55:00,374.66871550198,2025-07-31 15:55:00,322.62180320587953,410.51341669023174
2025-07-31 18:00:00,373.9884125780983,2025-07-31 16:00:00,322.03600421346863,409.7680289220193
2025-07-31 18:05:00,373.72374147128386,2025-07-31 16:05:00,321.8080997576014,409.4780366278615
2025-07-31 18:10:00,373.90483598166304,2025-07-31 16:10:00,321.9640376170272,409.67645652021895
2025-07-31 18:15:00,374.5484404269225,2025-07-31 16:15:00,322.51823608113637,410.3816348521395
2025-07-31 18:20:00,375.6568054061597,2025-07-31 16:20:00,323.47263310820773,411.5960375384082
2025-07-31 18:25:00,377.2170857758181,2025-07-31 16:25:00,324.8161679312086,413.30559053560734
2025-07-31 18:30:00,379.20127115649547,2025-07-31 16:30:00,326.5247212182137,415.47960370048384
2025-07-31 18:35:00,381.5666592512436,2025-07-31 16:35:00,328.5615226399362,418.0712893907942
2025-07-31 18:40:00,384.25686209990863,2025-07-31 16:40:00,330.87801734076294,421.0188649883876
2025-07-31 18:45:00,387.20331536705635,2025-07-31 16:45:00,333.4151655647225,424.24720658129144
2025-07-31 18:50:00,390.327242125236,2025-07-31 16:50:00,336.1051336408046,427.6700006228815
2025-07-31 18:55:00,393.5420056132127,2025-07-31 16:55:00,338.8733199089906,431.1923217794056
2025-07-31 19:00:00,396.7557711146678,2025-07-31 17:00:00,341.6406468254404,434.7135494716508
2025-07-31 19:05:00,399.874385581807,2025-07-31 17:05:00,344.3260405646651,438.1305229932581
2025-07-31 19:10:00,402.80437581984415,2025-07-31 17:10:00,346.8490127127525,441.34082653267734
2025-07-31 19:15:00,405.4559615675175,2025-07-31 17:15:00,349.1322547873496,444.2460905162638
2025-07-31 19:20:00,407.7459793420336,2025-07-31 17:20:00,351.1041559181874,446.7551951786011
2025-07-31 19:25:00,409.6006162746139,2025-07-31 17:25:00,352.7011569132655,448.7872659451539
2025-07-31 19:30:00,410.9578598770058,2025-07-31 17:30:00,353.8698597173057,450.2743575688897
2025-07-31 19:35:00,411.76958002678947,2025-07-31 17:35:00,354.568820179139,451.1637352999275
2025-07-31 19:40:00,412.003172445323,2025-07-31 17:40:00,354.7699632267552,451.41967559565427
2025-07-31 19:45:00,411.64270845079625,2025-07-31 17:45:00,354.4595729030016,451.024725871099
2025-07-31 19:50:00,410.68955303256183,2025-07-31 17:50:00,353.6388245804355,449.9803817046746
2025-07-31 19:55:00,409.1624316532375,2025-07-31 17:55:00,352.3238424836469,448.30716003126315
2025-07-31 20:00:00,407.09694503659864,2025-07-31 18:00:00,350.54528188014194,446.0440675096782
2025-07-31 20:05:00,404.5445498086228,2025-07-31 18:05:00,348.3474513251131,443.2474836412429
2025-07-31 20:10:00,401.5710405678596,2025-07-31 18:10:00,345.78700559422504,439.98949761924416
2025-07-31 20:15:00,398.25458526134196,2025-07-31 18:15:00,342.9312539742722,436.35575574849594
2025-07-31 20:20:00,394.6833797968693,2025-07-31 18:20:00,339.8561406837931,432.44289167347085
2025-07-31 20:25:00,390.95299972967246,2025-07-31 18:25:00,336.6439644488228,428.35562469980215
2025-07-31 20:30:00,387.1635354960374,2025-07-31 18:30:00,333.3809116940671,424.20362095459825
2025-07-31 20:35:00,383.4166037316174,2025-07-31 18:35:00,330.1544830323973,420.0982187764196
2025-07-31 20:40:00,379.812329479552,2025-07-31 18:40:00,327.05089468797973,416.1491222100793
2025-07-31 20:45:00,376.4463937747496,2025-07-31 18:45:00,324.15253621387154,412.4611661321698
2025-07-31 20:50:00,373.4072371589707,2025-07-31 18:50:00,321.53556247937115,409.13125222535064
2025-07-31 20:55:00,370.7735031362272,2025-07-31 18:55:00,319.26769226649856,406.24554784813523
2025-07-31 21:00:00,368.6117963991986,2025-07-31 19:00:00,317.4062779112379,403.87702978995964
2025-07-31 21:05:00,366.9748192343669,2025-07-31 19:05:00,315.99670058899665,402.0834423854746
2025-07-31 21:10:00,365.89993637570944,2025-07-31 19:10:00,315.071134530911,400.90572506723504
2025-07-31 21:15:00,365.4082042004322,2025-07-31 19:15:00,314.64771107835577,400.36694868421324
2025-07-31 21:20:00,365.503885000175,2025-07-31 19:20:00,314.73010042891536,400.4717833031417
2025-07-31 21:25:00,366.17445172022343,2025-07-31 19:25:00,315.3075157172509,401.2065034011275
2025-07-31 21:30:00,367.391073506108,2025-07-31 19:30:00,316.3551311122426,402.5395198646828
2025-07-31 21:35:00,369.10955807867646,2025-07-31 19:35:00,317.83489328251267,404.4224125221852
2025-07-31 21:40:00,371.2717138796349,2025-07-31 19:40:00,319.6966943202179,406.79142260641083
2025-07-31 21:45:00,373.80708340415316,2025-07-31 19:45:00,321.87986428864565,409.56935191574166
2025-07-31 21:50:00,376.6349894461312,2025-07-31 19:50:00,324.31493321436955,412.66780482450935
2025-07-31 21:55:00,379.6668284819275,2025-07-31 19:55:00,326.9256058867544,415.98970107563355
2025-07-31 22:00:00,382.80854009506777,2025-07-31 20:00:00,329.6308882437993,419.4319814561495
2025-07-31 22:05:00,385.9631782777116,2025-07-31 20:05:00,332.34730148258035,422.8884250960823
2025-07-31 22:10:00,389.0335099680643,2025-07-31 20:10:00,334.9911196221723,426.2524966089394
2025-07-31 22:15:00,391.92456752101543,2025-07-31 20:15:00,337.4805673991382,429.4201427582048
2025-07-31 22:20:00,394.5460855895241,2025-07-31 20:20:00,339.73791863078804,432.29246247611036
2025-07-31 22:25:00,396.8147583872735,2025-07-31 20:25:00,341.6914399113503,434.778180079483
2025-07-31 22:30:00,398.656260466404,2025-07-31 20:30:00,343.27713067440334,436.79585937606686
2025-07-31 22:35:00,400.0069825987856,2025-07-31 20:35:00,344.44021793509233,438.2758056182296
2025-07-31 22:40:00,400.8154440034188,2025-07-31 20:40:00,345.136372338685,439.1616128387057
2025-07-31 22:45:00,401.04335229055005,2025-07-31 20:45:00,345.332620863095,439.41132519997643
2025-07-31 22:50:00,400.66629325778024,2025-07-31 20:50:00,345.0079407923176,438.99819278343915
2025-07-31 22:55:00,399.6740433235787,2025-07-31 20:55:00,344.15352874840266,437.91101391355676
2025-07-31 23:00:00,398.0705079418844,2025-07-31 21:00:00,342.77274766116,436.1540676805598
2025-07-31 23:05:00,395.87329925244046,2025-07-31 21:05:00,340.8807630889806,433.74665118442505
2025-07-31 23:10:00,393.1129755933498,2025-07-31 21:10:00,338.5038883741154,430.7222462913023
2025-07-31 23:15:00,389.83197362136895,2025-07-31 21:15:00,335.67866510693034,427.1273495893434
2025-07-31 23:20:00,386.08327110145933,2025-07-31 21:20:00,332.45071167336096,423.02000724681136
2025-07-31 23:25:00,381.92882414072454,2025-07-31 21:25:00,328.8733775796945,418.46810273558305
2025-07-31 23:30:00,377.4378272011255,2025-07-31 21:30:00,325.0062451747263,413.5474503786065
2025-07-31 23:35:00,372.68484734616123,2025-07-31 21:35:00,320.91352307660463,408.339751099239
2025-07-31 23:40:00,367.74788563201656,2025-07-31 21:40:00,316.6623768648326,402.9304683449342
2025-07-31 23:45:00,362.7064188909461,2025-07-31 21:45:00,312.3212428883076,397.40668252728415
2025-07-31 23:50:00,357.6394738198455,2025-07-31 21:50:00,307.95816989089053,391.8549808578976
2025-07-31 23:55:00,352.6237829017399,2025-07-31 21:55:00,303.639231102114,386.35943684618303
2025-08-01 00:00:00,347.73206773591335,2025-07-31 22:00:00,299.4270460376256,380.99972939500606
2025-08-01 00:05:00,343.03149084634924,2025-07-31 22:05:00,295.3794473738641,375.84944649304356
2025-08-01 00:10:00,338.58231098701947,2025-07-31 22:10:00,291.54832305092424,370.9746118726089
2025-08-01 00:15:00,334.43677074417985,2025-07-31 22:15:00,287.9786584030084,366.43246618842795
2025-08-01 00:20:00,330.63823791878775,2025-07-31 22:20:00,284.70779681526466,362.2705262557797
2025-08-01 00:25:00,327.2206148109604,2025-07-31 22:25:00,281.76493106719147,358.52593782097006
2025-08-01 00:30:00,324.2080217779536,2025-07-31 22:30:00,279.1708308489976,355.22512884517965
2025-08-01 00:35:00,321.6147537258063,2025-07-31 22:35:00,276.937805297187,352.38376183364704
2025-08-01 00:40:00,319.445500680766,2025-07-31 22:40:00,275.0698929254185,350.0069755092482
2025-08-01 00:45:00,317.6958164152176,2025-07-31 22:45:00,273.563265151504,348.0898982720493
2025-08-01 00:50:00,316.35281255294564,2025-07-31 22:50:00,272.4068239813942,346.61840870988823
2025-08-01 00:55:00,315.39604968747915,2025-07-31 22:55:00,271.58296933827654,345.5701119703573
2025-08-01 01:00:00,314.79859210345074,2025-07-31 23:00:00,271.06850726785785,344.91549538776275
2025-08-01 01:05:00,314.5281887936328,2025-07-31 23:05:00,270.83566689502493,344.619222488519
2025-08-01 01:10:00,314.54854059942176,2025-07-31 23:10:00,270.85319154015934,344.64152135945363
2025-08-01 01:15:00,314.8206117993607,2025-07-31 23:15:00,271.0874681090132,344.93962171651253
2025-08-01 01:20:00,315.30394411411316,2025-07-31 23:20:00,271.50365856335685,345.46919462109844
2025-08-01 01:25:00,315.9579321181305,2025-07-31 23:25:00,272.0667981594888,346.18574991086655
2025-08-01 01:30:00,316.7430212435231,2025-07-31 23:30:00,272.74282703201465,347.04594881709085
2025-08-01 01:35:00,317.62179305036784,2025-07-31 23:35:00,273.49952470438603,348.00879306320184
2025-08-01 01:40:00,318.5599069383832,2025-07-31 23:40:00,274.30732098318265,349.0366566703829
2025-08-01 01:45:00,319.5268730213165,2025-07-31 23:45:00,275.13996146905,350.09613277314924
2025-08-01 01:50:00,320.49663712277004,2025-07-31 23:50:00,275.9750112881311,351.15867458195186
2025-08-01 01:55:00,321.44796584127323,2025-07-31 23:55:00,276.79418666602146,352.20101728757396
2025-08-01 02:00:00,322.36462674008766,2025-08-01 00:00:00,277.5835100866001,353.2053754897646
2025-08-01 02:05:00,323.2353662478963,2025-08-01 00:05:00,278.33329126263305,354.1594189836784
2025-08-01 02:10:00,324.05369492884483,2025-08-01 00:10:00,279.0379422349166,355.05603748661827
2025-08-01 02:15:00,324.8174967275508,2025-08-01 00:15:00,279.6956408988156,355.89291249936343
2025-08-01 02:20:00,325.52848493256533,2025-08-01 00:20:00,280.30786254228155,356.6719212214445
2025-08-01 02:25:00,326.1915328910592,2025-08-01 00:25:00,280.8788035339645,357.3984032350445
2025-08-01 02:30:00,326.813911796759,2025-08-01 00:30:00,281.4147249934468,358.0803253718112
2025-08-01 02:35:00,327.4044707486539,2025-08-01 00:35:00,281.9232467516738,358.727383327463
2025-08-01 02:40:00,327.9727959734235,2025-08-01 00:40:00,282.41262336956646,359.35008044670025
2025-08-01 02:45:00,328.528386153424,2025-08-01 00:45:00,282.8910340248972,359.9588241545008
2025-08-01 02:50:00,329.07987952102263,2025-08-01 00:50:00,283.36591697441804,360.5630791062696
2025-08-01 02:55:00,329.6343655852207,2025-08-01 00:55:00,283.8433768916263,361.17061306708104
2025-08-01 03:00:00,330.1968102272225,2025-08-01 01:00:00,284.3276898248879,361.7868670059185
2025-08-01 03:05:00,330.7696176338316,2025-08-01 01:05:00,284.82092598463055,362.41447511906864
2025-08-01 03:10:00,331.3523462294333,2025-08-01 01:10:00,285.32270513648945,363.0529535852065
2025-08-01 03:15:00,331.94158873081807,2025-08-01 01:15:00,285.83009331825315,363.69856914501776
2025-08-01 03:20:00,332.5310190022584,2025-08-01 01:20:00,286.33764318609155,364.3443904389185
2025-08-01 03:25:00,333.11160081866745,2025-08-01 01:25:00,286.8375737774874,364.9805167426665
2025-08-01 03:30:00,333.67194610467016,2025-08-01 01:30:00,287.3200789857109,365.594470479303
2025-08-01 03:35:00,334.19880346146516,2025-08-01 01:35:00,287.77374822322315,366.17173248356863
2025-08-01 03:40:00,334.6776515940708,2025-08-01 01:40:00,288.18607741328117,366.6963922025642
2025-08-01 03:45:00,335.09336727237024,2025-08-01 01:45:00,288.5440441615169,367.1518795608875
2025-08-01 03:50:00,335.4309338804168,2025-08-01 01:50:00,288.83471787748,367.52174129712574
2025-08-01 03:55:00,335.6761543365137,2025-08-01 01:55:00,289.0458736597902,367.79042208927524
2025-08-01 04:00:00,335.81633185739645,2025-08-01 02:00:00,289.16657849231274,367.94401044789663
2025-08-01 04:05:00,335.840883052638,2025-08-01 02:05:00,289.18771917086946,367.97091046549997
2025-08-01 04:10:00,335.74185095777887,2025-08-01 02:10:00,289.1024440686344,367.86240393175285
2025-08-01 04:15:00,335.51428983069815,2025-08-01 02:15:00,288.90649447871476,367.6130719434692
2025-08-01 04:20:00,335.15649969759585,2025-08-01 02:20:00,288.5984065782983,367.2210518896969
2025-08-01 04:25:00,334.6700954687684,2025-08-01 02:25:00,288.1795709432466,366.68811317982625
2025-08-01 04:30:00,334.0599035183008,2025-08-01 02:30:00,287.654143494366,366.019543929021
2025-08-01 04:35:00,333.33368707762463,2025-08-01 02:35:00,287.0288090377787,365.2238500800719
2025-08-01 04:40:00,332.5017103820752,2025-08-01 02:40:00,286.312405957837,364.3122778516859
2025-08-01 04:45:00,331.57615994398566,2025-08-01 02:45:00,285.51542788376855,363.29817964455316
2025-08-01 04:50:00,330.57044906085116,2025-08-01 02:50:00,284.6494248117322,362.1962520115376
2025-08-01 04:55:00,329.49843841095895,2025-08-01 02:55:00,283.72633197100555,361.0216816873888
2025-08-01 05:00:00,328.37361094640323,2025-08-01 03:00:00,282.7577593363134,359.78924154345225
2025-08-01 05:05:00,327.20824306863165,2025-08-01 03:05:00,281.7542779390979,358.5123824692589
2025-08-01 05:10:00,326.012615869789,2025-08-01 03:10:00,280.72474067886577,357.2023691530228
2025-08-01 05:15:00,324.79431007870835,2025-08-01 03:15:00,279.6756752113954,355.86750757484185
2025-08-01 05:20:00,323.5576261070173,2025-08-01 03:20:00,278.6107845588406,354.5125095683903
2025-08-01 05:25:00,322.3031662650666,2025-08-01 03:25:00,277.53058736191883,353.1380350672836
2025-08-01 05:30:00,321.0276100001322,2025-08-01 03:30:00,276.4322243407834,351.740445840232
2025-08-01 05:35:00,319.7237051152978,2025-08-01 03:35:00,275.30945073373,350.31179586982995
2025-08-01 05:40:00,318.38048855436483,2025-08-01 03:40:00,274.1528264118845,348.8400732600447
2025-08-01 05:45:00,316.98374004621115,2025-08-01 03:45:00,272.9501065057885,347.3096972809055
2025-08-01 05:50:00,315.51666091229225,2025-08-01 03:50:00,271.6868259167046,345.70226211778254
2025-08-01 05:55:00,313.9607594021727,2025-08-01 03:55:00,270.3470616662174,343.99750690731105
2025-08-01 06:00:00,312.2969130778541,2025-08-01 04:00:00,268.9143476999874,342.1744797604397
2025-08-01 06:05:00,310.5065692181322,2025-08-01 04:05:00,267.37270853855335,340.212853009938
2025-08-01 06:10:00,308.57303555383174,2025-08-01 04:10:00,265.7077707107442,338.0943374307706
2025-08-01 06:15:00,306.48280714880985,2025-08-01 04:15:00,263.9079053116895,335.80413606432114
2025-08-01 06:20:00,304.226870631826,2025-08-01 04:20:00,261.9653510579878,333.3323732266299
2025-08-01 06:25:00,301.80192488030025,2025-08-01 04:25:00,259.87726540080797,330.67543197544063
2025-08-01 06:30:00,299.21145778656086,2025-08-01 04:30:00,257.6466517137058,327.8371338910922
2025-08-01 06:35:00,296.4666218474139,2025-08-01 04:35:00,255.28311325011816,324.8296984340813
2025-08-01 06:40:00,293.5868570864621,2025-08-01 04:40:00,252.80338953274764,321.67442546260156
2025-08-01 06:45:00,290.60021812737074,2025-08-01 04:45:00,250.23163799161344,318.4020535970347
2025-08-01 06:50:00,287.54337255688677,2025-08-01 04:50:00,247.59943255447112,315.05275842635973
2025-08-01 06:55:00,284.46125012781096,2025-08-01 04:55:00,244.9454615805736,311.6757681502372
2025-08-01 07:00:00,281.4063357603957,2025-08-01 05:00:00,242.31491907441696,308.3285889415768
2025-08-01 07:05:00,278.4376139553076,2025-08-01 05:05:00,239.7585957350346,305.07584837107925
2025-08-01 07:10:00,275.6191866685979,2025-08-01 05:10:00,237.33168882815636,301.9877810537692
2025-08-01 07:15:00,273.0186011169373,2025-08-01 05:15:00,235.09236228352134,299.13839647470957
2025-08-01 07:20:00,270.70493719209685,2025-08-01 05:20:00,233.1000997951939,296.60338342568394
2025-08-01 07:25:00,268.74671583048604,2025-08-01 05:25:00,231.4139037488741,294.45781826763863
2025-08-01 07:30:00,267.2096993072887,2025-08-01 05:30:00,230.09040108704448,292.7737547781057
2025-08-01 07:35:00,266.1546612713722,2025-08-01 05:35:00,229.18192311833516,291.6177808444882
2025-08-01 07:40:00,265.6352085114835,2025-08-01 05:40:00,228.73462987195072,291.048631837784
2025-08-01 07:45:00,265.69573712987636,2025-08-01 05:45:00,228.78675018838896,291.1149512525521
2025-08-01 07:50:00,266.3696034210686,2025-08-01 05:50:00,229.3670066896365,291.85328659293157
2025-08-01 07:55:00,267.6775839131504,2025-08-01 05:55:00,230.49328974304856,293.28640208550553
2025-08-01 08:00:00,269.6266901413197,2025-08-01 06:00:00,232.1716368800101,295.42198006176113
2025-08-01 08:05:00,272.2093919902869,2025-08-01 06:05:00,234.39556402733166,298.2517699973612
2025-08-01 08:10:00,275.40328922812733,2025-08-01 06:10:00,237.1457826698084,301.7512286215132
2025-08-01 08:15:00,279.17125481954207,2025-08-01 06:15:00,240.39032325519256,305.87967694106527
2025-08-01 08:20:00,283.4620562701505,2025-08-01 06:20:00,244.08507022476277,310.58098102904796
2025-08-01 08:25:00,288.2114432288052,2025-08-01 06:25:00,248.1746985319214,315.7847436783238
2025-08-01 08:30:00,293.34367196698304,2025-08-01 06:30:00,252.59398634931384,321.40797472851284
2025-08-01 08:35:00,298.77342003903783,2025-08-01 06:35:00,257.2694637550347,327.3571889025333
2025-08-01 08:40:00,304.40802948131363,2025-08-01 06:40:00,262.12134431888785,333.5308636134432
2025-08-01 08:45:00,310.1500032579423,2025-08-01 06:45:00,267.0656747556975,339.82217424617494
2025-08-01 08:50:00,315.89966958527896,2025-08-01 06:50:00,272.01662913648215,346.12191337892165
2025-08-01 08:55:00,321.55792133964707,2025-08-01 06:55:00,276.888867752779,352.3214922710826
2025-08-01 09:00:00,327.02893425788506,2025-08-01 07:00:00,281.59987771975676,358.31591911510986
2025-08-01 09:05:00,332.2227677775473,2025-08-01 07:05:00,286.0722125220355,364.0066487000985
2025-08-01 09:10:00,337.05775621806583,2025-08-01 07:10:00,290.2355510251442,369.30420235817684
2025-08-01 09:15:00,341.46260573114,2025-08-01 07:15:00,294.0285031291237,374.13046553095256
2025-08-01 09:20:00,345.3781232731092,2025-08-01 07:20:00,297.40009856158963,378.4205821533419
2025-08-01 09:25:00,348.75851811849816,2025-08-01 07:25:00,300.3109075921917,382.1243806834205
2025-08-01 09:30:00,351.57223257773444,2025-08-01 07:30:00,302.73375635160585,385.20728429522654
2025-08-01 09:35:00,353.8022769621305,2025-08-01 07:35:00,304.65401526502774,387.6506778899727
2025-08-01 09:40:00,355.4460630339069,2025-08-01 07:40:00,306.0694556384005,389.45172561216816
2025-08-01 09:45:00,356.5147496976659,2025-08-01 07:45:00,306.9896862428214,390.6226539431423
2025-08-01 09:50:00,357.0321337033886,2025-08-01 07:50:00,307.43519811496293,391.18953627716786
2025-08-01 09:55:00,357.033135741407,2025-08-01 07:55:00,307.4360609553844,391.1906341805518
2025-08-01 10:00:00,356.56194799749073,2025-08-01 08:00:00,307.03032801505304,390.6743677225998
2025-08-01 10:05:00,355.66992209345733,2025-08-01 08:05:00,306.26221743160056,389.6970013546864
2025-08-01 10:10:00,354.4132860531886,2025-08-01 08:10:00,305.1801463418331,388.3201424575253
2025-08-01 10:15:00,352.85078490528326,2025-08-01 08:15:00,303.83469923885553,386.6081562193639
2025-08-01 10:20:00,351.04134169796004,2025-08-01 08:20:00,302.27661390588844,384.62560287927516
2025-08-01 10:25:00,349.0418337138338,2025-08-01 08:25:00,300.55486654702753,382.43480119154066
2025-08-01 10:30:00,346.90507295504074,2025-08-01 08:30:00,298.7149328122406,380.09361570300445
2025-08-01 10:35:00,344.6780703332043,2025-08-01 08:35:00,296.7972931164937,377.6535548774206
2025-08-01 10:40:00,342.4006502196289,2025-08-01 08:40:00,294.8362396489934,375.15825309912753
2025-08-01 10:45:00,340.1044664548978,2025-08-01 08:45:00,292.8590290733063,372.64239254390213
2025-08-01 10:50:00,337.8124532138649,2025-08-01 08:50:00,290.88540967515866,370.1311015079931
2025-08-01 10:55:00,335.53872503181213,2025-08-01 08:55:00,288.9275352764086,367.6398448697419
2025-08-01 11:00:00,333.2889208096635,2025-08-01 09:00:00,286.99026145295284,365.17480100590893
2025-08-01 11:05:00,331.0609672570666,2025-08-01 09:05:00,285.0718029245039,362.7336982736503
2025-08-01 11:10:00,328.8462190020747,2025-08-01 09:10:00,283.1647152865215,360.3070641949354
2025-08-01 11:15:00,326.6309163899206,2025-08-01 09:15:00,281.25715029961765,357.8798227234938
2025-08-01 11:20:00,324.39788815966,2025-08-01 09:20:00,279.33432203974786,355.4331598171931
2025-08-01 11:25:00,322.12841570820666,2025-08-01 09:25:00,277.3801121889655,352.9465660569368
2025-08-01 11:30:00,319.8041686962466,2025-08-01 09:30:00,275.37873675763336,350.39995743274613
2025-08-01 11:35:00,317.4091187673712,2025-08-01 09:35:00,273.31639396024593,347.77577214914413
2025-08-01 11:40:00,314.9313392323669,2025-08-01 09:40:00,271.18281389749984,345.060942485939
2025-08-01 11:45:00,312.3646036477594,2025-08-01 09:45:00,268.97263506912,342.24864631339653
2025-08-01 11:50:00,309.7097051530933,2025-08-01 09:50:00,266.68654043607813,339.3397526510289
2025-08-01 11:55:00,306.9754307324854,2025-08-01 09:55:00,264.33209634310293,336.3438891371281
2025-08-01 12:00:00,304.1791398734702,2025-08-01 10:00:00,261.9242507934287,333.28007604812757
2025-08-01 12:05:00,301.3469145131523,2025-08-01 10:05:00,259.48546256525503,330.1768905901608
2025-08-01 12:10:00,298.51326623688266,2025-08-01 10:10:00,257.0454490847687,327.0721460853219
2025-08-01 12:15:00,295.7204063260368,2025-08-01 10:15:00,254.64055787485998,324.01209218463146
2025-08-01 12:20:00,293.0171038418941,2025-08-01 10:20:00,252.31278326769385,321.0501637043584
2025-08-01 12:25:00,290.45717536586204,2025-08-01 10:25:00,250.10846594189573,318.2453258791064
2025-08-01 12:30:00,288.0976667602912,2025-08-01 10:30:00,248.07672726312944,315.66008217098107
2025-08-01 12:35:00,285.99680153641395,2025-08-01 10:35:00,246.2677026534507,313.35822635709485
2025-08-01 12:40:00,284.2117813032095,2025-08-01 10:40:00,244.73064758968903,311.4024325465222
2025-08-01 12:45:00,282.7965312594503,2025-08-01 10:45:00,243.51199627930927,309.85178498269727
2025-08-01 12:50:00,281.7994870271709,2025-08-01 10:50:00,242.6534559347731,308.7593531423822
2025-08-01 12:55:00,281.2615183860236,2025-08-01 10:55:00,242.1902189312709,308.1699168328849
2025-08-01 13:00:00,281.21408067507446,2025-08-01 11:00:00,242.1493710055884,308.11794073774814
2025-08-01 13:05:00,281.67767577309417,2025-08-01 11:05:00,242.54856602853056,308.62588815842867
2025-08-01 13:10:00,282.6606923439099,2025-08-01 11:10:00,243.3950273569949,309.70295030547237
2025-08-01 13:15:00,284.15867957463,2025-08-01 11:15:00,244.684922460478,311.3442505549938
2025-08-01 13:20:00,286.15409093942344,2025-08-01 11:20:00,246.40314227977794,313.53056369823656
2025-08-01 13:25:00,288.6165151045351,2025-08-01 11:25:00,248.52350005595812,316.22856893736156
2025-08-01 13:30:00,291.5033908314766,2025-08-01 11:30:00,251.009346923128,319.39163318370265
2025-08-01 13:35:00,294.76118261839014,2025-08-01 11:35:00,253.81458423619046,322.96109917319535
2025-08-01 13:40:00,298.3269745116927,2025-08-01 11:40:00,256.8850359789597,326.8680317585989
2025-08-01 13:45:00,302.13042195646034,2025-08-01 11:45:00,260.16012947425116,331.0353564941626
2025-08-01 13:50:00,306.0959864778982,2025-08-01 11:50:00,263.574819635722,335.38030810993854
2025-08-01 13:55:00,310.145366058829,2025-08-01 11:55:00,267.06168173071876,339.81709340442563
2025-08-01 14:00:00,314.2000257218147,2025-08-01 12:00:00,270.553090427882,344.2596639284638
2025-08-01 14:05:00,318.18372844689884,2025-08-01 12:05:00,273.98339913374997,348.624489036857
2025-08-01 14:10:00,322.0249665018207,2025-08-01 12:10:00,277.29103357598405,352.8332198248915
2025-08-01 14:15:00,325.65919717157044,2025-08-01 12:15:00,280.4204169577,356.8151387510035
2025-08-01 14:20:00,329.0307950455885,2025-08-01 12:20:00,283.3236510436937,360.50929870005143
2025-08-01 14:25:00,332.09464468623105,2025-08-01 12:25:00,285.9618875841837,363.866268022991
2025-08-01 14:30:00,334.8173124285937,2025-08-01 12:30:00,288.30633733466436,366.84941444324147
2025-08-01 14:35:00,337.1777536445083,2025-08-01 12:35:00,290.3388790706872,369.4356799849035
2025-08-01 14:40:00,339.16753099657575,2025-08-01 12:40:00,292.0522475232471,371.61582010723976
2025-08-01 14:45:00,340.79053962220524,2025-08-01 12:45:00,293.44979673873934,373.3941025969646
2025-08-01 14:50:00,342.06225557332317,2025-08-01 12:50:00,294.5448529212809,374.78748410588895
2025-08-01 14:55:00,343.00854361523864,2025-08-01 12:55:00,295.35968784558435,375.824303891441
2025-08-01 15:00:00,343.6640786858744,2025-08-01 13:00:00,295.9241595983696,376.54255425629043
2025-08-01 15:05:00,344.07045110906085,2025-08-01 13:05:00,296.27408100498053,376.98780448666383
2025-08-01 15:10:00,344.2740386606404,2025-08-01 13:10:00,296.44938729633407,377.2108693381888
2025-08-01 15:15:00,344.32373778051675,2025-08-01 13:15:00,296.4921824884835,377.2653231921211
2025-08-01 15:20:00,344.26865178930393,2025-08-01 13:20:00,296.4447487394643,377.20496710278434
2025-08-01 15:25:00,344.1558351802718,2025-08-01 13:25:00,296.34760399176696,377.08135728505204
2025-08-01 15:30:00,344.0281901794569,2025-08-01 13:30:00,296.2376907307199,376.94150043754945
2025-08-01 15:35:00,343.92260479499396,2025-08-01 13:35:00,296.1467726857426,376.8258136584428
2025-08-01 15:40:00,343.8684108537925,2025-08-01 13:40:00,296.1001070680653,376.7664349618876
2025-08-01 15:45:00,343.8862265048627,2025-08-01 13:45:00,296.11544786711187,376.7859550431989
2025-08-01 15:50:00,343.98723089439255,2025-08-01 13:50:00,296.20242128371586,376.89662256181214
2025-08-01 15:55:00,344.17290004119917,2025-08-01 13:55:00,296.362298296298,377.1000547478366
2025-08-01 16:00:00,344.4352129373952,2025-08-01 14:00:00,296.58817213116447,377.3874632204524
2025-08-01 16:05:00,344.7573166674198,2025-08-01 14:05:00,296.86553098686886,377.7403827391368
2025-08-01 16:10:00,345.1146194669492,2025-08-01 14:10:00,297.17319925140555,378.13186883594443
2025-08-01 16:15:00,345.4762622346685,2025-08-01 14:15:00,297.4846045996788,378.52811010738037
2025-08-01 16:20:00,345.80690255368387,2025-08-01 14:20:00,297.76931418849614,378.890382913832
2025-08-01 16:25:00,346.06873177632195,2025-08-01 14:25:00,297.99477153906867,379.17726143965314
2025-08-01 16:30:00,346.2236354171481,2025-08-01 14:30:00,298.12815682014167,379.346984771819
2025-08-01 16:35:00,346.23540068491377,2025-08-01 14:35:00,298.1382877217748,379.3598756273106
2025-08-01 16:40:00,346.0718725894757,2025-08-01 14:40:00,297.9974760477753,379.1807027356183
2025-08-01 16:45:00,345.7069617642018,2025-08-01 14:45:00,297.68325662248526,378.7808807502953
2025-08-01 16:50:00,345.1224129741079,2025-08-01 14:50:00,297.1799101275177,378.1404079509528
2025-08-01 16:55:00,344.30925295030187,2025-08-01 14:55:00,296.4797098110228,377.24945259258703
2025-08-01 17:00:00,343.2688491856525,2025-08-01 15:00:00,295.58383320129934,376.1095129966393
2025-08-01 17:05:00,342.0135273344714,2025-08-01 15:05:00,294.50289374071696,374.7340940175451
2025-08-01 17:10:00,340.5667130236088,2025-08-01 15:10:00,293.25706289719653,373.14886242095247
2025-08-01 17:15:00,338.9625834568003,2025-08-01 15:15:00,291.8757701657598,371.3912651569212
2025-08-01 17:20:00,337.24523462501065,2025-08-01 15:20:00,290.39698596542115,369.509616896958
2025-08-01 17:25:00,335.46738994625207,2025-08-01 15:25:00,288.8661096676427,367.5616851289055
2025-08-01 17:30:00,333.6886954443842,2025-08-01 15:30:00,287.33450159949604,365.61282223483755
2025-08-01 17:35:00,331.97366385429524,2025-08-01 15:35:00,285.8577127424167,363.7337129079864
2025-08-01 17:40:00,330.38934506665044,2025-08-01 15:40:00,284.493478785925,361.9978217280377
2025-08-01 17:45:00,329.00281209256883,2025-08-01 15:45:00,283.2995553282291,360.4786386070736
2025-08-01 17:50:00,327.87856011658386,2025-08-01 15:50:00,282.3314782384083,359.24682900892236
2025-08-01 17:55:00,327.0759205959924,2025-08-01 15:55:00,281.64033697482404,358.3674006543901
2025-08-01 18:00:00,326.64659280096294,2025-08-01 16:00:00,281.2706490300667,357.8969989028548
2025-08-01 18:05:00,326.6323915317633,2025-08-01 16:05:00,281.2584205228884,357.88143899272814
2025-08-01 18:10:00,327.06330220105787,2025-08-01 16:10:00,281.62947145774484,358.3535750527229
2025-08-01 18:15:00,327.95592337625953,2025-08-01 16:15:00,282.3980946205768,359.3315936416278
2025-08-01 18:20:00,329.3123625678579,2025-08-01 16:20:00,283.56610475813596,360.81780389627784
2025-08-01 18:25:00,331.11963427221195,2025-08-01 16:25:00,285.1223202413542,362.79797798486686
2025-08-01 18:30:00,333.34959049192673,2025-08-01 16:30:00,287.0425032374462,365.2412749801825
2025-08-01 18:35:00,335.959394115024,2025-08-01 16:35:00,289.289767329856,368.100759527145
2025-08-01 18:40:00,338.89252518480896,2025-08-01 16:40:00,291.8154440026611,371.3145043829023
2025-08-01 18:45:00,342.08029022310865,2025-08-01 16:45:00,294.56038229694866,374.8072441376075
2025-08-01 18:50:00,345.4437860579487,2025-08-01 16:50:00,297.45663983437794,378.49252692224997
2025-08-01 18:55:00,348.89625258677006,2025-08-01 16:55:00,300.4295087475029,382.27529226164114
2025-08-01 19:00:00,352.34573469837767,2025-08-01 17:00:00,303.3998078221994,386.0547876634674
2025-08-01 19:05:00,355.6979619033554,2025-08-01 17:05:00,306.28636210569954,389.72772374406225
2025-08-01 19:10:00,358.8593465618592,2025-08-01 17:10:00,309.00858463710944,393.19155929781454
2025-08-01 19:15:00,361.73999695143596,2025-08-01 17:15:00,311.4890709564591,396.34780262635303
2025-08-01 19:20:00,364.2566411553354,2025-08-01 17:20:00,313.65611682257,399.1052151563858
2025-08-01 19:25:00,366.33536088976587,2025-08-01 17:25:00,315.44607227210116,401.382806813269
2025-08-01 19:30:00,367.9140413049693,2025-08-01 17:30:00,316.805451107765,403.1125201955001
2025-08-01 19:35:00,368.94445295919235,2025-08-01 17:35:00,317.69272365595305,404.2415117319453
2025-08-01 19:40:00,369.3938953116366,2025-08-01 17:40:00,318.07973195470674,404.7339524083973
2025-08-01 19:45:00,369.2463464871362,2025-08-01 17:45:00,317.95267979942486,404.5722875306849
2025-08-01 19:50:00,368.5030813469721,2025-08-01 17:50:00,317.3126649546879,403.75791392656186
2025-08-01 19:55:00,367.1827382910185,2025-08-01 17:55:00,316.17573667661856,402.31125313884024
2025-08-01 20:00:00,365.3208340549874,2025-08-01 18:00:00,314.5724779118183,400.27121980309965
2025-08-01 20:05:00,362.9687443312262,2025-08-01 18:05:00,312.54712752470317,397.69410474408136
2025-08-01 20:10:00,360.1921858620816,2025-08-01 18:10:00,310.15627325008927,394.6519118503362
2025-08-01 20:15:00,357.0692517793312,2025-08-01 18:15:00,307.4671599524387,391.23020545381837
2025-08-01 20:20:00,353.68806623919477,2025-08-01 18:20:00,304.5556700660442,387.52554058291946
2025-08-01 20:25:00,350.1441360744922,2025-08-01 18:25:00,301.50404314106805,383.6425612461621
2025-08-01 20:30:00,346.53748603292405,2025-08-01 18:30:00,298.398409038727,379.6908615976167
2025-08-01 20:35:00,342.96967007786543,2025-08-01 18:35:00,295.32621440570153,375.78171130768465
2025-08-01 20:40:00,339.54075358018247,2025-08-01 18:40:00,292.37362408322764,372.02474904003594
2025-08-01 20:45:00,336.3463609049717,2025-08-01 18:45:00,289.62297882680855,368.5247475798284
2025-08-01 20:50:00,333.4748788796299,2025-08-01 18:50:00,287.1503872530823,365.3785497564838
2025-08-01 20:55:00,331.00490026086436,2025-08-01 18:55:00,285.02352444629986,362.6722673261967
2025-08-01 21:00:00,329.00298192053185,2025-08-01 19:00:00,283.2997015646278,360.47882468254363
2025-08-01 21:05:00,327.5217812418185,2025-08-01 19:05:00,282.02426111789595,358.85591696096395
2025-08-01 21:10:00,326.5986209539456,2025-08-01 19:10:00,281.2293411675538,357.84443757064525
2025-08-01 21:15:00,326.25451829654725,2025-08-01 19:15:00,280.93303935417964,357.4674144786811
2025-08-01 21:20:00,326.4936992693522,2025-08-01 19:20:00,281.13899462491923,357.72947798783184
2025-08-01 21:25:00,327.30360335570737,2025-08-01 19:25:00,281.83639130084305,358.6168659119493
2025-08-01 21:30:00,328.65536902532614,2025-08-01 19:30:00,283.0003771363295,360.097955526961
2025-08-01 21:35:00,330.5047761035537,2025-08-01 19:35:00,284.59287477958776,362.1242960969686
2025-08-01 21:40:00,332.79360787677416,2025-08-01 19:40:00,286.5637546618911,364.6321012928068
2025-08-01 21:45:00,335.4513843944054,2025-08-01 19:45:00,288.8523275188152,367.54414831971184
2025-08-01 21:50:00,338.3974086941972,2025-08-01 19:50:00,291.38910636519887,370.77201990578664
2025-08-01 21:55:00,341.54306015577936,2025-08-01 19:55:00,294.0977812686616,374.21861706157154
2025-08-01 22:00:00,344.7942638818631,2025-08-01 20:00:00,296.89734569798287,377.7808647079022
2025-08-01 22:05:00,348.0540619834554,2025-08-01 20:05:00,299.70431061955037,381.3525289569764
2025-08-01 22:10:00,351.22521208707553,2025-08-01 20:10:00,302.4349420342808,384.82706421976326
2025-08-01 22:15:00,354.21273974694043,2025-08-01 20:15:00,305.0074588227768,388.100409808451
2025-08-01 22:20:00,356.9263753306727,2025-08-01 20:20:00,307.344131112307,391.07365995995514
2025-08-01 22:25:00,359.28281122206255,2025-08-01 20:25:00,309.3732239214055,393.65553698614315
2025-08-01 22:30:00,361.2077225719833,2025-08-01 20:30:00,311.0307371992111,395.76460535077314
2025-08-01 22:35:00,362.63750315462437,2025-08-01 20:35:00,312.2619005461225,397.3311735957651
2025-08-01 22:40:00,363.52067754477025,2025-08-01 20:40:00,313.02238921919565,398.29884162202757
2025-08-01 22:45:00,363.8189610432165,2025-08-01 20:45:00,313.27923681856447,398.62566201834875
2025-08-01 22:50:00,363.507949421204,2025-08-01 20:50:00,313.0114292163812,398.28489579394784
2025-08-01 22:55:00,362.57743134116055,2025-08-01 20:55:00,312.21017357779107,397.2653546886306
2025-08-01 23:00:00,361.03132670930944,2025-08-01 21:00:00,310.8788452772564,395.5713336275676
2025-08-01 23:05:00,358.88726431220005,2025-08-01 21:05:00,309.0326242074919,393.22214795014804
2025-08-01 23:10:00,356.1758212825365,2025-08-01 21:10:00,306.6978398945074,390.25130011521
2025-08-01 23:15:00,352.9394551856448,2025-08-01 21:15:00,303.91105193273523,386.70530961980546
2025-08-01 23:20:00,349.23116678323174,2025-08-01 21:20:00,300.7178985102749,382.64224782905046
2025-08-01 23:25:00,345.112937211425,2025-08-01 21:25:00,297.171750685544,378.1300256383824
2025-08-01 23:30:00,340.653987977082,2025-08-01 21:30:00,293.3322140953063,373.24448700304157
2025-08-01 23:35:00,335.9289151643811,2025-08-01 21:35:00,289.26352234699675,368.06736464348415
2025-08-01 23:40:00,331.0157507726692,2025-08-01 21:40:00,285.03286766482694,362.6841559106702
2025-08-01 23:45:00,325.9940044883815,2025-08-01 21:45:00,280.70871468795326,357.1819772135446
2025-08-01 23:50:00,320.9427377417528,2025-08-01 21:50:00,276.3591420686118,351.64745382000723
2025-08-01 23:55:00,315.9387195558612,2025-08-01 21:55:00,272.05025450044536,346.1646992753205
2025-08-02 00:00:00,311.05470988924577,2025-08-01 22:00:00,267.8447045297004,340.8134345114499
2025-08-02 00:05:00,306.3579113627785,2025-08-01 22:05:00,263.80035935966555,335.6672914500457
2025-08-02 00:10:00,301.90862458015005,2025-08-01 22:10:00,259.9691429666222,330.79233967691897
2025-08-02 00:15:00,297.7591356473029,2025-08-01 22:15:00,256.39607815894436,326.2458675300274
2025-08-02 00:20:00,293.9528575567411,2025-08-01 22:20:00,253.11854723556627,322.0754413396896
2025-08-02 00:25:00,290.5237394202292,2025-08-01 22:25:00,250.16578328481788,318.3182581423471
2025-08-02 00:30:00,287.49594999934027,2025-08-01 22:30:00,247.55859767716413,315.00079893435753
2025-08-02 00:35:00,284.8838341584947,2025-08-01 22:35:00,245.30934256754776,312.13878095887884
2025-08-02 00:40:00,282.6921334045877,2025-08-01 22:40:00,243.42210079886738,309.737399344608
2025-08-02 00:45:00,280.9164544859981,2025-08-01 22:45:00,241.89308940579573,307.791840535839
2025-08-02 00:50:00,279.5439634622574,2025-08-01 22:50:00,240.71125726811687,306.2880427640459
2025-08-02 00:55:00,278.55427678420904,2025-08-01 22:55:00,239.85905240694234,305.20367237802606
2025-08-02 01:00:00,277.920515993427,2025-08-01 23:00:00,239.31333017110165,304.50927944682104
2025-08-02 01:05:00,277.6104886970172,2025-08-01 23:05:00,239.04637015743532,304.16959171883474
2025-08-02 01:10:00,277.5879556846784,2025-08-01 23:10:00,239.0269673069393,304.14490296447434
2025-08-02 01:15:00,277.81394248469354,2025-08-01 23:15:00,239.22156126662964,304.39251000921206
2025-08-02 01:20:00,278.248053335846,2025-08-01 23:20:00,239.59536783172382,304.86815241370306
2025-08-02 01:25:00,278.84974656594954,2025-08-01 23:25:00,240.11347715561732,305.52740986827393
2025-08-02 01:30:00,279.57953257737563,2025-08-01 23:30:00,240.7418853178661,306.32701479018976
2025-08-02 01:35:00,280.4000590736572,2025-08-01 23:35:00,241.44842879709384,307.22604137430716
2025-08-02 01:40:00,281.2770527485621,2025-08-01 23:40:00,242.20359534581112,308.1869373739067
2025-08-02 01:45:00,282.1800921302471,2025-08-01 23:45:00,242.98118947532043,309.1763708831461
2025-08-02 01:50:00,283.08319254788563,2025-08-01 23:50:00,243.75883616200514,310.16587126767234
2025-08-02 01:55:00,283.96519116415504,2025-08-01 23:55:00,244.51831239322635,311.132251033316
2025-08-02 02:00:00,284.8099271488436,2025-08-02 00:00:00,245.2457023122058,312.05780323697695
2025-08-02 02:05:00,285.6062195334487,2025-08-02 00:05:00,245.93137814894123,312.9302772225637
2025-08-02 02:10:00,286.3476524667157,2025-08-02 00:10:00,246.56981530686176,313.74264333184584
2025-08-02 02:15:00,287.03218442821645,2025-08-02 00:15:00,247.15925586230162,314.492664731345
2025-08-02 02:20:00,287.66160415525223,2025-08-02 00:20:00,247.70124007103806,315.18230128755306
2025-08-02 02:25:00,288.24086134985373,2025-08-02 00:25:00,248.20003004978483,315.81697624241195
2025-08-02 02:30:00,288.7773044179428,2025-08-02 00:30:00,248.6619534044271,316.4047410266854
2025-08-02 02:35:00,289.2798605155902,2025-08-02 00:35:00,249.0946971797324,316.95537686092456
2025-08-02 02:40:00,289.75819473452975,2025-08-02 00:40:00,249.50658384617745,317.47947349993444
2025-08-02 02:45:00,290.2218854125281,2025-08-02 00:45:00,249.90586117165458,317.9875256447671
2025-08-02 02:50:00,290.6796511943491,2025-08-02 00:50:00,250.3000366548656,318.48908605630953
2025-08-02 02:55:00,291.1386627302635,2025-08-02 00:55:00,250.69528483887956,318.9920114037221
2025-08-02 03:00:00,291.6039677517297,2025-08-02 01:00:00,251.0959522521304,319.5018323368878
2025-08-02 03:05:00,292.0780529750474,2025-08-02 01:05:00,251.50418016999933,320.02127347721824
2025-08-02 03:10:00,292.56056000024347,2025-08-02 01:10:00,251.91965997946167,320.54994213647603
2025-08-02 03:15:00,293.0481653529776,2025-08-02 01:15:00,252.3395298849091,321.08419688224296
2025-08-02 03:20:00,293.53462729975735,2025-08-02 01:20:00,252.75841522005337,321.6171988319648
2025-08-02 03:25:00,294.0109945913383,2025-08-02 01:25:00,253.16860819384422,322.1391403669136
2025-08-02 03:30:00,294.4659646690553,2025-08-02 01:30:00,253.5603763367518,322.637637608257
2025-08-02 03:35:00,294.8863721802749,2025-08-02 01:35:00,253.92238315434597,323.09826566897397
2025-08-02 03:40:00,295.25778235370524,2025-08-02 01:40:00,254.24219907417944,323.50520879760995
2025-08-02 03:45:00,295.56515895811674,2025-08-02 01:45:00,254.50687661536588,323.8419922408674
2025-08-02 03:50:00,295.7935728033997,2025-08-02 01:50:00,254.7035604685764,324.0922585272341
2025-08-02 03:55:00,295.9289146548523,2025-08-02 01:55:00,254.8201013762056,324.24054858605723
2025-08-02 04:00:00,295.9585759447674,2025-08-02 02:00:00,254.84564228325732,324.2730475830717
2025-08-02 04:05:00,295.8720618714068,2025-08-02 02:05:00,254.77114626798985,324.1782566747903
2025-08-02 04:10:00,295.66150436349017,2025-08-02 02:10:00,254.58983824820604,323.9475550485047
2025-08-02 04:15:00,295.3220468837394,2025-08-02 02:15:00,254.29753633001096,323.5756215401336
2025-08-02 04:20:00,294.85207893835934,2025-08-02 02:20:00,253.89285374052832,323.0606915793164
2025-08-02 04:25:00,294.2533051359261,2025-08-02 02:25:00,253.37725829350885,322.40463285519223
2025-08-02 04:30:00,293.530641786323,2025-08-02 02:30:00,252.75498335217196,321.6128320229159
2025-08-02 04:35:00,292.6919422221452,2025-08-02 02:35:00,252.03279130744656,320.69389374645493
2025-08-02 04:40:00,291.74756093980045,2025-08-02 02:40:00,251.2195982661868,319.65916314090055
2025-08-02 04:45:00,290.70977483469113,2025-08-02 02:45:00,250.325975685172,318.52209163699536
2025-08-02 04:50:00,289.59208767941027,2025-08-02 02:50:00,249.36355146735696,317.2974749184887
2025-08-02 04:55:00,288.40845068468525,2025-08-02 02:55:00,248.344338798192,316.0005989138441
2025-08-02 05:00:00,287.17243737522205,2025-08-02 03:00:00,247.2800256431659,314.64633573213564
2025-08-02 05:05:00,285.8964147170857,2025-08-02 03:05:00,246.18126101760078,313.2482354918637
2025-08-02 05:10:00,284.59075433248773,2025-08-02 03:10:00,245.05697577513234,311.8176620723555
2025-08-02 05:15:00,283.2631274192243,2025-08-02 03:15:00,243.91377547305257,310.36302057787293
2025-08-02 05:20:00,281.91792476024995,2025-08-02 03:20:00,242.75544095095566,308.889121859277
2025-08-02 05:25:00,280.55583890070653,2025-08-02 03:25:00,241.58256854943056,307.3967247177717
2025-08-02 05:30:00,279.1736393635689,2025-08-02 03:30:00,240.3923765515099,305.8822896153431
2025-08-02 05:35:00,277.76416382485195,2025-08-02 03:35:00,239.1786975837685,304.33796900569524
2025-08-02 05:40:00,276.316538867969,2025-08-02 03:40:00,237.93216870470346,302.7518492082633
2025-08-02 05:45:00,274.8166335890048,2025-08-02 03:45:00,236.6406219976636,301.10844741007924
2025-08-02 05:50:00,273.24773838596263,2025-08-02 03:50:00,235.28966906643643,299.3894553950484
2025-08-02 05:55:00,271.5914502230961,2025-08-02 03:55:00,233.86346332354,297.5747095018639
2025-08-02 06:00:00,269.8287350201216,2025-08-02 04:00:00,232.34561479818308,295.64335465240606
2025-08-02 06:05:00,267.9411279899901,2025-08-02 04:05:00,230.72022372973154,293.5751595262942
2025-08-02 06:10:00,265.9120243463969,2025-08-02 04:10:00,228.972991977247,291.35193075088387
2025-08-02 06:15:00,263.72800615198435,2025-08-02 04:15:00,227.09236554925238,288.9589666895511
2025-08-02 06:20:00,261.380146500869,2025-08-02 04:20:00,225.0706576164128,286.3864863958678
2025-08-02 06:25:00,258.86523017617225,2025-08-02 04:25:00,222.90509960205205,283.6309670519106
2025-08-02 06:30:00,256.186830369761,2025-08-02 04:30:00,220.5987683299229,280.6963236981969
2025-08-02 06:35:00,253.35618422718338,2025-08-02 04:35:00,218.1613399432677,277.59486854234353
2025-08-02 06:40:00,250.39281574733837,2025-08-02 04:40:00,215.60962627470013,274.34799345178936
2025-08-02 06:45:00,247.32486278870692,2025-08-02 04:45:00,212.9678564265334,270.98652824483895
2025-08-02 06:50:00,244.1890754218806,2025-08-02 04:50:00,210.2676753521667,267.5507388855773
2025-08-02 06:55:00,241.030465070432,2025-08-02 04:55:00,207.54784173637148,264.0899430579111
2025-08-02 07:00:00,237.90159747248953,2025-08-02 05:00:00,204.85361917474606,260.6617354845037
2025-08-02 07:05:00,234.86153706535458,2025-08-02 05:05:00,202.23586719860197,257.3308313202592
2025-08-02 07:10:00,231.9744648023819,2025-08-02 05:10:00,199.7498510971028,254.16755173520872
2025-08-02 07:15:00,229.308005919148,2025-08-02 05:15:00,197.45380198093713,251.24599169741958
2025-08-02 07:20:00,226.93131731427252,2025-08-02 05:20:00,195.4072698536511,248.64192437279928
2025-08-02 07:25:00,224.91299587046228,2025-08-02 05:25:00,193.66932249720116,246.43050933440298
2025-08-02 07:30:00,223.31887869759964,2025-08-02 05:30:00,192.29665129314466,244.68388235392598
2025-08-02 07:35:00,222.2098131405695,2025-08-02 05:35:00,191.34165100868483,243.4687120653154
2025-08-02 07:40:00,221.63947848279406,2025-08-02 05:40:00,190.85054409714087,242.843813269838
2025-08-02 07:45:00,221.65234208853101,2025-08-02 05:45:00,190.86162076168978,242.85790754172018
2025-08-02 07:50:00,222.2818302394158,2025-08-02 05:50:00,191.40366388921134,243.54761906791342
2025-08-02 07:55:00,223.5487881188442,2025-08-02 05:55:00,192.49462296514977,244.935787298586
2025-08-02 08:00:00,225.46029455461957,2025-08-02 06:00:00,194.14059346557775,247.03016829574022
2025-08-02 08:05:00,228.008885310947,2025-08-02 06:05:00,196.33514804518435,249.82258371725032
2025-08-02 08:10:00,231.172224572557,2025-08-02 06:10:00,199.05905365701327,253.28856087174543
2025-08-02 08:15:00,234.91324823360338,2025-08-02 06:15:00,202.28039493645687,257.3874897160114
2025-08-02 08:20:00,239.18078516786446,2025-08-02 06:20:00,205.9551091680264,262.0633035623532
2025-08-02 08:25:00,243.9106448191568,2025-08-02 06:25:00,210.02792279370155,267.24567071920495
2025-08-02 08:30:00,249.02714160402127,2025-08-02 06:30:00,214.4336640539999,272.85166473401136
2025-08-02 08:35:00,254.44500956344342,2025-08-02 06:35:00,219.09891166683641,278.7878622204203
2025-08-02 08:40:00,260.07164548373646,2025-08-02 06:40:00,223.94392634642026,284.9528005794098
2025-08-02 08:45:00,265.80960533589763,2025-08-02 06:45:00,228.88480045101946,291.2397132739649
2025-08-02 08:50:00,271.55926852695427,2025-08-02 06:50:00,233.8357521311988,297.53944897038247
2025-08-02 08:55:00,277.22157726297684,2025-08-02 06:55:00,238.71148415562598,303.74347297720476
2025-08-02 09:00:00,282.7007547432744,2025-08-02 07:00:00,243.42952450871573,309.74684549010743
2025-08-02 09:05:00,287.90690591825216,2025-08-02 07:05:00,247.9124658655445,315.45107116526844
2025-08-02 09:10:00,292.75840866867776,2025-08-02 07:10:00,252.09002460167633,320.7667190636816
2025-08-02 09:15:00,297.1840106693135,2025-08-02 07:15:00,255.90084637206007,325.61572012254504
2025-08-02 09:20:00,301.124558366745,2025-08-02 07:20:00,259.2939949087903,329.93326154506843
2025-08-02 09:25:00,304.5342984240723,2025-08-02 07:25:00,262.2300726762772,333.66921275488215
2025-08-02 09:30:00,307.381708410222,2025-08-02 07:30:00,264.6819361657796,336.78903555771774
2025-08-02 09:35:00,309.6498317273464,2025-08-02 07:35:00,266.6349842965358,339.2741511114411
2025-08-02 09:40:00,311.3361110220379,2025-08-02 07:40:00,268.0870149685742,341.12175739965323
2025-08-02 09:45:00,312.4517338476865,2025-08-02 07:45:00,269.0476616220482,342.34411229331175
2025-08-02 09:50:00,313.02052331852053,2025-08-02 07:50:00,269.5374379955016,342.9673180732143
2025-08-02 09:55:00,313.0774241813951,2025-08-02 07:55:00,269.5864345042172,343.029662663688
2025-08-02 10:00:00,312.6666503303645,2025-08-02 08:00:00,269.2327230918519,342.57958991916314
2025-08-02 10:05:00,311.83957272664486,2025-08-02 08:05:00,268.5205385489131,341.6733854806206
2025-08-02 10:10:00,310.65243631621587,2025-08-02 08:10:00,267.49831258358046,340.3726752698157
2025-08-02 10:15:00,309.16400062356064,2025-08-02 08:15:00,266.2166421711548,338.7418403577069
2025-08-02 10:20:00,307.43320070855805,2025-08-02 08:20:00,264.7262754379233,336.8454541441878
2025-08-02 10:25:00,305.5169233862163,2025-08-02 08:25:00,263.07619679618745,334.74584582790084
2025-08-02 10:30:00,303.46798766723293,2025-08-02 08:30:00,261.3118879308857,332.50088763476316
2025-08-02 10:35:00,301.3334089196194,2025-08-02 08:35:00,259.4738330943153,330.1620929112615
2025-08-02 10:40:00,299.15301340496757,2025-08-02 08:40:00,257.59632610338195,327.7730981128659
2025-08-02 10:45:00,296.95845426998073,2025-08-02 08:45:00,255.70662302416227,325.36858465508976
2025-08-02 10:50:00,294.77266237143436,2025-08-02 08:50:00,253.8244692852331,322.9736771986615
2025-08-02 10:55:00,292.60974630072457,2025-08-02 08:55:00,251.9620135902588,320.60383410938283
2025-08-02 11:00:00,290.4753363742161,2025-08-02 09:00:00,250.12410412309634,318.26522435816673
2025-08-02 11:05:00,288.36734803652615,2025-08-02 09:05:00,248.3089459033039,315.95556395940923
2025-08-02 11:10:00,286.2771219866487,2025-08-02 09:10:00,246.50908253222988,313.6653651734218
2025-08-02 11:15:00,284.19088193908004,2025-08-02 09:15:00,244.71265144999995,311.37953373212844
2025-08-02 11:20:00,282.0914373034921,2025-08-02 09:20:00,242.90485008831752,309.07923441476356
2025-08-02 11:25:00,279.96004744399147,2025-08-02 09:25:00,241.06954115710468,306.7439336615362
2025-08-02 11:30:00,277.77835725508754,2025-08-02 09:30:00,239.19091934092842,304.35352032690116
2025-08-02 11:35:00,275.5303109072973,2025-08-02 09:35:00,237.25515919761682,301.89040251394755
2025-08-02 11:40:00,273.20395150033255,2025-08-02 09:40:00,235.25196481354777,299.3414794011036
2025-08-02 11:45:00,270.79301965762716,2025-08-02 09:45:00,233.17594633023788,296.69989277482165
2025-08-02 11:50:00,268.2982728519719,2025-08-02 09:50:00,231.02775599653398,293.96647257560784
2025-08-02 11:55:00,265.72845968495335,2025-08-02 09:55:00,228.81492710652395,291.15080438715256
2025-08-02 12:00:00,263.1008985364492,2025-08-02 10:00:00,226.5523722662343,288.27186344544685
2025-08-02 12:05:00,260.44162752281665,2025-08-02 10:05:00,224.26251252045378,285.35817894352897
2025-08-02 12:10:00,257.7851117055691,2025-08-02 10:10:00,221.97502523436674,282.44751322870184
2025-08-02 12:15:00,255.17351314857535,2025-08-02 10:15:00,219.72621555038143,279.5860620258215
2025-08-02 12:20:00,252.6555490224702,2025-08-02 10:20:00,217.55803311838048,276.8272032961142
2025-08-02 12:25:00,250.2849813365054,2025-08-02 10:25:00,215.51677162569652,274.22984248108844
2025-08-02 12:30:00,248.11879875542206,2025-08-02 10:30:00,213.65150318596048,271.85642037312306
2025-08-02 12:35:00,246.2151649521785,2025-08-02 10:35:00,212.01231169535723,269.7706651863055
2025-08-02 12:40:00,244.6312190951079,2025-08-02 10:40:00,210.64839886398045,268.03518261534356
2025-08-02 12:45:00,243.42082136398537,2025-08-02 10:45:00,209.60614291237835,266.7089856642811
2025-08-02 12:50:00,242.6323398058197,2025-08-02 10:50:00,208.92719286513682,265.84506976992583
2025-08-02 12:55:00,242.30657410774262,2025-08-02 10:55:00,208.64668074179224,265.4881379412864
2025-08-02 13:00:00,242.47490701203344,2025-08-02 11:00:00,208.79162976708895,265.67257531975616
2025-08-02 13:05:00,243.15776534974287,2025-08-02 11:05:00,209.3796291893274,266.4207629792274
2025-08-02 13:10:00,244.3634603063091,2025-08-02 11:10:00,210.41783564988677,267.7418072394695
2025-08-02 13:15:00,246.0874612069859,2025-08-02 11:15:00,211.90234785037757,269.6307439743278
2025-08-02 13:20:00,248.31213932643772,2025-08-02 11:20:00,213.81798595079542,272.06825791148316
2025-08-02 13:25:00,251.00699881425044,2025-08-02 11:25:00,216.13849041613292,275.02093565069583
2025-08-02 13:30:00,254.1293916663655,2025-08-02 11:30:00,218.82713766792406,278.4420490368337
2025-08-02 13:35:00,257.6256934123239,2025-08-02 11:35:00,221.83775245149815,282.2728433255707
2025-08-02 13:40:00,261.4328969527722,2025-08-02 11:40:00,225.11608026636674,286.44428350394423
2025-08-02 13:45:00,265.48056449427105,2025-08-02 11:45:00,228.6014681490104,290.8791929675236
2025-08-02 13:50:00,269.69306226088736,2025-08-02 11:50:00,232.22878895065688,295.49470202772557
2025-08-02 13:55:00,273.9919909441818,2025-08-02 11:55:00,235.9305341625562,300.20491088389446
2025-08-02 14:00:00,278.29871632997566,2025-08-02 12:00:00,239.63899300202934,304.9236623561119
2025-08-02 14:05:00,282.5369002864836,2025-08-02 12:05:00,243.28843180968337,309.56731501394535
2025-08-02 14:10:00,286.6349321513394,2025-08-02 12:10:00,246.81718768155693,314.0574071752123
2025-08-02 14:15:00,290.5281645341124,2025-08-02 12:15:00,250.1695936862774,318.32310660859014
2025-08-02 14:20:00,294.16086567610427,2025-08-02 12:20:00,253.2976600137989,322.3033496764309
2025-08-02 14:25:00,297.48781215648256,2025-08-02 12:25:00,256.1624454315807,325.9485864157082
2025-08-02 14:30:00,300.4754608109454,2025-08-02 12:30:00,258.7350664067721,329.2220645745939
2025-08-02 14:35:00,303.1026560263379,2025-08-02 12:35:00,260.9973061473605,332.1006045742255
2025-08-02 14:40:00,305.3608480971776,2025-08-02 12:40:00,262.94180262581193,334.5748387554839
2025-08-02 14:45:00,307.2538184768202,2025-08-02 12:45:00,264.5718119968302,336.64891034483276
2025-08-02 14:50:00,308.79692829947226,2025-08-02 12:50:00,265.9005615105485,338.3396500821403
2025-08-02 14:55:00,310.0159262592333,2025-08-02 12:55:00,266.9502229944423,339.67527004904747
2025-08-02 15:00:00,310.945370146241,2025-08-02 13:00:00,267.75055366097087,340.693634192865
2025-08-02 15:05:00,311.6267321623343,2025-08-02 13:05:00,268.33726462234245,341.44018237705126
2025-08-02 15:10:00,312.1062710522069,2025-08-02 13:10:00,268.75018861347627,341.96559893832915
2025-08-02 15:15:00,312.4327634149432,2025-08-02 13:15:00,269.0313264572319,342.3233269519173
2025-08-02 15:20:00,312.65519201185424,2025-08-02 13:20:00,269.2228564997759,342.56703537888114
2025-08-02 15:25:00,312.82049014480856,2025-08-02 13:25:00,269.3651923274386,342.7481476482647
2025-08-02 15:30:00,312.9714383123676,2025-08-02 13:30:00,269.495171607783,342.9135370855033
2025-08-02 15:35:00,313.1448023460723,2025-08-02 13:35:00,269.64445286573357,343.1034869234875
2025-08-02 15:40:00,313.3697915533347,2025-08-02 13:40:00,269.8381878127563,343.35000093538724
2025-08-02 15:45:00,313.6669013057315,2025-08-02 13:45:00,270.09402471640567,343.67553529291956
2025-08-02 15:50:00,314.04718782441864,2025-08-02 13:50:00,270.42148392855086,344.09220397020243
2025-08-02 15:55:00,314.5120041419927,2025-08-02 13:55:00,270.8217305259598,344.60148944498525
2025-08-02 16:00:00,315.05320631166506,2025-08-02 14:00:00,271.2877518740318,345.1944686359345
2025-08-02 16:05:00,315.65381861937175,2025-08-02 14:05:00,271.8049304313084,345.852541755844
2025-08-02 16:10:00,316.2891267552718,2025-08-02 14:10:00,272.3519850636142,346.5486300672741
2025-08-02 16:15:00,316.92814941157843,2025-08-02 14:15:00,272.90223821563103,347.24878826871725
2025-08-02 16:20:00,317.53542242462447,2025-08-02 14:20:00,273.4251522097837,347.9141593262268
2025-08-02 16:25:00,318.07301595392005,2025-08-02 14:25:00,273.88806620990454,348.5031846367762
2025-08-02 16:30:00,318.5026949725237,2025-08-02 14:30:00,274.25805658819354,348.9739712135812
2025-08-02 16:35:00,318.7881269237412,2025-08-02 14:35:00,274.5038379064202,349.2867105501704
2025-08-02 16:40:00,318.8970379114658,2025-08-02 14:40:00,274.5976195801892,349.4060410942914
2025-08-02 16:45:00,318.80322063468554,2025-08-02 14:45:00,274.5168348822563,349.30324828228936
2025-08-02 16:50:00,318.4883030143049,2025-08-02 14:50:00,274.2456638814633,348.958202371143
2025-08-02 16:55:00,317.9431961069931,2025-08-02 14:55:00,273.7762802203768,348.36094487479136
2025-08-02 17:00:00,317.1691530275579,2025-08-02 15:00:00,273.10976293800417,347.5128487940213
2025-08-02 17:05:00,316.1783864507766,2025-08-02 15:05:00,272.25662819167485,346.42729519493827
2025-08-02 17:10:00,314.994210509893,2025-08-02 15:10:00,271.2369514437803,345.1298286829473
2025-08-02 17:15:00,313.6506925315605,2025-08-02 15:15:00,270.0800675757786,343.657775819043
2025-08-02 17:20:00,312.19182032477977,2025-08-02 15:20:00,268.82385385276217,342.05933274295757
2025-08-02 17:25:00,310.6702109464571,2025-08-02 15:25:00,267.5136180601854,340.3921504058194
2025-08-02 17:30:00,309.14540596510676,2025-08-02 15:30:00,266.20063058013534,338.7214667410737
2025-08-02 17:35:00,307.68181568116876,2025-08-02 15:35:00,264.9403541892281,337.11785420756115
2025-08-02 17:40:00,306.3463896615035,2025-08-02 15:40:00,263.79043818960906,335.6546674631453
2025-08-02 17:45:00,305.206102813298,2025-08-02 15:45:00,262.80855370361155,334.405288930335
2025-08-02 17:50:00,304.3253545343384,2025-08-02 15:50:00,262.05015411973454,333.4402791222561
2025-08-02 17:55:00,303.7633829038203,2025-08-02 15:55:00,261.56624848980925,332.82454344809423
2025-08-02 18:00:00,303.57179632792696,2025-08-02 16:00:00,261.40127606476455,332.61462771024947
2025-08-02 18:05:00,303.79232134918914,2025-08-02 16:05:00,261.5911669658938,332.85625044574454
2025-08-02 18:10:00,304.45485781941767,2025-08-02 16:10:00,262.16166752244123,333.5821720367987
2025-08-02 18:15:00,305.5759215368709,2025-08-02 16:15:00,263.1269992490277,334.81048835448905
2025-08-02 18:20:00,307.1575401225354,2025-08-02 16:20:00,264.4889081007111,336.5434210030877
2025-08-02 18:25:00,309.18665116298973,2025-08-02 16:25:00,266.23614622252563,338.7666578830198
2025-08-02 18:30:00,311.6350328031729,2025-08-02 16:30:00,268.3444121839197,341.44927714341526
2025-08-02 18:35:00,314.45977721329456,2025-08-02 16:35:00,270.77675867425364,344.5442659457817
2025-08-02 18:40:00,317.6042969462069,2025-08-02 16:40:00,273.48445906255387,347.9896230999765
2025-08-02 18:45:00,320.9998343452178,2025-08-02 16:45:00,276.4083071267142,351.71001287764943
2025-08-02 18:50:00,324.56742544133834,2025-08-02 16:50:00,279.4803081369655,355.6189167963017
2025-08-02 18:55:00,328.22025279294326,2025-08-02 16:55:00,282.62570485202247,359.62121155602773
2025-08-02 19:00:00,331.8663074870531,2025-08-02 17:00:00,285.7652697298239,363.6160857154919
2025-08-02 19:05:00,335.4112688380887,2025-08-02 17:05:00,288.81778459441284,367.50019489257835
2025-08-02 19:10:00,338.76150268353877,2025-08-02 17:10:00,291.7026224249009,371.1709469081672
2025-08-02 19:15:00,341.82707451161616,2025-08-02 17:15:00,294.34234191604224,374.5298031808808
2025-08-02 19:20:00,344.52467342619735,2025-08-02 17:20:00,296.66520526208484,377.4854824288823
2025-08-02 19:25:00,346.7803460285668,2025-08-02 17:25:00,298.6075322627353,379.95695610314567
2025-08-02 19:30:00,348.5319462614675,2025-08-02 17:30:00,300.1158098483809,381.87613260903595
2025-08-02 19:35:00,349.73121745924897,2025-08-02 17:35:00,301.14848490330974,383.1901385470013
2025-08-02 19:40:00,350.3454358752263,2025-08-02 17:40:00,301.6773794833106,383.8631194768318
2025-08-02 19:45:00,350.3585604985981,2025-08-02 17:45:00,301.6886809063636,383.87749973800703
2025-08-02 19:50:00,349.77185117149253,2025-08-02 17:50:00,301.18347400427433,383.23465970223987
2025-08-02 19:55:00,348.6039354327823,2025-08-02 17:55:00,300.17779868091463,381.95500901226467
2025-08-02 20:00:00,346.89032334259537,2025-08-02 18:00:00,298.7022321346371,380.07745498942126
2025-08-02 20:05:00,344.6823881503492,2025-08-02 18:05:00,296.80101112628626,377.65828578180486
2025-08-02 20:10:00,342.0458484130728,2025-08-02 18:10:00,294.5307249532749,374.76950726626
2025-08-02 20:15:00,339.05880335647936,2025-08-02 18:15:00,291.95862372746467,371.4966904516857
2025-08-02 20:20:00,335.8093875335687,2025-08-02 18:20:00,289.16059883566504,367.9364017579175
2025-08-02 20:25:00,332.39312250447233,2025-08-02 18:25:00,286.218902509513,364.1933013297573
2025-08-02 20:30:00,328.9100520820922,2025-08-02 18:30:00,283.219681026994,360.3770042104521
2025-08-02 20:35:00,325.4617536433252,2025-08-02 18:35:00,280.250401195833,356.59880572390585
2025-08-02 20:40:00,322.14832033993264,2025-08-02 18:40:00,277.3972517789923,352.9683749724926
2025-08-02 20:45:00,319.0654086692982,2025-08-02 18:45:00,274.7426012006222,349.59051994776576
2025-08-02 20:50:00,316.3014419584581,2025-08-02 18:50:00,272.3625895066713,346.5621234707211
2025-08-02 20:55:00,313.935053815361,2025-08-02 18:55:00,270.324926957803,343.9693420570487
2025-08-02 21:00:00,312.0328463130735,2025-08-02 19:00:00,268.6869636342905,341.8851496259523
2025-08-02 21:05:00,310.64752637710257,2025-08-02 19:05:00,267.4940847061388,340.36729559492494
2025-08-02 21:10:00,309.81647058828196,2025-08-02 19:10:00,266.7784746056404,339.45673237677136
2025-08-02 21:15:00,309.56075433629593,2025-08-02 19:15:00,266.55828104553956,339.17655165187324
2025-08-02 21:20:00,309.88466604865823,2025-08-02 19:20:00,266.8371967286433,339.53145212326615
2025-08-02 21:25:00,310.7757118674874,2025-08-02 19:25:00,267.6044633749246,340.50774464084407
2025-08-02 21:30:00,312.20510114128626,2025-08-02 19:30:00,268.83528977146074,342.0738841403253
2025-08-02 21:35:00,314.12868873858065,2025-08-02 19:35:00,270.49166318505655,344.1815021084022
2025-08-02 21:40:00,316.4883371113698,2025-08-02 19:40:00,272.5235222153498,346.76689895532974
2025-08-02 21:45:00,319.21364957148995,2025-08-02 19:45:00,274.8702492939782,349.75294311451034
2025-08-02 21:50:00,322.2240164347204,2025-08-02 19:50:00,277.4624325896275,353.05131294199936
2025-08-02 21:55:00,325.4309083495797,2025-08-02 19:55:00,280.2238407602352,356.5650094489558
2025-08-02 22:00:00,328.7403455886419,2025-08-02 20:00:00,283.0735492239708,360.19106183101576
2025-08-02 22:05:00,332.0554693066472,2025-08-02 20:05:00,285.928154232346,363.8233447196627
2025-08-02 22:10:00,335.2791399447369,2025-08-02 20:10:00,288.7040103184591,367.3554251768025
2025-08-02 22:15:00,338.3164895991381,2025-08-02 20:15:00,291.319428104694,370.68335924954874
2025-08-02 22:20:00,341.0773588090144,2025-08-02 20:20:00,293.69677258543754,373.7083618865122
2025-08-02 22:25:00,343.47855370317643,2025-08-02 20:25:00,295.76440672341295,376.33928002661077
2025-08-02 22:30:00,345.4458666482377,2025-08-02 20:30:00,297.4584314005349,378.4948065634181
2025-08-02 22:35:00,346.91581202350415,2025-08-02 20:35:00,298.72418006852075,380.1053821823089
2025-08-02 22:40:00,347.83703830866745,2025-08-02 20:40:00,299.51743467714704,381.1147425431294
2025-08-02 22:45:00,348.1713879131357,2025-08-02 20:45:00,299.8053382779326,381.48107950381046
2025-08-02 22:50:00,347.894586822498,2025-08-02 20:50:00,299.56698886871857,381.177796745577
2025-08-02 22:55:00,346.9965569137902,2025-08-02 20:55:00,298.79370832381915,380.1938519675355
2025-08-02 23:00:00,345.48135420028177,2025-08-02 21:00:00,297.4889892175026,378.53368922331686
2025-08-02 23:05:00,343.3667463666993,2025-08-02 21:05:00,295.6681310456917,376.2167760389299
2025-08-02 23:10:00,340.68345210211015,2025-08-02 21:10:00,293.35758522653015,373.2767699723279
2025-08-02 23:15:00,337.4740731016366,2025-08-02 21:15:00,290.59403546252963,369.76034843931274
2025-08-02 23:20:00,333.79175667179095,2025-08-02 21:20:00,287.423246129399,365.7257433698043
2025-08-02 23:25:00,329.69863280559423,2025-08-02 21:25:00,283.8987164640701,361.2410287573299
2025-08-02 23:30:00,325.2640740579631,2025-08-02 21:30:00,280.08018216860233,356.3822140560155
2025-08-02 23:35:00,320.562829597411,2025-08-02 21:35:00,276.032008669134,351.2311997162899
2025-08-02 23:40:00,315.67308644384497,2025-08-02 21:40:00,271.8215216758351,345.87365294055047
2025-08-02 23:45:00,310.6745110688747,2025-08-02 21:45:00,267.51732083330467,340.39686192261496
2025-08-02 23:50:00,305.64632333947344,2025-08-02 21:50:00,263.187621221359,334.8876255248258
2025-08-02 23:55:00,300.6654522177289,2025-08-02 21:55:00,258.89866525480505,329.4302325328821
2025-08-03 00:00:00,295.8048189397116,2025-08-02 22:00:00,254.7132443536352,324.1045805857646
2025-08-03 00:05:00,291.1317886329723,2025-08-02 22:05:00,250.68936565328508,318.9844796588795
2025-08-03 00:10:00,286.7068254570848,2025-08-02 22:10:00,246.8790939656376,314.13617854137544
2025-08-03 00:15:00,282.58237997964846,2025-08-02 22:15:00,243.32759371461702,309.61714576697767
2025-08-03 00:20:00,278.80203041015193,2025-08-02 22:20:00,240.07238946510958,305.4751286893622
2025-08-03 00:25:00,275.39989167605984,2025-08-02 22:25:00,237.1428570869424,301.7475060243229
2025-08-03 00:30:00,272.40029878392306,2025-08-02 22:30:00,234.5599511017225,298.4609409179168
2025-08-03 00:35:00,269.81776312996533,2025-08-02 22:35:00,232.33616706251598,295.6313330772672
2025-08-03 00:40:00,267.65719287049205,2025-08-02 22:40:00,230.47573131161437,293.26406022389494
2025-08-03 00:45:00,265.9143613553969,2025-08-02 22:45:00,228.97500434184138,291.35449134244044
2025-08-03 00:50:00,264.57660103598886,2025-08-02 22:50:00,227.82307831053006,289.8887469749209
2025-08-03 00:55:00,263.62369437816676,2025-08-02 22:55:00,227.0025441919513,288.84467536791385
2025-08-03 01:00:00,263.0289283961281,2025-08-02 23:00:00,226.4903998210135,288.19300789391434
2025-08-03 01:05:00,262.7602754621115,2025-08-02 23:05:00,226.259066671426,287.89865282960307
2025-08-03 01:10:00,262.78166025283303,2025-08-02 23:10:00,226.27748080492128,287.9220835115391
2025-08-03 01:15:00,263.054271130442,2025-08-02 23:15:00,226.51222208239864,288.2207751774398
2025-08-03 01:20:00,263.5378739568614,2025-08-02 23:20:00,226.92864547041987,288.7506444736486
2025-08-03 01:25:00,264.1920872946546,2025-08-02 23:25:00,227.49197909820194,289.46744665496226
2025-08-03 01:30:00,264.97758022067774,2025-08-02 23:30:00,228.16835567760094,290.32808799357986
2025-08-03 01:35:00,265.857157390804,2025-08-02 23:35:00,228.925746836627,291.2918146523896
2025-08-03 01:40:00,266.79670055149717,2025-08-02 23:40:00,229.73477384142103,292.3212442713193
2025-08-03 01:45:00,267.7659412081678,2025-08-02 23:45:00,230.56937292978256,293.38321255717386
2025-08-03 01:50:00,268.7390454526314,2025-08-02 23:50:00,231.40729889762193,294.44941406176247
2025-08-03 01:55:00,269.694998782331,2025-08-02 23:55:00,232.2304564612182,295.4968238169261
2025-08-03 02:00:00,270.6177861434706,2025-08-03 00:00:00,233.02505528975283,296.5078946024664
2025-08-03 02:05:00,271.4963696013579,2025-08-03 00:05:00,233.78159077756558,297.4705324802023
2025-08-03 02:10:00,272.3244734270407,2025-08-03 00:10:00,234.49465898537022,298.37786131976077
2025-08-03 02:15:00,273.10019315946795,2025-08-03 00:15:00,235.16262000934512,299.2277944595643
2025-08-03 02:20:00,273.8254513625563,2025-08-03 00:20:00,235.78712934142726,300.0224383959643
2025-08-03 02:25:00,274.5053281662764,2025-08-03 00:25:00,236.37256140794008,300.7673592769341
2025-08-03 02:30:00,275.1472988510757,2025-08-03 00:30:00,236.92535306458473,301.4707475458982
2025-08-03 02:35:00,275.76041373760677,2025-08-03 00:35:00,237.4532974113659,302.1425193711927
2025-08-03 02:40:00,276.35445721182055,2025-08-03 00:40:00,237.96481964128242,302.79339521476373
2025-08-03 02:45:00,276.93912288527605,2025-08-03 00:45:00,238.46826678281937,303.43399607974425
2025-08-03 02:50:00,277.52324050299194,2025-08-03 00:50:00,238.97124200149847,304.0739964562802
2025-08-03 02:55:00,278.11408749607347,2025-08-03 00:55:00,239.48001178781848,304.72137001013056
2025-08-03 03:00:00,278.7168139073936,2025-08-03 01:00:00,239.99901076909018,305.3817594907654
2025-08-03 03:05:00,279.3340041577329,2025-08-03 01:05:00,240.53046435260805,306.05799657150277
2025-08-03 03:10:00,279.9653928015021,2025-08-03 01:10:00,241.07414396702052,306.74979041147105
2025-08-03 03:15:00,280.6077444230879,2025-08-03 01:15:00,241.62726364281352,307.4535960615916
2025-08-03 03:20:00,281.2549003452464,2025-08-03 01:20:00,242.1845202322312,308.1626656415822
2025-08-03 03:25:00,281.8979872083009,2025-08-03 01:25:00,242.73827301380163,308.8672768740076
2025-08-03 03:30:00,282.52577507830966,2025-08-03 01:30:00,243.27885205409234,309.5551254527946
2025-08-03 03:35:00,283.12516582531583,2025-08-03 01:35:00,243.79497874314606,310.21186014481805
2025-08-03 03:40:00,283.6817863772168,2025-08-03 01:40:00,244.27427663679362,310.821732800598
2025-08-03 03:45:00,284.18065658684515,2025-08-03 01:45:00,244.7038465473221,311.36833011648315
2025-08-03 03:50:00,284.6068975896461,2025-08-03 01:50:00,245.07087650000892,311.8353497611814
2025-08-03 03:55:00,284.9464446420888,2025-08-03 01:55:00,245.3632555479514,312.2073814116986
2025-08-03 04:00:00,285.1867277108041,2025-08-03 02:00:00,245.57015981751368,312.4706524547025
2025-08-03 04:05:00,285.31728448956164,2025-08-03 02:05:00,245.68258036836505,312.6136996510717
2025-08-03 04:10:00,285.3302732615929,2025-08-03 02:10:00,245.6937648117967,312.62793106395605
2025-08-03 04:15:00,285.22085762753704,2025-08-03 02:15:00,245.59954859438258,312.5080475937939
2025-08-03 04:20:00,284.98744090794037,2025-08-03 02:20:00,245.39855683857562,312.25229980618934
2025-08-03 04:25:00,284.6317351694062,2025-08-03 02:25:00,245.09226378012582,311.8625635618212
2025-08-03 04:30:00,284.1586577027163,2025-08-03 02:30:00,244.68490362688996,311.3442265905856
2025-08-03 04:35:00,283.57605631078195,2025-08-03 02:35:00,244.18323400826623,310.7058874977392
2025-08-03 04:40:00,282.89427338252284,2025-08-03 02:40:00,243.5961606055263,309.9588781325571
2025-08-03 04:45:00,282.1255670576435,2025-08-03 02:45:00,242.9342387251898,309.1166293757192
2025-08-03 04:50:00,281.28341567714466,2025-08-03 02:50:00,242.20907437143575,308.19390904633224
2025-08-03 04:55:00,280.38173828962266,2025-08-03 02:55:00,241.43265303536938,307.20596783376516
2025-08-03 05:00:00,279.4340694795108,2025-08-03 03:00:00,240.61662915157478,306.16763518138833
2025-08-03 05:05:00,278.45273048097874,2025-08-03 03:05:00,239.77161235630143,305.0924111006187
2025-08-03 05:10:00,277.44804035653743,2025-08-03 03:10:00,238.90648824478836,303.991601882676
2025-08-03 05:15:00,276.4276108959667,2025-08-03 03:15:00,238.0278112189453,302.87354754021766
2025-08-03 05:20:00,275.3957666128528,2025-08-03 03:20:00,237.13930505477336,301.7429863147205
2025-08-03 05:25:00,274.353126917726,2025-08-03 03:25:00,236.241503117707,300.60059687596015
2025-08-03 05:30:00,273.29638132491596,2025-08-03 03:30:00,235.33155479649352,299.4427520228195
2025-08-03 05:35:00,272.2182806419667,2025-08-03 03:35:00,234.40321791652593,298.26150902979134
2025-08-03 05:40:00,271.10785772186637,2025-08-03 03:40:00,233.44704882639002,297.04485151865964
2025-08-03 05:45:00,269.95088110141893,2025-08-03 03:45:00,232.4507930192947,295.7771864966301
2025-08-03 05:50:00,268.730533803546,2025-08-03 03:50:00,231.39996963990018,294.440088099911
2025-08-03 05:55:00,267.42829863894605,2025-08-03 03:55:00,230.27863380475193,293.01326759252527
2025-08-03 06:00:00,266.0250206201914,2025-08-03 04:00:00,229.07029143166847,291.47573742197596
2025-08-03 06:05:00,264.5021073562357,2025-08-03 04:05:00,227.7589328820621,289.807126455961
2025-08-03 06:10:00,262.84281981417394,2025-08-03 04:10:00,226.33014441719178,287.98909423181146
2025-08-03 06:15:00,261.03359919772487,2025-08-03 04:15:00,224.77225075400185,286.00678477795213
2025-08-03 06:20:00,259.06537122427886,2025-08-03 04:20:00,223.07743815919355,283.85025567163996
2025-08-03 06:25:00,256.9347668289527,2025-08-03 04:25:00,221.2428055798026,281.515815528249
2025-08-03 06:30:00,254.6451989777908,2025-08-03 04:30:00,219.27129187144718,279.00720383360743
2025-08-03 06:35:00,252.20773827704772,2025-08-03 04:35:00,217.1724297727966,276.33655032316
2025-08-03 06:40:00,249.6417359758787,2025-08-03 04:40:00,214.9628823641627,273.52505758756666
2025-08-03 06:45:00,246.97515106814092,2025-08-03 04:45:00,212.6667247301224,270.60335946846055
2025-08-03 06:50:00,244.2445487399114,2025-08-03 04:50:00,210.3154426226978,267.61151935743885
2025-08-03 06:55:00,241.49474961625575,2025-08-03 04:55:00,207.94763043282987,264.59864588613425
2025-08-03 07:00:00,238.77812285283176,2025-08-03 05:00:00,205.60838248179948,261.62211838761823
2025-08-03 07:05:00,236.15353062614548,2025-08-03 05:05:00,203.3483841370773,258.7464304056311
2025-08-03 07:10:00,233.6849460763609,2025-08-03 05:10:00,201.2227217428989,256.0416754154445
2025-08-03 07:15:00,231.43978123215277,2025-08-03 05:15:00,199.28944282057842,253.58171478063724
2025-08-03 07:20:00,229.48697449088644,2025-08-03 05:20:00,197.60790922539726,251.44208226176278
2025-08-03 07:25:00,227.89489912423403,2025-08-03 05:25:00,196.2369961910894,249.69769242788732
2025-08-03 07:30:00,226.72916364707646,2025-08-03 05:30:00,195.23319825936787,248.4204305859323
2025-08-03 07:35:00,226.05038198859987,2025-08-03 05:35:00,194.6487092065592,247.67670962317578
2025-08-03 07:40:00,225.9119953699679,2025-08-03 05:40:00,194.5295464940205,247.52508350311743
2025-08-03 07:45:00,226.3582285995016,2025-08-03 05:45:00,194.9137914635255,248.01400803862649
2025-08-03 07:50:00,227.42226109352274,2025-08-03 05:50:00,195.83001442980873,249.17983693364064
2025-08-03 07:55:00,229.12468703639598,2025-08-03 05:55:00,197.29594874668481,251.04513462612252
2025-08-03 08:00:00,231.4723303114643,2025-08-03 06:00:00,199.31747036124486,253.61737784297858
2025-08-03 08:05:00,234.45746798103158,2025-08-03 06:05:00,201.8879291637186,256.8881047900709
2025-08-03 08:10:00,238.05750196671232,2025-08-03 06:10:00,204.98786627617983,260.83255542209844
2025-08-03 08:15:00,242.23510253753093,2025-08-03 06:15:00,208.58513760807008,265.40982865825885
2025-08-03 08:20:00,246.93882978146112,2025-08-03 06:20:00,212.63544899633797,270.5635633102104
2025-08-03 08:25:00,252.10422141556927,2025-08-03 06:25:00,217.0832929029951,276.2231299634333
2025-08-03 08:30:00,257.65531740156194,2025-08-03 06:30:00,221.8632612394772,282.3053014533378
2025-08-03 08:35:00,263.50657479638596,2025-08-03 06:35:00,226.90169421675597,288.71635091036273
2025-08-03 08:40:00,269.5651111350115,2025-08-03 06:40:00,232.1186120897546,295.3545097680588
2025-08-03 08:45:00,275.73320105397255,2025-08-03 06:45:00,237.42986496371043,302.11270323957086
2025-08-03 08:50:00,281.9109407923112,2025-08-03 06:50:00,242.74942715733823,308.8814697324194
2025-08-03 08:55:00,287.9989878048235,2025-08-03 06:55:00,247.99175624410853,315.5519625616078
2025-08-03 09:00:00,293.9012791622795,2025-08-03 07:00:00,253.07413382729604,322.01892842024426
2025-08-03 09:05:00,299.5276325845348,2025-08-03 07:05:00,257.91890525191207,328.1835572544993
2025-08-03 09:10:00,304.79613782657225,2025-08-03 07:10:00,262.4555387925813,333.95610243447646
2025-08-03 09:15:00,309.6352538296045,2025-08-03 07:15:00,266.62243147997583,339.2581785405736
2025-08-03 09:20:00,313.9855379107806,2025-08-03 07:20:00,270.36839808102087,344.0246559854386
2025-08-03 09:25:00,317.8009474911949,2025-08-03 07:25:00,273.6537919980258,348.2050872788014
2025-08-03 09:30:00,321.0496710216251,2025-08-03 07:30:00,276.45122076679957,351.76461744819926
2025-08-03 09:35:00,323.71446317698684,2025-08-03 07:35:00,278.74583468773994,354.68435130161487
2025-08-03 09:40:00,325.7924785230057,2025-08-03 07:40:00,280.5351835986141,356.9611711809742
2025-08-03 09:45:00,327.29461743718235,2025-08-03 07:45:00,281.82865365657744,358.6070203071171
2025-08-03 09:50:00,328.2444170263915,2025-08-03 07:50:00,282.64651232338474,359.64768759105306
2025-08-03 09:55:00,328.6765374665348,2025-08-03 07:55:00,283.01860497439344,360.1211491611424
2025-08-03 10:00:00,328.6349097796132,2025-08-03 08:00:00,282.98275997623307,360.07553893728317
2025-08-03 10:05:00,328.1706240139785,2025-08-03 08:05:00,282.5829702294131,359.5668347725493
2025-08-03 10:10:00,327.3396464352214,2025-08-03 08:10:00,281.8674274744674,358.65635724684637
2025-08-03 10:15:00,326.20046038337017,2025-08-03 08:15:00,280.8864908682636,357.4081848240041
2025-08-03 10:20:00,324.81172749603184,2025-08-03 08:20:00,279.69067309713176,355.88659132322954
2025-08-03 10:25:00,323.23006420154815,2025-08-03 08:25:00,278.3287257473318,354.15360968850166
2025-08-03 10:30:00,321.50802241180844,2025-08-03 08:30:00,276.8459005088879,352.2668194934829
2025-08-03 10:35:00,319.6923539619192,2025-08-03 08:35:00,275.2824547097304,350.27744533945975
2025-08-03 10:40:00,317.8226254142505,2025-08-03 08:40:00,273.67245854352745,348.2288391371555
2025-08-03 10:45:00,315.93023429617165,2025-08-03 08:45:00,272.0429479662501,346.15540222754856
2025-08-03 10:50:00,314.03786020818114,2025-08-03 08:50:00,270.4134520533351,344.08198397730524
2025-08-03 10:55:00,312.15936510029417,2025-08-03 08:55:00,268.7959071291267,342.0237725145697
2025-08-03 11:00:00,310.3001375210339,2025-08-03 09:00:00,267.1949531946958,339.98667191239036
2025-08-03 11:05:00,308.4578562827792,2025-08-03 09:05:00,265.6085915090083,337.9681389142269
2025-08-03 11:10:00,306.62363083643686,2025-08-03 09:10:00,264.02916654903476,335.9584324087096
2025-08-03 11:15:00,304.7834592987939,2025-08-03 09:15:00,262.4446214959814,333.94221094703295
2025-08-03 11:20:00,302.91993137258703,2025-08-03 09:20:00,260.8399645950927,331.9003985820483
2025-08-03 11:25:00,301.01409284701765,2025-08-03 09:25:00,259.19887465003376,329.8122277462657
2025-08-03 11:30:00,299.0473814377291,2025-08-03 09:30:00,257.50536794665146,327.6573602943916
2025-08-03 11:35:00,297.0035407587506,2025-08-03 09:35:00,255.74544634648763,325.4179845857103
2025-08-03 11:40:00,294.8704202162577,2025-08-03 09:40:00,253.90864714922202,323.0807875743782
2025-08-03 11:45:00,292.64157383382553,2025-08-03 09:45:00,251.98941981793618,320.63870659490806
2025-08-03 11:50:00,290.317579820107,2025-08-03 09:50:00,249.98826223972472,318.09237517339875
2025-08-03 11:55:00,287.90701506190163,2025-08-03 09:55:00,247.91255984755995,315.45119075073313
2025-08-03 12:00:00,285.4270339959998,2025-08-03 10:00:00,245.77708407845088,312.73394893531645
2025-08-03 12:05:00,282.9035187833207,2025-08-03 10:05:00,243.604121686218,309.9690080444317
2025-08-03 12:10:00,280.37078673509245,2025-08-03 10:10:00,241.4232228104153,307.1939685397695
2025-08-03 12:15:00,277.87086057115744,2025-08-03 10:15:00,239.2705726063285,304.4548734710625
2025-08-03 12:20:00,275.4523267234981,2025-08-03 10:20:00,237.18800814668074,301.8049575530671
2025-08-03 12:25:00,273.16882527290704,2025-08-03 10:25:00,235.22171812797475,299.3029926338896
2025-08-03 12:30:00,271.0772319369205,2025-08-03 10:30:00,233.42067740663967,297.0112957530012
2025-08-03 12:35:00,269.23560662547936,2025-08-03 10:35:00,231.83488053002912,294.99348143442376
2025-08-03 12:40:00,267.70099409020247,2025-08-03 10:40:00,230.51344790737193,293.3120519232671
2025-08-03 12:45:00,266.52716962395004,2025-08-03 10:45:00,229.5026846643236,292.02592721549627
2025-08-03 12:50:00,265.7624260714465,2025-08-03 10:50:00,228.8441750698724,291.18802035100276
2025-08-03 12:55:00,265.4474977610839,2025-08-03 10:55:00,228.5729948640908,290.8429627271598
2025-08-03 13:00:00,265.613712074897,2025-08-03 11:00:00,228.71611960181852,291.0250788287799
2025-08-03 13:05:00,266.2814506181276,2025-08-03 11:05:00,229.29109958806717,291.7567001771759
2025-08-03 13:10:00,267.4589896317859,2025-08-03 11:10:00,230.30506137407517,293.04689480454226
2025-08-03 13:15:00,269.14177389726245,2025-08-03 11:15:00,231.754082527088,294.8906716927401
2025-08-03 13:20:00,271.31216066466385,2025-08-03 11:20:00,233.62297113075772,297.26870020315766
2025-08-03 13:25:00,273.93965070813135,2025-08-03 11:25:00,235.8854647435304,300.1475632371803
2025-08-03 13:30:00,276.98160337744076,2025-08-03 11:30:00,238.5048461192203,303.48054069705466
2025-08-03 13:35:00,280.3844124102842,2025-08-03 11:35:00,241.43495568193185,307.2088977885865
2025-08-03 13:40:00,284.085099835297,2025-08-03 11:40:00,244.62156401286586,311.26363141348816
2025-08-03 13:45:00,288.0132680015696,2025-08-03 11:45:00,248.00405271465368,315.5676089503099
2025-08-03 13:50:00,292.09333435452066,2025-08-03 11:50:00,251.517338744487,320.03801683218694
2025-08-03 13:55:00,296.24696195722856,2025-08-03 11:55:00,255.09396730082628,324.58902359708844
2025-08-03 14:00:00,300.3955901589499,2025-08-03 12:00:00,258.6662909454009,329.13455266637385
2025-08-03 14:05:00,304.46296564641534,2025-08-03 12:05:00,262.1686490548133,333.5910555427468
2025-08-03 14:10:00,308.3775738625552,2025-08-03 12:10:00,265.53946147998073,337.8801758437524
2025-08-03 14:15:00,312.0748748286166,2025-08-03 12:15:00,268.72315378017026,341.93119902586255
2025-08-03 14:20:00,315.49925552864255,2025-08-03 12:20:00,271.6718383929904,345.6831915543349
2025-08-03 14:25:00,318.60562262768553,2025-08-03 12:25:00,274.34668610097145,349.08674599739464
2025-08-03 14:30:00,321.36057439091235,2025-08-03 12:30:00,276.7189351541293,352.1052650632947
2025-08-03 14:35:00,323.74310796875176,2025-08-03 12:35:00,278.7705003029602,354.7157365517072
2025-08-03 14:40:00,325.74483773316933,2025-08-03 12:40:00,280.4941608046438,356.90897257831443
2025-08-03 14:45:00,327.3697205092267,2025-08-03 12:45:00,281.8933238239192,358.6893085191648
2025-08-03 14:50:00,328.63330404651555,2025-08-03 12:50:00,282.9813773027244,360.07377958307785
2025-08-03 14:55:00,329.56153486921227,2025-08-03 12:55:00,283.7806634171481,361.0908146082517
2025-08-03 15:00:00,330.18917974440166,2025-08-03 13:00:00,284.32111932667135,361.77850651184957
2025-08-03 15:05:00,330.5579309345198,2025-08-03 13:05:00,284.6386456344946,362.1825362712096
2025-08-03 15:10:00,330.7142782605883,2025-08-03 13:10:00,284.77327405201555,362.3538414065443
2025-08-03 15:15:00,330.70724032683813,2025-08-03 13:15:00,284.76721378921974,362.3461301509452
2025-08-03 15:20:00,330.5860527235174,2025-08-03 13:20:00,284.6628608996086,362.2133484826572
2025-08-03 15:25:00,330.39791232316395,2025-08-03 13:25:00,284.50085592639755,362.0072086173015
2025-08-03 15:30:00,330.18587380281315,2025-08-03 13:30:00,284.3182726282617,361.7748842895483
2025-08-03 15:35:00,329.9869876780495,2025-08-03 13:35:00,284.1470146674311,361.55697065216435
2025-08-03 15:40:00,329.8307582996472,2025-08-03 13:40:00,284.01248781293685,361.3857947485947
2025-08-03 15:45:00,329.73798630997135,2025-08-03 13:45:00,283.93260319658685,361.2841472267194
2025-08-03 15:50:00,329.7200432733152,2025-08-03 13:50:00,283.9171527076576,361.2644875727938
2025-08-03 15:55:00,329.7786074814719,2025-08-03 13:55:00,283.9675814988993,361.3286546414373
2025-08-03 16:00:00,329.9058699912572,2025-08-03 14:00:00,284.07716540246173,361.46809240484527
2025-08-03 16:05:00,330.0851996672546,2025-08-03 14:05:00,284.23158358856807,361.66457862043177
2025-08-03 16:10:00,330.29223615856034,2025-08-03 14:10:00,284.40985971195613,361.891422373083
2025-08-03 16:15:00,330.4963613047297,2025-08-03 14:15:00,284.58562891822305,362.11507625108055
2025-08-03 16:20:00,330.6624830750627,2025-08-03 14:20:00,284.72867396810074,362.29709095554995
2025-08-03 16:25:00,330.7530525305205,2025-08-03 14:25:00,284.806662014143,362.3963252259052
2025-08-03 16:30:00,330.73022410477756,2025-08-03 14:30:00,284.7870047874443,362.3713127958259
2025-08-03 16:35:00,330.5580630105789,2025-08-03 14:35:00,284.63875936327577,362.18268098303645
2025-08-03 16:40:00,330.2047012155221,2025-08-03 14:40:00,284.3344846405983,361.79551292812636
2025-08-03 16:45:00,329.6443451174213,2025-08-03 14:45:00,283.8519701222338,361.18154734499416
2025-08-03 16:50:00,328.8590439113867,2025-08-03 14:50:00,283.1757586301395,360.3211160682907
2025-08-03 16:55:00,327.84013726537626,2025-08-03 14:55:00,282.2983928778537,359.20473022865167
2025-08-03 17:00:00,326.5893139465466,2025-08-03 15:00:00,281.22132703831033,357.8342401582421
2025-08-03 17:05:00,325.11922905908403,2025-08-03 15:05:00,279.9554582383935,356.2235116799693
2025-08-03 17:10:00,323.45364566524574,2025-08-03 15:10:00,278.52124850676444,354.3985812774643
2025-08-03 17:15:00,321.6270862120039,2025-08-03 15:15:00,276.9484246223948,352.3972741735778
2025-08-03 17:20:00,319.68399953621827,2025-08-03 15:20:00,275.2752608347874,350.2682916426148
2025-08-03 17:25:00,317.67746932338383,2025-08-03 15:25:00,273.5474667365147,348.0697959068307
2025-08-03 17:30:00,315.6675090458611,2025-08-03 15:30:00,271.8167190592293,345.86754195074036
2025-08-03 17:35:00,313.719005889268,2025-08-03 15:35:00,270.1388912184655,343.7326247421524
2025-08-03 17:40:00,311.8993909431984,2025-08-03 15:40:00,268.5720471486189,341.73892652913014
2025-08-03 17:45:00,310.27612495745024,2025-08-03 15:45:00,267.17427632405673,339.96036205754433
2025-08-03 17:50:00,308.9140971471425,2025-08-03 15:50:00,266.00145390788754,338.4680285188676
2025-08-03 17:55:00,307.8730390556388,2025-08-03 15:55:00,265.1050138667888,337.32737199636176
2025-08-03 18:00:00,307.20505584469765,2025-08-03 16:00:00,264.5298232007191,336.59548257280056
2025-08-03 18:05:00,306.9523737511226,2025-08-03 16:05:00,264.312242310471,336.3186262854242
2025-08-03 18:10:00,307.14539491996334,2025-08-03 16:10:00,264.47845004272017,336.5301138642796
2025-08-03 18:15:00,307.80113966572713,2025-08-03 16:15:00,265.0431023437207,337.2485939639578
2025-08-03 18:20:00,308.92214199292505,2025-08-03 16:20:00,266.00838120804764,338.4768430181633
2025-08-03 18:25:00,310.49584736831923,2025-08-03 16:25:00,267.3634761090036,340.2011053965989
2025-08-03 18:30:00,312.4945429442088,2025-08-03 16:30:00,269.08452391490107,342.3910169526859
2025-08-03 18:35:00,314.8758306587223,2025-08-03 16:35:00,271.13501626887046,345.0001233855454
2025-08-03 18:40:00,317.58363319514575,2025-08-03 16:40:00,273.46666580586464,347.9669824398445
2025-08-03 18:45:00,320.5497030425079,2025-08-03 16:45:00,276.0207055828673,351.2168173387929
2025-08-03 18:50:00,323.69558596952373,2025-08-03 16:50:00,278.7295797978619,354.6636681043993
2025-08-03 18:55:00,326.9349735192612,2025-08-03 16:55:00,281.5189694889087,358.212969116214
2025-08-03 19:00:00,330.1763645970988,2025-08-03 17:00:00,284.31008438897805,361.7644653344387
2025-08-03 19:05:00,333.32594480038483,2025-08-03 17:05:00,287.0221422750075,365.21536709616856
2025-08-03 19:10:00,336.29058430273267,2025-08-03 17:10:00,289.5749504026394,368.46363480844093
2025-08-03 19:15:00,338.98085061658037,2025-08-03 17:15:00,291.89149975241554,371.41127994295556
2025-08-03 19:20:00,341.31393215735795,2025-08-03 17:20:00,293.9004824685293,373.9675682987589
2025-08-03 19:25:00,343.21637172115516,2025-08-03 17:25:00,295.5386456168459,376.05201499277956
2025-08-03 19:30:00,344.6265159639031,2025-08-03 17:30:00,296.7529003959411,377.5970682816322
2025-08-03 19:35:00,345.4965970376315,2025-08-03 17:35:00,297.50211460392603,378.5503903488221
2025-08-03 19:40:00,345.79437574454585,2025-08-03 17:40:00,297.75852753461953,378.87665766000987
2025-08-03 19:45:00,345.5042909542195,2025-08-03 17:45:00,297.50873972404054,378.5588203453913
2025-08-03 19:50:00,344.62807733839907,2025-08-03 17:50:00,296.75424487290036,377.5987790334312
2025-08-03 19:55:00,343.18483182636584,2025-08-03 17:55:00,295.51148707035173,376.0174576640347
2025-08-03 20:00:00,341.2105280492865,2025-08-03 18:00:00,293.81144268905314,373.8542714796014
2025-08-03 20:05:00,338.75699662236127,2025-08-03 18:05:00,291.6987423208989,371.16600975037085
2025-08-03 20:10:00,335.89040688493526,2025-08-03 18:10:00,289.2303634254238,368.0251722620226
2025-08-03 20:15:00,332.68930187843955,2025-08-03 18:15:00,286.4739382777748,364.51781629919515
2025-08-03 20:20:00,329.24225265468397,2025-08-03 18:20:00,283.5057341275631,360.74098654054444
2025-08-03 20:25:00,325.64520954991195,2025-08-03 18:25:00,280.4083724193244,356.79981292816103
2025-08-03 20:30:00,321.9986370952446,2025-08-03 18:30:00,277.26836170540753,352.80437147378615
2025-08-03 20:35:00,318.4045249534508,2025-08-03 18:35:00,274.1735238069294,348.86640923074475
2025-08-03 20:40:00,314.9633697644874,2025-08-03 18:40:00,271.2103949246922,345.09603739147866
2025-08-03 20:45:00,311.77122238246864,2025-08-03 18:45:00,268.4616830577138,341.59849603253275
2025-08-03 20:50:00,308.91689099005544,2025-08-03 18:50:00,266.0038596455463,338.47108964981453
2025-08-03 20:55:00,306.4793842220048,2025-08-03 18:55:00,263.90495787900454,335.8003856647823
2025-08-03 21:00:00,304.52566901367663,2025-08-03 19:00:00,262.22264201599717,333.6597577654502
2025-08-03 21:05:00,303.1088066405106,2025-08-03 19:05:00,261.0026023521225,332.1073436200393
2025-08-03 21:10:00,302.26651720800356,2025-08-03 19:10:00,260.2773191237841,331.184472031155
2025-08-03 21:15:00,302.0202084902295,2025-08-03 19:15:00,260.0652262551091,330.9145988629121
2025-08-03 21:20:00,302.374489835442,2025-08-03 19:20:00,260.3702927891044,331.3027744416976
2025-08-03 21:25:00,303.3171765464495,2025-08-03 19:25:00,261.1820266595344,332.3356483556183
2025-08-03 21:30:00,304.81977507159843,2025-08-03 19:30:00,262.4758924818477,333.9820010638932
2025-08-03 21:35:00,306.8384250223727,2025-08-03 19:35:00,264.21412271088536,336.1937760376421
2025-08-03 21:40:00,309.3152609699484,2025-08-03 19:40:00,266.3468902641662,338.9075718400437
2025-08-03 21:45:00,312.18014543164145,2025-08-03 19:45:00,268.8138007714114,342.0465409082689
2025-08-03 21:50:00,315.3527147562796,2025-08-03 19:50:00,271.5456542568008,345.52263116949854
2025-08-03 21:55:00,318.7446721869296,2025-08-03 19:55:00,274.46641966206744,349.23909848185036
2025-08-03 22:00:00,322.26225692850846,2025-08-03 20:00:00,277.4953609248499,353.09321191864547
2025-08-03 22:05:00,325.8088151289761,2025-08-03 20:05:00,280.54925081335176,356.9790707163679
2025-08-03 22:10:00,329.28739807927576,2025-08-03 20:10:00,283.5446081986709,360.79045104539983
2025-08-03 22:15:00,332.603314355166,2025-08-03 20:15:00,286.3998956671593,364.4236023162517
2025-08-03 22:20:00,335.6665663981143,2025-08-03 20:20:00,289.037617624932,367.779916869094
2025-08-03 22:25:00,338.3941074428018,2025-08-03 20:25:00,291.3862637054465,370.768402822391
2025-08-03 22:30:00,340.71186199629307,2025-08-03 20:30:00,293.38204857484544,373.30789785209555
2025-08-03 22:35:00,342.5564614150944,2025-08-03 20:35:00,294.9704064122189,375.32897081203674
2025-08-03 22:40:00,343.8766558356024,2025-08-03 20:40:00,296.1072067024592,376.77546874430203
2025-08-03 22:45:00,344.6343738294315,2025-08-03 20:45:00,296.759666690113,377.60567791220046
2025-08-03 22:50:00,344.8054119165761,2025-08-03 20:50:00,296.906945109176,377.79307927941574
2025-08-03 22:55:00,344.37974672175824,2025-08-03 20:55:00,296.5404109764018,377.32669053047346
2025-08-03 23:00:00,343.3614731173135,2025-08-03 21:00:00,295.6635903270376,376.21099829573205
2025-08-03 23:05:00,341.7683816206447,2025-08-03 21:05:00,294.2918023178929,374.4654951182878
2025-08-03 23:10:00,339.6311976359953,2025-08-03 21:10:00,292.45150414945226,372.1238459137136
2025-08-03 23:15:00,336.99251335243355,2025-08-03 21:15:00,290.17937133870197,369.23271768230927
2025-08-03 23:20:00,333.90545027665286,2025-08-03 21:20:00,287.5211460455006,365.8503140858972
2025-08-03 23:25:00,330.4320962450002,2025-08-03 21:25:00,284.53029120627855,362.04466292818535
2025-08-03 23:30:00,326.6417652134351,2025-08-03 21:30:00,281.2664920643823,357.8917094581576
2025-08-03 23:35:00,322.60913129707075,2025-08-03 21:35:00,277.7940494185543,353.4732718924546
2025-08-03 23:40:00,318.4122899519678,2025-08-03 21:40:00,274.1802101346632,348.8749171096787
2025-08-03 23:45:00,314.1307995663368,2025-08-03 21:45:00,270.49348078825847,344.18381487986767
2025-08-03 23:50:00,309.84375537344425,2025-08-03 21:50:00,266.80196913887715,339.4866275079024
2025-08-03 23:55:00,305.6279451807045,2025-08-03 21:55:00,263.1717960550819,334.86748912048625
2025-08-04 00:00:00,301.55613255700933,2025-08-03 22:00:00,259.6656171919415,330.4061246053412
2025-08-04 00:05:00,297.69550845758613,2025-08-03 22:05:00,256.3412897076272,326.17615310241627
2025-08-04 00:10:00,294.106346426137,2025-08-03 22:10:00,253.25071427745604,322.24361454869427
2025-08-04 00:15:00,290.8408900141351,2025-08-03 22:15:00,250.43887706676506,318.66575065646106
2025-08-04 00:20:00,287.9424940755388,2025-08-03 22:20:00,247.9431103122291,315.4900640553523
2025-08-04 00:25:00,285.44503391957613,2025-08-03 22:25:00,245.79258355188298,312.7536709185559
2025-08-04 00:30:00,283.37258876860756,2025-08-03 22:30:00,244.00803105527288,310.48295413696565
2025-08-04 00:35:00,281.73939816029844,2025-08-03 22:35:00,242.6017142819985,308.69351555033285
2025-08-04 00:40:00,280.5500824333598,2025-08-03 22:40:00,241.57761173879052,307.3904175269634
2025-08-04 00:45:00,279.8001112895423,2025-08-03 22:45:00,240.93182245145545,306.56869635321897
2025-08-04 00:50:00,279.47649782878057,2025-08-03 22:50:00,240.65316358848426,306.2141226672728
2025-08-04 00:55:00,279.558689624396,2025-08-03 22:55:00,240.7239377530009,306.30417778382235
2025-08-04 01:00:00,280.0196234073454,2025-08-03 23:00:00,241.12084115608974,306.8092092803886
2025-08-04 01:05:00,280.82690606288844,2025-08-03 23:05:00,241.81598055591704,307.69372498039235
2025-08-04 01:10:00,281.94408173415417,2025-08-03 23:10:00,242.77796434225638,308.9177812810099
2025-08-04 01:15:00,283.33194343484723,2025-08-03 23:15:00,243.9730319471886,310.4384202483752
2025-08-04 01:20:00,284.9498470439193,2025-08-03 23:20:00,245.36618530687807,312.2111093226306
2025-08-04 01:25:00,286.75698673928497,2025-08-03 23:25:00,246.92228711906878,314.19113877288015
2025-08-04 01:30:00,288.7135930389395,2025-08-03 23:30:00,248.60709245893494,316.33493435536604
2025-08-04 01:35:00,290.7820181015463,2025-08-03 23:35:00,250.38818331569456,318.6012464451833
2025-08-04 01:40:00,292.927677500026,2025-08-03 23:40:00,252.2357795402037,320.952181909713
2025-08-04 01:45:00,295.11982316179,2025-08-03 23:45:00,254.1234044125945,323.3540509963479
2025-08-04 01:50:00,297.3321284324938,2025-08-03 23:50:00,256.0283884321972,325.7780083695213
2025-08-04 01:55:00,299.54307322946926,2025-08-03 23:55:00,257.93220096758114,328.20047511191757
2025-08-04 02:00:00,301.73612434716034,2025-08-04 00:00:00,259.8206055149537,330.60333627979895
2025-08-04 02:05:00,303.8997134325873,2025-08-04 00:05:00,261.6836407331512,332.9739167713736
2025-08-04 02:10:00,306.02702241761835,2025-08-04 00:10:00,263.51543568247666,335.30474623128964
2025-08-04 02:15:00,308.11559286021554,2025-08-04 00:15:00,265.3138734341059,337.59313101740685
2025-08-04 02:20:00,310.1667820775903,2025-08-04 00:20:00,267.0801227542267,339.84055830200015
2025-08-04 02:25:00,312.1850940007207,2025-08-04 00:25:00,268.81806191255714,342.0519629088695
2025-08-04 02:30:00,314.17741713227343,2025-08-04 00:30:00,270.53362249895184,344.2348923664008
2025-08-04 02:35:00,316.1522047787757,2025-08-04 00:35:00,272.2340835332009,346.3986087122322
2025-08-04 02:40:00,318.11863445958386,2025-08-04 00:40:00,273.92734764427007,348.5531674825531
2025-08-04 02:45:00,320.0857834360111,2025-08-04 00:45:00,275.62123113037666,350.70851436378365
2025-08-04 02:50:00,322.06185600977113,2025-08-04 00:50:00,277.322798596873,352.8736385663614
2025-08-04 02:55:00,324.05349546722823,2025-08-04 00:55:00,279.0377704814081,355.0558189424315
2025-08-04 03:00:00,326.06520940511,2025-08-04 01:00:00,280.770028210224,357.2599943322469
2025-08-04 03:05:00,328.0989319013135,2025-08-04 01:05:00,282.5212371897793,359.4882838476865
2025-08-04 03:10:00,330.1537396882116,2025-08-04 01:10:00,284.29060240769553,361.7396758917515
2025-08-04 03:15:00,332.2257324824355,2025-08-04 01:15:00,286.0747653864659,364.0098970394521
2025-08-04 03:20:00,334.30808008733857,2025-08-04 01:20:00,287.8678447427052,366.29146364658175
2025-08-04 03:25:00,336.3912314423369,2025-08-04 01:25:00,289.6616161965078,368.5739108988897
2025-08-04 03:30:00,338.4632731463594,2025-08-04 01:30:00,291.44582129079726,370.84418563560826
2025-08-04 03:35:00,340.5104182789584,2025-08-04 01:35:00,293.20858830810306,373.0871819362683
2025-08-04 03:40:00,342.51760012867544,2025-08-04 01:40:00,294.93694352145525,375.2863916512881
2025-08-04 03:45:00,344.4691404727951,2025-08-04 01:45:00,296.61738664039933,377.42463661631024
2025-08-04 03:50:00,346.3494584300203,2025-08-04 01:50:00,298.23650119376583,379.4848453210865
2025-08-04 03:55:00,348.14378373789395,2025-08-04 01:55:00,299.7815687225253,381.4508344264274
2025-08-04 04:00:00,349.83883781481626,2025-08-04 02:00:00,301.24115523242506,383.3080549836863
2025-08-04 04:05:00,351.4234472385355,2025-08-04 02:05:00,302.6056394514301,385.0442646049753
2025-08-04 04:10:00,352.8890570916292,2025-08-04 02:10:00,303.86765486408035,386.6500899206072
2025-08-04 04:15:00,354.2301161466244,2025-08-04 02:15:00,305.02242138881803,388.11944861502576
2025-08-04 04:20:00,355.44431175479275,2025-08-04 02:20:00,306.0679476373256,389.44980678750255
2025-08-04 04:25:00,356.5326393501884,2025-08-04 02:25:00,307.00509076344656,390.64225510565353
2025-08-04 04:30:00,357.49929939509127,2025-08-04 02:30:00,307.8374677243994,391.70139589161255
2025-08-04 04:35:00,358.3514231643539,2025-08-04 02:35:00,308.57121915765094,392.6350426720604
2025-08-04 04:40:00,359.0986372729686,2025-08-04 02:40:00,309.2146344019132,393.45374304397586
2025-08-04 04:45:00,359.7524853627199,2025-08-04 02:45:00,309.7776535198977,394.1701450338259
2025-08-04 04:50:00,360.32573298792494,2025-08-04 02:50:00,310.271268745496,394.79823548145566
2025-08-04 04:55:00,360.83158862605745,2025-08-04 02:55:00,310.70685370731354,395.3524865244966
2025-08-04 05:00:00,361.2828789892494,2025-08-04 03:00:00,311.0954533013506,395.8469520116006
2025-08-04 05:05:00,361.69122059663033,2025-08-04 03:05:00,311.44707034394435,396.2943598187834
2025-08-04 05:10:00,362.06623144690815,2025-08-04 03:10:00,311.7699867544493,396.705248102416
2025-08-04 05:15:00,362.4148263847945,2025-08-04 03:15:00,312.0701568054733,397.08719325308306
2025-08-04 05:20:00,362.74063756667414,2025-08-04 03:20:00,312.3507080942614,397.44417491697806
2025-08-04 05:25:00,363.04359710582355,2025-08-04 03:25:00,312.6115821645393,397.7761187126283
2025-08-04 05:30:00,363.3197127520376,2025-08-04 03:30:00,312.84934134749,398.07865044970464
2025-08-04 05:35:00,363.5610595295973,2025-08-04 03:35:00,313.05716156132854,398.3430869669902
2025-08-04 05:40:00,363.75600096751555,2025-08-04 03:40:00,313.225022809462,398.55667852780977
2025-08-04 05:45:00,363.889643172503,2025-08-04 03:45:00,313.34010017614236,398.70310633433184
2025-08-04 05:50:00,363.9445140985872,2025-08-04 03:50:00,313.38734873569484,398.76322678317587
2025-08-04 05:55:00,363.9014492828782,2025-08-04 03:55:00,313.35026624675487,398.7160419398613
2025-08-04 06:00:00,363.74065471441156,2025-08-04 04:00:00,313.2118083732307,398.53986409272494
2025-08-04 06:05:00,363.4429076490056,2025-08-04 04:05:00,312.95542268858173,398.2136314502009
2025-08-04 06:10:00,362.99084780343986,2025-08-04 04:10:00,312.56616050442,397.71832286404634
2025-08-04 06:15:00,362.3703046751596,2025-08-04 04:15:00,312.0318198062793,397.03841213423624
2025-08-04 06:20:00,361.5716022024046,2025-08-04 04:20:00,311.34406867755223,396.1632974864325
2025-08-04 06:25:00,360.5907799127738,2025-08-04 04:25:00,310.49949681282834,395.0886395483049
2025-08-04 06:30:00,359.43067011070667,2025-08-04 04:30:00,309.50054306842975,393.81754159195606
2025-08-04 06:35:00,358.10177390399207,2025-08-04 04:35:00,308.35624979614704,392.361509370226
2025-08-04 06:40:00,356.6228845842462,2025-08-04 04:40:00,307.0827996271382,390.7411341362218
2025-08-04 06:45:00,355.02141510318313,2025-08-04 04:45:00,305.703797457001,388.98645144936995
2025-08-04 06:50:00,353.33339689914385,2025-08-04 04:50:00,304.25026943531424,387.136939889679
2025-08-04 06:55:00,351.6031295038391,2025-08-04 04:55:00,302.76036124708014,385.2411371422236
2025-08-04 07:00:00,349.8824739888283,2025-08-04 05:00:00,301.2787297097227,383.35586584737416
2025-08-04 07:05:00,348.22979779368535,2025-08-04 05:05:00,299.85563417990755,381.5450774802649
2025-08-04 07:10:00,346.708593012784,2025-08-04 05:10:00,298.54574678030906,379.87833844854015
2025-08-04 07:15:00,345.3858046336329,2025-08-04 05:15:00,297.40671286985906,378.42899839260326
2025-08-04 07:20:00,344.3299183450988,2025-08-04 05:20:00,296.4975044831091,377.27209505371155
2025-08-04 07:25:00,343.60886933358915,2025-08-04 05:25:00,295.8766196249181,376.4820630038796
2025-08-04 07:30:00,343.287842954916,2025-08-04 05:30:00,295.6001884608551,376.1303239071679
2025-08-04 07:35:00,343.42704519075346,2025-08-04 05:35:00,295.72005348955383,376.2828436748458
2025-08-04 07:40:00,344.0795247842799,2025-08-04 05:40:00,296.28189421526406,376.99774624390693
2025-08-04 07:45:00,345.2891298182303,2025-08-04 05:45:00,297.32346758681484,378.3230746601517
2025-08-04 07:50:00,347.08867896121427,2025-08-04 05:50:00,298.8730332843117,380.294787366932
2025-08-04 07:55:00,349.4984218826895,2025-08-04 05:55:00,300.94802800477385,382.93507132742906
2025-08-04 08:00:00,352.52485440937494,2025-08-04 06:00:00,303.55404521048587,386.25104382662084
2025-08-04 08:05:00,356.1599422028178,2025-08-04 06:05:00,306.68416664899706,390.23390187778176
2025-08-04 08:10:00,360.3807926682593,2025-08-04 06:10:00,310.3186798385989,394.85856274274204
2025-08-04 08:15:00,365.14979860164715,2025-08-04 06:15:00,314.4252017606861,400.0838213216657
2025-08-04 08:20:00,370.4152598651956,2025-08-04 06:20:00,318.95921417557565,405.85303130455236
2025-08-04 08:25:00,376.1124713593475,2025-08-04 06:25:00,323.86500045940227,412.0952972298984
2025-08-04 08:30:00,382.1652477550926,2025-08-04 06:30:00,329.0769585290291,418.7271450887468
2025-08-04 08:35:00,388.48783854596996,2025-08-04 06:35:00,334.5212498655844,425.65462059045717
2025-08-04 08:40:00,394.9871714931905,2025-08-04 06:40:00,340.1177313125565,432.7757472390919
2025-08-04 08:45:00,401.5653493970509,2025-08-04 06:45:00,345.78210500948796,439.98326197191903
2025-08-04 08:50:00,408.12231470278505,2025-08-04 06:50:00,351.4282128454734,447.16753468913765
2025-08-04 08:55:00,414.55858918198334,2025-08-04 06:55:00,356.9703955591405,454.21957004168064
2025-08-04 09:00:00,420.7779924127728,2025-08-04 07:00:00,362.3258335825513,461.03398598944653
2025-08-04 09:05:00,426.6902428712094,2025-08-04 07:05:00,367.41678680331876,467.51186374011337
2025-08-04 09:10:00,432.2133493645778,2025-08-04 07:10:00,372.1726537931774,473.5633679717889
2025-08-04 09:15:00,437.2757082219472,2025-08-04 07:15:00,376.53177766838957,479.1100446625994
2025-08-04 09:20:00,441.81783249980253,2025-08-04 07:20:00,380.44293508366394,484.086715730094
2025-08-04 09:25:00,445.79365370446624,2025-08-04 07:25:00,383.86645712647515,488.44290528995424
2025-08-04 09:30:00,449.1713527350118,2025-08-04 07:30:00,386.774944829969,492.1437500955388
2025-08-04 09:35:00,451.9336950331968,2025-08-04 07:35:00,389.15355776571494,495.1703667517402
2025-08-04 09:40:00,454.0778642262584,2025-08-04 07:40:00,390.99987079592677,497.519669442322
2025-08-04 09:45:00,455.6148079976169,2025-08-04 07:45:00,392.3233108122019,499.2036532198195
2025-08-04 09:50:00,456.56812895117713,2025-08-04 07:50:00,393.144201674839,500.24817875839847
2025-08-04 09:55:00,456.97257086464174,2025-08-04 07:55:00,393.49246074749516,500.6913137864369
2025-08-04 10:00:00,456.8721663874393,2025-08-04 08:00:00,393.4060039067055,500.5813035739959
2025-08-04 10:05:00,456.3181251149188,2025-08-04 08:05:00,392.92892699316724,499.97425695825416
2025-08-04 10:10:00,455.3665506690247,2025-08-04 08:10:00,392.10954002298035,498.9316450164065
2025-08-04 10:15:00,454.0760814218642,2025-08-04 08:15:00,390.9983356488899,497.51771607634066
2025-08-04 10:20:00,452.50555159385965,2025-08-04 08:20:00,389.6459751657879,495.7969330511439
2025-08-04 10:25:00,450.71176757449985,2025-08-04 08:25:00,388.1013737327262,493.8315370195987
2025-08-04 10:30:00,448.747488458247,2025-08-04 08:30:00,386.40996144164103,491.6793345591775
2025-08-04 10:35:00,446.6596903169698,2025-08-04 08:35:00,384.61218870749025,489.3917959607468
2025-08-04 10:40:00,444.4881807897839,2025-08-04 08:40:00,382.7423333116352,487.01253727568115
2025-08-04 10:45:00,442.26461514233,2025-08-04 08:45:00,380.82765314473875,484.57624224115085
2025-08-04 10:50:00,440.01194714200534,2025-08-04 08:50:00,378.88791336338227,482.1080606203741
2025-08-04 10:55:00,437.7443291211671,2025-08-04 08:55:00,376.935300335938,479.62349870482836
2025-08-04 11:00:00,435.46745597219615,2025-08-04 09:00:00,374.97471785173485,477.12879621945535
2025-08-04 11:05:00,433.17932858167393,2025-08-04 09:05:00,373.00444450316877,474.6217627948811
2025-08-04 11:10:00,430.8713939278772,2025-08-04 09:10:00,371.0171154071389,472.0930271384799
2025-08-04 11:15:00,428.5300028428968,2025-08-04 09:15:00,369.00097746289,469.5276342611601
2025-08-04 11:20:00,426.138112651646,2025-08-04 09:20:00,366.9413554697969,466.9069110085056
2025-08-04 11:25:00,423.67715136480854,2025-08-04 09:25:00,364.8222573569064,464.2105086017861
2025-08-04 11:30:00,421.1289532393665,2025-08-04 09:30:00,362.6280408660673,461.4185233743103
2025-08-04 11:35:00,418.4776724040929,2025-08-04 09:35:00,360.3450613471204,458.51359347421106
2025-08-04 11:40:00,415.71158245827615,2025-08-04 09:40:00,357.9632213662898,455.4828706314768
2025-08-04 11:45:00,412.8246749474615,2025-08-04 09:45:00,355.47734713048726,452.31977156048714
2025-08-04 11:50:00,409.81797858549453,2025-08-04 09:50:00,352.88832445030243,449.0254233925397
2025-08-04 11:55:00,406.70053340427273,2025-08-04 09:55:00,350.2039375662421,445.6097310228866
2025-08-04 12:00:00,403.4899692523875,2025-08-04 10:00:00,347.4393672855299,442.092010954565
2025-08-04 12:05:00,400.21265561332086,2025-08-04 10:05:00,344.6173199883856,438.5011554497594
2025-08-04 12:10:00,396.90340864602905,2025-08-04 10:10:00,341.76777536491505,434.87531154284375
2025-08-04 12:15:00,393.6047610532114,2025-08-04 10:15:00,338.9273577092543,431.2610810566653
2025-08-04 12:20:00,390.36581999150576,2025-08-04 10:20:00,336.13835248258357,427.71226924856535
2025-08-04 12:25:00,387.2407566191339,2025-08-04 10:25:00,333.4474056844863,424.2882298524629
2025-08-04 12:30:00,384.28698766343007,2025-08-04 10:30:00,330.9039580270913,421.0518726762441
2025-08-04 12:35:00,381.56312355895426,2025-08-04 10:35:00,328.5584781065263,418.0674154374536
2025-08-04 12:40:00,379.12676869510415,2025-08-04 10:40:00,326.4605682280044,415.3979735597431
2025-08-04 12:45:00,377.03226666653694,2025-08-04 10:45:00,324.6570228736254,413.1030897105278
2025-08-04 12:50:00,375.3284868623389,2025-08-04 10:50:00,323.1899227663755,411.23630863228357
2025-08-04 12:55:00,374.0567479557546,2025-08-04 10:55:00,322.09484681721443,409.84290197173453
2025-08-04 13:00:00,373.2489690403555,2025-08-04 11:00:00,321.39928009521424,408.95784253450205
2025-08-04 13:05:00,372.92613034093057,2025-08-04 11:05:00,321.12128836800645,408.60411773160996
2025-08-04 13:10:00,373.0971131836097,2025-08-04 11:10:00,321.26851921686045,408.79145856910037
2025-08-04 13:15:00,373.75797343414956,2025-08-04 11:15:00,321.8375764049169,409.5155435758787
2025-08-04 13:20:00,374.89168498566175,2025-08-04 11:20:00,322.8137989981861,410.7577177508133
2025-08-04 13:25:00,376.4683703282463,2025-08-04 11:25:00,324.1714599057198,412.485245191055
2025-08-04 13:30:00,378.4460151651191,2025-08-04 11:30:00,325.87438122520564,414.6520920757668
2025-08-04 13:35:00,380.7716437224515,2025-08-04 11:35:00,327.8769462852439,417.2002144183109
2025-08-04 13:40:00,383.38291221930433,2025-08-04 11:40:00,330.1254717592234,420.06130398406884
2025-08-04 13:45:00,386.21006040342365,2025-08-04 11:45:00,332.55988810452396,423.1589265304228
2025-08-04 13:50:00,389.1781458659392,2025-08-04 11:50:00,335.11566349853564,426.4109698792073
2025-08-04 13:55:00,392.20947408168615,2025-08-04 11:55:00,337.72589631117614,429.73230643993014
2025-08-04 14:00:00,395.22612862016274,2025-08-04 12:00:00,340.3234938328923,433.03756548699243
2025-08-04 14:05:00,398.1525017098427,2025-08-04 12:05:00,342.84335130692983,436.24390582406954
2025-08-04 14:10:00,400.91772518177805,2025-08-04 12:10:00,345.2244451796535,439.27367929703036
2025-08-04 14:15:00,403.45790584036905,2025-08-04 12:15:00,347.4117579459338,442.0568800234949
2025-08-04 14:20:00,405.718077349395,2025-08-04 12:20:00,349.3579588899319,444.53328301655785
2025-08-04 14:25:00,407.6537925128034,2025-08-04 12:25:00,351.0247751750201,446.6541887996981
2025-08-04 14:30:00,409.2322946907884,2025-08-04 12:30:00,352.38400053319725,448.38370689268703
2025-08-04 14:35:00,410.43322464760905,2025-08-04 12:35:00,353.4181039215048,449.69953028381155
2025-08-04 14:40:00,411.24883841855404,2025-08-04 12:40:00,354.1204171241144,450.5931741402559
2025-08-04 14:45:00,411.6837320690206,2025-08-04 12:45:00,354.49489774635776,451.06967423477465
2025-08-04 14:50:00,411.7540897283411,2025-08-04 12:50:00,354.55548170754844,451.14676303862444
2025-08-04 14:55:00,411.4864909710511,2025-08-04 12:55:00,354.3250562942686,450.85356300453566
2025-08-04 15:00:00,410.91633184976934,2025-08-04 13:00:00,353.8341005346564,450.22885653919633
2025-08-04 15:05:00,410.08592969424456,2025-08-04 13:05:00,353.11905326832004,449.31900948768924
2025-08-04 15:10:00,409.04239473496426,2025-08-04 13:10:00,352.22048043226056,448.175639134507
2025-08-04 15:15:00,407.8353608990362,2025-08-04 13:15:00,351.1811210820786,446.8531279037956
2025-08-04 15:20:00,406.51467358784885,2025-08-04 13:20:00,350.04389637081465,445.4060899258087
2025-08-04 15:25:00,405.1281335266296,2025-08-04 13:25:00,348.84996681048716,443.88689903967776
2025-08-04 15:30:00,403.71939290779505,2025-08-04 13:30:00,347.6369206716099,442.34338365998224
2025-08-04 15:35:00,402.32609297475864,2025-08-04 13:35:00,346.4371702835889,440.81678618247804
2025-08-04 15:40:00,400.97832164283835,2025-08-04 13:40:00,345.2766239144299,439.34007304500017
2025-08-04 15:45:00,399.6974555479979,2025-08-04 13:45:00,344.1736886756842,437.93666599455787
2025-08-04 15:50:00,398.49543428237627,2025-08-04 13:50:00,343.1386455771776,436.6196468886965
2025-08-04 15:55:00,397.3744958322849,2025-08-04 13:55:00,342.1734217165017,435.39146782274497
2025-08-04 16:00:00,396.32738223043617,2025-08-04 14:00:00,341.27176736316926,434.2441764568731
2025-08-04 16:05:00,395.33800423641156,2025-08-04 14:05:00,340.4198283053358,433.1601442867972
2025-08-04 16:10:00,394.38253395527056,2025-08-04 14:10:00,339.5970866878556,432.113263793635
2025-08-04 16:15:00,393.4308758994393,2025-08-04 14:15:00,338.777627722363,431.07056024285504
2025-08-04 16:20:00,392.4484505854531,2025-08-04 14:20:00,337.9316755165892,429.99414591841077
2025-08-04 16:25:00,391.3982111682293,2025-08-04 14:25:00,337.02732956892004,428.8434296891957
2025-08-04 16:30:00,390.24280339764266,2025-08-04 14:30:00,336.0324246757124,427.57748360950103
2025-08-04 16:35:00,388.9467727204721,2025-08-04 14:35:00,334.916431434807,426.1574611752612
2025-08-04 16:40:00,387.4787199552912,2025-08-04 14:40:00,333.6523124659481,424.5489592331961
2025-08-04 16:45:00,385.81330866971507,2025-08-04 14:45:00,332.2182509342504,422.72421740461743
2025-08-04 16:50:00,383.9330332855566,2025-08-04 14:50:00,330.5991730399349,420.66405534588966
2025-08-04 16:55:00,381.8296664607958,2025-08-04 14:55:00,328.7879943379753,418.359458601994
2025-08-04 17:00:00,379.50531748685785,2025-08-04 15:00:00,326.7865311086611,415.8127382610835
2025-08-04 17:05:00,376.97304925617937,2025-08-04 15:05:00,324.6060316194313,413.0382069475758
2025-08-04 17:10:00,374.2570196582352,2025-08-04 15:10:00,322.26729787894465,410.06233374559247
2025-08-04 17:15:00,371.39213278726777,2025-08-04 15:15:00,319.8003852971081,406.92336203759675
2025-08-04 17:20:00,368.4232057263523,2025-08-04 15:20:00,317.24388521490624,403.67039657436726
2025-08-04 17:25:00,365.4036768077275,2025-08-04 15:25:00,314.64381260608474,400.3619881540942
2025-08-04 17:30:00,362.39390036685825,2025-08-04 15:30:00,312.0521377145773,397.0642652349025
2025-08-04 17:35:00,359.45909048885824,2025-08-04 15:35:00,309.5250154443386,393.8486809586977
2025-08-04 17:40:00,356.66699103352937,2025-08-04 15:40:00,307.1207790516591,390.7894602665982
2025-08-04 17:45:00,354.0853612448989,2025-08-04 15:45:00,304.8977750399628,387.96084495576264
2025-08-04 17:50:00,351.7793744148115,2025-08-04 15:50:00,302.9121231867115,385.4342434721199
2025-08-04 17:55:00,349.8090316158762,2025-08-04 15:55:00,301.21548954631123,383.2753972141444
2025-08-04 18:00:00,348.22669287812073,2025-08-04 16:00:00,299.85296058209485,381.54167551622515
2025-08-04 18:05:00,347.0748245502651,2025-08-04 16:05:00,298.861103451748,380.27960749911904
2025-08-04 18:10:00,346.384054029837,2025-08-04 16:10:00,298.2662909635919,379.52275069534267
2025-08-04 18:15:00,346.1716119581302,2025-08-04 16:15:00,298.08336017322955,379.28998420831886
2025-08-04 18:20:00,346.440227682501,2025-08-04 16:20:00,298.31466128213015,379.58429850312314
2025-08-04 18:25:00,347.1775269557472,2025-08-04 16:25:00,298.94953900528986,380.39213548352865
2025-08-04 18:30:00,348.3559621468611,2025-08-04 16:30:00,299.9642724767222,381.683312025995
2025-08-04 18:35:00,349.9332852983657,2025-08-04 16:35:00,301.32248259227725,383.41153829458335
2025-08-04 18:40:00,351.85355408101464,2025-08-04 16:40:00,302.9759982226605,385.5155199357317
2025-08-04 18:45:00,354.04864084560637,2025-08-04 16:45:00,304.8661556360894,387.9206115016415
2025-08-04 18:50:00,356.44019611721023,2025-08-04 16:50:00,306.92548923472634,390.5409677927566
2025-08-04 18:55:00,358.9420011209001,2025-08-04 16:55:00,309.07975728050786,393.2821214505458
2025-08-04 19:00:00,361.4626293885595,2025-08-04 17:00:00,311.2502337662065,396.04389920126215
2025-08-04 19:05:00,363.90832615165476,2025-08-04 17:05:00,313.3561878188352,398.72357672133836
2025-08-04 19:10:00,366.1860062956747,2025-08-04 17:10:00,315.31746519478435,401.2191634072894
2025-08-04 19:15:00,368.20626718226276,2025-08-04 17:15:00,317.0570825773141,403.43270343570555
2025-08-04 19:20:00,369.8863123032147,2025-08-04 17:20:00,318.503745092658,405.2734791243608
2025-08-04 19:25:00,371.15268487249955,2025-08-04 17:25:00,319.59420016651103,406.66100604804166
2025-08-04 19:30:00,371.94371739431557,2025-08-04 17:30:00,320.2753468115968,407.5277169577281
2025-08-04 19:35:00,372.2116134477237,2025-08-04 17:35:00,320.5060282222571,407.8212427303699
2025-08-04 19:40:00,371.9240909553161,2025-08-04 17:40:00,320.2584467692967,407.50621284970475
2025-08-04 19:45:00,371.0655317585033,2025-08-04 17:45:00,319.51915388260977,406.5655149618594
2025-08-04 19:50:00,369.637599508493,2025-08-04 17:50:00,318.2895821081505,405.00097188019714
2025-08-04 19:55:00,367.65930629008784,2025-08-04 17:55:00,316.58610247672004,402.8334145830405
2025-08-04 20:00:00,365.16652725060624,2025-08-04 18:00:00,314.43960655796184,400.1021504069527
2025-08-04 20:05:00,362.21098107040314,2025-08-04 18:05:00,311.89462855829663,396.8638459784782
2025-08-04 20:10:00,358.85871190333233,2025-08-04 18:10:00,309.00803814184604,393.19086392126053
2025-08-04 20:15:00,355.1881245793715,2025-08-04 18:15:00,305.8473485718768,389.1691100857417
2025-08-04 20:20:00,351.28763912084753,2025-08-04 18:20:00,302.48869704870026,384.89546367204537
2025-08-04 20:25:00,347.25304226675956,2025-08-04 18:25:00,299.014564145635,380.4748753736061
2025-08-04 20:30:00,343.18462261179275,2025-08-04 18:30:00,295.5113069187137,376.0172284338223
2025-08-04 20:35:00,339.1841818042232,2025-08-04 18:35:00,292.0665852924971,371.6340639041067
2025-08-04 20:40:00,335.35201665365787,2025-08-04 18:40:00,288.766763396768,367.4352740287041
2025-08-04 20:45:00,331.783966639285,2025-08-04 18:45:00,285.6943672186578,363.52586728691244
2025-08-04 20:50:00,328.5686173084118,2025-08-04 18:50:00,282.9256764896406,360.002904239675
2025-08-04 20:55:00,325.7847436872219,2025-08-04 18:55:00,280.5285232435729,356.95269635045395
2025-08-04 21:00:00,323.49906841764084,2025-08-04 19:00:00,278.5603613808261,354.44834964218137
2025-08-04 21:05:00,321.7643981172722,2025-08-04 19:05:00,277.0666619148251,352.5477227620285
2025-08-04 21:10:00,320.61818818210656,2025-08-04 19:10:00,276.07967714445215,351.2918544782336
2025-08-04 21:15:00,320.0815719328503,2025-08-04 19:15:00,275.6176046660156,350.7038999444835
2025-08-04 21:20:00,320.15887486231344,2025-08-04 19:20:00,275.68416909871206,350.7885984751617
2025-08-04 21:25:00,320.8376193474233,2025-08-04 19:25:00,276.2686261420732,351.5322787081611
2025-08-04 21:30:00,322.0890101780443,2025-08-04 19:30:00,277.34618065779875,352.903390584435
2025-08-04 21:35:00,323.8688769264351,2025-08-04 19:35:00,278.87879813044435,354.85353787430495
2025-08-04 21:40:00,326.11903610488736,2025-08-04 19:40:00,280.8163776016311,357.31897065324864
2025-08-04 21:45:00,328.76902448996606,2025-08-04 19:45:00,283.09824421043845,360.2224844539421
2025-08-04 21:50:00,331.7381454012936,2025-08-04 19:50:00,285.6549112144219,363.4756623133277
2025-08-04 21:55:00,334.93776211519116,2025-08-04 19:55:00,288.4100548148751,366.9813875980274
2025-08-04 22:00:00,338.27376730951823,2025-08-04 20:00:00,291.2826405600073,370.636549701927
2025-08-04 22:05:00,341.64915443238596,2025-08-04 20:05:00,294.1891375132917,374.3348614187303
2025-08-04 22:10:00,344.96661627034274,2025-08-04 20:10:00,297.0457558428855,377.9697061161705
2025-08-04 22:15:00,348.1310975002956,2025-08-04 20:15:00,299.7706447871111,381.4369344915623
2025-08-04 22:20:00,351.0522316284663,2025-08-04 20:20:00,302.28599106728825,384.6375346536526
2025-08-04 22:25:00,353.6465983383843,2025-08-04 20:25:00,304.51996265738927,387.4801054319705
2025-08-04 22:30:00,355.83974434408555,2025-08-04 20:30:00,306.4084489114527,389.8830705658347
2025-08-04 22:35:00,357.56791938602095,2025-08-04 20:35:00,307.8965554045118,391.77658078366323
2025-08-04 22:40:00,358.7794885398747,2025-08-04 20:40:00,308.9398200512577,393.1040612279235
2025-08-04 22:45:00,359.4359922824369,2025-08-04 20:45:00,309.505125913406,393.82337293791795
2025-08-04 22:50:00,359.5128364061583,2025-08-04 20:50:00,309.5712952751248,393.90756876873127
2025-08-04 22:55:00,358.9996045754856,2025-08-04 20:55:00,309.1293587807675,393.3452358499516
2025-08-04 23:00:00,357.8999968753336,2025-08-04 21:00:00,308.18250251985233,392.14042825505146
2025-08-04 23:05:00,356.23140760811543,2025-08-04 21:05:00,306.7457044742011,390.3122044060956
2025-08-04 23:10:00,354.02416493617505,2025-08-04 21:10:00,304.84507978505326,387.893793972471
2025-08-04 23:15:00,351.32046318774985,2025-08-04 21:15:00,302.5169613771975,384.93142803014683
2025-08-04 23:20:00,348.1730257899867,2025-08-04 21:20:00,299.8067486299616,381.4828740769745
2025-08-04 23:25:00,344.6435426680949,2025-08-04 21:25:00,296.7675618442599,377.61572393721144
2025-08-04 23:30:00,340.80093045377146,2025-08-04 21:30:00,293.45874413327215,373.405487523413
2025-08-04 23:35:00,336.71946689050014,2025-08-04 21:35:00,289.94425498587304,368.933548759563
2025-08-04 23:40:00,332.4768524466307,2025-08-04 21:40:00,286.2910011497351,364.2850417479255
2025-08-04 23:45:00,328.1522522525192,2025-08-04 21:45:00,282.56715057176666,359.54670537755254
2025-08-04 23:50:00,323.82437044439916,2025-08-04 21:50:00,278.8404742435152,354.8047734398873
2025-08-04 23:55:00,319.5696062407093,2025-08-04 21:55:00,275.17675842520583,350.14295429619955
2025-08-05 00:00:00,315.46033753477093,2025-08-04 22:00:00,271.63832667226086,345.64055026090966
2025-08-05 00:05:00,311.5633728707819,2025-08-04 22:05:00,268.28270685425366,341.37076147752566
2025-08-05 00:10:00,307.93860703986394,2025-08-04 22:10:00,265.16147350814146,337.39921289504395
2025-08-05 00:15:00,304.6379088574638,2025-08-04 22:15:00,262.31929011949745,333.78273563858306
2025-08-05 00:20:00,301.7042628059552,2025-08-04 22:20:00,259.79317000339046,330.568426532601
2025-08-05 00:25:00,299.171178563568,2025-08-04 22:25:00,257.61196785829964,327.79300113922824
2025-08-05 00:30:00,297.0623748013359,2025-08-04 22:30:00,255.79610748824678,325.48244730394674
2025-08-05 00:35:00,295.3917359269277,2025-08-04 22:35:00,254.35754455553624,323.65197776108675
2025-08-05 00:40:00,294.1635329090346,2025-08-04 22:40:00,253.2999567294358,322.3062720845692
2025-08-05 00:45:00,293.37289217622777,2025-08-04 22:45:00,252.6191474481901,321.43999044649826
2025-08-05 00:50:00,293.0064899681585,2025-08-04 22:50:00,252.30364381478014,321.0385343972099
2025-08-05 00:55:00,293.04344373120875,2025-08-04 22:55:00,252.33546416480465,321.07902354108995
2025-08-05 01:00:00,293.45636711770646,2025-08-04 23:00:00,252.69102651102105,321.531451467973
2025-08-05 01:05:00,294.2125512605718,2025-08-04 23:05:00,253.34216572183038,322.3599800407915
2025-08-05 01:10:00,295.27523220539666,2025-08-04 23:10:00,254.25722488868018,323.52432808337414
2025-08-05 01:15:00,296.604902781175,2025-08-04 23:15:00,255.4021849589456,324.9812087583563
2025-08-05 01:20:00,298.1606268749243,2025-08-04 23:20:00,256.7417964387666,326.68576957896465
2025-08-05 01:25:00,299.90131515499803,2025-08-04 23:25:00,258.2406778999111,328.59299018127285
2025-08-05 01:30:00,301.78692333262546,2025-08-04 23:30:00,259.8643477854281,330.658995223887
2025-08-05 01:35:00,303.7795377572613,2025-08-04 23:35:00,261.5801592000768,332.84224384262365
2025-08-05 01:40:00,305.8443173964649,2025-08-04 23:40:00,263.35811103555403,335.10456174996807
2025-08-05 01:45:00,307.950267010761,2025-08-04 23:45:00,265.17151374016646,337.41198837987474
2025-08-05 01:50:00,310.07082246597554,2025-08-04 23:50:00,266.9974933228032,339.73541819715985
2025-08-05 01:55:00,312.18423606434624,2025-08-04 23:55:00,268.8173231559738,342.0510228933896
2025-08-05 02:00:00,314.27375706527187,2025-08-05 00:00:00,270.6165794196092,344.34044917811883
2025-08-05 02:05:00,316.32760986190107,2025-08-05 00:05:00,272.38512230923953,346.59079486762596
2025-08-05 02:10:00,318.3387795739577,2025-08-05 00:10:00,274.11691141308137,348.79437396532063
2025-08-05 02:15:00,320.30462157350973,2025-08-05 00:15:00,275.8096694803345,350.94828883069187
2025-08-05 02:20:00,322.22631777101503,2025-08-05 00:20:00,277.46441423697206,353.053834448029
2025-08-05 02:25:00,324.1082076162663,2025-08-05 00:25:00,279.08488232034637,355.11576542396784
2025-08-05 02:30:00,325.9570262061342,2025-08-05 00:30:00,280.67687322480333,357.14146120470633
2025-08-05 02:35:00,327.7810846272027,2025-08-05 00:35:00,282.24754350660027,359.14002800170243
2025-08-05 02:40:00,329.58942948931394,2025-08-05 00:40:00,283.8046830704167,361.1213779174671
2025-08-05 02:45:00,331.3910185599279,2025-08-05 00:45:00,285.3560053200439,363.09532571254425
2025-08-05 02:50:00,333.1939481507558,2025-08-05 00:50:00,286.9084818722077,365.0707422759236
2025-08-05 02:55:00,335.0047651414832,2025-08-05 00:55:00,288.4677501501625,367.05480082980705
2025-08-05 03:00:00,336.8278923829187,2025-08-05 01:00:00,290.0376186066672,369.05234736085384
2025-08-05 03:05:00,338.665190926116,2025-08-05 01:05:00,291.6196897658236,371.065420967593
2025-08-05 03:10:00,340.51567623836223,2025-08-05 01:10:00,293.21311586077525,373.0929429266856
2025-08-05 03:15:00,342.3753985592694,2025-08-05 01:15:00,294.81449581007104,375.1305856026369
2025-08-05 03:20:00,344.2374900602459,2025-08-05 01:20:00,296.41791582600297,377.1708241190328
2025-08-05 03:25:00,346.0923738619911,2025-08-05 01:25:00,298.01512939654265,379.2031653728191
2025-08-05 03:30:00,347.9281225951218,2025-08-05 01:30:00,299.59586603670226,381.21454089856206
2025-08-05 03:35:00,349.7309472013137,2025-08-05 01:35:00,301.1482521881168,383.1898424333846
2025-08-05 03:40:00,351.4857906213536,2025-08-05 01:40:00,302.6593224352249,385.1125724033843
2025-08-05 03:45:00,353.1769960715414,2025-08-05 01:45:00,304.1155949483975,386.9655761342978
2025-08-05 03:50:00,354.7890158332273,2025-08-05 01:50:00,305.5036818123403,388.7318184512077
2025-08-05 03:55:00,356.30712446909837,2025-08-05 01:55:00,306.8109031663061,390.3951651285074
2025-08-05 04:00:00,357.7180998451691,2025-08-05 02:00:00,308.0258736222652,391.9411290655298
2025-08-05 04:05:00,359.01083649842855,2025-08-05 02:05:00,309.1390304269002,393.35754233531463
2025-08-05 04:10:00,360.17685891553975,2025-08-05 02:10:00,310.143075438459,394.6351185688798
2025-08-05 04:15:00,361.21070661157444,2025-08-05 02:15:00,311.03330671247414,395.7678748745882
2025-08-05 04:20:00,362.11016890548245,2025-08-05 02:20:00,311.8078206635189,396.75338907467693
2025-08-05 04:25:00,362.87635430176397,2025-08-05 02:25:00,312.46757180875977,397.5928757247013
2025-08-05 04:30:00,363.5135873102972,2025-08-05 02:30:00,313.016283921005,398.2910730620752
2025-08-05 04:35:00,364.0291340789867,2025-08-05 02:35:00,313.4602137749527,398.85594238988864
2025-08-05 04:40:00,364.432766779741,2025-08-05 02:40:00,313.8077760462668,399.2981907875232
2025-08-05 04:45:00,364.7361851129219,2025-08-05 02:45:00,314.0690451774388,399.63063727020767
2025-08-05 04:50:00,364.9523210467853,2025-08-05 02:50:00,314.25515669899244,399.86745101261187
2025-08-05 04:55:00,365.0945596217489,2025-08-05 02:55:00,314.37763627532615,400.0232976071567
2025-08-05 05:00:00,365.17591407619557,2025-08-05 03:00:00,314.4476894174927,400.1124352737834
2025-08-05 05:05:00,365.20819722819834,2025-08-05 03:05:00,314.47548797200596,400.1478069674473
2025-08-05 05:10:00,365.20123291854395,2025-08-05 03:10:00,314.46949110585246,400.1401763795898
2025-08-05 05:15:00,365.1621511687704,2025-08-05 03:15:00,314.43583837728795,400.097355663672
2025-08-05 05:20:00,365.0948084143659,2025-08-05 03:20:00,314.37785050704446,400.02357020185974
2025-08-05 05:25:00,364.9993699119383,2025-08-05 03:25:00,314.2956697951929,399.9190010609245
2025-08-05 05:30:00,364.8720851781819,2025-08-05 03:30:00,314.18606675489093,399.77953894736953
2025-08-05 05:35:00,364.70527935801573,2025-08-05 03:35:00,314.0424326796115,399.59677474975433
2025-08-05 05:40:00,364.48757422012346,2025-08-05 03:40:00,313.8549699392013,399.35824167696376
2025-08-05 05:45:00,364.2043419292314,2025-08-05 03:45:00,313.61108271661504,399.04791244305557
2025-08-05 05:50:00,363.83838406091184,2025-08-05 03:50:00,313.2959616977265,398.646943243673
2025-08-05 05:55:00,363.3708170482329,2025-08-05 03:55:00,312.8933465166112,398.1346439137187
2025-08-05 06:00:00,362.78213475105264,2025-08-05 04:00:00,312.3864407185725,397.48964215306535
2025-08-05 06:05:00,362.05340898528266,2025-08-05 04:05:00,311.7589455184987,396.6911989109184
2025-08-05 06:10:00,361.1675804086965,2025-08-05 04:10:00,310.99617136393226,395.72062277117044
2025-08-05 06:15:00,360.1107855253627,2025-08-05 04:15:00,310.0861805993628,394.5627239118625
2025-08-05 06:20:00,358.8736610422063,2025-08-05 04:20:00,309.0209106287668,393.20724325004306
2025-08-05 06:25:00,357.4525646876784,2025-08-05 04:25:00,307.79722514487776,391.65019005663277
2025-08-05 06:30:00,355.8506520744348,2025-08-05 04:30:00,306.41784140003944,389.895021842973
2025-08-05 06:35:00,354.0787524071574,2025-08-05 04:35:00,304.8920842655239,387.9536038479537
2025-08-05 06:40:00,352.1559915054421,2025-08-05 04:40:00,303.2364227075151,385.8468916657422
2025-08-05 06:45:00,350.11011895909115,2025-08-05 04:45:00,301.4747514957919,383.6052897001497
2025-08-05 06:50:00,347.9775066137405,2025-08-05 04:50:00,299.63838989972345,381.26864950537725
2025-08-05 06:55:00,345.8027978158569,2025-08-05 04:55:00,297.7657796582174,378.8858854741466
2025-08-05 07:00:00,343.638200519154,2025-08-05 05:00:00,295.9018762838959,376.51420031533263
2025-08-05 07:05:00,341.5424317633792,2025-08-05 05:05:00,294.0972401690692,374.217928550627
2025-08-05 07:10:00,339.57933560144124,2025-08-05 05:10:00,292.40684650280747,372.0670222182183
2025-08-05 07:15:00,337.8162109822778,2025-08-05 05:15:00,290.88864543510135,370.13521878356613
2025-08-05 07:20:00,336.32189919387196,2025-08-05 05:20:00,289.60191520175,368.4979456073494
2025-08-05 07:25:00,335.1646923143652,2025-08-05 05:25:00,288.6054611219144,367.23002829728705
2025-08-05 07:30:00,334.4101335032793,2025-08-05 05:30:00,287.95572146075466,366.4032805523691
2025-08-05 07:35:00,334.1187871114967,2025-08-05 05:35:00,287.7048473034381,366.0840609383941
2025-08-05 07:40:00,334.3440604463516,2025-08-05 05:40:00,287.8988269086147,366.33088626048317
2025-08-05 07:45:00,335.1301599848126,2025-08-05 05:45:00,288.57572583319615,367.1921922463857
2025-08-05 07:50:00,336.5102622626234,2025-08-05 05:50:00,289.7641119114928,368.704329443875
2025-08-05 07:55:00,338.504973927415,2025-08-05 05:55:00,291.48172922925755,370.8898759465456
2025-08-05 08:00:00,341.1211465186701,2025-08-05 06:00:00,293.7344775478827,373.75633878331746
2025-08-05 08:05:00,344.351099811073,2025-08-05 06:05:00,296.51574353661,377.2953029587429
2025-08-05 08:10:00,348.17229333361365,2025-08-05 06:10:00,299.8061179223896,381.48207154621645
2025-08-05 08:15:00,352.5474696937954,2025-08-05 06:15:00,303.57351890427947,386.27582272406477
2025-08-05 08:20:00,357.42527587098215,2025-08-05 06:20:00,307.7737271401455,391.62029050826936
2025-08-05 08:25:00,362.74135083292856,2025-08-05 06:25:00,312.3513222775002,397.4449564216914
2025-08-05 08:30:00,368.4198499572069,2025-08-05 06:30:00,317.24099561070915,403.6667197574874
2025-08-05 08:35:00,374.3753596831167,2025-08-05 06:35:00,322.3691987600138,410.1919954065086
2025-08-05 08:40:00,380.51514065441575,2025-08-05 06:40:00,327.656075209241,416.9191716023667
2025-08-05 08:45:00,386.7416241364801,2025-08-05 06:45:00,333.0176099344551,423.7413451717904
2025-08-05 08:50:00,392.95507629431745,2025-08-05 06:50:00,338.3679235751582,430.5492407051489
2025-08-05 08:55:00,399.0563375174846,2025-08-05 06:55:00,343.6216312272931,437.23421195364574
2025-08-05 09:00:00,404.9495406116063,2025-08-05 07:00:00,348.69618303858243,443.6912200712732
2025-08-05 09:05:00,410.5447115388786,2025-08-05 07:05:00,353.51410366849996,449.8216831691676
2025-08-05 09:10:00,415.760160559428,2025-08-05 07:10:00,358.0050512654554,455.5360962183889
2025-08-05 09:15:00,420.52457908358116,2025-08-05 07:15:00,362.10762303590695,460.7563285088588
2025-08-05 09:20:00,424.77876859561036,2025-08-05 07:20:00,365.7708439955527,465.417517979912
2025-08-05 09:25:00,428.47694207953674,2025-08-05 07:25:00,368.9552876082359,469.4694971540094
2025-08-05 09:30:00,431.58755464405823,2025-08-05 07:30:00,371.6337910250377,472.87770322787503
2025-08-05 09:35:00,434.09363841142766,2025-08-05 07:35:00,373.7917434522385,475.62354500032296
2025-08-05 09:40:00,435.99263587468755,2025-08-05 07:40:00,375.4269426576471,477.7042202867142
2025-08-05 09:45:00,437.29574549971767,2025-08-05 07:45:00,376.5490314780037,479.13199891449824
2025-08-05 09:50:00,438.02681231677246,2025-08-05 07:50:00,377.17854252342477,479.93300717721354
2025-08-05 09:55:00,438.2208139249996,2025-08-05 07:55:00,377.34559449782626,480.1455689944713
2025-08-05 10:00:00,437.92200794256365,2025-08-05 08:00:00,377.088296995063,479.81817612791474
2025-08-05 10:05:00,437.1818198306379,2025-08-05 08:05:00,376.450931734766,479.0071739325138
2025-08-05 10:10:00,436.0565597623324,2025-08-05 08:10:00,375.481986591252,477.7742597974592
2025-08-05 10:15:00,434.6050631011773,2025-08-05 08:15:00,374.2321238437264,476.1838978883072
2025-08-05 10:20:00,432.88635129389843,2025-08-05 08:20:00,372.75216600493906,474.30075625646157
2025-08-05 10:25:00,430.9574079873313,2025-08-05 08:25:00,371.091180867675,472.1872701963306
2025-08-05 10:30:00,428.8711593690891,2025-08-05 08:30:00,369.2947424053623,469.9014293644041
2025-08-05 10:35:00,426.67473823900366,2025-08-05 08:35:00,367.4034359891373,467.4948757737368
2025-08-05 10:40:00,424.4080984447005,2025-08-05 08:40:00,365.4516652983911,465.0113856720378
2025-08-05 10:45:00,422.10303074475996,2025-08-05 08:45:00,363.46680489479405,462.48579125207914
2025-08-05 10:50:00,419.7826135540762,2025-08-05 08:50:00,361.4687272670815,459.94337884965023
2025-08-05 10:55:00,417.4611128291068,2025-08-05 08:55:00,359.46971662369236,457.39977925079074
2025-08-05 11:00:00,415.1443259501045,2025-08-05 09:00:00,357.47476500477745,454.8613444733685
2025-08-05 11:05:00,412.8303450131687,2025-08-05 09:05:00,355.4822295419272,452.32598408357757
2025-08-05 11:10:00,410.51069681094606,2025-08-05 09:10:00,353.48481407903836,449.7844142390338
2025-08-05 11:15:00,408.17180049087483,2025-08-05 09:15:00,351.47082434071183,447.2217548017487
2025-08-05 11:20:00,405.79667008575865,2025-08-05 09:20:00,349.42563395666537,444.6193947504624
2025-08-05 11:25:00,403.36677864727136,2025-08-05 09:25:00,347.3332896400896,441.95703465652366
2025-08-05 11:30:00,400.8639936891568,2025-08-05 09:30:00,345.1781777697493,439.21480729169025
2025-08-05 11:35:00,398.27249078488234,2025-08-05 09:35:00,342.94667216120087,436.3753743004114
2025-08-05 11:40:00,395.5805530916953,2025-08-05 09:40:00,340.6286836108884,433.42589788504847
2025-08-05 11:45:00,392.7821697902093,2025-08-05 09:45:00,338.21903628931517,430.35979216879514
2025-08-05 11:50:00,389.8783552641285,2025-08-05 09:50:00,335.71860366759375,427.17816858183767
2025-08-05 11:55:00,386.8781232378659,2025-08-05 09:55:00,333.13514733323706,423.8909031950963
2025-08-05 12:00:00,383.7990652641068,2025-08-05 10:00:00,330.4838151174189,420.517270551918
2025-08-05 12:05:00,380.667500536463,2025-08-05 10:05:00,327.7872700964802,417.0861078133657
2025-08-05 12:10:00,377.51818293752694,2025-08-05 10:10:00,325.0754383352522,413.63549377944565
2025-08-05 12:15:00,374.3935709304244,2025-08-05 10:15:00,322.3848802012496,410.21194893090274
2025-08-05 12:20:00,371.3426855170918,2025-08-05 10:20:00,319.7578069690873,406.86918412792323
2025-08-05 12:25:00,368.4195997994372,2025-08-05 10:25:00,317.24078020347764,403.66644566702695
2025-08-05 12:30:00,365.6816206245475,2025-08-05 10:30:00,314.88314600026007,400.6665229635667
2025-08-05 12:35:00,363.18723678600577,2025-08-05 10:35:00,312.73526821227944,397.93350045667086
2025-08-05 12:40:00,360.993919324775,2025-08-05 10:40:00,310.8466343203433,395.5303474640602
2025-08-05 12:45:00,359.1558668945807,2025-08-05 10:45:00,309.2639140000151,393.51644784566287
2025-08-05 12:50:00,357.7217924242059,2025-08-05 10:50:00,308.02905324858045,391.9451749150339
2025-08-05 12:55:00,356.73284673241204,2025-08-05 10:55:00,307.17748643993525,390.86161640571066
2025-08-05 13:00:00,356.22076976246586,2025-08-05 11:00:00,306.7365443794195,390.3005488336308
2025-08-05 13:05:00,356.20635143906196,2025-08-05 11:05:00,306.7241289700103,390.28475110364
2025-08-05 13:10:00,356.69827175731683,2025-08-05 11:10:00,307.147714429758,390.823733629351
2025-08-05 13:15:00,357.6923743895078,2025-08-05 11:15:00,308.00372180507213,391.91294244555735
2025-08-05 13:20:00,359.1714103052565,2025-08-05 11:20:00,309.2772982057753,393.53347830046073
2025-08-05 13:25:00,361.1052685322586,2025-08-05 11:25:00,310.942515509825,395.65234949336923
2025-08-05 13:30:00,363.4516909331803,2025-08-05 11:30:00,312.9629858473438,398.22325503457597
2025-08-05 13:35:00,366.1574477020613,2025-08-05 11:35:00,315.29287380354356,401.18787260195916
2025-08-05 13:40:00,369.15993104484687,2025-08-05 11:40:00,317.878268713944,404.4776046895476
2025-08-05 13:45:00,372.3891068901329,2025-08-05 11:45:00,320.6588652542216,408.01571703918927
2025-08-05 13:50:00,375.7697494467192,2025-08-05 11:50:00,323.5698875853472,411.7197869790914
2025-08-05 13:55:00,379.22387145472953,2025-08-05 11:55:00,326.5441820076193,415.5043661780071
2025-08-05 14:00:00,382.67325461991015,2025-08-05 12:00:00,329.514395880981,419.28375316716335
2025-08-05 14:05:00,386.04198041779364,2025-08-05 12:05:00,332.4151568638221,422.9747662674401
2025-08-05 14:10:00,389.25886129419837,2025-08-05 12:10:00,335.1851663845095,426.4994073837636
2025-08-05 14:15:00,392.25967627503616,2025-08-05 12:15:00,337.76912469260577,429.7873114965702
2025-08-05 14:20:00,394.98912313455554,2025-08-05 12:20:00,340.11941184266306,432.7778855947426
2025-08-05 14:25:00,397.4024109178619,2025-08-05 12:25:00,342.1974589922947,435.42205355537567
2025-08-05 14:30:00,399.4664316621612,2025-08-05 12:30:00,343.9747573543637,437.6835399640463
2025-08-05 14:35:00,401.1604675043533,2025-08-05 12:35:00,345.4334670770881,439.5396448716639
2025-08-05 14:40:00,402.47640884786307,2025-08-05 12:40:00,346.56660510433835,440.9814828334066
2025-08-05 14:45:00,403.41847942038044,2025-08-05 12:45:00,347.3778084268403,442.01368166262904
2025-08-05 14:50:00,404.00248460219643,2025-08-05 12:50:00,347.88068682859483,442.653558846479
2025-08-05 14:55:00,404.25461912412345,2025-08-05 12:55:00,348.0977962128293,442.9298151758155
2025-08-05 15:00:00,404.2098884028749,2025-08-05 13:00:00,348.0592792367627,442.88080504913296
2025-08-05 15:05:00,403.91021366987934,2025-08-05 13:05:00,347.8012336654778,442.5524603183141
2025-08-05 15:10:00,403.40230391362525,2025-08-05 13:10:00,347.3638799323031,441.9959586388749
2025-08-05 15:15:00,402.7353869978419,2025-08-05 13:15:00,346.78960743754664,441.2652375233424
2025-08-05 15:20:00,401.9588977826018,2025-08-05 13:20:00,346.12098382306885,440.41446128400725
2025-08-05 15:25:00,401.12022231190593,2025-08-05 13:25:00,345.3988125248917,439.49554940606095
2025-08-05 15:30:00,400.2625942740651,2025-08-05 13:30:00,344.66032144570613,438.5558717615272
2025-08-05 15:35:00,399.42323296841545,2025-08-05 13:35:00,343.9375595849857,437.63620843453134
2025-08-05 15:40:00,398.6318012377683,2025-08-05 13:40:00,343.25606918695865,436.76906012355016
2025-08-05 15:45:00,397.9092478809155,2025-08-05 13:45:00,342.6338889587856,435.97737980707313
2025-08-05 15:50:00,397.26708225265065,2025-08-05 13:50:00,342.08092943914687,435.2737779443267
2025-08-05 15:55:00,396.7071100353922,2025-08-05 13:55:00,341.59874547501454,434.6602329680657
2025-08-05 16:00:00,396.2216392651609,2025-08-05 14:00:00,341.18071362763726,434.1283170211368
2025-08-05 16:05:00,395.7941453590286,2025-08-05 14:05:00,340.81260481804225,433.65992460736004
2025-08-05 16:10:00,395.40036410165993,2025-08-05 14:10:00,340.4735254819126,433.228470144517
2025-08-05 16:15:00,395.0097630657699,2025-08-05 14:15:00,340.13718458842726,432.80050015617377
2025-08-05 16:20:00,394.5873255647139,2025-08-05 14:20:00,339.7734297759929,432.3376478957062
2025-08-05 16:25:00,394.0955676545441,2025-08-05 14:25:00,339.3499841634944,431.79884331572464
2025-08-05 16:30:00,393.49669845316856,2025-08-05 14:30:00,338.83430656982773,431.1426800658044
2025-08-05 16:35:00,392.75482759985886,2025-08-05 14:35:00,338.19549232530244,430.3298341404994
2025-08-05 16:40:00,391.83812129324986,2025-08-05 14:40:00,337.4061298047297,429.32542618633283
2025-08-05 16:45:00,390.72081002714526,2025-08-05 14:45:00,336.44402925963897,428.1012213184656
2025-08-05 16:50:00,389.38495705324374,2025-08-05 14:50:00,335.2937456159122,426.6375667729362
2025-08-05 16:55:00,387.82190613211986,2025-08-05 14:55:00,333.9478251111805,424.92497816453937
2025-08-05 17:00:00,386.03334025877876,2025-08-05 15:00:00,332.40771694806176,422.9652995010644
2025-08-05 17:05:00,384.0318990160456,2025-08-05 15:05:00,330.68430488822094,420.7723795991229
2025-08-05 17:10:00,381.8413203005441,2025-08-05 15:10:00,328.79802929055694,418.37222736910667
2025-08-05 17:15:00,379.4960918781081,2025-08-05 15:15:00,326.7785870706153,415.8026300347699
2025-08-05 17:20:00,377.04061852681224,2025-08-05 15:20:00,324.6642145395176,413.11224059651175
2025-08-05 17:25:00,374.52793061757785,2025-08-05 15:25:00,322.5005753814291,410.3591628613877
2025-08-05 17:30:00,372.0179792339277,2025-08-05 15:30:00,320.3392926058779,407.6090834563108
2025-08-05 17:35:00,369.5755802183276,2025-08-05 15:35:00,318.2361781958439,404.9330191805105
2025-08-05 17:40:00,367.2680845599928,2025-08-05 15:40:00,316.24922711244665,402.40476451843716
2025-08-05 17:45:00,365.1628643038086,2025-08-05 15:45:00,314.4364524475384,400.09813702461565
2025-08-05 17:50:00,363.3247115440579,2025-08-05 15:50:00,312.85364573488266,398.0841274780944
2025-08-05 17:55:00,361.81325247259275,2025-08-05 15:55:00,311.55215022449653,396.42806653160386
2025-08-05 18:00:00,360.68047886625817,2025-08-05 16:00:00,310.576735282232,395.18692003542554
2025-08-05 18:05:00,359.9684957425932,2025-08-05 16:05:00,309.9636569287292,394.40682121044114
2025-08-05 18:10:00,359.7075764033057,2025-08-05 16:10:00,309.7389830655287,394.1209396168634
2025-08-05 18:15:00,359.91460490811966,2025-08-05 16:15:00,309.9172523118644,394.347774618952
2025-08-05 18:20:00,360.59197182020773,2025-08-05 16:20:00,310.5005231470529,395.08994548598486
2025-08-05 18:25:00,361.72697220053914,2025-08-05 16:25:00,311.4778555321475,396.3335317924911
2025-08-05 18:30:00,363.2917360730879,2025-08-05 16:30:00,312.82525103453617,398.04799723103946
2025-08-05 18:35:00,365.2437017513677,2025-08-05 16:35:00,314.50606040256383,400.18670822210555
2025-08-05 18:40:00,367.5266220597404,2025-08-05 16:40:00,316.47185000812436,402.6880364009634
2025-08-05 18:45:00,370.07207361603776,2025-08-05 16:45:00,318.6637014680617,405.47701229396023
2025-08-05 18:50:00,372.8014205889147,2025-08-05 16:50:00,321.0139026071782,408.4674769492963
2025-08-05 18:55:00,375.62816744382013,2025-08-05 16:55:00,323.44797337370665,411.564659771115
2025-08-05 19:00:00,378.46062077112333,2025-08-05 17:00:00,325.8869579009489,414.66809500575687
2025-08-05 19:05:00,381.2047689126257,2025-08-05 17:05:00,328.2499041119487,417.67477686325594
2025-08-05 19:10:00,383.7672801104807,2025-08-05 17:10:00,330.4564453820934,420.4824445003285
2025-08-05 19:15:00,386.0585155317156,2025-08-05 17:15:00,332.4293950108811,422.992883302118
2025-08-05 19:20:00,387.9954531153275,2025-08-05 17:20:00,334.09726390429773,425.11512845487624
2025-08-05 19:25:00,389.50442135105436,2025-08-05 17:25:00,335.3966145921136,426.7684602664083
2025-08-05 19:30:00,390.5235490083343,2025-08-05 17:30:00,336.27417065400186,427.88508826155055
2025-08-05 19:35:00,391.00484709103006,2025-08-05 17:35:00,336.6886094605907,428.4124323183106
2025-08-05 19:40:00,390.91585226115757,2025-08-05 17:40:00,336.6119773018288,428.3149233185806
2025-08-05 19:45:00,390.24077655573376,2025-08-05 17:45:00,336.0306793915069,427.57526285884137
2025-08-05 19:50:00,388.9811254107423,2025-08-05 17:50:00,334.9460120387416,426.1951004007205
2025-08-05 19:55:00,387.15576441732225,2025-08-05 17:55:00,333.37422013076275,424.19510641377127
2025-08-05 20:00:00,384.8004340483233,2025-08-05 18:00:00,331.34607927097966,421.61444067572967
2025-08-05 20:05:00,381.9667302507372,2025-08-05 18:05:00,328.90601798189203,418.5096353378284
2025-08-05 20:10:00,378.72058647615,2025-08-05 18:10:00,326.11081060350244,414.95293173051465
2025-08-05 20:15:00,375.1403089621776,2025-08-05 18:15:00,323.0278855026232,411.0301276794989
2025-08-05 20:20:00,371.3142313300203,2025-08-05 18:20:00,319.73330548080725,406.8380077177492
2025-08-05 20:25:00,367.3380661547639,2025-08-05 18:25:00,316.30948724990174,402.48144127949644
2025-08-05 20:30:00,363.3120401977993,2025-08-05 18:30:00,312.8427346221854,398.0702438592294
2025-08-05 20:35:00,359.33790558981764,2025-08-05 18:35:00,309.4206648833439,393.7159022534093
2025-08-05 20:40:00,355.5159220321596,2025-08-05 18:40:00,306.1296102097696,389.5282680478526
2025-08-05 20:45:00,351.94190427830733,2025-08-05 18:45:00,303.0520752976466,385.6123226306332
2025-08-05 20:50:00,348.7044255728283,2025-08-05 18:50:00,300.2643292847378,382.0651130829467
2025-08-05 20:55:00,345.88226105129746,2025-08-05 18:55:00,297.83420429909535,378.97295098811213
2025-08-05 21:00:00,343.54214586990116,2025-08-05 19:00:00,295.81916501693905,376.40895608056667
2025-08-05 21:05:00,341.73691155508413,2025-08-05 19:05:00,294.2647039003361,374.4310142993611
2025-08-05 21:10:00,340.5040507602692,2025-08-05 19:10:00,293.2031053300041,373.0802052345988
2025-08-05 21:15:00,339.8647463873552,2025-08-05 19:15:00,292.65260959589784,372.3797383646112
2025-08-05 21:20:00,339.82338577170106,2025-08-05 19:20:00,292.61699456893683,372.3344207628311
2025-08-05 21:25:00,340.3675653427156,2025-08-05 19:25:00,293.08557971417184,372.93066220426266
2025-08-05 21:30:00,341.46857607697194,2025-08-05 19:30:00,294.033644107429,374.1370070620836
2025-08-05 21:35:00,343.0823457907775,2025-08-05 19:35:00,295.42323782979093,375.9051667497104
2025-08-05 21:40:00,345.15080119807146,2025-08-05 19:40:00,297.2043548159211,378.1715120873028
2025-08-05 21:45:00,347.6036011480279,2025-08-05 19:45:00,299.3164253198542,380.85897235887956
2025-08-05 21:50:00,350.36018278017946,2025-08-05 19:50:00,301.6900778295318,383.8792772238959
2025-08-05 21:55:00,353.3320548317153,2025-08-05 19:55:00,304.24911380049366,387.13546942613954
2025-08-05 22:00:00,356.4252669283448,2025-08-05 20:00:00,306.91263392646897,390.52461032260766
2025-08-05 22:05:00,359.5429808495903,2025-08-05 20:05:00,309.5972522186706,393.9405971427467
2025-08-05 22:10:00,362.5880689183993,2025-08-05 20:10:00,312.219333441448,397.27700996700565
2025-08-05 22:15:00,365.46566640645256,2025-08-05 20:15:00,314.6971909515222,400.42990832174894
2025-08-05 22:20:00,368.085608304537,2025-08-05 20:20:00,316.9531849656533,403.30050107639505
2025-08-05 22:25:00,370.3646865013114,2025-08-05 20:25:00,318.9156661845761,405.7976195673493
2025-08-05 22:30:00,372.22867044940995,2025-08-05 20:30:00,320.5207157593095,407.8399315820166
2025-08-05 22:35:00,373.61404295947995,2025-08-05 20:35:00,321.7136399582563,409.3578432169275
2025-08-05 22:40:00,374.4694123187802,2025-08-05 20:40:00,322.4501861220714,410.2950460942695
2025-08-05 22:45:00,374.75657214858904,2025-08-05 20:45:00,322.6974552915218,410.6096786162645
2025-08-05 22:50:00,374.4511910894639,2025-08-05 20:50:00,322.43449608547263,410.27508163288417
2025-08-05 22:55:00,373.54312515204555,2025-08-05 20:55:00,321.6525736616395,409.2801406753767
2025-08-05 23:00:00,372.03635600888765,2025-08-05 21:00:00,320.35511658057715,407.62921834445183
2025-08-05 23:05:00,369.94856857244724,2025-08-05 21:05:00,318.55735306420627,405.3416914749938
2025-08-05 23:10:00,367.31039038486244,2025-08-05 21:10:00,316.2856560453701,402.4511177579647
2025-08-05 23:15:00,364.1643236621245,2025-08-05 21:15:00,313.57662356654185,399.0040656128283
2025-08-05 23:20:00,360.56340797724,2025-08-05 21:20:00,310.4759272356692,395.0586489290925
2025-08-05 23:25:00,356.56965738150166,2025-08-05 21:25:00,307.0369664539413,390.68281466636626
2025-08-05 23:30:00,352.2523203547587,2025-08-05 21:30:00,303.3193700841746,385.9524363333983
2025-08-05 23:35:00,347.68601391575135,2025-08-05 21:35:00,299.3873897602519,380.94926958802426
2025-08-05 23:40:00,342.9487849602018,2025-08-05 21:40:00,295.3082305334378,375.7588281027216
2025-08-05 23:45:00,338.1201519082194,2025-08-05 21:45:00,291.15036456332894,370.4682378556632
2025-08-05 23:50:00,333.27917875272874,2025-08-05 21:50:00,286.9818727088565,365.16412692261235
2025-08-05 23:55:00,328.5026308231078,2025-08-05 21:55:00,282.8688564830716,359.9306048017536
2025-08-06 00:00:00,323.8632580832663,2025-08-05 22:00:00,278.8739598259902,354.847381474233
2025-08-06 00:05:00,319.4282468125408,2025-08-05 22:05:00,275.05503586944144,349.98807095676443
2025-08-06 00:10:00,315.257874861309,2025-08-05 22:10:00,271.46398899715854,345.4187179050276
2025-08-06 00:15:00,311.4043991193035,2025-08-05 22:15:00,268.1458168598605,341.19657864564437
2025-08-06 00:20:00,307.911196857125,2025-08-05 22:20:00,265.137870996868,337.36918036950146
2025-08-06 00:25:00,304.8121749075385,2025-08-05 22:25:00,262.469348090677,333.97367378919284
2025-08-06 00:30:00,302.131453141523,2025-08-05 22:30:00,260.1610174127702,331.03648633309984
2025-08-06 00:35:00,299.8833208878341,2025-08-05 22:35:00,258.2251832971337,328.5732743955969
2025-08-06 00:40:00,298.07245742671734,2025-08-05 22:40:00,256.66587500419985,326.58916492548394
2025-08-06 00:45:00,296.6944005406558,2025-08-05 22:45:00,255.47925018310744,325.0792688031651
2025-08-06 00:50:00,295.73624055448863,2025-08-05 22:50:00,254.65419249959413,324.02944127985467
2025-08-06 00:55:00,295.1775113641673,2025-08-05 22:55:00,254.17307888794997,323.4172582513996
2025-08-06 01:00:00,294.9912451190387,2025-08-05 23:00:00,254.01268772265274,323.2131718424253
2025-08-06 01:05:00,295.1451531481384,2025-08-05 23:05:00,254.14521569689123,323.38180431230506
2025-08-06 01:10:00,295.6028930577542,2025-08-05 23:10:00,254.53936890192116,323.88333637643836
2025-08-06 01:15:00,296.3253802471426,2025-08-05 23:15:00,255.16149215424912,324.67494419518397
2025-08-06 01:20:00,297.27210187030937,2025-08-05 23:20:00,255.97670042908692,325.71223904287365
2025-08-06 01:25:00,298.40239218116693,2025-08-05 23:25:00,256.9499770415909,326.95066466573445
2025-08-06 01:30:00,299.6766304938147,2025-08-05 23:30:00,258.0472051931051,328.34680985149356
2025-08-06 01:35:00,301.0573264135758,2025-08-05 23:35:00,259.23610244788534,329.8595974848886
2025-08-06 01:40:00,302.51006148164424,2025-08-05 23:40:00,260.48703156966354,331.4513162798231
2025-08-06 01:45:00,304.00426202808626,2025-08-05 23:45:00,261.7736660141713,333.0884675715143
2025-08-06 01:50:00,305.51378413088526,2025-08-05 23:50:00,263.0734936288993,334.7424062387958
2025-08-06 01:55:00,307.01729863251575,2025-08-05 23:55:00,264.36814818529143,336.3897625553773
2025-08-06 02:00:00,308.4984713121046,2025-08-06 00:00:00,265.64356452238275,338.01263959914536
2025-08-06 02:05:00,309.9459407510869,2025-08-06 00:05:00,266.8899594872364,339.5985890002188
2025-08-06 02:10:00,311.3531035793328,2025-08-06 00:10:00,268.10164701349476,341.14037564148873
2025-08-06 02:15:00,312.7177237105599,2025-08-06 00:15:00,269.2767016396534,342.63554950943166
2025-08-06 02:20:00,314.0413882759717,2025-08-06 00:20:00,270.4164900213995,344.08584957670837
2025-08-06 02:25:00,315.32883833950643,2025-08-06 00:25:00,271.5250946202078,345.49647048668106
2025-08-06 02:30:00,316.58720666403906,2025-08-06 00:30:00,272.6086573548598,346.87522739641275
2025-08-06 02:35:00,317.82519777724514,2025-08-06 00:35:00,273.67467356803706,348.2316575991145
2025-08-06 02:40:00,319.05224718624186,2025-08-06 00:40:00,274.7312680382288,349.5760993005256
2025-08-06 02:45:00,320.2776967117391,2025-08-06 00:45:00,275.7864848719162,350.91878805696285
2025-08-06 02:50:00,321.51002158982254,2025-08-06 00:50:00,276.8476219721143,352.2690099336323
2025-08-06 02:55:00,322.7561422058045,2025-08-06 00:55:00,277.9206383823622,353.6343473917905
2025-08-06 03:00:00,324.02084921446374,2025-08-06 01:00:00,279.00965926608905,355.0200494100153
2025-08-06 03:05:00,325.30636548749345,2025-08-06 01:05:00,280.11659870590773,356.42855152299603
2025-08-06 03:10:00,326.61206206554345,2025-08-06 01:10:00,281.2409151140334,357.85916459859783
2025-08-06 03:15:00,327.9343382468049,2025-08-06 01:15:00,282.37950797830064,359.30794345447447
2025-08-06 03:20:00,329.26666848058164,2025-08-06 01:20:00,283.52675824153886,360.76773823796634
2025-08-06 03:25:00,330.5998111501947,2025-08-06 01:25:00,284.6747080815062,362.2284231833458
2025-08-06 03:30:00,331.9221668668462,2025-08-06 01:30:00,285.8133694325457,363.67728918379413
2025-08-06 03:35:00,333.2202670470153,2025-08-06 01:35:00,286.9311446925028,365.09957911118624
2025-08-06 03:40:00,334.47936736539117,2025-08-06 01:40:00,288.01533773644906,366.4791380448958
2025-08-06 03:45:00,335.684115794923,2025-08-06 01:45:00,289.05272915629115,367.79914522349543
2025-08-06 03:50:00,336.8192611987889,2025-08-06 01:50:00,290.0301864190504,369.04289042799394
2025-08-06 03:55:00,337.8703663328853,2025-08-06 01:55:00,290.9352778229772,370.19455519755024
2025-08-06 04:00:00,338.8244886409506,2025-08-06 02:00:00,291.7568587203696,371.2399587565303
2025-08-06 04:05:00,339.6707934704289,2025-08-06 02:05:00,292.48559954887014,372.16722989697
2025-08-06 04:10:00,340.40106712810586,2025-08-06 02:10:00,293.11442761624113,372.96736911844243
2025-08-06 04:15:00,341.01010180033944,2025-08-06 02:15:00,293.63885854959955,373.6346703737566
2025-08-06 04:20:00,341.4959301587216,2025-08-06 02:20:00,294.05719831095325,374.1669781194334
2025-08-06 04:25:00,341.8598945658085,2025-08-06 02:25:00,294.370602789253,374.56576314237475
2025-08-06 04:30:00,342.10654376524286,2025-08-06 02:30:00,294.58298884175326,374.83600936629034
2025-08-06 04:35:00,342.2433583508128,2025-08-06 02:35:00,294.7007978993958,374.9859130562745
2025-08-06 04:40:00,342.2803150287689,2025-08-06 02:40:00,294.7326207594035,375.0264053939306
2025-08-06 04:45:00,342.2293079879942,2025-08-06 02:45:00,294.6886993355161,374.97051848980084
2025-08-06 04:50:00,342.1034535259071,2025-08-06 02:50:00,294.5803278814286,374.83262348255994
2025-08-06 04:55:00,341.916310748412,2025-08-06 02:55:00,294.41918194680864,374.627576683028
2025-08-06 05:00:00,341.68105658910486,2025-08-06 03:00:00,294.21660799828544,374.36981566714394
2025-08-06 05:05:00,341.40965710246144,2025-08-06 03:05:00,293.9829098320194,374.07245128645184
2025-08-06 05:10:00,341.11207882757645,2025-08-06 03:10:00,293.7266694904428,373.74640358270335
2025-08-06 05:15:00,340.79558387118476,2025-08-06 03:15:00,293.4541402684611,373.39962943119855
2025-08-06 05:20:00,340.4641500832765,2025-08-06 03:20:00,293.16874743507475,373.03648724437755
2025-08-06 05:25:00,340.1180534075144,2025-08-06 03:25:00,292.8707286013744,372.6572793655402
2025-08-06 05:30:00,339.7536432665202,2025-08-06 03:30:00,292.55694030806427,372.25800596515586
2025-08-06 05:35:00,339.3633339192921,2025-08-06 03:35:00,292.2208505834601,371.8303555714418
2025-08-06 05:40:00,338.93582540124476,2025-08-06 03:40:00,291.8527291917568,371.36194714782243
2025-08-06 05:45:00,338.4565573009219,2025-08-06 03:45:00,291.4400383735814,370.83682728263545
2025-08-06 05:50:00,337.90838776299057,2025-08-06 03:50:00,290.96801752563584,370.2362141526062
2025-08-06 05:55:00,337.2724789222895,2025-08-06 03:55:00,290.42044563512803,369.5394676667141
2025-08-06 06:00:00,336.52935951747105,2025-08-06 04:00:00,289.78055628098593,368.72525374049366
2025-08-06 06:05:00,335.66012539830564,2025-08-06 04:05:00,289.0320713733056,367.7728596563379
2025-08-06 06:10:00,334.64773047210826,2025-08-06 04:10:00,288.16031276861753,366.6636085152697
2025-08-06 06:15:00,333.47831373216223,2025-08-06 04:15:00,287.1533449548382,365.3823132226888
2025-08-06 06:20:00,332.1425036720578,2025-08-06 04:20:00,286.0030982635604,363.9187056965361
2025-08-06 06:25:00,330.63663914299667,2025-08-06 04:25:00,284.7064201325919,362.2687745244892
2025-08-06 06:30:00,328.96384630444976,2025-08-06 04:30:00,283.2660024525654,360.4359449469068
2025-08-06 06:35:00,327.1349143811727,2025-08-06 04:35:00,281.6911356686176,358.43203839785747
2025-08-06 06:40:00,325.16891878534733,2025-08-06 04:40:00,279.9982453418387,356.2779552415979
2025-08-06 06:45:00,323.0935483649191,2025-08-06 04:45:00,278.21117393807435,354.0040333288853
2025-08-06 06:50:00,320.94510396831544,2025-08-06 04:50:00,276.3611795920261,351.65004642438197
2025-08-06 06:55:00,318.7681478182512,2025-08-06 04:55:00,274.486634188114,349.2648200359167
2025-08-06 07:00:00,316.61479672510416,2025-08-06 05:00:00,272.6324147567541,346.9054570093105
2025-08-06 07:05:00,314.54366668606764,2025-08-06 05:05:00,270.848994683977,344.63618115692043
2025-08-06 07:10:00,312.6184909470522,2025-08-06 05:10:00,269.1912537445521,342.5268231089886
2025-08-06 07:15:00,310.90644802701735,2025-08-06 05:15:00,267.71703838796043,340.6509883794137
2025-08-06 07:20:00,309.47624930647055,2025-08-06 05:20:00,266.48551498855585,339.08396199310056
2025-08-06 07:25:00,308.39604762948284,2025-08-06 05:25:00,265.5553689730582,337.9004170031202
2025-08-06 07:30:00,307.7312377642836,2025-08-06 05:30:00,264.98291082903546,337.17200452051765
2025-08-06 07:35:00,307.5422266697437,2025-08-06 05:35:00,264.820156113674,336.9649106613253
2025-08-06 07:40:00,307.8822554471802,2025-08-06 05:40:00,265.1129499680301,337.33747012365313
2025-08-06 07:45:00,308.79535573384305,2025-08-06 05:45:00,265.8992073970665,338.33792706854797
2025-08-06 07:50:00,310.31452077413775,2025-08-06 05:50:00,267.2073384055777,340.00243121689186
2025-08-06 07:55:00,312.46016567360107,2025-08-06 05:55:00,269.0549221451939,342.35335079527874
2025-08-06 08:00:00,315.2389423823057,2025-08-06 06:00:00,271.44768651375796,345.3979741484221
2025-08-06 08:05:00,318.6429632358846,2025-08-06 06:05:00,274.37883955774953,349.1276589960488
2025-08-06 08:10:00,322.6494727055621,2025-08-06 06:10:00,277.82878682099243,353.5174727791278
2025-08-06 08:15:00,327.22099091865226,2025-08-06 06:15:00,281.7652549280764,358.52634991103054
2025-08-06 08:20:00,332.30593518858865,2025-08-06 06:20:00,286.14382677486196,364.09777276957976
2025-08-06 08:25:00,337.83970786520604,2025-08-06 06:25:00,290.90887826059856,370.16096362238864
2025-08-06 08:30:00,343.74622097241735,2025-08-06 06:30:00,295.99489113134115,376.6325551272153
2025-08-06 08:35:00,349.93981112529474,2025-08-06 06:35:00,301.32810188730815,383.4186884499033
2025-08-06 08:40:00,356.32748287751747,2025-08-06 06:40:00,306.82843349686965,390.4174712337484
2025-08-06 08:45:00,362.811405441308,2025-08-06 06:45:00,312.4116452859157,397.52171318159924
2025-08-06 08:50:00,369.2915771459894,2025-08-06 06:50:00,317.9916272645204,404.62184542419647
2025-08-06 08:55:00,375.66856507945425,2025-08-06 06:55:00,323.48275919252285,411.60892226420344
2025-08-06 09:00:00,381.84622350249765,2025-08-06 07:00:00,328.8022513667279,418.377599662291
2025-08-06 09:05:00,387.7342948737067,2025-08-06 07:05:00,333.87238432575884,424.8289851030863
2025-08-06 09:10:00,393.25080123165975,2025-08-06 07:10:00,338.62256803462554,430.8732577618339
2025-08-06 09:15:00,398.32414132902215,2025-08-06 07:15:00,342.9911476965138,436.4319662721226
2025-08-06 09:20:00,402.89481982659237,2025-08-06 07:20:00,346.9268927367283,441.4399233525963
2025-08-06 09:25:00,406.916748975824,2025-08-06 07:25:00,350.390117662655,445.84663202194713
2025-08-06 09:30:00,410.358079540553,2025-08-06 07:30:00,353.35339755842335,449.6171960152463
2025-08-06 09:35:00,413.2015359414188,2025-08-06 07:35:00,355.8018566729121,452.73268699176197
2025-08-06 09:40:00,415.4442499077486,2025-08-06 07:40:00,357.7330251797967,455.1899622722546
2025-08-06 09:45:00,417.0971063356178,2025-08-06 07:45:00,359.15627590540146,457.00094811502487
2025-08-06 09:50:00,418.1836341779808,2025-08-06 07:50:00,360.09186929025856,458.1914244970732
2025-08-06 09:55:00,418.73849271773116,2025-08-06 07:55:00,360.56964994076895,458.7993665683174
2025-08-06 10:00:00,418.80561930060134,2025-08-06 08:00:00,360.6274516688359,458.8729151773809
2025-08-06 10:05:00,418.43611745245096,2025-08-06 08:05:00,360.3092789802556,458.46806294424385
2025-08-06 10:10:00,417.6859740001412,2025-08-06 08:10:00,359.663341320574,457.64615297718694
2025-08-06 10:15:00,416.6136998520947,2025-08-06 08:15:00,358.74002158540395,456.4712939459134
2025-08-06 10:20:00,415.27799117171537,2025-08-06 08:20:00,357.58986219073876,455.00779749852336
2025-08-06 10:25:00,413.73550575166564,2025-08-06 08:25:00,356.2616503410558,453.3177419006571
2025-08-06 10:30:00,412.0388436610927,2025-08-06 08:30:00,354.8006791938963,451.4587594904585
2025-08-06 10:35:00,410.2348115671457,2025-08-06 08:35:00,353.24725329226834,449.4821349470594
2025-08-06 10:40:00,408.3630374560934,2025-08-06 08:40:00,351.6354957210692,447.43128748153003
2025-08-06 10:45:00,406.4549867803904,2025-08-06 08:45:00,349.992500925577,445.34069285835335
2025-08-06 10:50:00,404.5334134474985,2025-08-06 08:50:00,348.3378619658781,443.23528186013476
2025-08-06 10:55:00,402.61225999913006,2025-08-06 08:55:00,346.68358456265963,441.13033091695473
2025-08-06 11:00:00,400.69700175003663,2025-08-06 09:00:00,345.0343834301349,439.0318391690486
2025-08-06 11:05:00,398.7854103359183,2025-08-06 09:05:00,343.38833975608685,436.93736506364047
2025-08-06 11:10:00,396.8686939664795,2025-08-06 09:10:00,341.73788305725606,434.8372756964505
2025-08-06 11:15:00,394.93295533125644,2025-08-06 09:15:00,340.07104656092827,432.716344195938
2025-08-06 11:20:00,392.960894394112,2025-08-06 09:20:00,338.37293345660623,430.55561542480524
2025-08-06 11:25:00,390.9336727645863,2025-08-06 09:25:00,336.62732227917104,428.33444871647737
2025-08-06 11:30:00,388.8328493915401,2025-08-06 09:30:00,334.8183337066366,426.0326387573074
2025-08-06 11:35:00,386.6422944108476,2025-08-06 09:35:00,332.9320785466728,423.6325125328185
2025-08-06 11:40:00,384.34998889506056,2025-08-06 09:40:00,330.95820747496845,421.12090126011634
2025-08-06 11:45:00,381.9496235294782,2025-08-06 09:45:00,328.89128763203576,418.49089200991807
2025-08-06 11:50:00,379.4419180312092,2025-08-06 09:50:00,326.7319387558509,415.743273354947
2025-08-06 11:55:00,376.8355954943228,2025-08-06 09:55:00,324.48767217634787,412.88760293106196
2025-08-06 12:00:00,374.14796110926113,2025-08-06 10:00:00,322.1733891423214,409.9428415229802
2025-08-06 12:05:00,371.4050521824659,2025-08-06 10:05:00,319.8115100011538,406.9375174363395
2025-08-06 12:10:00,368.64134538801216,2025-08-06 10:10:00,317.4317221174379,403.9094057419826
2025-08-06 12:15:00,365.89902688778216,2025-08-06 10:15:00,315.07035138403234,400.90472856824533
2025-08-06 12:20:00,363.22685044283105,2025-08-06 10:20:00,312.76937895830054,397.9769039673941
2025-08-06 12:25:00,360.6786272084319,2025-08-06 10:25:00,310.5751408465022,395.18489122877753
2025-08-06 12:30:00,358.3114075409903,2025-08-06 10:30:00,308.5367622840668,392.5911987385044
2025-08-06 12:35:00,356.18342938222264,2025-08-06 10:35:00,306.7043911189309,390.2596360847411
2025-08-06 12:40:00,354.35191873965755,2025-08-06 10:40:00,305.1273038371613,388.25290410933025
2025-08-06 12:45:00,352.8708352105387,2025-08-06 10:45:00,303.8519642662483,386.6301247450922
2025-08-06 12:50:00,351.7886588122452,2025-08-06 10:50:00,302.9201178468414,385.44441611145356
2025-08-06 12:55:00,351.1463137446166,2025-08-06 10:55:00,302.367003814566,384.7406176423098
2025-08-06 13:00:00,350.9753197715173,2025-08-06 11:00:00,302.2197633814684,384.5532646095476
2025-08-06 13:05:00,351.2962532222001,2025-08-06 11:05:00,302.4961145265851,384.9049018878121
2025-08-06 13:10:00,352.11758720501535,2025-08-06 11:10:00,303.20335332076917,385.8048132110128
2025-08-06 13:15:00,353.434965353635,2025-08-06 11:15:00,304.33772856008494,387.24822543756693
2025-08-06 13:20:00,355.23094555286116,2025-08-06 11:20:00,305.8842210918142,389.2160277583573
2025-08-06 13:25:00,357.4752308195964,2025-08-06 11:25:00,307.81674262271497,391.675024666174
2025-08-06 13:30:00,360.12538417509967,2025-08-06 11:30:00,310.09875128516506,394.5787192200765
2025-08-06 13:35:00,363.1280042517098,2025-08-06 11:35:00,312.68426393508105,397.86860112286746
2025-08-06 13:40:00,366.42031905355026,2025-08-06 11:40:00,315.5192285161726,401.47589295750214
2025-08-06 13:45:00,369.93213775132557,2025-08-06 11:45:00,318.54320472216676,405.32368871084884
2025-08-06 13:50:00,373.58808532225214,2025-08-06 11:50:00,321.69128821287995,409.32940220248804
2025-08-06 13:55:00,377.31003285619045,2025-08-06 11:55:00,324.8962033156209,413.40742989917396
2025-08-06 14:00:00,381.0196280544703,2025-08-06 12:00:00,328.0904820010709,417.47192350746263
2025-08-06 14:05:00,384.64082609513724,2025-08-06 12:05:00,331.2086431746835,421.4395629678176
2025-08-06 14:10:00,388.10232086762034,2025-08-06 12:10:00,334.1892861776361,425.23222028643994
2025-08-06 14:15:00,391.3397806361601,2025-08-06 12:15:00,336.9770158842208,428.7794090854829
2025-08-06 14:20:00,394.29780021525164,2025-08-06 12:20:00,339.5241236918375,432.0204235438759
2025-08-06 14:25:00,396.93149352926577,2025-08-06 12:25:00,341.79195885101296,434.90608331774206
2025-08-06 14:30:00,399.2076653464946,2025-08-06 12:30:00,343.7519374286129,437.40001737469345
2025-08-06 14:35:00,401.10551839658103,2025-08-06 12:35:00,345.3861511964166,439.47943876145945
2025-08-06 14:40:00,402.6168715346447,2025-08-06 12:40:00,346.68755548908536,441.1353836398589
2025-08-06 14:45:00,403.7458847933205,2025-08-06 12:45:00,347.6597324504559,442.3724100344609
2025-08-06 14:50:00,404.5083076937839,2025-08-06 12:50:00,348.3162437650539,443.2077742292343
2025-08-06 14:55:00,404.93028692589735,2025-08-06 12:55:00,348.67960396874076,443.67012437799207
2025-08-06 15:00:00,405.0467876558893,2025-08-06 13:00:00,348.77992105962585,443.79777077796393
2025-08-06 15:05:00,404.89969861353137,2025-08-06 13:05:00,348.6532648160861,443.6366096699297
2025-08-06 15:10:00,404.53570399258024,2025-08-06 13:10:00,348.33983432106555,443.23779154255203
2025-08-06 15:15:00,404.00401452758257,2025-08-06 13:15:00,347.8820042251813,442.6552351404196
2025-08-06 15:20:00,403.3540555446491,2025-08-06 13:20:00,347.32233396073735,441.9430943297436
2025-08-06 15:25:00,402.63321109515516,2025-08-06 13:25:00,346.7016252479346,441.15328641245463
2025-08-06 15:30:00,401.884720347264,2025-08-06 13:30:00,346.05711070808565,440.3331872646885
2025-08-06 15:35:00,401.1458154579078,2025-08-06 13:35:00,345.4208504121537,439.5235910582576
2025-08-06 15:40:00,400.44617944994627,2025-08-06 13:40:00,344.8184039811142,438.75702060232027
2025-08-06 15:45:00,399.80678850812933,2025-08-06 13:45:00,344.26783370377973,438.0564588813493
2025-08-06 15:50:00,399.23918650052053,2025-08-06 13:50:00,343.7790798377072,437.4345541697388
2025-08-06 15:55:00,398.745220642445,2025-08-06 13:55:00,343.353732993253,436.89333040661995
2025-08-06 16:00:00,398.317247406921,2025-08-06 14:00:00,342.9852114400627,436.4244128058228
2025-08-06 16:05:00,397.9387974497535,2025-08-06 14:05:00,342.6593336644363,436.00975639461177
2025-08-06 16:10:00,397.58566846951834,2025-08-06 14:10:00,342.35525941522906,435.6228434280075
2025-08-06 16:15:00,397.227396503544,2025-08-06 14:15:00,342.04675661550664,435.2302954442256
2025-08-06 16:20:00,396.8290397517507,2025-08-06 14:20:00,341.70373738741176,434.7938277476335
2025-08-06 16:25:00,396.3531954405423,2025-08-06 14:25:00,341.29399474444347,434.2724592267922
2025-08-06 16:30:00,395.76216000059196,2025-08-06 14:30:00,340.7850626892547,433.62487919728807
2025-08-06 16:35:00,395.0201363851596,2025-08-06 14:35:00,340.1461169034786,432.8118658950489
2025-08-06 16:40:00,394.095389944348,2025-08-06 14:40:00,339.349831139819,431.79864860392524
2025-08-06 16:45:00,392.96225602683126,2025-08-06 14:45:00,338.3741059388152,430.5571073254543
2025-08-06 16:50:00,391.60290825897016,2025-08-06 14:50:00,337.2035912683719,429.06771022992353
2025-08-06 16:55:00,390.0088061492612,2025-08-06 14:55:00,335.8309330349788,427.321099753698
2025-08-06 17:00:00,388.1817536427738,2025-08-06 15:00:00,334.25768458960204,425.31925242597083
2025-08-06 17:05:00,386.1345162958235,2025-08-06 15:05:00,332.49483816785425,423.0761550887768
2025-08-06 17:10:00,383.8909628315906,2025-08-06 15:10:00,330.56294678148686,420.61795999529136
2025-08-06 17:15:00,381.48571651539226,2025-08-06 15:15:00,328.49182402268764,417.9826028320404
2025-08-06 17:20:00,378.9633221159542,2025-08-06 15:20:00,326.31982674649976,415.2188899830338
2025-08-06 17:25:00,376.37695430759004,2025-08-06 15:25:00,324.09274289464906,412.3850833642808
2025-08-06 17:30:00,373.7867125824302,2025-08-06 15:30:00,321.8623232691659,409.5470322096112
2025-08-06 17:35:00,371.2575651339041,2025-08-06 15:35:00,319.68451104023774,406.7759202446936
2025-08-06 17:40:00,368.8570190243844,2025-08-06 15:40:00,317.61743556131904,404.1457129587155
2025-08-06 17:45:00,366.6526059187945,2025-08-06 15:45:00,315.71924737076455,401.73040279715053
2025-08-06 17:50:00,364.7092808665097,2025-08-06 15:50:00,314.045878320607,399.6011590841164
2025-08-06 17:55:00,363.08683616289045,2025-08-06 15:55:00,312.64881469018843,397.823494467039
2025-08-06 18:00:00,361.83743262824225,2025-08-06 16:00:00,311.5729714062357,396.4545600121137
2025-08-06 18:05:00,361.0033470657047,2025-08-06 16:05:00,310.854752411481,395.5406771606177
2025-08-06 18:10:00,360.6150270909824,2025-08-06 16:10:00,310.5203757067222,395.1152064634479
2025-08-06 18:15:00,360.68953341724034,2025-08-06 16:15:00,310.5845320249122,395.1968408388086
2025-08-06 18:20:00,361.22943538661866,2025-08-06 16:20:00,311.0494337893466,395.7883954387979
2025-08-06 18:25:00,362.22220876138334,2025-08-06 16:25:00,311.90429656034746,396.87614782700496
2025-08-06 18:30:00,363.6401659783492,2025-08-06 16:30:00,313.1252789783575,398.42976156034626
2025-08-06 18:35:00,365.4409292802599,2025-08-06 16:35:00,314.67589017051705,400.40280458510836
2025-08-06 18:40:00,367.56843671457256,2025-08-06 16:40:00,316.50785600164403,402.73385148002563
2025-08-06 18:45:00,369.95445123177507,2025-08-06 16:45:00,318.5624185369332,405.3481369306189
2025-08-06 18:50:00,372.5205242215417,2025-08-06 16:50:00,320.7720268144944,408.15970711761537
2025-08-06 18:55:00,375.1803480503196,2025-08-06 16:55:00,323.0623625813881,411.07399732271773
2025-08-06 19:00:00,377.84241770810735,2025-08-06 17:00:00,325.35463219910747,413.99074821616153
2025-08-06 19:05:00,380.41291021539837,2025-08-06 17:05:00,327.5680460591848,416.8071607376364
2025-08-06 19:10:00,382.79868256677673,2025-08-06 17:10:00,329.62240006899094,419.4211808543073
2025-08-06 19:15:00,384.910284572257,2025-08-06 17:15:00,331.4406699657675,421.73480064185287
2025-08-06 19:20:00,386.6648825018854,2025-08-06 17:20:00,332.9515288246386,423.6572616352783
2025-08-06 19:25:00,387.9889926495098,2025-08-06 17:25:00,334.09170089077287,425.10804991379047
2025-08-06 19:30:00,388.82093090398973,2025-08-06 17:30:00,334.80807086966655,426.0195800234349
2025-08-06 19:35:00,389.112894477758,2025-08-06 17:35:00,335.05947647345005,426.3394758654353
2025-08-06 19:40:00,388.83260516082186,2025-08-06 17:40:00,334.81812340310324,426.0323711609417
2025-08-06 19:45:00,387.9644588488103,2025-08-06 17:45:00,334.0705751904043,425.0811689548717
2025-08-06 19:50:00,386.51014338204385,2025-08-06 17:50:00,332.8182852102021,423.48771856388333
2025-08-06 19:55:00,384.4887051131743,2025-08-06 17:55:00,331.0776540008461,421.2728885125666
2025-08-06 20:00:00,381.9360634741231,2025-08-06 18:00:00,328.87961126480997,418.4760346588129
2025-08-06 20:05:00,378.9039913824415,2025-08-06 18:05:00,326.2687379113784,415.15388305525653
2025-08-06 20:10:00,375.4585971016526,2025-08-06 18:10:00,323.30195880858065,411.37886656860735
2025-08-06 20:15:00,371.6783593629864,2025-08-06 18:15:00,320.0468508549812,407.23697202072105
2025-08-06 20:20:00,367.6517817865602,2025-08-06 18:20:00,316.5796232357376,402.8251702073448
2025-08-06 20:25:00,363.4747443160626,2025-08-06 18:25:00,312.9828367813763,398.2485139435313
2025-08-06 20:30:00,359.24763826902034,2025-08-06 18:30:00,309.3429370010808,393.61699902305463
2025-08-06 20:35:00,355.07237739770324,2025-08-06 18:35:00,305.7476803505368,389.0422893263536
2025-08-06 20:40:00,351.049379925532,2025-08-06 18:40:00,302.2835355072033,384.6344101271936
2025-08-06 20:45:00,347.2746158845328,2025-08-06 18:45:00,299.03314087536904,380.49851294775107
2025-08-06 20:50:00,343.83681043701336,2025-08-06 18:50:00,296.0728964069625,376.73181132099074
2025-08-06 20:55:00,340.81488712142647,2025-08-06 18:55:00,293.4707620176039,373.4207794308705
2025-08-06 21:00:00,338.2757258816406,2025-08-06 19:00:00,291.28432705808865,370.6386956514032
2025-08-06 21:05:00,336.2722992650283,2025-08-06 19:05:00,289.559205421562,368.4436004340943
2025-08-06 21:10:00,334.84223708540947,2025-08-06 19:10:00,288.3277995955724,366.8767236516326
2025-08-06 21:15:00,334.00685541904437,2025-08-06 19:15:00,287.6084645445881,365.96142069755365
2025-08-06 21:20:00,333.77067069558376,2025-08-06 19:20:00,287.40508930075316,365.70264009008304
2025-08-06 21:25:00,334.1214042473931,2025-08-06 19:25:00,287.70710088124486,366.0869284566958
2025-08-06 21:30:00,335.03046767437064,2025-08-06 19:30:00,288.48988222888704,367.08296233397505
2025-08-06 21:35:00,336.45390504394817,2025-08-06 19:35:00,289.71558352692165,368.6425805082518
2025-08-06 21:40:00,338.3337548672568,2025-08-06 19:40:00,291.3342949769543,370.70227629255834
2025-08-06 21:45:00,340.5997832528498,2025-08-06 19:45:00,293.2855391925175,373.1850964918389
2025-08-06 21:50:00,343.17153000576167,2025-08-06 19:50:00,295.500033065329,376.0028832530991
2025-08-06 21:55:00,345.9606018382913,2025-08-06 19:55:00,297.9016624158764,379.05878666855307
2025-08-06 22:00:00,348.873141638341,2025-08-06 20:00:00,300.40960824461195,382.2499702798209
2025-08-06 22:05:00,351.81239964558836,2025-08-06 20:05:00,302.9405607345069,385.4704282395217
2025-08-06 22:10:00,354.6813318147088,2025-08-06 20:10:00,305.41095666397996,388.61383226091226
2025-08-06 22:15:00,357.38515216308156,2025-08-06 20:15:00,307.7391771965324,391.57632814968684
2025-08-06 22:20:00,359.8337695218159,2025-08-06 20:20:00,309.8476461317561,394.2592056799186
2025-08-06 22:25:00,361.944044667695,2025-08-06 20:25:00,311.66477348895194,396.5713716666907
2025-08-06 22:30:00,363.6418109648028,2025-08-06 20:30:00,313.1266954523623,398.43156392329126
2025-08-06 22:35:00,364.8636101570192,2025-08-06 20:35:00,314.17876903694275,399.7702531176483
2025-08-06 22:40:00,365.55810445192276,2025-08-06 20:40:00,314.77678801335446,400.5311899508471
2025-08-06 22:45:00,365.6871363866056,2025-08-06 20:45:00,314.88789554306305,400.6725664207181
2025-08-06 22:50:00,365.226418508367,2025-08-06 20:50:00,314.491178052393,400.16777148455003
2025-08-06 22:55:00,364.1658457283474,2025-08-06 20:55:00,313.5779341957167,399.00573329571654
2025-08-06 23:00:00,362.5094336215223,2025-08-06 21:00:00,312.1516217264731,397.1908516008069
2025-08-06 23:05:00,360.2748960363581,2025-08-06 21:05:00,310.2274937829614,394.74253493903416
2025-08-06 23:10:00,357.49288448494184,2025-08-06 21:10:00,307.8319439382006,391.69436726452346
2025-08-06 23:15:00,354.20592024589354,2025-08-06 21:15:00,305.00158664921736,388.0929378830965
2025-08-06 23:20:00,350.46705704009764,2025-08-06 21:20:00,301.7821057064921,383.996376185672
2025-08-06 23:25:00,346.33831824311835,2025-08-06 21:25:00,298.2269085402091,379.472639348187
2025-08-06 23:30:00,341.88895682793526,2025-08-06 21:30:00,294.39562788215414,374.5976058023802
2025-08-06 23:35:00,337.19358958350585,2025-08-06 21:35:00,290.35251516834757,369.45303095432104
2025-08-06 23:40:00,332.33025845399703,2025-08-06 21:40:00,286.1647711863413,364.1244230512145
2025-08-06 23:45:00,327.37847229172064,2025-08-06 21:45:00,281.90085985704036,358.6988975880811
2025-08-06 23:50:00,322.41728094587006,2025-08-06 21:50:00,277.6288498604137,353.26306714381656
2025-08-06 23:55:00,317.52343110692686,2025-08-06 21:55:00,273.41482665982886,347.90102079451873
2025-08-07 00:00:00,312.7696497025506,2025-08-06 22:00:00,269.3214143591204,342.69244328119635
2025-08-07 00:05:00,308.22309562323164,2025-08-06 22:05:00,265.40644250597893,337.7109186114157
2025-08-07 00:10:00,303.9440151002752,2025-08-06 22:10:00,261.7217882574123,333.0224567967751
2025-08-07 00:15:00,299.9846292481338,2025-08-06 22:15:00,258.3124184585641,328.68427496598133
2025-08-07 00:20:00,296.388275509225,2025-08-06 22:20:00,255.21565035328356,324.7438566713604
2025-08-07 00:25:00,293.18881693227127,2025-08-06 22:25:00,252.4606429222618,321.23830465262716
2025-08-07 00:30:00,290.41032576434964,2025-08-06 22:30:00,250.06812442872948,318.19399415806413
2025-08-07 00:35:00,288.067039976651,2025-08-06 22:35:00,248.05035498341786,315.62652531108284
2025-08-07 00:40:00,286.16358386899907,2025-08-06 22:40:00,246.41131650391432,313.540964820063
2025-08-07 00:45:00,284.6954367481127,2025-08-06 22:45:00,245.14711628672435,311.9323594952455
2025-08-07 00:50:00,283.64962707429623,2025-08-06 22:50:00,244.24658472693088,310.786496804706
2025-08-07 00:55:00,283.00562364057345,2025-08-06 22:55:00,243.69204269963603,310.0808813129413
2025-08-07 01:00:00,282.73639036385816,2025-08-06 23:00:00,243.46020982535794,309.78589038432045
2025-08-07 01:05:00,282.8095673608444,2025-08-06 23:05:00,243.52322147736967,309.866068252963
2025-08-07 01:10:00,283.18873816567725,2025-08-06 23:10:00,243.8497199644779,310.28151447561476
2025-08-07 01:15:00,283.8347414041451,2025-08-06 23:15:00,244.4059839946682,310.9893210942194
2025-08-07 01:20:00,284.7069848852552,2025-08-06 23:20:00,245.15706022032342,311.94501244714314
2025-08-07 01:25:00,285.76472109601815,2025-08-06 23:25:00,246.06786154830536,313.1039426910401
2025-08-07 01:30:00,286.9682453157929,2025-08-06 23:30:00,247.10419881886037,314.4226085392608
2025-08-07 01:35:00,288.27998097854817,2025-08-06 23:35:00,248.23371539533932,315.85983846114163
2025-08-07 01:40:00,289.66542150217595,2025-08-06 23:40:00,249.42669815977547,317.3778246164937
2025-08-07 01:45:00,291.0939032717428,2025-08-06 23:45:00,250.6567431175642,318.94296979046135
2025-08-07 01:50:00,292.53919076250605,2025-08-06 23:50:00,251.9012592384157,320.5265284954842
2025-08-07 01:55:00,293.9798617110891,2025-08-06 23:55:00,253.14180012167427,322.10502899194756
2025-08-07 02:00:00,295.3994874644024,2025-08-07 00:00:00,254.3642192921615,323.6604708911552
2025-08-07 02:05:00,296.78661098423856,2025-08-07 00:05:00,255.55865126025162,325.180301055615
2025-08-07 02:10:00,298.13453227704656,2025-08-07 00:10:00,256.7193267585587,326.6571785007969
2025-08-07 02:15:00,299.4409177786734,2025-08-07 00:15:00,257.8442363887961,328.088546409561
2025-08-07 02:20:00,300.70725645823387,2025-08-07 00:20:00,258.93466228069843,329.4760362012744
2025-08-07 02:25:00,301.9381906986695,2025-08-07 00:25:00,259.9946019229638,330.82473439745337
2025-08-07 02:30:00,303.14075422909735,2025-08-07 00:30:00,261.03011195783944,332.14234764680515
2025-08-07 02:35:00,304.32355235620327,2025-08-07 00:35:00,262.04860229025,333.43830452904047
2025-08-07 02:40:00,305.49592134333534,2025-08-07 00:40:00,263.0581122413129,334.72283451143954
2025-08-07 02:45:00,306.6671039137741,2025-08-07 00:45:00,264.06660058614847,336.0060645722006
2025-08-07 02:50:00,307.84547651560655,2025-08-07 00:50:00,265.0812801628573,337.29717253744474
2025-08-07 02:55:00,309.03786122502606,2025-08-07 00:55:00,266.1080253624201,338.60363315403816
2025-08-07 03:00:00,310.24895102420373,2025-08-07 01:00:00,267.15087724379873,339.9305883835748
2025-08-07 03:05:00,311.48087191740365,2025-08-07 01:05:00,268.2116664784661,341.2803676259703
2025-08-07 03:10:00,312.73289904067997,2025-08-07 01:10:00,269.2897688965794,342.65217666926446
2025-08-07 03:15:00,314.0013369221285,2025-08-07 01:15:00,270.382002380817,344.0419664943239
2025-08-07 03:20:00,315.27956652995294,2025-08-07 01:20:00,271.4826673787872,345.44248482401576
2025-08-07 03:25:00,316.5582541989928,2025-08-07 01:25:00,272.58372680663416,346.84350503781707
2025-08-07 03:30:00,317.82571011312865,2025-08-07 01:30:00,273.67511473304427,348.2322189503705
2025-08-07 03:35:00,319.06837700213407,2025-08-07 01:35:00,274.7451571890258,349.5937722621542
2025-08-07 03:40:00,320.27142377287015,2025-08-07 01:40:00,275.7810833351303,350.91191498360166
2025-08-07 03:45:00,321.41941369554144,2025-08-07 01:45:00,276.76960082695814,352.1697335469966
2025-08-07 03:50:00,322.49701312519915,2025-08-07 01:50:00,277.69750608497793,353.3504273316366
2025-08-07 03:55:00,323.4897046721544,2025-08-07 01:55:00,278.55229839523753,354.438090063536
2025-08-07 04:00:00,324.38446812877066,2025-08-07 02:00:00,279.322766245561,355.4184558867486
2025-08-07 04:05:00,325.1703938256255,2025-08-07 02:05:00,279.99951547765374,356.27957139955106
2025-08-07 04:10:00,325.8391958155784,2025-08-07 02:10:00,280.5754111824691,357.01235793502934
2025-08-07 04:15:00,326.3855969524701,2025-08-07 02:15:00,281.04590928589784,357.6110334804063
2025-08-07 04:20:00,326.8075635916633,2025-08-07 02:20:00,281.4092586460034,358.0733698314743
2025-08-07 04:25:00,327.1063749518371,2025-08-07 02:25:00,281.66656077945885,358.4007685902589
2025-08-07 04:30:00,327.28651990886766,2025-08-07 02:30:00,281.82168099225214,358.59814808513096
2025-08-07 04:35:00,327.3554225915252,2025-08-07 02:35:00,281.8810120941161,358.6736427141367
2025-08-07 04:40:00,327.3230067544695,2025-08-07 02:40:00,281.8530992864259,358.63812564138937
2025-08-07 04:45:00,327.2011172662145,2025-08-07 02:45:00,281.74814201386585,358.50457493856345
2025-08-07 04:50:00,327.0028248298095,2025-08-07 02:50:00,281.57739526948035,358.2873117879335
2025-08-07 04:55:00,326.74164679294927,2025-08-07 02:55:00,281.3524986455476,358.00114674708584
2025-08-07 05:00:00,326.4307222648286,2025-08-07 03:00:00,281.0847660386529,357.66047594888323
2025-08-07 05:05:00,326.08198349646216,2025-08-07 03:05:00,280.7844721372861,357.2783732074183
2025-08-07 05:10:00,325.7053673369935,2025-08-07 03:10:00,280.4601734182925,356.8657260340425
2025-08-07 05:15:00,325.3081104030912,2025-08-07 03:15:00,280.11810122745084,356.43046337534514
2025-08-07 05:20:00,324.8941693212943,2025-08-07 03:20:00,279.7616625585554,355.9769203898594
2025-08-07 05:25:00,324.46380316591456,2025-08-07 03:25:00,279.3910804967428,355.5053809376367
2025-08-07 05:30:00,324.013348904171,2025-08-07 03:30:00,279.00320085755067,355.0118315421306
2025-08-07 05:35:00,323.5352128195373,2025-08-07 03:35:00,278.59148480168614,354.4879519930125
2025-08-07 05:40:00,323.0180915046518,2025-08-07 03:40:00,278.146199128819,353.92135748155835
2025-08-07 05:45:00,322.4474257059092,2025-08-07 03:45:00,277.65480707658537,353.2960958647291
2025-08-07 05:50:00,321.8060793509957,2025-08-07 03:50:00,277.10255302136085,352.5933916555329
2025-08-07 05:55:00,321.07522505155333,2025-08-07 03:55:00,276.47322497177726,351.79261624207237
2025-08-07 06:00:00,320.2354067229204,2025-08-07 04:00:00,275.7500695751867,350.8724521685274
2025-08-07 06:05:00,319.2677401474789,2025-08-07 04:05:00,274.91682590536834,349.8122085568631
2025-08-07 06:10:00,318.15520393888215,2025-08-07 04:10:00,273.9588370931228,348.59323557810575
2025-08-07 06:15:00,316.88396658225486,2025-08-07 04:15:00,272.86419302136386,347.2003784509924
2025-08-07 06:20:00,315.44469087158893,2025-08-07 04:20:00,271.6248535572633,345.62340667539826
2025-08-07 06:25:00,313.8337547748049,2025-08-07 04:25:00,270.2376998214688,343.85835169803136
2025-08-07 06:30:00,312.0543283804064,2025-08-07 04:30:00,268.7054615312667,341.9086868909908
2025-08-07 06:35:00,310.1172496562925,2025-08-07 04:35:00,267.0374711038084,339.78628709476396
2025-08-07 06:40:00,308.04164757044424,2025-08-07 04:40:00,265.250200216307,337.51211135311087
2025-08-07 06:45:00,305.8552693035862,2025-08-07 04:45:00,263.3675415641192,335.1165614302874
2025-08-07 06:50:00,303.59447882085215,2025-08-07 04:50:00,261.42080763082794,332.6394802460618
2025-08-07 06:55:00,301.30390619131776,2025-08-07 04:55:00,259.44842872237194,330.12976764551155
2025-08-07 07:00:00,299.0357408003419,2025-08-07 05:00:00,257.49534436243175,327.64460599271507
2025-08-07 07:05:00,296.8486758771754,2025-08-07 05:05:00,255.61209444044414,325.248303720908
2025-08-07 07:10:00,294.8065265499514,2025-08-07 05:10:00,253.85362923877398,323.0107811762589
2025-08-07 07:15:00,292.97655778622715,2025-08-07 05:15:00,252.27786964653754,321.0057385918351
2025-08-07 07:20:00,291.4275719590689,2025-08-07 05:20:00,250.9440603904629,319.3085606903935
2025-08-07 07:25:00,290.2278173649188,2025-08-07 05:25:00,249.9109690899238,317.9940251093416
2025-08-07 07:30:00,289.442788629101,2025-08-07 05:30:00,249.23499221798605,317.1338923701861
2025-08-07 07:35:00,289.13299690656714,2025-08-07 05:35:00,248.96823505357153,316.7944627535197
2025-08-07 07:40:00,289.35179174547864,2025-08-07 05:40:00,249.15663611974327,317.03418977944824
2025-08-07 07:45:00,290.1433174084915,2025-08-07 05:45:00,249.8382074015697,317.90144100934094
2025-08-07 07:50:00,291.5406838560641,2025-08-07 05:50:00,251.04145940634746,319.43249404640267
2025-08-07 07:55:00,293.56442690272064,2025-08-07 05:55:00,252.7840752264672,321.6498493744903
2025-08-07 08:00:00,296.2213231135159,2025-08-07 06:00:00,255.07189006392753,324.5609318752633
2025-08-07 08:05:00,299.5036132334148,2025-08-07 06:05:00,257.89822253662373,328.1572399627507
2025-08-07 08:10:00,303.3886738345868,2025-08-07 06:10:00,261.24359193858976,332.4139858170154
2025-08-07 08:15:00,307.8391607232511,2025-08-07 06:15:00,265.075841725555,337.2902525107874
2025-08-07 08:20:00,312.8036303574656,2025-08-07 06:20:00,269.3506746088002,342.72967487853384
2025-08-07 08:25:00,318.2176275810818,2025-08-07 06:25:00,274.0125891871084,348.66163131434246
2025-08-07 08:30:00,324.0052101125988,2025-08-07 06:30:00,278.99619266203206,355.0029141092151
2025-08-07 08:35:00,330.0808633652169,2025-08-07 06:35:00,284.2278496617021,361.6598274626979
2025-08-07 08:40:00,336.3517436388591,2025-08-07 06:40:00,289.62761382098097,368.5306452819525
2025-08-07 08:45:00,342.7201746952913,2025-08-07 06:45:00,295.1113775461314,375.50834660518547
2025-08-07 08:50:00,349.0863120941051,2025-08-07 06:50:00,300.59316623593423,382.48353483568695
2025-08-07 08:55:00,355.3508826866596,2025-08-07 06:55:00,305.98749722023484,389.3474393242193
2025-08-07 09:00:00,361.41790286828655,2025-08-07 07:00:00,311.21172040753913,395.9948936774641
2025-08-07 09:05:00,367.19727945083,2025-08-07 07:05:00,316.18825785867887,402.3271854570453
2025-08-07 09:10:00,372.6072008905175,2025-08-07 07:10:00,320.84666283849066,408.25467617709745
2025-08-07 09:15:00,377.57623427375245,2025-08-07 07:15:00,325.12542549990377,413.6990989095015
2025-08-07 09:20:00,382.04505433024246,2025-08-07 07:20:00,328.9734617120966,418.59545271236885
2025-08-07 09:25:00,385.96774495614864,2025-08-07 07:25:00,332.3512337832264,422.89342867041483
2025-08-07 09:30:00,389.3126299689463,2025-08-07 07:30:00,335.23146581140435,426.55832012845883
2025-08-07 09:35:00,392.06260808229223,2025-08-07 07:35:00,337.5994321267016,429.5713897134668
2025-08-07 09:40:00,394.2149863667082,2025-08-07 07:40:00,339.45281388655604,431.9296868623537
2025-08-07 09:45:00,395.7808259558438,2025-08-07 07:45:00,340.801135672914,433.6453309317115
2025-08-07 09:50:00,396.78383273452016,2025-08-07 07:50:00,341.664810279775,434.7442957575477
2025-08-07 09:55:00,397.2588434545339,2025-08-07 07:55:00,342.07383512944153,435.26475093720177
2025-08-07 10:00:00,397.2499732641748,2025-08-07 08:00:00,342.0661971370231,435.255032132294
2025-08-07 10:05:00,396.8085036465245,2025-08-07 08:05:00,341.68605404470185,434.77132694526296
2025-08-07 10:10:00,395.9905993587604,2025-08-07 08:10:00,340.98176851124134,433.8751734373679
2025-08-07 10:15:00,394.8549490318285,2025-08-07 08:15:00,340.0038764665446,432.63087500361803
2025-08-07 10:20:00,393.460426131807,2025-08-07 08:20:00,338.80307299936953,431.10293755740344
2025-08-07 10:25:00,391.8638651816112,2025-08-07 08:25:00,337.4282974940537,429.3536330024689
2025-08-07 10:30:00,390.11804217741116,2025-08-07 08:30:00,335.9249945963493,427.4407864349877
2025-08-07 10:35:00,388.26993875023845,2025-08-07 08:35:00,334.3336195081288,425.4158742368365
2025-08-07 10:40:00,386.35935668901885,2025-08-07 08:40:00,332.68844497323965,423.32250604951
2025-08-07 10:45:00,384.4179338846187,2025-08-07 08:45:00,331.01671392117834,421.1953465731528
2025-08-07 10:50:00,382.4685951407868,2025-08-07 08:50:00,329.3381665683482,419.0595138363711
2025-08-07 10:55:00,380.525452163344,2025-08-07 08:55:00,327.66495430019944,416.9304696173497
2025-08-07 11:00:00,378.59414749698715,2025-08-07 09:00:00,326.0019358302288,414.8143962852228
2025-08-07 11:05:00,376.67261788845224,2025-08-07 09:05:00,324.34733452094025,412.70903319448746
2025-08-07 11:10:00,374.75223436296113,2025-08-07 09:10:00,322.69372008715777,410.60492583300476
2025-08-07 11:15:00,372.8192599201981,2025-08-07 09:15:00,321.0292637969133,408.4870229763159
2025-08-07 11:20:00,370.856552156794,2025-08-07 09:20:00,319.3392045750025,406.3365422006794
2025-08-07 11:25:00,368.84542744386647,2025-08-07 09:25:00,317.6074542192588,404.13301240719795
2025-08-07 11:30:00,366.76759644792435,2025-08-07 09:30:00,315.8182640495651,401.8563945147586
2025-08-07 11:35:00,364.6070777826058,2025-08-07 09:35:00,313.9578727256427,399.4891781915739
2025-08-07 11:40:00,362.35199758131336,2025-08-07 09:40:00,312.01605583297766,397.0183535936281
2025-08-07 11:45:00,359.9961880023873,2025-08-07 09:45:00,309.9875023324685,394.43716279945994
2025-08-07 11:50:00,357.54050646085665,2025-08-07 09:50:00,307.8729505317756,391.74654525332653
2025-08-07 11:55:00,354.99380980902725,2025-08-07 09:55:00,305.6800269381129,388.95620514602575
2025-08-07 12:00:00,352.3735328735446,2025-08-07 10:00:00,303.4237444281319,386.0852453008237
2025-08-07 12:05:00,349.70583831613357,2025-08-07 10:05:00,301.1266312908331,383.1623313714301
2025-08-07 12:10:00,347.02532371844006,2025-08-07 10:10:00,298.81847900256713,380.2253709035328
2025-08-07 12:15:00,344.3742915290787,2025-08-07 10:15:00,296.5357135890132,377.3207134373965
2025-08-07 12:20:00,341.80160703065974,2025-08-07 10:20:00,294.32041223713037,374.50189921615316
2025-08-07 12:25:00,339.3611879649323,2025-08-07 10:25:00,292.2190027332487,371.82800431279696
2025-08-07 12:30:00,337.1101861995322,2025-08-07 10:30:00,290.2806977226476,369.3616483362856
2025-08-07 12:35:00,335.1069359449727,2025-08-07 10:35:00,288.55572794892964,367.1667463536554
2025-08-07 12:40:00,333.40875411687387,2025-08-07 10:40:00,287.0934481778026,365.30609881205294
2025-08-07 12:45:00,332.0696856933236,2025-08-07 10:45:00,285.94039575696456,363.838921193561
2025-08-07 12:50:00,331.13829042129987,2025-08-07 10:50:00,285.13838478106777,362.8184189749669
2025-08-07 12:55:00,330.65556644293775,2025-08-07 10:55:00,284.7227181563771,362.2895126065496
2025-08-07 13:00:00,330.65310155429677,2025-08-07 11:00:00,284.7205956764765,362.2868119010572
2025-08-07 13:05:00,331.15153407380654,2025-08-07 11:05:00,285.1497886983845,362.8329296528405
2025-08-07 13:10:00,332.1593929482316,2025-08-07 11:10:00,286.01764137460384,363.93721077630573
2025-08-07 13:15:00,333.67237136864543,2025-08-07 11:15:00,287.32044517435935,365.59493642844757
2025-08-07 13:20:00,335.67307040977937,2025-08-07 11:20:00,289.04321813515514,367.78704312207526
2025-08-07 13:25:00,338.13122978556225,2025-08-07 11:25:00,291.159903563027,370.4803755578239
2025-08-07 13:30:00,341.0044426293938,2025-08-07 11:30:00,293.633985519481,373.62846978773376
2025-08-07 13:35:00,344.2393310248835,2025-08-07 11:35:00,296.4195010539829,377.1728412094706
2025-08-07 13:40:00,347.7731396420505,2025-08-07 11:40:00,299.46241246100396,381.04473066631783
2025-08-07 13:45:00,351.53568749134166,2025-08-07 11:45:00,302.7022879071307,385.16724292625815
2025-08-07 13:50:00,355.45160244638555,2025-08-07 11:50:00,306.07422554623804,389.45779498238505
2025-08-07 13:55:00,359.4427515064893,2025-08-07 11:55:00,309.5109461833186,393.83077881955444
2025-08-07 14:00:00,363.430771220304,2025-08-07 12:00:00,312.94497218564356,398.20033392466286
2025-08-07 14:05:00,367.33959849824475,2025-08-07 12:05:00,316.3108067286745,402.48312022287183
2025-08-07 14:10:00,371.09790178393075,2025-08-07 12:10:00,319.54702724257055,406.6009818401622
2025-08-07 14:15:00,374.6413166652695,2025-08-07 12:15:00,322.59821046450685,410.4833965961967
2025-08-07 14:20:00,377.9143980191765,2025-08-07 12:20:00,325.416613402212,414.0696149114815
2025-08-07 14:25:00,380.8722125346144,2025-08-07 12:25:00,327.96354463248724,417.31040468770175
2025-08-07 14:30:00,383.48151041734843,2025-08-07 12:30:00,330.2103732391967,420.16933510992453
2025-08-07 14:35:00,385.72143247233925,2025-08-07 12:35:00,332.1391376716729,422.6235513758386
2025-08-07 14:40:00,387.583728266439,2025-08-07 12:40:00,333.7427336014537,424.6640137301599
2025-08-07 14:45:00,389.0724811552068,2025-08-07 12:45:00,335.02467714685685,426.29519618465633
2025-08-07 14:50:00,390.20335660213175,2025-08-07 12:50:00,335.99845761155177,427.53426292377884
2025-08-07 14:55:00,391.0024098518119,2025-08-07 12:55:00,336.6865107892075,428.40976190747205
2025-08-07 15:00:00,391.5045072436636,2025-08-07 13:00:00,337.1188595795973,428.9598951513543
2025-08-07 15:05:00,391.75143132431174,2025-08-07 13:05:00,337.33148232832855,429.23044255447587
2025-08-07 15:10:00,391.7897527566605,2025-08-07 13:10:00,337.364480358573,429.2724302131062
2025-08-07 15:15:00,391.66856143557123,2025-08-07 13:15:00,337.26012426764527,429.13964447136925
2025-08-07 15:20:00,391.4371545596625,2025-08-07 13:20:00,337.06086315912194,428.88609880997706
2025-08-07 15:25:00,391.14278081173916,2025-08-07 13:25:00,336.80738218928906,428.5635622115263
2025-08-07 15:30:00,390.8285367916822,2025-08-07 13:30:00,336.5367912159765,428.2192543443076
2025-08-07 15:35:00,390.5315049530997,2025-08-07 13:35:00,336.28102140278395,427.8938053546344
2025-08-07 15:40:00,390.2812115171394,2025-08-07 13:40:00,336.0654973510042,427.6195662486724
2025-08-07 15:45:00,390.0984688589899,2025-08-07 13:45:00,335.9081402954095,427.41934052960886
2025-08-07 15:50:00,389.9946500779267,2025-08-07 13:50:00,335.8187434470274,427.3055893655337
2025-08-07 15:55:00,389.97142474499583,2025-08-07 13:55:00,335.798744449299,427.28014205600203
2025-08-07 16:00:00,390.0209649064555,2025-08-07 14:00:00,335.84140276465854,427.33442174390433
2025-08-07 16:05:00,390.1266100869788,2025-08-07 14:05:00,335.93237229915724,427.4501740397836
2025-08-07 16:10:00,390.2639602484259,2025-08-07 14:10:00,336.0506425334289,427.6006645443966
2025-08-07 16:15:00,390.40234718441496,2025-08-07 14:15:00,336.1698055192392,427.7522910121737
2025-08-07 16:20:00,390.5066184575628,2025-08-07 14:20:00,336.25959200200026,427.8665379584265
2025-08-07 16:25:00,390.5391543674395,2025-08-07 14:25:00,336.28760820265717,427.90218659140805
2025-08-07 16:30:00,390.4620282513288,2025-08-07 14:30:00,336.22119602137707,427.8176817898843
2025-08-07 16:35:00,390.23921392764936,2025-08-07 14:35:00,336.0293338351007,427.57355073352267
2025-08-07 16:40:00,389.8387416950598,2025-08-07 14:40:00,335.68449299713853,427.1347651672668
2025-08-07 16:45:00,389.23470607267217,2025-08-07 14:45:00,335.1643666731827,426.4729412228343
2025-08-07 16:50:00,388.4090342232515,2025-08-07 14:50:00,334.45339260490607,425.5682770276493
2025-08-07 16:55:00,387.35293368567324,2025-08-07 14:55:00,333.54399973140795,424.4111389424243
2025-08-07 17:00:00,386.067951101614,2025-08-07 15:00:00,332.4375198434304,423.0032215766447
2025-08-07 17:05:00,384.56658953227065,2025-08-07 15:05:00,331.1447191458418,421.3582241642165
2025-08-07 17:10:00,382.87245017150593,2025-08-07 15:10:00,329.68592028477417,419.50200583436435
2025-08-07 17:15:00,381.0198839027218,2025-08-07 15:15:00,328.0907023082939,417.4722038328155
2025-08-07 17:20:00,379.05315840601895,2025-08-07 15:20:00,326.3971834744432,415.3173209457787
2025-08-07 17:25:00,377.0251667540324,2025-08-07 15:25:00,324.65090924182203,413.09531054664285
2025-08-07 17:30:00,374.9957224902379,2025-08-07 15:30:00,322.9033841862166,410.8717085637645
2025-08-07 17:35:00,373.02950369992,2025-08-07 15:35:00,321.2103016698935,408.71738085990887
2025-08-07 17:40:00,371.1937233593616,2025-08-07 15:40:00,319.62953781303577,406.70597070284333
2025-08-07 17:45:00,369.55561526387373,2025-08-07 15:45:00,318.2189866627899,404.911144171128
2025-08-07 17:50:00,368.179833008148,2025-08-07 15:50:00,317.0343204929278,403.4037402939106
2025-08-07 17:55:00,367.12586403257666,2025-08-07 15:55:00,316.12676307659456,402.24893769805567
2025-08-07 18:00:00,366.44556110789625,2025-08-07 16:00:00,315.5409640834959,401.50354992896814
2025-08-07 18:05:00,366.1808900017444,2025-08-07 16:05:00,315.31305962819914,401.2135576355363
2025-08-07 18:10:00,366.3619845109888,2025-08-07 16:10:00,315.4689974866479,401.41197752665045
2025-08-07 18:15:00,367.00558895869597,2025-08-07 16:15:00,316.0231959528647,402.1171558612528
2025-08-07 18:20:00,368.1139539359435,2025-08-07 16:20:00,316.9775929782228,403.3315585453415
2025-08-07 18:25:00,369.67423430594465,2025-08-07 16:25:00,318.32112780151886,405.0411115429162
2025-08-07 18:30:00,371.6584196862756,2025-08-07 16:30:00,320.0296810882256,407.2151247074131
2025-08-07 18:35:00,374.02380778213256,2025-08-07 16:35:00,322.06648251090286,409.80681039893847
2025-08-07 18:40:00,376.7140106292825,2025-08-07 16:40:00,324.382977210425,412.7543859948717
2025-08-07 18:45:00,379.66046389801403,2025-08-07 16:45:00,326.92012543574833,415.98272758951094
2025-08-07 18:50:00,382.78439065460566,2025-08-07 16:50:00,329.61009351046306,419.40552162936103
2025-08-07 18:55:00,385.9991541447666,2025-08-07 16:55:00,332.37827978052985,422.92784278827827
2025-08-07 19:00:00,389.2129196446714,2025-08-07 17:00:00,335.1456066956447,426.4490704788249
2025-08-07 19:05:00,392.33153411266443,2025-08-07 17:05:00,337.83100043560466,429.8660440013678
2025-08-07 19:10:00,395.26152435081787,2025-08-07 17:10:00,340.35397258379214,433.0763475409144
2025-08-07 19:15:00,397.913110097602,2025-08-07 17:15:00,342.6372146576236,435.98161152352657
2025-08-07 19:20:00,400.2031278724595,2025-08-07 17:20:00,344.6091157887554,438.490716186238
2025-08-07 19:25:00,402.05776480437174,2025-08-07 17:25:00,346.20611678325815,440.52278695205877
2025-08-07 19:30:00,403.4150084064226,2025-08-07 17:30:00,347.37481958700477,442.00987857542094
2025-08-07 19:35:00,404.22672855790404,2025-08-07 17:35:00,348.07378005029994,442.8992563083189
2025-08-07 19:40:00,404.46032097554337,2025-08-07 17:40:00,348.2749230971462,443.1551966030659
2025-08-07 19:45:00,404.09985698091447,2025-08-07 17:45:00,347.9645327733046,442.76024687839873
2025-08-07 19:50:00,403.1467015619405,2025-08-07 17:50:00,347.1437844501017,441.715902711164
2025-08-07 19:55:00,401.6195801833314,2025-08-07 17:55:00,345.828802353929,440.0426810385362
2025-08-07 20:00:00,399.5540935660355,2025-08-07 18:00:00,344.05024174985823,437.7795885162314
2025-08-07 20:05:00,397.00169833763874,2025-08-07 18:05:00,341.852411194467,434.98300464733495
2025-08-07 20:10:00,394.0281890981154,2025-08-07 18:10:00,339.2919654646465,431.72501862669463
2025-08-07 20:15:00,390.7117337904153,2025-08-07 18:15:00,336.4362138436755,428.09127675465083
2025-08-07 20:20:00,387.1405283269885,2025-08-07 18:20:00,333.361100554097,424.17841268077166
2025-08-07 20:25:00,383.41014825879085,2025-08-07 18:25:00,330.1489243182649,420.0911457060064
2025-08-07 20:30:00,379.62068402870267,2025-08-07 18:30:00,326.8858715665633,415.9391419646887
2025-08-07 20:35:00,375.87375226065626,2025-08-07 18:35:00,323.65944290177094,411.8337397825367
2025-08-07 20:40:00,372.2694780096377,2025-08-07 18:40:00,320.55585455825474,407.8846432173434
2025-08-07 20:45:00,368.9035423038641,2025-08-07 18:45:00,317.65749608331026,404.19668713836984
2025-08-07 20:50:00,365.86438568928577,2025-08-07 18:50:00,315.0405223498437,400.8667732328661
2025-08-07 20:55:00,363.23065166538026,2025-08-07 18:55:00,312.77265213597053,397.9810688543775
2025-08-07 21:00:00,361.0689449302573,2025-08-07 19:00:00,310.9112377823508,395.6125507982898
2025-08-07 21:05:00,359.4319677645779,2025-08-07 19:05:00,309.50166045937954,393.81896339287596
2025-08-07 21:10:00,358.3570849057676,2025-08-07 19:10:00,308.5760944011623,392.64124607446894
2025-08-07 21:15:00,357.86535273085315,2025-08-07 19:15:00,308.1526709489195,392.10246969184465
2025-08-07 21:20:00,357.9610335302137,2025-08-07 19:20:00,308.2350602991499,392.2073043103543
2025-08-07 21:25:00,358.63160024985274,2025-08-07 19:25:00,308.8124755871329,392.9420244078916
2025-08-07 21:30:00,359.8482220369162,2025-08-07 19:30:00,309.86009098313974,394.27504087273854
2025-08-07 21:35:00,361.56670660752025,2025-08-07 19:35:00,311.33985315171833,396.15793352808856
2025-08-07 21:40:00,363.72886240980046,2025-08-07 19:40:00,313.20165419056167,398.52694361376246
2025-08-07 21:45:00,366.26423193455673,2025-08-07 19:45:00,315.38482415919435,401.304872923354
2025-08-07 21:50:00,369.09213797728194,2025-08-07 19:50:00,317.8198930855616,404.40332583294037
2025-08-07 21:55:00,372.1239770133385,2025-08-07 19:55:00,320.43056575817064,407.72522208434975
2025-08-07 22:00:00,375.26568862490444,2025-08-07 20:00:00,323.1358481138599,411.1675024631408
2025-08-07 22:05:00,378.42032680877935,2025-08-07 20:05:00,325.852261353701,414.6239461044224
2025-08-07 22:10:00,381.49065849808716,2025-08-07 20:10:00,328.49607949239316,417.98801761613464
2025-08-07 22:15:00,384.381716052374,2025-08-07 20:15:00,330.98552727050924,421.15566376686354
2025-08-07 22:20:00,387.0032341182587,2025-08-07 20:20:00,333.24287849989963,424.02798348189407
2025-08-07 22:25:00,389.27190691816037,2025-08-07 20:25:00,335.19639978231515,426.5137010876249
2025-08-07 22:30:00,391.11340899638594,2025-08-07 20:30:00,336.78209054458904,428.5313803832173
2025-08-07 22:35:00,392.46413112991115,2025-08-07 20:35:00,337.94517780626273,430.01132662663304
2025-08-07 22:40:00,393.2725925336011,2025-08-07 20:40:00,338.6413322090432,430.89713384607563
2025-08-07 22:45:00,393.500500820753,2025-08-07 20:45:00,338.837580733471,431.146846207369
2025-08-07 22:50:00,393.12344178773117,2025-08-07 20:50:00,338.51290066247657,430.73371379055556
2025-08-07 22:55:00,392.1311918536908,2025-08-07 20:55:00,337.6584886187004,429.6465349208498
2025-08-07 23:00:00,390.5276564714286,2025-08-07 21:00:00,336.27770753096877,427.8895886872306
2025-08-07 23:05:00,388.33044778358203,2025-08-07 21:05:00,334.3857229601648,425.482172192846
2025-08-07 23:10:00,385.5701241229069,2025-08-07 21:10:00,332.00884824393523,422.4577672979873
2025-08-07 23:15:00,382.2891221532138,2025-08-07 21:15:00,329.18362497872016,418.8628705985349
2025-08-07 23:20:00,378.54041963042323,2025-08-07 21:20:00,325.95567154267,414.7555282528463
2025-08-07 23:25:00,374.3859726721324,2025-08-07 21:25:00,322.37833745110805,410.2036237442958
2025-08-07 23:30:00,369.89497573162595,2025-08-07 21:30:00,318.51120504535845,405.2829713863251
2025-08-07 23:35:00,365.1419958749591,2025-08-07 21:35:00,314.41848294577073,400.07527210509204
2025-08-07 23:40:00,360.20503416533444,2025-08-07 21:40:00,310.1673367378908,394.66598935573967
2025-08-07 23:45:00,355.16356741962227,2025-08-07 21:45:00,305.8262027573689,389.14220353300385
2025-08-07 23:50:00,350.09662235094913,2025-08-07 21:50:00,301.4631297620421,383.59050186627707
2025-08-07 23:55:00,345.08093143083573,2025-08-07 21:55:00,297.1441909715367,378.0949578523626
2025-08-08 00:00:00,340.1892162664719,2025-08-07 22:00:00,292.93200590830776,372.7352504027882
2025-08-08 00:05:00,335.488639375358,2025-08-07 22:05:00,288.88440724321174,367.5849674991277
2025-08-08 00:10:00,331.0394595171213,2025-08-07 22:10:00,285.05328292121317,362.7101328798907
2025-08-08 00:15:00,326.8939192749035,2025-08-07 22:15:00,281.4836182738328,358.16798719639104
2025-08-08 00:20:00,323.0953864492403,2025-08-07 22:20:00,278.2127566858556,354.0060472634458
2025-08-08 00:25:00,319.67776333994897,2025-08-07 22:25:00,275.2698909365218,350.2614588270321
2025-08-08 00:30:00,316.66517030775196,2025-08-07 22:30:00,272.6757907190252,346.9606498521289
2025-08-08 00:35:00,314.07190225664914,2025-08-07 22:35:00,270.442765168114,344.11928284174076
2025-08-08 00:40:00,311.9026492113277,2025-08-07 22:40:00,268.5748527961034,341.7424965170338
2025-08-08 00:45:00,310.1529649458576,2025-08-07 22:45:00,267.0682250222563,339.8254192799207
2025-08-08 00:50:00,308.8099610834769,2025-08-07 22:50:00,265.91178385205285,338.35392971764054
2025-08-08 00:55:00,307.853198216858,2025-08-07 22:55:00,265.0879292079429,337.30563297684694
2025-08-08 01:00:00,307.2557406328537,2025-08-07 23:00:00,264.573467137545,336.65101639427877
2025-08-08 01:05:00,306.9853373238291,2025-08-07 23:05:00,264.34062676539526,336.3547434959043
2025-08-08 01:10:00,307.0056891300379,2025-08-07 23:10:00,264.35815141089114,336.37704236729894
2025-08-08 01:15:00,307.2777603286036,2025-08-07 23:15:00,264.5924279785625,336.67514272285325
2025-08-08 01:20:00,307.76109264447297,2025-08-07 23:20:00,265.00861843386787,337.2047156286628
2025-08-08 01:25:00,308.4150806488614,2025-08-07 23:25:00,265.5717580303195,337.9212709188376
2025-08-08 01:30:00,309.20016977342453,2025-08-07 23:30:00,266.247786902131,338.7814698241531
2025-08-08 01:35:00,310.07894158023095,2025-08-07 23:35:00,267.0044845744694,339.74431407022206
2025-08-08 01:40:00,311.01705546876997,2025-08-07 23:40:00,267.8122808537169,340.77217767797686
2025-08-08 01:45:00,311.9840215500621,2025-08-07 23:45:00,268.64492133817106,341.83165377894505
2025-08-08 01:50:00,312.95378565394367,2025-08-07 23:50:00,269.4799711593429,342.89419559040795
2025-08-08 01:55:00,313.9051143706536,2025-08-07 23:55:00,270.29914653568915,343.93653829406526
2025-08-08 02:00:00,314.82177527066665,2025-08-08 00:00:00,271.0884699572999,344.94089649756916
2025-08-08 02:05:00,315.6925147785716,2025-08-08 00:05:00,271.8382511334158,345.89493999158844
2025-08-08 02:10:00,316.51084345796227,2025-08-08 00:10:00,272.5429021043579,346.7915584928214
2025-08-08 02:15:00,317.27464525891656,2025-08-08 00:15:00,273.2006007701929,347.62843350803
2025-08-08 02:20:00,317.9856334631167,2025-08-08 00:20:00,273.8128224129576,348.4074422292188
2025-08-08 02:25:00,318.6486814209413,2025-08-08 00:25:00,274.3837634040642,349.1339242420855
2025-08-08 02:30:00,319.2710603268902,2025-08-08 00:30:00,274.919684863761,349.8158463791252
2025-08-08 02:35:00,319.8616192787674,2025-08-08 00:35:00,275.4282066219727,350.4629043347576
2025-08-08 02:40:00,320.42994450367763,2025-08-08 00:40:00,275.91758323998647,351.0856014541489
2025-08-08 02:45:00,320.98553468295387,2025-08-08 00:45:00,276.3959938946936,351.6943451611559
2025-08-08 02:50:00,321.53702805147026,2025-08-08 00:50:00,276.8708768450047,352.2986001139302
2025-08-08 02:55:00,322.0915141160121,2025-08-08 00:55:00,277.348336762509,352.90613407511836
2025-08-08 03:00:00,322.6539587576264,2025-08-08 01:00:00,277.8326496954369,353.52238801353127
2025-08-08 03:05:00,323.22676616512945,2025-08-08 01:05:00,278.3258858559493,354.14999612766087
2025-08-08 03:10:00,323.80949476076955,2025-08-08 01:10:00,278.8276650078413,354.7884745938408
2025-08-08 03:15:00,324.39873725829676,2025-08-08 01:15:00,279.33505318628335,355.4340901494254
2025-08-08 03:20:00,324.9881675338579,2025-08-08 01:20:00,279.8426030576701,356.0799114478412
2025-08-08 03:25:00,325.56874934782934,2025-08-08 01:25:00,280.34253364696696,356.71603774891844
2025-08-08 03:30:00,326.12909463461335,2025-08-08 01:30:00,280.8250388558632,357.32999148641096
2025-08-08 03:35:00,326.65595199081105,2025-08-08 01:35:00,281.27870809286117,357.9072534900222
2025-08-08 03:40:00,327.1348001232535,2025-08-08 01:40:00,281.69103728277867,358.43191320883886
2025-08-08 03:45:00,327.55051580385975,2025-08-08 01:45:00,282.04900403300076,358.88740056968976
2025-08-08 03:50:00,327.8880824101669,2025-08-08 01:50:00,282.33967774746606,359.25726230402216
2025-08-08 03:55:00,328.13330286782553,2025-08-08 01:55:00,282.550833531121,359.52594309788276
2025-08-08 04:00:00,328.2734803869106,2025-08-08 02:00:00,282.6715383620956,359.67953145453447
2025-08-08 04:05:00,328.2980315838938,2025-08-08 02:05:00,282.69267904215206,359.70643147404616
2025-08-08 04:10:00,328.1989994871211,2025-08-08 02:10:00,282.6074039382693,359.59792493820237
2025-08-08 04:15:00,327.9714383613978,2025-08-08 02:15:00,282.41145434951846,359.34859295140603
2025-08-08 04:20:00,327.61364822735027,2025-08-08 02:20:00,282.10336644828806,358.95657289659806
2025-08-08 04:25:00,327.1272440005904,2025-08-08 02:25:00,281.6845308150167,358.42363418899276
2025-08-08 04:30:00,326.5170520480138,2025-08-08 02:30:00,281.1591033643201,357.7550649358767
2025-08-08 04:35:00,325.79083560801666,2025-08-08 02:35:00,280.5337689083175,356.9593710876716
2025-08-08 04:40:00,324.9588589119699,2025-08-08 02:40:00,279.8173658279475,356.04779885874075
2025-08-08 04:45:00,324.0333084742138,2025-08-08 02:45:00,279.0203877541663,355.03370065197333
2025-08-08 04:50:00,323.0275975916681,2025-08-08 02:50:00,278.15438468263693,353.9317730196029
2025-08-08 04:55:00,321.9555869417427,2025-08-08 02:55:00,277.23129184188167,352.75720269541773
2025-08-08 05:00:00,320.8307594762452,2025-08-08 03:00:00,276.2627192063786,351.5247625504493
2025-08-08 05:05:00,319.6653915993142,2025-08-08 03:05:00,275.2592378098869,350.247903477177
2025-08-08 05:10:00,318.4697644000748,2025-08-08 03:10:00,274.22970054931307,348.9378901605062
2025-08-08 05:15:00,317.2514586093724,2025-08-08 03:15:00,273.1806350821684,347.6030285827396
2025-08-08 05:20:00,316.01477463648956,2025-08-08 03:20:00,272.1157444285874,346.2480305749823
2025-08-08 05:25:00,314.76031479529064,2025-08-08 03:25:00,271.03554723231304,344.8735560746993
2025-08-08 05:30:00,313.4847585290327,2025-08-08 03:30:00,269.9371842100379,343.47596684619754
2025-08-08 05:35:00,312.18085364555196,2025-08-08 03:35:00,268.8144106041501,342.04731687727866
2025-08-08 05:40:00,310.8376370861224,2025-08-08 03:40:00,267.6577862835992,340.5755942691406
2025-08-08 05:45:00,309.4408885748384,2025-08-08 03:45:00,266.4550663748077,339.04521828657164
2025-08-08 05:50:00,307.97380944298766,2025-08-08 03:50:00,265.19178578750467,337.4377831257147
2025-08-08 05:55:00,306.41790793275163,2025-08-08 03:55:00,263.85202153691716,335.73302791511554
2025-08-08 06:00:00,304.75406160849866,2025-08-08 04:00:00,262.4193075707437,333.91000076831614
2025-08-08 06:05:00,302.9637177469352,2025-08-08 04:05:00,260.87766840772383,331.9483740157966
2025-08-08 06:10:00,301.0301840829916,2025-08-08 04:10:00,259.21273058022206,329.8298584370203
2025-08-08 06:15:00,298.9399556793915,2025-08-08 04:15:00,257.41286518239156,327.53965707212865
2025-08-08 06:20:00,296.6840191623874,2025-08-08 04:20:00,255.47031092867243,325.06789423441523
2025-08-08 06:25:00,294.2590734096874,2025-08-08 04:25:00,253.38222527048146,322.4109529819394
2025-08-08 06:30:00,291.66860631703884,2025-08-08 04:30:00,251.15161158431863,319.5726548987861
2025-08-08 06:35:00,288.92377037705495,2025-08-08 04:35:00,248.78807312001032,316.56521944085824
2025-08-08 06:40:00,286.0440056175752,2025-08-08 04:40:00,246.30834940390733,313.4099464709913
2025-08-08 06:45:00,283.0573666567655,2025-08-08 04:45:00,243.73659786129352,310.1375746035418
2025-08-08 06:50:00,280.00052108728903,2025-08-08 04:50:00,241.10439242501872,306.7882794339707
2025-08-08 06:55:00,276.91839865705873,2025-08-08 04:55:00,238.4504214501271,303.4112891565832
2025-08-08 07:00:00,273.86348429043943,2025-08-08 05:00:00,235.81987894465587,300.06410994879496
2025-08-08 07:05:00,270.8947624846283,2025-08-08 05:05:00,233.26355560465086,296.8113693775052
2025-08-08 07:10:00,268.07633519850083,2025-08-08 05:10:00,230.83664869827402,293.7233020608331
2025-08-08 07:15:00,265.47574964915407,2025-08-08 05:15:00,228.5973221556314,290.8739174843086
2025-08-08 07:20:00,263.16208572144876,2025-08-08 05:20:00,226.60505966483706,288.33890443214403
2025-08-08 07:25:00,261.20386436036955,2025-08-08 05:25:00,224.91886361897502,286.1933392746812
2025-08-08 07:30:00,259.6668478368881,2025-08-08 05:30:00,223.59536095690078,284.509275784837
2025-08-08 07:35:00,258.6118098011411,2025-08-08 05:35:00,222.68688298833737,283.35330185140515
2025-08-08 07:40:00,258.0923570412162,2025-08-08 05:40:00,222.23958974192178,282.7841528446613
2025-08-08 07:45:00,258.1528856611779,2025-08-08 05:45:00,222.2917100597109,282.85047226114835
2025-08-08 07:50:00,258.82675195186613,2025-08-08 05:50:00,222.8719665605245,283.5888076009756
2025-08-08 07:55:00,260.1347324428865,2025-08-08 05:55:00,223.99824961302258,285.0219230923866
2025-08-08 08:00:00,262.08383867166896,2025-08-08 06:00:00,225.67659675051206,287.157501069314
2025-08-08 08:05:00,264.6665405200924,2025-08-08 06:05:00,227.9005238973654,289.98729100431825
2025-08-08 08:10:00,267.8604377588199,2025-08-08 06:10:00,230.650742540606,293.4867496294422
2025-08-08 08:15:00,271.62840335050515,2025-08-08 06:15:00,233.8952831262231,297.6151979492907
2025-08-08 08:20:00,275.919204799952,2025-08-08 06:20:00,237.59003009479306,302.31650203600066
2025-08-08 08:25:00,280.6685917598239,2025-08-08 06:25:00,241.67965840299985,307.5202646866102
2025-08-08 08:30:00,285.80082049710677,2025-08-08 06:30:00,246.0989462196216,313.14349573581865
2025-08-08 08:35:00,291.23056857064273,2025-08-08 06:35:00,250.77442362661787,319.09270991146195
2025-08-08 08:40:00,296.8651780099412,2025-08-08 06:40:00,255.62630418790732,325.26638461910966
2025-08-08 08:45:00,302.60715178895657,2025-08-08 06:45:00,260.5706346267721,331.55769525445646
2025-08-08 08:50:00,308.35681811592747,2025-08-08 06:50:00,265.5215890072418,337.85743438680237
2025-08-08 08:55:00,314.01506987158126,2025-08-08 06:55:00,270.3938276246457,344.0570132803721
2025-08-08 09:00:00,319.4860827880847,2025-08-08 07:00:00,275.1048375901299,350.0514401224988
2025-08-08 09:05:00,324.6799163084602,2025-08-08 07:05:00,279.5771723930228,355.7421697082689
2025-08-08 09:10:00,329.5149047485543,2025-08-08 07:10:00,283.740510895766,361.0397233658822
2025-08-08 09:15:00,333.91975426029757,2025-08-08 07:15:00,287.53346299859953,365.8659865371997
2025-08-08 09:20:00,337.8352718016635,2025-08-08 07:20:00,290.905058430546,370.1561031589281
2025-08-08 09:25:00,341.2156666474535,2025-08-08 07:25:00,293.8158674614934,373.8599016894461
2025-08-08 09:30:00,344.02938110769674,2025-08-08 07:30:00,296.2387162217746,376.94280530235545
2025-08-08 09:35:00,346.2594254930185,2025-08-08 07:35:00,298.1589751359936,379.3861988981158
2025-08-08 09:40:00,347.9032115639948,2025-08-08 07:40:00,299.5744155086774,381.18724661943463
2025-08-08 09:45:00,348.9718982281762,2025-08-08 07:45:00,300.49464611346207,382.35817495087167
2025-08-08 09:50:00,349.489282234217,2025-08-08 07:50:00,300.9401579858775,382.92505728524577
2025-08-08 09:55:00,349.49028427114257,2025-08-08 07:55:00,300.9410208253579,382.92615518743224
2025-08-08 10:00:00,349.01909652851793,2025-08-08 08:00:00,300.5352878861388,382.4098887308955
2025-08-08 10:05:00,348.1270706232374,2025-08-08 08:05:00,299.76717730161243,381.4325223616156
2025-08-08 10:10:00,346.8704345826689,2025-08-08 08:10:00,298.68510621158686,380.05566346412616
2025-08-08 10:15:00,345.307933435072,2025-08-08 08:15:00,297.33965910887486,378.34367722630265
2025-08-08 10:20:00,343.49849022761987,2025-08-08 08:20:00,295.7815737757968,376.3611238860727
2025-08-08 10:25:00,341.49898224337056,2025-08-08 08:25:00,294.0598264168299,374.17032219820334
2025-08-08 10:30:00,339.36222148519187,2025-08-08 08:30:00,292.2198926825719,371.8291367103402
2025-08-08 10:35:00,337.13521886332165,2025-08-08 08:35:00,290.30225298679596,369.38907588471943
2025-08-08 10:40:00,334.857798748766,2025-08-08 08:40:00,288.3411995184516,366.8937741053523
2025-08-08 10:45:00,332.5616149852813,2025-08-08 08:45:00,286.3639889438378,364.3779135514925
2025-08-08 10:50:00,330.269601745063,2025-08-08 08:50:00,284.3903695463915,361.866622516476
2025-08-08 10:55:00,327.9958735613858,2025-08-08 08:55:00,282.4324951462427,359.37536587644496
2025-08-08 11:00:00,325.74606934001883,2025-08-08 09:00:00,280.49522132346,356.91032201346843
2025-08-08 11:05:00,323.5181157875744,2025-08-08 09:05:00,278.57676279514243,354.4692192813769
2025-08-08 11:10:00,321.3033675324001,2025-08-08 09:10:00,276.669675157003,352.04258520246213
2025-08-08 11:15:00,319.0880649210284,2025-08-08 09:15:00,274.7621101707727,349.6153437318777
2025-08-08 11:20:00,316.8550366903074,2025-08-08 09:20:00,272.83928191050654,347.16868082507256
2025-08-08 11:25:00,314.58556424035345,2025-08-08 09:25:00,270.88507206101525,344.68208706645913
2025-08-08 11:30:00,312.2613172261976,2025-08-08 09:30:00,268.8836966277924,342.1354784398626
2025-08-08 11:35:00,309.866267295939,2025-08-08 09:35:00,266.82135382921393,339.51129315474515
2025-08-08 11:40:00,307.388487761371,2025-08-08 09:40:00,264.6877737668435,336.796463492018
2025-08-08 11:45:00,304.821752178422,2025-08-08 09:45:00,262.47759493989173,333.9841673212927
2025-08-08 11:50:00,302.16685368312847,2025-08-08 09:50:00,260.19150030630965,331.0752736582376
2025-08-08 11:55:00,299.4325792627777,2025-08-08 09:55:00,257.8370562135559,328.0794101446186
2025-08-08 12:00:00,296.63628840383205,2025-08-08 10:00:00,255.42921066394155,325.01559705569423
2025-08-08 12:05:00,293.80406304356404,2025-08-08 10:05:00,252.9904224358108,321.9124115977821
2025-08-08 12:10:00,290.9704147671779,2025-08-08 10:10:00,250.55040895522413,318.80766709281556
2025-08-08 12:15:00,288.1775548552722,2025-08-08 10:15:00,248.1455177444028,315.7476131909639
2025-08-08 12:20:00,285.47425237147905,2025-08-08 10:20:00,245.8177431375377,312.7856847110739
2025-08-08 12:25:00,282.91432389547697,2025-08-08 10:25:00,243.61342581176538,309.9808468858547
2025-08-08 12:30:00,280.5548152899539,2025-08-08 10:30:00,241.58168713304025,307.39560317778177
2025-08-08 12:35:00,278.453950067516,2025-08-08 10:35:00,239.77266252460092,305.09374736547255
2025-08-08 12:40:00,276.66892983345474,2025-08-08 10:40:00,238.23560746010145,303.13795355396115
2025-08-08 12:45:00,275.2536797906474,2025-08-08 10:45:00,237.01695615054132,301.5873059911791
2025-08-08 12:50:00,274.25663555662777,2025-08-08 10:50:00,236.15841580450663,300.4948741489573
2025-08-08 12:55:00,273.71866691608506,2025-08-08 10:55:00,235.695178801525,299.90543784012243
2025-08-08 13:00:00,273.671229204897,2025-08-08 11:00:00,235.6543308756368,299.85346174472386
2025-08-08 13:05:00,274.1348243040389,2025-08-08 11:05:00,236.05352589954526,300.36140916663396
2025-08-08 13:10:00,275.1178408752729,2025-08-08 11:10:00,236.8999872283698,301.438471314136
2025-08-08 13:15:00,276.61582810491865,2025-08-08 11:15:00,238.18988233092776,303.07977156248023
2025-08-08 13:20:00,278.6112394701677,2025-08-08 11:20:00,239.90810215062004,305.26608470622216
2025-08-08 13:25:00,281.0736636371058,2025-08-08 11:25:00,242.02845992837297,307.96408994734844
2025-08-08 13:30:00,283.960539361663,2025-08-08 11:30:00,244.5143067934897,311.12715419107707
2025-08-08 13:35:00,287.2183311482244,2025-08-08 11:35:00,247.319544106249,314.696620180184
2025-08-08 13:40:00,290.7841230415295,2025-08-08 11:40:00,250.3899958490204,318.6035527655903
2025-08-08 13:45:00,294.58757048661454,2025-08-08 11:45:00,253.66508934458517,322.7708775015018
2025-08-08 13:50:00,298.5531350064949,2025-08-08 11:50:00,257.07977950471496,327.1158291155712
2025-08-08 13:55:00,302.60251458886916,2025-08-08 11:55:00,260.5666416009546,331.55261441163987
2025-08-08 14:00:00,306.6571742517194,2025-08-08 12:00:00,264.0580502980012,335.9951849355296
2025-08-08 14:05:00,310.6408769792539,2025-08-08 12:05:00,267.48835900597913,340.3600100466076
2025-08-08 14:10:00,314.48211503248086,2025-08-08 12:10:00,270.7959934467537,344.568740832785
2025-08-08 14:15:00,318.11634570177034,2025-08-08 12:15:00,273.9253768280734,348.55065975839267
2025-08-08 14:20:00,321.4879435770956,2025-08-08 12:20:00,276.8286109151927,352.24481970887297
2025-08-08 14:25:00,324.55179321619966,2025-08-08 12:25:00,279.46684745435795,355.60178903012684
2025-08-08 14:30:00,327.27446095924785,2025-08-08 12:30:00,281.8112972054289,358.5849354511284
2025-08-08 14:35:00,329.63490217420696,2025-08-08 12:35:00,283.843838940629,361.17120099174355
2025-08-08 14:40:00,331.62467952729355,2025-08-08 12:40:00,285.55720739406644,363.3513411151964
2025-08-08 14:45:00,333.24768815281107,2025-08-08 12:45:00,286.95475660946227,365.1296236047986
2025-08-08 14:50:00,334.51940410201985,2025-08-08 12:50:00,288.04981279035985,366.52300511163116
2025-08-08 14:55:00,335.465692146114,2025-08-08 12:55:00,288.86464771653937,367.55982489957034
2025-08-08 15:00:00,336.12122721485287,2025-08-08 13:00:00,289.42911946769124,368.27807526234136
2025-08-08 15:05:00,336.52759963902463,2025-08-08 13:05:00,289.77904087515054,368.72332549379433
2025-08-08 15:10:00,336.73118719215097,2025-08-08 13:10:00,289.9543471678361,368.94639034701413
2025-08-08 15:15:00,336.7808863109515,2025-08-08 13:15:00,289.997142359059,369.00084419976764
2025-08-08 15:20:00,336.7258003190252,2025-08-08 13:20:00,289.9497086094255,368.94048810964915
2025-08-08 15:25:00,336.61298371105505,2025-08-08 13:25:00,289.8525638626426,368.81687829308044
2025-08-08 15:30:00,336.48533870966475,2025-08-08 13:30:00,289.74265060110014,368.6770214449474
2025-08-08 15:35:00,336.37975332547103,2025-08-08 13:35:00,289.6517325563546,368.56133466613574
2025-08-08 15:40:00,336.32555938471654,2025-08-08 13:40:00,289.6050669390622,368.5019559700703
2025-08-08 15:45:00,336.34337503568446,2025-08-08 13:45:00,289.62040773802073,368.5214760512695
2025-08-08 15:50:00,336.4443794248979,2025-08-08 13:50:00,289.7073811543522,368.632143569536
2025-08-08 15:55:00,336.6300485710471,2025-08-08 13:55:00,289.8672581663683,368.8355757548402
2025-08-08 16:00:00,336.89236146786266,2025-08-08 14:00:00,290.0931320017682,369.1229842281348
2025-08-08 16:05:00,337.2144651977123,2025-08-08 14:05:00,290.37049085732195,369.47590374662747
2025-08-08 16:10:00,337.5717679976346,2025-08-08 14:10:00,290.678159122197,369.8673898438656
2025-08-08 16:15:00,337.93341076518215,2025-08-08 14:15:00,290.9895644703223,370.26363111511336
2025-08-08 16:20:00,338.2640510839312,2025-08-08 14:20:00,291.27427405891035,370.62590392127316
2025-08-08 16:25:00,338.5258803070384,2025-08-08 14:25:00,291.4997314098868,370.9127824476083
2025-08-08 16:30:00,338.68078394761625,2025-08-08 14:30:00,291.633116690746,371.0825057795021
2025-08-08 16:35:00,338.69254921381446,2025-08-08 14:35:00,291.6432475910294,371.0953966332763
2025-08-08 16:40:00,338.52902112020183,2025-08-08 14:40:00,291.50243591860186,370.9162237435841
2025-08-08 16:45:00,338.16411029465655,2025-08-08 14:45:00,291.1882164930781,370.5164017579637
2025-08-08 16:50:00,337.57956150523466,2025-08-08 14:50:00,290.6848699986892,369.87592895935757
2025-08-08 16:55:00,336.7664014809573,2025-08-08 14:55:00,289.98466968178843,368.98497360047537
2025-08-08 17:00:00,335.72599771458664,2025-08-08 15:00:00,289.08879307058277,367.8450340026416
2025-08-08 17:05:00,334.47067586448844,2025-08-08 15:05:00,288.0078536109329,366.46961502473397
2025-08-08 17:10:00,333.0238615533602,2025-08-08 15:10:00,286.7620227671836,364.8843834278502
2025-08-08 17:15:00,331.41973198652,2025-08-08 15:15:00,285.38073003571964,363.12678616378423
2025-08-08 17:20:00,329.70238315431106,2025-08-08 15:20:00,283.90194583502,361.24513790336164
2025-08-08 17:25:00,327.92453847728126,2025-08-08 15:25:00,282.3710695387302,359.2972061372033
2025-08-08 17:30:00,326.14584397421015,2025-08-08 15:30:00,280.83946146954736,357.348343241817
2025-08-08 17:35:00,324.4308123849969,2025-08-08 15:35:00,279.3626726132221,355.4692339159254
2025-08-08 17:40:00,322.8464935977226,2025-08-08 15:40:00,277.99843865704946,353.73334273638267
2025-08-08 17:45:00,321.45996062309047,2025-08-08 15:45:00,276.80451519887947,352.21415961481534
2025-08-08 17:50:00,320.33570864677847,2025-08-08 15:50:00,275.8364381087771,350.9823500163058
2025-08-08 17:55:00,319.5330691259834,2025-08-08 15:55:00,275.1452968450175,350.10292166155045
2025-08-08 18:00:00,319.10374133112595,2025-08-08 16:00:00,274.7756089004083,349.6325199102036
2025-08-08 18:05:00,319.08954006069615,2025-08-08 16:05:00,274.76338039217075,349.6169599987291
2025-08-08 18:10:00,319.5204507316243,2025-08-08 16:10:00,275.13443132843383,350.08909606051367
2025-08-08 18:15:00,320.413071906412,2025-08-08 16:15:00,275.90305449090926,351.06711464896506
2025-08-08 18:20:00,321.769511099512,2025-08-08 16:20:00,277.0710646297615,352.55332490526035
2025-08-08 18:25:00,323.57678280233,2025-08-08 16:25:00,278.62728011165706,354.5334989921664
2025-08-08 18:30:00,325.8067390220441,2025-08-08 16:30:00,280.5474631077485,356.9767959874813
2025-08-08 18:35:00,328.4165426467767,2025-08-08 16:35:00,282.79472720156645,359.83628053623556
2025-08-08 18:40:00,331.34967371453655,2025-08-08 16:40:00,285.32040387262776,363.0500253897741
2025-08-08 18:45:00,334.53743875401796,2025-08-08 16:45:00,288.06534216793284,366.54276514577396
2025-08-08 18:50:00,337.90093458461143,2025-08-08 16:50:00,290.9615997017055,370.2280479257636
2025-08-08 18:55:00,341.3534011178556,2025-08-08 16:55:00,293.93446861863885,374.0108132700007
2025-08-08 19:00:00,344.8028832249584,2025-08-08 17:00:00,296.9047676894564,377.7903086668912
2025-08-08 19:05:00,348.15511043411993,2025-08-08 17:05:00,299.79132197655906,381.4632447520701
2025-08-08 19:10:00,351.3164950921862,2025-08-08 17:10:00,302.5135445075922,384.92708030534305
2025-08-08 19:15:00,354.19714548217195,2025-08-08 17:15:00,304.99403082729407,388.08332363432964
2025-08-08 19:20:00,356.71378968547896,2025-08-08 17:20:00,307.1610766928949,390.8407361637133
2025-08-08 19:25:00,358.7925094199313,2025-08-08 17:25:00,308.9510321424449,393.1183278206205
2025-08-08 19:30:00,360.3711898350484,2025-08-08 17:30:00,310.3104109780344,394.84804120275703
2025-08-08 19:35:00,361.40160148976344,2025-08-08 17:35:00,311.1976835266461,395.9770327397413
2025-08-08 19:40:00,361.85104384167926,2025-08-08 17:40:00,311.58469182494474,396.46947341561423
2025-08-08 19:45:00,361.7034950182358,2025-08-08 17:45:00,311.457639670573,396.3078085390599
2025-08-08 19:50:00,360.9602298770337,2025-08-08 17:50:00,310.8176248249422,395.49343493379956
2025-08-08 19:55:00,359.6398868221044,2025-08-08 17:55:00,309.68069654775485,394.04677414720027
2025-08-08 20:00:00,357.7779825844114,2025-08-08 18:00:00,308.0774377815235,392.00674080963876
2025-08-08 20:05:00,355.4258928613519,2025-08-08 18:05:00,306.05208739501256,389.42962575138927
2025-08-08 20:10:00,352.6493343909751,2025-08-08 18:10:00,303.66123311933774,386.3874328562941
2025-08-08 20:15:00,349.52640030963926,2025-08-08 18:15:00,300.9721198229052,382.9657264613261
2025-08-08 20:20:00,346.14521477188885,2025-08-08 18:20:00,298.0606299385652,379.26106159304146
2025-08-08 20:25:00,342.6012846038267,2025-08-08 18:25:00,295.00900301069623,375.37808225260306
2025-08-08 20:30:00,338.9946345661252,2025-08-08 18:30:00,291.9033689116847,371.4263826082943
2025-08-08 20:35:00,335.42681860736593,2025-08-08 18:35:00,288.8311742754726,367.51723231430753
2025-08-08 20:40:00,331.9979021109661,2025-08-08 18:40:00,285.87858395410365,363.76027004806474
2025-08-08 20:45:00,328.8035094344449,2025-08-08 18:45:00,283.12793869655616,360.2602685864214
2025-08-08 20:50:00,325.9320274110916,2025-08-08 18:50:00,280.6553471245422,357.1140707652556
2025-08-08 20:55:00,323.4620487906778,2025-08-08 18:55:00,278.52848431634044,354.40778833316244
2025-08-08 21:00:00,321.46013045072107,2025-08-08 19:00:00,276.80466143499194,352.2143456899212
2025-08-08 21:05:00,319.9789297711487,2025-08-08 19:05:00,275.5292209875205,350.59143796740034
2025-08-08 21:10:00,319.05576948380894,2025-08-08 19:10:00,274.73430103763735,349.5799585776657
2025-08-08 21:15:00,318.71166682643263,2025-08-08 19:15:00,274.4379992242822,349.20293548572573
2025-08-08 21:20:00,318.95084779970495,2025-08-08 19:20:00,274.6439544954242,349.46499899538856
2025-08-08 21:25:00,319.7607518855361,2025-08-08 19:25:00,275.34135117089676,350.3523869189318
2025-08-08 21:30:00,321.11251755623863,2025-08-08 19:30:00,276.5053370073165,351.83347653513096
2025-08-08 21:35:00,322.96192463358483,2025-08-08 19:35:00,278.09783464981575,353.8598171041729
2025-08-08 21:40:00,325.25075640790476,2025-08-08 19:40:00,280.0687145330659,356.36762230121576
2025-08-08 21:45:00,327.90853292289347,2025-08-08 19:45:00,282.3572873877145,359.2796693252254
2025-08-08 21:50:00,330.85455722584794,2025-08-08 19:50:00,284.8940662368215,362.50754091476546
2025-08-08 21:55:00,334.00020868627075,2025-08-08 19:55:00,287.60274113928597,365.95413806928013
2025-08-08 22:00:00,337.25141241075494,2025-08-08 20:00:00,290.40230556722986,369.5163857138582
2025-08-08 22:05:00,340.5112105148303,2025-08-08 20:05:00,293.20927049093547,373.088049965653
2025-08-08 22:10:00,343.6823606153137,2025-08-08 20:10:00,295.939901902965,376.5625852250031
2025-08-08 22:15:00,346.66988827824815,2025-08-08 20:15:00,298.5124186941041,379.835930817054
2025-08-08 22:20:00,349.3835238603002,2025-08-08 20:20:00,300.8490909821875,382.80918096671724
2025-08-08 22:25:00,351.73995975138416,2025-08-08 20:25:00,302.8781837910226,385.3910579925701
2025-08-08 22:30:00,353.6648711016045,2025-08-08 20:30:00,304.53569706908615,387.5001263575283
2025-08-08 22:35:00,355.0946516853579,2025-08-08 20:35:00,305.76686041695535,389.06669460373905
2025-08-08 22:40:00,355.9778260753063,2025-08-08 20:40:00,306.5273490898585,390.03436262978516
2025-08-08 22:45:00,356.276109573265,2025-08-08 20:45:00,306.78419668880747,390.361183025572
2025-08-08 22:50:00,355.96509795260005,2025-08-08 20:50:00,306.51638908778455,390.0204168026477
2025-08-08 22:55:00,355.0345798717149,2025-08-08 20:55:00,305.71513344846966,389.0008756964083
2025-08-08 23:00:00,353.4884752393793,2025-08-08 21:00:00,304.38380514751776,387.30685463481433
2025-08-08 23:05:00,351.3444128434352,2025-08-08 21:05:00,302.53758407875665,384.95766895867155
2025-08-08 23:10:00,348.6329698119881,2025-08-08 21:10:00,300.20279976423643,381.9868211217793
2025-08-08 23:15:00,345.3966037157699,2025-08-08 21:15:00,297.41601180304417,378.44083062711275
2025-08-08 23:20:00,341.6883153123673,2025-08-08 21:20:00,294.2228583797318,374.3777688352735
2025-08-08 23:25:00,337.570085742125,2025-08-08 21:25:00,290.676710556348,369.86554664631956
2025-08-08 23:30:00,333.1111365086174,2025-08-08 21:30:00,286.83717396682965,364.9800080118941
2025-08-08 23:35:00,328.38606369299225,2025-08-08 21:35:00,282.76848221600204,359.80288564913263
2025-08-08 23:40:00,323.4728993023067,2025-08-08 21:40:00,278.537827534716,354.4196769174432
2025-08-08 23:45:00,318.451153019725,2025-08-08 21:45:00,274.2136745593113,348.9174982221868
2025-08-08 23:50:00,313.39988627186597,2025-08-08 21:50:00,269.86410193891044,343.38297482730144
2025-08-08 23:55:00,308.39586808460433,2025-08-08 21:55:00,265.55521436956434,337.9002202811136
2025-08-09 00:00:00,303.51185841998654,2025-08-08 22:00:00,261.34966440053944,332.5489555194317
2025-08-09 00:05:00,298.8150598921456,2025-08-08 22:05:00,257.30531922932175,327.40281245652244
2025-08-09 00:10:00,294.3657731105603,2025-08-08 22:10:00,253.4741028371767,322.52786068453867
2025-08-09 00:15:00,290.2162841766896,2025-08-08 22:15:00,249.90103802861748,317.9813885365256
2025-08-09 00:20:00,286.4100060859604,2025-08-08 22:20:00,246.62350710509526,313.8109623460044
2025-08-09 00:25:00,282.9808879503751,2025-08-08 22:25:00,243.67074315514475,310.05377914967715
2025-08-09 00:30:00,279.9530985310386,2025-08-08 22:30:00,241.0635575488278,306.73631994338854
2025-08-09 00:35:00,277.3409826890027,2025-08-08 22:35:00,238.81430243818642,303.87430196660563
2025-08-09 00:40:00,275.14928193408775,2025-08-08 22:40:00,236.9270606686381,301.4729203512304
2025-08-09 00:45:00,273.3736030155224,2025-08-08 22:45:00,235.39804927558734,299.527361542488
2025-08-09 00:50:00,272.0011119927701,2025-08-08 22:50:00,234.21621713875956,298.02356377177784
2025-08-09 00:55:00,271.01142531448363,2025-08-08 22:55:00,233.36401227738,296.9391933854971
2025-08-09 01:00:00,270.3776645241403,2025-08-08 23:00:00,232.81829004191712,296.24480045477276
2025-08-09 01:05:00,270.0676372273472,2025-08-08 23:05:00,232.55133002792067,295.90511272636644
2025-08-09 01:10:00,270.0451042155956,2025-08-08 23:10:00,232.53192717793033,295.8804239726495
2025-08-09 01:15:00,270.2710910148076,2025-08-08 23:15:00,232.72652113692908,296.12803101650724
2025-08-09 01:20:00,270.7052018647171,2025-08-08 23:20:00,233.10032770095296,296.6036734196363
2025-08-09 01:25:00,271.3068950962165,2025-08-08 23:25:00,233.61843702604844,297.2629308757367
2025-08-09 01:30:00,272.0366811075824,2025-08-08 23:30:00,234.24684518824537,298.0625357975865
2025-08-09 01:35:00,272.85720760250604,2025-08-08 23:35:00,234.95338866630382,298.9615623802161
2025-08-09 01:40:00,273.7342012789474,2025-08-08 23:40:00,235.70855521634414,299.92245838149904
2025-08-09 01:45:00,274.63724066114406,2025-08-08 23:45:00,236.48614934629404,300.91189189129904
2025-08-09 01:50:00,275.54034107692405,2025-08-08 23:50:00,237.26379603137838,301.901392273789
2025-08-09 01:55:00,276.4223396949458,2025-08-08 23:55:00,238.02327226410847,302.86777204135257
2025-08-09 02:00:00,277.26707567920437,2025-08-09 00:00:00,238.75066218271766,303.7933242445425
2025-08-09 02:05:00,278.0633680640191,2025-08-09 00:05:00,239.43633801963358,304.6657982303588
2025-08-09 02:10:00,278.8048009981351,2025-08-09 00:10:00,240.0747751782852,305.4781643405712
2025-08-09 02:15:00,279.4893329576125,2025-08-09 00:15:00,240.66421573198278,306.22818573785344
2025-08-09 02:20:00,280.1187526852417,2025-08-09 00:20:00,241.2061999412302,306.9178222947117
2025-08-09 02:25:00,280.6980098804536,2025-08-09 00:25:00,241.70498992050258,307.5524972502394
2025-08-09 02:30:00,281.23445294831583,2025-08-09 00:30:00,242.16691327494956,308.1402620342643
2025-08-09 02:35:00,281.7370090449684,2025-08-09 00:35:00,242.5996570493982,308.69089786741347
2025-08-09 02:40:00,282.2153432648147,2025-08-09 00:40:00,243.01154371662403,309.2149945074168
2025-08-09 02:45:00,282.6790339428111,2025-08-09 00:45:00,243.41082104209949,309.72304665224743
2025-08-09 02:50:00,283.1367997243334,2025-08-09 00:50:00,243.8049965250533,310.2246070634625
2025-08-09 02:55:00,283.59581126027285,2025-08-09 00:55:00,244.20024470908885,310.72753241090254
2025-08-09 03:00:00,284.0611162812143,2025-08-09 01:00:00,244.60091212188777,311.2373533434933
2025-08-09 03:05:00,284.53520150420314,2025-08-09 01:05:00,245.00914003947358,311.7567944834634
2025-08-09 03:10:00,285.01770853169734,2025-08-09 01:10:00,245.4246198509148,312.2854631452392
2025-08-09 03:15:00,285.5053138826099,2025-08-09 01:15:00,245.84448975479373,312.81971788901035
2025-08-09 03:20:00,285.99177582978587,2025-08-09 01:20:00,246.26337509027917,313.3527198391663
2025-08-09 03:25:00,286.4681431209076,2025-08-09 01:25:00,246.67356806367457,313.87466137361184
2025-08-09 03:30:00,286.9231132007556,2025-08-09 01:30:00,247.0653362084171,314.3731586172902
2025-08-09 03:35:00,287.3435207096713,2025-08-09 01:35:00,247.4273430240274,314.83378667548277
2025-08-09 03:40:00,287.7149308854934,2025-08-09 01:40:00,247.74715894592043,315.24072980673935
2025-08-09 03:45:00,288.02230748723963,2025-08-09 01:45:00,248.01183648481182,315.5775132470766
2025-08-09 03:50:00,288.2507213347891,2025-08-09 01:50:00,248.20852033997403,315.8277795359266
2025-08-09 03:55:00,288.38606318473353,2025-08-09 01:55:00,248.32506124630456,315.97606959309735
2025-08-09 04:00:00,288.41572447616534,2025-08-09 02:00:00,248.35060215466228,316.00856859177355
2025-08-09 04:05:00,288.32921040076667,2025-08-09 02:05:00,248.27610613763986,315.9137776812591
2025-08-09 04:10:00,288.1186528925896,2025-08-09 02:10:00,248.0947981176318,315.6830760546882
2025-08-09 04:15:00,287.7791954158536,2025-08-09 02:15:00,247.80249620203273,315.3111425496203
2025-08-09 04:20:00,287.3092274677716,2025-08-09 02:20:00,247.39781361022347,314.7962125858427
2025-08-09 04:25:00,286.71045366664475,2025-08-09 02:25:00,246.88221816432892,314.14015386314986
2025-08-09 04:30:00,285.9877903157734,2025-08-09 02:30:00,246.25994322189996,313.3483530294839
2025-08-09 04:35:00,285.1490907525199,2025-08-09 02:35:00,245.53775117797042,312.4294147540357
2025-08-09 04:40:00,284.20470947146725,2025-08-09 02:40:00,244.7245581378233,311.39468414989705
2025-08-09 04:45:00,283.1669233647501,2025-08-09 02:45:00,243.83093555542402,310.25761264423016
2025-08-09 04:50:00,282.0492362085811,2025-08-09 02:50:00,242.8685113368442,309.03299592475037
2025-08-09 04:55:00,280.865599214484,2025-08-09 02:55:00,241.84929866821994,307.73611992079384
2025-08-09 05:00:00,279.62958590454235,2025-08-09 03:00:00,240.78498551278187,306.3818567385611
2025-08-09 05:05:00,278.3535632473425,2025-08-09 03:05:00,239.68622088802312,304.98375649931523
2025-08-09 05:10:00,277.0479028628126,2025-08-09 03:10:00,238.5619356456133,303.55318307988165
2025-08-09 05:15:00,275.7202759499928,2025-08-09 03:15:00,237.41873534391556,302.0985415858852
2025-08-09 05:20:00,274.37507328975926,2025-08-09 03:20:00,236.26040082073436,300.62464286590955
2025-08-09 05:25:00,273.0129874313343,2025-08-09 03:25:00,235.08752842017236,299.13224572562973
2025-08-09 05:30:00,271.6307878935681,2025-08-09 03:30:00,233.89733642171043,297.6178106225124
2025-08-09 05:35:00,270.22131235401275,2025-08-09 03:35:00,232.6836574532471,296.073490011946
2025-08-09 05:40:00,268.77368739913237,2025-08-09 03:40:00,231.43712857590648,294.48737021670826
2025-08-09 05:45:00,267.2737821193136,2025-08-09 03:45:00,230.1455818681307,292.8439684175877
2025-08-09 05:50:00,265.7048869149728,2025-08-09 03:50:00,228.7946289357853,291.12497640113406
2025-08-09 05:55:00,264.04859875395493,2025-08-09 03:55:00,227.36842319448076,289.3102305099751
2025-08-09 06:00:00,262.28588355198997,2025-08-09 04:00:00,225.8505746699931,287.3788756616234
2025-08-09 06:05:00,260.3982765191033,2025-08-09 04:05:00,224.22518359916918,285.3106805324928
2025-08-09 06:10:00,258.3691728765832,2025-08-09 04:10:00,222.47795184760867,283.08745175825817
2025-08-09 06:15:00,256.18515468271664,2025-08-09 04:15:00,220.59732542008416,280.6944876975237
2025-08-09 06:20:00,253.8372950312675,2025-08-09 04:20:00,218.57561748695719,278.12200740347464
2025-08-09 06:25:00,251.32237870651932,2025-08-09 04:25:00,216.41005947255212,275.36648805946106
2025-08-09 06:30:00,248.64397889888383,2025-08-09 04:30:00,214.1037281993688,272.431844704406
2025-08-09 06:35:00,245.813332759481,2025-08-09 04:35:00,211.6662998154474,269.3303895520312
2025-08-09 06:40:00,242.84996427782403,2025-08-09 04:40:00,209.11458614531955,266.0835144594917
2025-08-09 06:45:00,239.78201131781256,2025-08-09 04:45:00,206.4728162959645,262.72204925102926
2025-08-09 06:50:00,236.6462239518243,2025-08-09 04:50:00,203.77263522231945,259.28625989268585
2025-08-09 06:55:00,233.487613599867,2025-08-09 04:55:00,201.05280160608618,255.82546406446227
2025-08-09 07:00:00,230.35874600339488,2025-08-09 05:00:00,198.35857904572688,252.39725649266586
2025-08-09 07:05:00,227.31868559450953,2025-08-09 05:05:00,195.74082706807553,249.06635232650356
2025-08-09 07:10:00,224.43161333222713,2025-08-09 05:10:00,193.25481096717078,245.90307274220936
2025-08-09 07:15:00,221.7651544486519,2025-08-09 05:15:00,190.95876185071117,242.98151270404625
2025-08-09 07:20:00,219.3884658444432,2025-08-09 05:20:00,188.91222972399927,240.3774453801565
2025-08-09 07:25:00,217.37014439973512,2025-08-09 05:25:00,187.17428236677625,238.16603034077644
2025-08-09 07:30:00,215.7760272272575,2025-08-09 05:30:00,185.80161116305126,236.4194033607213
2025-08-09 07:35:00,214.66696167042767,2025-08-09 05:35:00,184.84661087876393,235.2042330723302
2025-08-09 07:40:00,214.09662701250386,2025-08-09 05:40:00,184.3555039670922,234.57933427669025
2025-08-09 07:45:00,214.10949062014708,2025-08-09 05:45:00,184.36658063328258,234.5934285506611
2025-08-09 07:50:00,214.73897876915123,2025-08-09 05:50:00,184.90862375918476,235.28314007479375
2025-08-09 07:55:00,216.00593664965723,2025-08-09 05:55:00,185.9995828360511,236.67130830664706
2025-08-09 08:00:00,217.9174430849723,2025-08-09 06:00:00,187.6455533360827,238.76568930329688
2025-08-09 08:05:00,220.4660338383983,2025-08-09 06:05:00,189.84010791319093,241.55810472162798
2025-08-09 08:10:00,223.6293731032942,2025-08-09 06:10:00,192.56401352784928,245.02408187972333
2025-08-09 08:15:00,227.37039676369335,2025-08-09 06:15:00,195.78535480673557,249.12301072328017
2025-08-09 08:20:00,231.63793369923587,2025-08-09 06:20:00,199.46006903940855,253.79882457102605
2025-08-09 08:25:00,236.36779335031846,2025-08-09 06:25:00,203.53288266490307,258.98119172764797
2025-08-09 08:30:00,241.4842901331343,2025-08-09 06:30:00,207.93862392343738,264.58718574020975
2025-08-09 08:35:00,246.90215809443504,2025-08-09 06:35:00,212.6038715378915,270.523383228677
2025-08-09 08:40:00,252.5287940128988,2025-08-09 06:40:00,217.4488862159002,276.6883215856622
2025-08-09 08:45:00,258.26675386674845,2025-08-09 06:45:00,222.3897603219533,282.97523428206733
2025-08-09 08:50:00,264.016417056803,2025-08-09 06:50:00,227.34071200126976,289.2749699773869
2025-08-09 08:55:00,269.67872579399096,2025-08-09 06:55:00,232.21644402670046,295.4789939854861
2025-08-09 09:00:00,275.15790327244423,2025-08-09 07:00:00,236.93448437820214,301.482366496368
2025-08-09 09:05:00,280.36405444901993,2025-08-09 07:05:00,241.41742573640684,307.18659217327985
2025-08-09 09:10:00,285.21555720016323,2025-08-09 07:10:00,245.5949844731567,312.5022400724794
2025-08-09 09:15:00,289.64115919878947,2025-08-09 07:15:00,249.40580624181007,317.35124112914104
2025-08-09 09:20:00,293.5817068973404,2025-08-09 07:20:00,252.79895477950416,321.668782552891
2025-08-09 09:25:00,296.99144695431477,2025-08-09 07:25:00,255.73503254668722,325.404733762318
2025-08-09 09:30:00,299.83885694034075,2025-08-09 07:30:00,258.18689603608306,328.52455656501803
2025-08-09 09:35:00,302.1069802569134,2025-08-09 07:35:00,260.13994416636416,331.0096721181369
2025-08-09 09:40:00,303.79325955213966,2025-08-09 07:40:00,261.59197483886305,332.8572784069349
2025-08-09 09:45:00,304.90888237726307,2025-08-09 07:45:00,262.55262149188485,334.07963330001803
2025-08-09 09:50:00,305.4776718482338,2025-08-09 07:50:00,263.0423978654559,334.70283908007036
2025-08-09 09:55:00,305.53457271115064,2025-08-09 07:55:00,263.09139437420794,334.7651836705903
2025-08-09 10:00:00,305.12379886088814,2025-08-09 08:00:00,262.737682962504,334.3151109269071
2025-08-09 10:05:00,304.2967212563543,2025-08-09 08:05:00,262.0254984188642,333.4089064874725
2025-08-09 10:10:00,303.10958484852137,2025-08-09 08:10:00,261.00327245576693,332.10819627951196
2025-08-09 10:15:00,301.62114915295047,2025-08-09 08:15:00,259.7216020408306,330.47736136420855
2025-08-09 10:20:00,299.8903492395234,2025-08-09 08:20:00,258.2312353089558,328.5809751524157
2025-08-09 10:25:00,297.9740719159829,2025-08-09 08:25:00,256.58115666618767,326.4813668348153
2025-08-09 10:30:00,295.9251361973762,2025-08-09 08:30:00,254.81684780121032,324.2364086420904
2025-08-09 10:35:00,293.790557449398,2025-08-09 08:35:00,252.97879296432595,321.8976139181891
2025-08-09 10:40:00,291.6101619355167,2025-08-09 08:40:00,251.10128597405608,319.5086191206378
2025-08-09 10:45:00,289.4156028007076,2025-08-09 08:45:00,249.21158289498936,317.1041056630564
2025-08-09 10:50:00,287.2298109016574,2025-08-09 08:50:00,247.3294291556264,314.7091982060761
2025-08-09 10:55:00,285.06689483122193,2025-08-09 08:55:00,245.4669734608883,312.33935511709797
2025-08-09 11:00:00,282.9324849030279,2025-08-09 09:00:00,243.62906399227444,310.000745364035
2025-08-09 11:05:00,280.8244965656945,2025-08-09 09:05:00,241.813905772789,307.6910849656682
2025-08-09 11:10:00,278.73427051704346,2025-08-09 09:10:00,240.01404240277103,305.4008861810245
2025-08-09 11:15:00,276.6480304683746,2025-08-09 09:15:00,238.21761131959374,303.1150547385257
2025-08-09 11:20:00,274.54858583416495,2025-08-09 09:20:00,236.4098099590981,300.814755422671
2025-08-09 11:25:00,272.4171959741269,2025-08-09 09:25:00,234.57450102742254,298.47945466885477
2025-08-09 11:30:00,270.2355057858986,2025-08-09 09:30:00,232.69587921182804,296.08904133496003
2025-08-09 11:35:00,267.98745943607946,2025-08-09 09:35:00,230.7601190667694,293.6259235197834
2025-08-09 11:40:00,265.66110002917117,2025-08-09 09:40:00,228.75692468274897,291.07700040700126
2025-08-09 11:45:00,263.25016818846404,2025-08-09 09:45:00,226.68090620115976,288.43541378290877
2025-08-09 11:50:00,260.7554213815422,2025-08-09 09:50:00,224.5327158663652,285.70199358230724
2025-08-09 11:55:00,258.1856082136268,2025-08-09 09:55:00,222.31988697558288,282.8863253928693
2025-08-09 12:00:00,255.55804706586173,2025-08-09 10:00:00,220.05733213592964,280.0073844519734
2025-08-09 12:05:00,252.89877605479165,2025-08-09 10:05:00,217.76747239235567,277.0936999528631
2025-08-09 12:10:00,250.24226023611527,2025-08-09 10:10:00,215.47998510503828,274.18303423647046
2025-08-09 12:15:00,247.6306616807785,2025-08-09 10:15:00,213.23117542247977,271.32158303540564
2025-08-09 12:20:00,245.1126975518415,2025-08-09 10:20:00,211.06299298804032,268.56272430259554
2025-08-09 12:25:00,242.74212986677853,2025-08-09 10:25:00,209.0217314961329,265.9653634885579
2025-08-09 12:30:00,240.57594728618903,2025-08-09 10:30:00,207.15646305682213,263.5919413811336
2025-08-09 12:35:00,238.6723134818318,2025-08-09 10:35:00,205.5172715652599,261.50618619309586
2025-08-09 12:40:00,237.08836762524953,2025-08-09 10:40:00,204.15335873430365,259.7707036226689
2025-08-09 12:45:00,235.87796989377648,2025-08-09 10:45:00,203.1111027823997,258.4445066712224
2025-08-09 12:50:00,235.0894883362991,2025-08-09 10:50:00,202.43215273575086,257.5805907776213
2025-08-09 12:55:00,234.763722638479,2025-08-09 10:55:00,202.15164061262757,257.2236589492635
2025-08-09 13:00:00,234.93205554175628,2025-08-09 11:00:00,202.29658963705154,257.4080963266227
2025-08-09 13:05:00,235.6149138798258,2025-08-09 11:05:00,202.88458905960005,258.15628398648846
2025-08-09 13:10:00,236.8206088360281,2025-08-09 11:10:00,203.92279551984603,259.47732824633187
2025-08-09 13:15:00,238.54460973744062,2025-08-09 11:15:00,205.40730772097035,261.36626498199627
2025-08-09 13:20:00,240.76928785630827,2025-08-09 11:20:00,207.3229458208852,263.80377891851157
2025-08-09 13:25:00,243.46414734425363,2025-08-09 11:25:00,209.64345028633693,266.75645665786953
2025-08-09 13:30:00,246.58654019885643,2025-08-09 11:30:00,212.33209754027018,270.17757004673314
2025-08-09 13:35:00,250.08284193855144,2025-08-09 11:35:00,215.34271231845094,274.0083643286075
2025-08-09 13:40:00,253.89004548138698,2025-08-09 11:40:00,218.62104013537518,278.1798045095967
2025-08-09 13:45:00,257.9377130243831,2025-08-09 11:45:00,222.1064280193081,282.61471397481654
2025-08-09 13:50:00,262.15021078968994,2025-08-09 11:50:00,225.733748819827,287.2302230335838
2025-08-09 13:55:00,266.4491394741854,2025-08-09 11:55:00,229.43549403276054,291.9404318910686
2025-08-09 14:00:00,270.7558648604183,2025-08-09 12:00:00,233.1439528726117,296.65918336376706
2025-08-09 14:05:00,274.99404881681755,2025-08-09 12:05:00,236.79339168017216,301.3028360214814
2025-08-09 14:10:00,279.0920806784493,2025-08-09 12:10:00,240.32214754926952,305.7929281792159
2025-08-09 14:15:00,282.9853130647204,2025-08-09 12:15:00,243.67455355700218,310.05862761642646
2025-08-09 14:20:00,286.6180142058543,2025-08-09 12:20:00,246.8026198837849,314.0388706833273
2025-08-09 14:25:00,289.94496068652126,2025-08-09 12:25:00,249.66740530181522,317.6841074229208
2025-08-09 14:30:00,292.9326093413174,2025-08-09 12:30:00,252.24002627729365,320.95758558217176
2025-08-09 14:35:00,295.5598045561856,2025-08-09 12:35:00,254.50226601743057,323.83612558122877
2025-08-09 14:40:00,297.81799662745055,2025-08-09 12:40:00,256.4467624962482,326.31035976295317
2025-08-09 14:45:00,299.7109670070457,2025-08-09 12:45:00,258.07677186722566,328.3844313522501
2025-08-09 14:50:00,301.2540768299469,2025-08-09 12:50:00,259.40552138115845,330.07517108983046
2025-08-09 14:55:00,302.47307478898364,2025-08-09 12:55:00,260.45518286442854,331.4107910559441
2025-08-09 15:00:00,303.4025186768979,2025-08-09 13:00:00,261.2555135317378,332.42915520075496
2025-08-09 15:05:00,304.08388069335354,2025-08-09 13:05:00,261.8422244934213,333.17570338533824
2025-08-09 15:10:00,304.56341958200727,2025-08-09 13:10:00,262.25514848350554,333.7011199452806
2025-08-09 15:15:00,304.8899119434941,2025-08-09 13:15:00,262.53628632618535,334.0588479574997
2025-08-09 15:20:00,305.1123405422246,2025-08-09 13:20:00,262.727816370296,334.3025563864572
2025-08-09 15:25:00,305.2776386757387,2025-08-09 13:25:00,262.8701521984407,334.48366865645403
2025-08-09 15:30:00,305.42858684351506,2025-08-09 13:30:00,263.00013147897226,334.6490580939308
2025-08-09 15:35:00,305.60195087680796,2025-08-09 13:35:00,263.14941273656825,334.8390079314637
2025-08-09 15:40:00,305.82694008298427,2025-08-09 13:40:00,263.3431476826558,335.08552194217344
2025-08-09 15:45:00,306.12404983627107,2025-08-09 13:45:00,263.5989845870715,335.4110563006809
2025-08-09 15:50:00,306.504336354795,2025-08-09 13:50:00,263.92644379907614,335.82772497778495
2025-08-09 15:55:00,306.9691526717502,2025-08-09 13:55:00,264.32669039595226,336.33701045188974
2025-08-09 16:00:00,307.5103548423412,2025-08-09 14:00:00,264.7927117448153,336.92998964384554
2025-08-09 16:05:00,308.11096714967584,2025-08-09 14:05:00,265.3098903017715,337.5880627633474
2025-08-09 16:10:00,308.74627528445876,2025-08-09 14:10:00,265.85694493311536,338.28415107355346
2025-08-09 16:15:00,309.3852979413417,2025-08-09 14:15:00,266.40719808562847,338.9843092756281
2025-08-09 16:20:00,309.9925709553172,2025-08-09 14:20:00,266.9301120805814,339.6496803341561
2025-08-09 16:25:00,310.5301644831875,2025-08-09 14:25:00,267.39302607947496,340.23870564314376
2025-08-09 16:30:00,310.95984350287586,2025-08-09 14:30:00,267.763016458698,340.7094922211372
2025-08-09 16:35:00,311.24527545465963,2025-08-09 14:35:00,268.00879777741227,341.02223155834696
2025-08-09 16:40:00,311.35418644187905,2025-08-09 14:40:00,268.10257945074625,341.14156210191436
2025-08-09 16:45:00,311.2603691656888,2025-08-09 14:45:00,268.02179475332144,341.03876929055883
2025-08-09 16:50:00,310.94545154350425,2025-08-09 14:50:00,267.7506237509751,340.69372337743596
2025-08-09 16:55:00,310.4003446367662,2025-08-09 14:55:00,267.2812400903826,340.0964658817129
2025-08-09 17:00:00,309.626301558574,2025-08-09 15:00:00,266.6147228090803,339.2483698023048
2025-08-09 17:05:00,308.6355349817139,2025-08-09 15:05:00,265.7615880626832,338.16281620313543
2025-08-09 17:10:00,307.45135904064693,2025-08-09 15:10:00,264.7419113146307,336.86534969094356
2025-08-09 17:15:00,306.10784106126107,2025-08-09 15:15:00,263.58502744572206,335.39329682588516
2025-08-09 17:20:00,304.6489688544382,2025-08-09 15:20:00,262.3288137226693,333.7948537497535
2025-08-09 17:25:00,303.12735947788457,2025-08-09 15:25:00,261.0185779316159,332.1276714145537
2025-08-09 17:30:00,301.602554495729,2025-08-09 15:30:00,259.70559045087236,330.4569877489257
2025-08-09 17:35:00,300.13896421085553,2025-08-09 15:35:00,258.4453140591596,328.85337521438817
2025-08-09 17:40:00,298.8035381922114,2025-08-09 15:40:00,257.29539806041987,327.39018847109116
2025-08-09 17:45:00,297.66325134562516,2025-08-09 15:45:00,256.31351357581667,326.140809940055
2025-08-09 17:50:00,296.7825030641813,2025-08-09 15:50:00,255.5551139898005,325.1758001292542
2025-08-09 17:55:00,296.2205314339996,2025-08-09 15:55:00,255.07120836016486,324.5600644554609
2025-08-09 18:00:00,296.0289448599689,2025-08-09 16:00:00,254.90623593672402,324.35014871965694
2025-08-09 18:05:00,296.2494698794266,2025-08-09 16:05:00,255.0961268362995,324.59177145317494
2025-08-09 18:10:00,296.9120063496461,2025-08-09 16:10:00,255.66662739283916,325.31769304421914
2025-08-09 18:15:00,298.0330700653605,2025-08-09 16:15:00,256.6319591179283,326.54600936000435
2025-08-09 18:20:00,299.6146886546819,2025-08-09 16:20:00,257.99386797276065,328.2789420126098
2025-08-09 18:25:00,301.64379969297835,2025-08-09 16:25:00,259.741106092717,330.5021788901775
2025-08-09 18:30:00,304.0921813336055,2025-08-09 16:30:00,261.8493720544934,333.1847981510594
2025-08-09 18:35:00,306.91692574299896,2025-08-09 16:35:00,264.2817185442004,336.27978695262806
2025-08-09 18:40:00,310.06144547817604,2025-08-09 16:40:00,266.98941893445067,339.7251441093042
2025-08-09 18:45:00,313.4569828762638,2025-08-09 16:45:00,269.9132669978161,343.4455338859657
2025-08-09 18:50:00,317.0245739712421,2025-08-09 16:50:00,272.98526800708385,347.3544378033664
2025-08-09 18:55:00,320.67740132386643,2025-08-09 16:55:00,276.13066472301864,351.35673256420944
2025-08-09 19:00:00,324.3234560156836,2025-08-09 17:00:00,279.2702295988458,355.35160672116155
2025-08-09 19:05:00,327.86841736927056,2025-08-09 17:05:00,282.32274446563173,359.2357159010435
2025-08-09 19:10:00,331.21865121376595,2025-08-09 17:10:00,285.2075822952977,362.9064679155863
2025-08-09 19:15:00,334.2842230423641,2025-08-09 17:15:00,287.8473017868875,366.26532418887047
2025-08-09 19:20:00,336.98182195646496,2025-08-09 17:20:00,290.1701651325165,369.2210034363457
2025-08-09 19:25:00,339.23749455930385,2025-08-09 17:25:00,292.1124921335712,371.6924771111235
2025-08-09 19:30:00,340.98909479158294,2025-08-09 17:30:00,293.6207697186815,373.6116536163326
2025-08-09 19:35:00,342.1883659892025,2025-08-09 17:35:00,294.653444773471,374.92565955412056
2025-08-09 19:40:00,342.8025844053803,2025-08-09 17:40:00,295.1823393536444,375.5986404841707
2025-08-09 19:45:00,342.8157090292152,2025-08-09 17:45:00,295.19364077709616,375.6130207458534
2025-08-09 19:50:00,342.2289997022663,2025-08-09 17:50:00,294.68843387514187,374.9701807102579
2025-08-09 19:55:00,341.06108396367557,2025-08-09 17:55:00,293.68275855188506,373.69053002041363
2025-08-09 20:00:00,339.3474718724559,2025-08-09 18:00:00,292.2071920047182,371.81297599643864
2025-08-09 20:05:00,337.13953668158564,2025-08-09 18:05:00,290.30597099755215,369.3938067903298
2025-08-09 20:10:00,334.5029969423732,2025-08-09 18:10:00,288.03568482287375,366.5050282726637
2025-08-09 20:15:00,331.5159518865662,2025-08-09 18:15:00,285.4635835977407,363.23221145895104
2025-08-09 20:20:00,328.2665360627054,2025-08-09 18:20:00,282.66555870512286,359.6719227641418
2025-08-09 20:25:00,324.8502710338527,2025-08-09 18:25:00,279.72386237918073,355.9288223362486
2025-08-09 20:30:00,321.36720061313196,2025-08-09 18:30:00,276.72464089809057,352.11252521876156
2025-08-09 20:35:00,317.91890217229667,2025-08-09 18:35:00,273.7553610651486,348.3343267299491
2025-08-09 20:40:00,314.60546887165253,2025-08-09 18:40:00,270.90221165067453,344.70389598154725
2025-08-09 20:45:00,311.52255719869044,2025-08-09 18:45:00,268.24756107030004,341.32604095427
2025-08-09 20:50:00,308.75859049011007,2025-08-09 18:50:00,265.86754937829505,338.2976444797013
2025-08-09 20:55:00,306.3922023447007,2025-08-09 18:55:00,263.8298868274356,335.70486306349545
2025-08-09 21:00:00,304.4899948430148,2025-08-09 19:00:00,262.19192350444126,333.6206706330582
2025-08-09 21:05:00,303.1046749070521,2025-08-09 19:05:00,260.99904457629657,332.1028166020398
2025-08-09 21:10:00,302.27361911818,2025-08-09 19:10:00,260.28343447575384,331.1922533838299
2025-08-09 21:15:00,302.01790286679034,2025-08-09 19:15:00,260.0632409161665,330.91207265958514
2025-08-09 21:20:00,302.3418145784519,2025-08-09 19:20:00,260.3421565986668,331.26697313021026
2025-08-09 21:25:00,303.232860397329,2025-08-09 19:25:00,261.1094232449894,332.2432656478407
2025-08-09 21:30:00,304.66224967234876,2025-08-09 19:30:00,262.34024964257685,333.8094051486596
2025-08-09 21:35:00,306.5858372671347,2025-08-09 19:35:00,263.99662305401273,335.91702311398814
2025-08-09 21:40:00,308.94548564230286,2025-08-09 19:40:00,266.0284820863544,338.5024199635223
2025-08-09 21:45:00,311.67079809850486,2025-08-09 19:45:00,268.37520916160895,341.48846411840987
2025-08-09 21:50:00,314.6811649662178,2025-08-09 19:50:00,270.96739246111815,344.7868339508102
2025-08-09 21:55:00,317.8880568771919,2025-08-09 19:55:00,273.7288006283804,348.30053045350974
2025-08-09 22:00:00,321.1974941190524,2025-08-09 20:00:00,276.57850909452554,351.9265828386358
2025-08-09 22:05:00,324.5126178380454,2025-08-09 20:05:00,279.4331141037512,355.55886572836494
2025-08-09 22:10:00,327.73628847526476,2025-08-09 20:10:00,282.20897018911484,359.090946184551
2025-08-09 22:15:00,330.7736381302793,2025-08-09 20:15:00,284.8243879758779,362.41888025796936
2025-08-09 22:20:00,333.5345073383801,2025-08-09 20:20:00,287.20173245509255,365.44388289298735
2025-08-09 22:25:00,335.9357022344134,2025-08-09 20:25:00,289.2693665946793,368.07480103513626
2025-08-09 22:30:00,337.90301517795467,2025-08-09 20:30:00,290.9633912704924,370.2303275702782
2025-08-09 22:35:00,339.3729605539607,2025-08-09 20:35:00,292.2291399391151,371.8409031899793
2025-08-09 22:40:00,340.294186838266,2025-08-09 20:40:00,293.0223945470026,372.85026354985973
2025-08-09 22:45:00,340.6285364432555,2025-08-09 20:45:00,293.310298148237,373.21660051111195
2025-08-09 22:50:00,340.35173535300413,2025-08-09 20:50:00,293.0719487393556,372.9133177533017
2025-08-09 22:55:00,339.45370544331865,2025-08-09 20:55:00,292.29866819361433,371.9293729741891
2025-08-09 23:00:00,337.93850272973646,2025-08-09 21:00:00,290.9939490872342,370.26921022988955
2025-08-09 23:05:00,335.82389489630754,2025-08-09 21:05:00,289.17309091555563,367.95229704567083
2025-08-09 23:10:00,333.1406006337864,2025-08-09 21:10:00,286.86254509817473,365.01229098133473
2025-08-09 23:15:00,329.931221633614,2025-08-09 21:15:00,284.09899533443354,361.49586944864956
2025-08-09 23:20:00,326.2489052008102,2025-08-09 21:20:00,280.92820599875574,357.46126437589993
2025-08-09 23:25:00,322.1557813355686,2025-08-09 21:25:00,277.4036763342492,352.976549764472
2025-08-09 23:30:00,317.72122258956966,2025-08-09 21:30:00,273.58514204018695,348.117735064946
2025-08-09 23:35:00,313.01997812720174,2025-08-09 21:35:00,269.536968539155,342.9667207232308
2025-08-09 23:40:00,308.1302349725012,2025-08-09 21:40:00,265.32648154487924,337.6091739462484
2025-08-09 23:45:00,303.13165959962373,2025-08-09 21:45:00,261.0222807041509,332.1323829306058
2025-08-09 23:50:00,298.10347187364107,2025-08-09 21:50:00,256.6925810951489,326.62314653656233
2025-08-09 23:55:00,293.1226007465224,2025-08-09 21:55:00,252.40362512396737,321.1657535387303
2025-08-10 00:00:00,288.26196746964337,2025-08-09 22:00:00,248.2182042237777,315.84010159286004
2025-08-10 00:05:00,283.58893716362735,2025-08-09 22:05:00,244.19432552405036,310.72000066676736
2025-08-10 00:10:00,279.16397398777724,2025-08-09 22:10:00,240.3840538364351,305.87169954930437
2025-08-10 00:15:00,275.03952850929966,2025-08-09 22:15:00,236.83255358451788,301.3526667737657
2025-08-10 00:20:00,271.25917894088025,2025-08-09 22:20:00,233.57734933593795,297.2106496973304
2025-08-10 00:25:00,267.8570402064788,2025-08-09 22:25:00,230.64781695750438,293.4830270319522
2025-08-10 00:30:00,264.8574473146239,2025-08-09 22:30:00,228.06491097252726,290.1964619258549
2025-08-10 00:35:00,262.274911660111,2025-08-09 22:35:00,225.84112693284263,287.366854084597
2025-08-10 00:40:00,260.11434139987347,2025-08-09 22:40:00,223.98069118128294,284.9995812303874
2025-08-10 00:45:00,258.37150988499354,2025-08-09 22:45:00,222.47996421169526,283.09001234916866
2025-08-10 00:50:00,257.03374956656927,2025-08-09 22:50:00,221.32803818123108,281.624267982727
2025-08-10 00:55:00,256.0808429077441,2025-08-09 22:55:00,220.5075040617886,280.5801963746209
2025-08-10 01:00:00,255.4860769267562,2025-08-09 23:00:00,219.9953596917556,279.9285289017727
2025-08-10 01:05:00,255.21742399118332,2025-08-09 23:05:00,219.76402654082798,279.63417383575626
2025-08-10 01:10:00,255.2388087840901,2025-08-09 23:10:00,219.78244067620497,279.65760452008664
2025-08-10 01:15:00,255.51141965967187,2025-08-09 23:15:00,220.01718195193675,279.9562961837662
2025-08-10 01:20:00,255.99502248611117,2025-08-09 23:20:00,220.4336053399751,280.48616547999677
2025-08-10 01:25:00,256.64923582503593,2025-08-09 23:25:00,220.9969389687315,281.2029676625503
2025-08-10 01:30:00,257.43472875159677,2025-08-09 23:30:00,221.67331554859354,282.063609001757
2025-08-10 01:35:00,258.31430592219897,2025-08-09 23:35:00,222.43070670802945,283.0273356610882
2025-08-10 01:40:00,259.2538490803182,2025-08-09 23:40:00,223.23973371060708,284.05676527719777
2025-08-10 01:45:00,260.223089739272,2025-08-09 23:45:00,224.07433280093457,285.11873356555384
2025-08-10 01:50:00,261.1961939830709,2025-08-09 23:50:00,224.9122587682016,286.1849350694142
2025-08-10 01:55:00,262.15214731337477,2025-08-09 23:55:00,225.7354163323182,287.2323448252399
2025-08-10 02:00:00,263.07493467397956,2025-08-10 00:00:00,226.5300151603923,288.2434156101943
2025-08-10 02:05:00,263.953518132239,2025-08-10 00:05:00,227.28655064852552,289.2060534883379
2025-08-10 02:10:00,264.78162195637793,2025-08-10 00:10:00,227.99961885500076,290.1133823262048
2025-08-10 02:15:00,265.55734169012845,2025-08-10 00:15:00,228.6675798801151,290.9633154674582
2025-08-10 02:20:00,266.2825998925582,2025-08-10 00:20:00,229.29208921163016,291.75795940313657
2025-08-10 02:25:00,266.96247669634295,2025-08-10 00:25:00,229.87752127819863,292.50288028417725
2025-08-10 02:30:00,267.6044473812836,2025-08-10 00:30:00,230.430312934965,293.2062685532962
2025-08-10 02:35:00,268.21756226733635,2025-08-10 00:35:00,230.95825728133426,293.8780403780666
2025-08-10 02:40:00,268.81160574183355,2025-08-10 00:40:00,231.46977951149483,294.5289162219482
2025-08-10 02:45:00,269.39627141527575,2025-08-10 00:45:00,231.97322665302033,295.16951708691414
2025-08-10 02:50:00,269.98038903298294,2025-08-10 00:50:00,232.47620187169196,295.80951746344056
2025-08-10 02:55:00,270.5712360259435,2025-08-10 00:55:00,232.9849716579078,296.45689101715834
2025-08-10 03:00:00,271.1739624372337,2025-08-10 01:00:00,233.50397063915372,297.11728049776036
2025-08-10 03:05:00,271.79115268890826,2025-08-10 01:05:00,234.03542422382134,297.79351757996074
2025-08-10 03:10:00,272.42254133085186,2025-08-10 01:10:00,234.57910383666183,298.4853114179288
2025-08-10 03:15:00,273.0648929525924,2025-08-10 01:15:00,235.13222351258807,299.1891170682189
2025-08-10 03:20:00,273.71204887584565,2025-08-10 01:20:00,235.6894801029484,299.89818664940896
2025-08-10 03:25:00,274.3551357379657,2025-08-10 01:25:00,236.24323288371426,300.60279788081056
2025-08-10 03:30:00,274.9829236097497,2025-08-10 01:30:00,236.78381192553357,301.2906464615426
2025-08-10 03:35:00,275.5823143545882,2025-08-10 01:35:00,237.29993861272075,301.94738115119105
2025-08-10 03:40:00,276.13893490791344,2025-08-10 01:40:00,237.77923650759473,302.5572538085315
2025-08-10 03:45:00,276.6378051161603,2025-08-10 01:45:00,238.20880641693358,303.10385112290294
2025-08-10 03:50:00,277.06404612072436,2025-08-10 01:50:00,238.57583637113862,303.57087076953303
2025-08-10 03:55:00,277.40359317132044,2025-08-10 01:55:00,238.868215417491,303.9429024180269
2025-08-10 04:00:00,277.643876242341,2025-08-10 02:00:00,239.0751196890383,304.2061734635566
2025-08-10 04:05:00,277.77443302014956,2025-08-10 02:05:00,239.18754023907252,304.3492206588861
2025-08-10 04:10:00,277.78742179118973,2025-08-10 02:10:00,239.1987246816508,304.36345207068456
2025-08-10 04:15:00,277.67800615707625,2025-08-10 02:15:00,239.10450846418703,304.2435686004592
2025-08-10 04:20:00,277.44458943871786,2025-08-10 02:20:00,238.90351670944634,303.98782081421143
2025-08-10 04:25:00,277.08888369995833,2025-08-10 02:25:00,238.59722365080245,303.5980845695963
2025-08-10 04:30:00,276.6158062325368,2025-08-10 02:30:00,238.1898634969366,303.0797475975591
2025-08-10 04:35:00,276.03320484232455,2025-08-10 02:35:00,237.68819387979576,302.4414085065996
2025-08-10 04:40:00,275.35142191239225,2025-08-10 02:40:00,237.1011204756151,301.6943991395842
2025-08-10 04:45:00,274.58271558698135,2025-08-10 02:45:00,236.43919859482088,300.85215038216387
2025-08-10 04:50:00,273.74056420753516,2025-08-10 02:50:00,235.71403424197322,299.9294300539303
2025-08-10 04:55:00,272.83888681892074,2025-08-10 02:55:00,234.93761290496622,298.9414888401663
2025-08-10 05:00:00,271.8912180097875,2025-08-10 03:00:00,234.1215890220143,297.9031561888617
2025-08-10 05:05:00,270.90987901174685,2025-08-10 03:05:00,233.27657222716408,296.8279321086305
2025-08-10 05:10:00,269.9051888863112,2025-08-10 03:10:00,232.41144811479478,295.72712288959826
2025-08-10 05:15:00,268.88475942475435,2025-08-10 03:15:00,231.53277108810258,294.6090685460595
2025-08-10 05:20:00,267.85291514365184,2025-08-10 03:20:00,230.64426492566264,293.4785073227662
2025-08-10 05:25:00,266.81027544876366,2025-08-10 03:25:00,229.74646298880177,292.3361178842673
2025-08-10 05:30:00,265.75352985601637,2025-08-10 03:30:00,228.8365146676423,291.1782730311954
2025-08-10 05:35:00,264.6754291706387,2025-08-10 03:35:00,227.90817778558363,289.9970300355065
2025-08-10 05:40:00,263.56500625232167,2025-08-10 03:40:00,226.9520086969833,288.78037252632873
2025-08-10 05:45:00,262.40802963266293,2025-08-10 03:45:00,225.9557528905671,287.51270750516335
2025-08-10 05:50:00,261.1876823343233,2025-08-10 03:50:00,224.90492951077076,286.17560910793287
2025-08-10 05:55:00,259.88544716815994,2025-08-10 03:55:00,223.78359367427626,284.7487885988342
2025-08-10 06:00:00,258.482169150967,2025-08-10 04:00:00,222.57525130253757,283.21125842999595
2025-08-10 06:05:00,256.9592558871482,2025-08-10 04:05:00,221.26389275304908,281.542647464131
2025-08-10 06:10:00,255.29996834482796,2025-08-10 04:10:00,219.8351042879562,279.72461523969827
2025-08-10 06:15:00,253.4907477273228,2025-08-10 04:15:00,218.27721062385686,277.7423057846818
2025-08-10 06:20:00,251.52251975439935,2025-08-10 04:20:00,216.58239802949853,275.5857766789422
2025-08-10 06:25:00,249.39191535975414,2025-08-10 04:25:00,214.74776545069392,273.2513365362973
2025-08-10 06:30:00,247.10234750726175,2025-08-10 04:30:00,212.77625174119285,270.742724840198
2025-08-10 06:35:00,244.66488680760114,2025-08-10 04:35:00,210.67738964347436,268.0720713309365
2025-08-10 06:40:00,242.0988845053448,2025-08-10 04:40:00,208.46784223390424,265.2605785941519
2025-08-10 06:45:00,239.43229959865226,2025-08-10 04:45:00,206.17168460076394,262.33888047619104
2025-08-10 06:50:00,236.70169726902785,2025-08-10 04:50:00,203.8204024921382,259.347040363641
2025-08-10 06:55:00,233.95189814559598,2025-08-10 04:55:00,201.452590302463,256.33416689258155
2025-08-10 07:00:00,231.23527138448475,2025-08-10 05:00:00,199.11334235342406,253.35763939659958
2025-08-10 07:05:00,228.61067915515488,2025-08-10 05:05:00,196.85334400642552,250.48195141171593
2025-08-10 07:10:00,226.14209460856188,2025-08-10 05:10:00,194.72768161499536,247.77719642502623
2025-08-10 07:15:00,223.89692976130934,2025-08-10 05:15:00,192.79440269005337,245.31723578688332
2025-08-10 07:20:00,221.94412302164108,2025-08-10 05:20:00,191.11286909624832,243.1776032697598
2025-08-10 07:25:00,220.3520476551853,2025-08-10 05:25:00,189.74195606210972,241.43321343609978
2025-08-10 07:30:00,219.18631217712874,2025-08-10 05:30:00,188.7381581296141,240.15595159315978
2025-08-10 07:35:00,218.5075305184385,2025-08-10 05:35:00,188.15366907662147,239.41223063016918
2025-08-10 07:40:00,218.3691438995466,2025-08-10 05:40:00,188.03450636385895,239.260604509826
2025-08-10 07:45:00,218.81537712992292,2025-08-10 05:45:00,188.41875133408954,239.74952904625835
2025-08-10 07:50:00,219.8794096238328,2025-08-10 05:50:00,189.33497430027694,240.91535794115057
2025-08-10 07:55:00,221.58183556740988,2025-08-10 05:55:00,190.8009086177591,242.78065563440362
2025-08-10 08:00:00,223.92947884148344,2025-08-10 06:00:00,192.82243023146256,245.35289885016977
2025-08-10 08:05:00,226.91461651112104,2025-08-10 06:05:00,195.39288903399685,248.6236257973391
2025-08-10 08:10:00,230.51465049762618,2025-08-10 06:10:00,198.49282614716796,252.56807643026994
2025-08-10 08:15:00,234.69225106848774,2025-08-10 06:15:00,202.0900974790952,257.1453496664774
2025-08-10 08:20:00,239.39597831229236,2025-08-10 06:20:00,206.14040886725496,262.2990843182913
2025-08-10 08:25:00,244.56136994681265,2025-08-10 06:25:00,210.588252774267,267.9586509719658
2025-08-10 08:30:00,250.11246593163435,2025-08-10 06:30:00,215.36822110974077,274.0408224605873
2025-08-10 08:35:00,255.96372332787234,2025-08-10 06:35:00,220.4066540882371,280.4518719191615
2025-08-10 08:40:00,262.02225966543335,2025-08-10 06:40:00,225.62357196031908,287.0900307756912
2025-08-10 08:45:00,268.19034958477016,2025-08-10 06:45:00,230.93482483459846,293.84822424761495
2025-08-10 08:50:00,274.3680893214461,2025-08-10 06:50:00,236.25438702679457,300.6169907386418
2025-08-10 08:55:00,280.4561363324548,2025-08-10 06:55:00,241.49671611227006,307.2874835661827
2025-08-10 09:00:00,286.3584276906272,2025-08-10 07:00:00,246.57909369607452,313.7544494256041
2025-08-10 09:05:00,291.9847811151724,2025-08-10 07:05:00,251.4238651226623,319.9190782623681
2025-08-10 09:10:00,297.2532863580062,2025-08-10 07:10:00,255.96049866401734,325.69162344321785
2025-08-10 09:15:00,302.09240236006065,2025-08-10 07:15:00,260.12739135056984,330.99369954824357
2025-08-10 09:20:00,306.4426864412438,2025-08-10 07:20:00,263.87335795162096,335.7601769931163
2025-08-10 09:25:00,310.2580960213882,2025-08-10 07:25:00,267.1587518683935,339.9406082861834
2025-08-10 09:30:00,313.5068195503288,2025-08-10 07:30:00,269.9561806358846,343.5001384539492
2025-08-10 09:35:00,316.1716117066707,2025-08-10 07:35:00,272.25079455766894,346.41987230843876
2025-08-10 09:40:00,318.2496270528024,2025-08-10 07:40:00,274.0401434686403,348.69669218792166
2025-08-10 09:45:00,319.75176596724214,2025-08-10 07:45:00,275.33361352683016,350.34254131435284
2025-08-10 09:50:00,320.70156555656814,2025-08-10 07:50:00,276.1514721937381,351.38320859841684
2025-08-10 09:55:00,321.13368599743757,2025-08-10 07:55:00,276.52356484537205,351.85667016930176
2025-08-10 10:00:00,321.09205830953323,2025-08-10 08:00:00,276.4877198463654,351.81105994436575
2025-08-10 10:05:00,320.62777254364124,2025-08-10 08:05:00,276.0879300993239,351.30235577935
2025-08-10 10:10:00,319.7967949659292,2025-08-10 08:10:00,275.37238734527807,350.39187825479206
2025-08-10 10:15:00,318.6576089133639,2025-08-10 08:15:00,274.3914507384594,349.14370583116744
2025-08-10 10:20:00,317.2688760265711,2025-08-10 08:20:00,273.19563296779734,347.6221123309906
2025-08-10 10:25:00,315.6872127305776,2025-08-10 08:25:00,271.83368561669727,345.88913069460847
2025-08-10 10:30:00,313.9651709423688,2025-08-10 08:30:00,270.3508603795716,344.00234050126704
2025-08-10 10:35:00,312.1495024919234,2025-08-10 08:35:00,268.7874145799353,342.0129663466345
2025-08-10 10:40:00,310.2797739445869,2025-08-10 08:40:00,267.17741841401835,339.96436014469424
2025-08-10 10:45:00,308.38738282502396,2025-08-10 08:45:00,265.54790783546304,337.8909232334613
2025-08-10 10:50:00,306.4950087386326,2025-08-10 08:50:00,263.9184119239251,335.81750498497007
2025-08-10 10:55:00,304.6165136308148,2025-08-10 08:55:00,262.3008669997762,333.7592935223103
2025-08-10 11:00:00,302.75728605121486,2025-08-10 09:00:00,260.6999130650529,331.72219291975887
2025-08-10 11:05:00,300.91500481324164,2025-08-10 09:05:00,259.11355137960777,329.70365992190386
2025-08-10 11:10:00,299.08077936709276,2025-08-10 09:10:00,257.53412641980077,327.69395341659845
2025-08-10 11:15:00,297.2406078293878,2025-08-10 09:15:00,255.94958136669402,325.6777319548538
2025-08-10 11:20:00,295.37707990153734,2025-08-10 09:20:00,254.34492446439,323.6359195880684
2025-08-10 11:25:00,293.471241376035,2025-08-10 09:25:00,252.70383451938883,321.54774875235927
2025-08-10 11:30:00,291.5045299682135,2025-08-10 09:30:00,251.01032781726977,319.3928813020925
2025-08-10 11:35:00,289.4606892887456,2025-08-10 09:35:00,249.25040621668452,317.15350559287504
2025-08-10 11:40:00,287.3275687446711,2025-08-10 09:40:00,247.41360701805706,314.81630857981
2025-08-10 11:45:00,285.0987223633484,2025-08-10 09:45:00,245.4943796877265,312.37422760155545
2025-08-10 11:50:00,282.7747283507004,2025-08-10 09:50:00,243.4932221104369,309.82789618121905
2025-08-10 11:55:00,280.36416359131283,2025-08-10 09:55:00,241.41751971725415,307.1867117572582
2025-08-10 12:00:00,277.88418252557494,2025-08-10 10:00:00,239.2820439482863,304.46946994202114
2025-08-10 12:05:00,275.36066731374007,2025-08-10 10:05:00,237.10908155678035,301.7045290520614
2025-08-10 12:10:00,272.82793526584015,2025-08-10 10:10:00,234.92818268126035,298.929489547759
2025-08-10 12:15:00,270.32800910169976,2025-08-10 10:15:00,232.77553247699672,296.19039447882693
2025-08-10 12:20:00,267.90947525531976,2025-08-10 10:20:00,230.69296801845056,293.5404785622332
2025-08-10 12:25:00,265.6259738024691,2025-08-10 10:25:00,228.7266779977989,291.03851364058
2025-08-10 12:30:00,263.53438046734954,2025-08-10 10:30:00,226.92563727721034,288.7468167606415
2025-08-10 12:35:00,261.6927551553637,2025-08-10 10:35:00,225.33984040013075,286.72900244146723
2025-08-10 12:40:00,260.1581426194971,2025-08-10 10:40:00,224.01840777696577,285.04757292966445
2025-08-10 12:45:00,258.98431815388136,2025-08-10 10:45:00,223.00764453446567,283.7614482225912
2025-08-10 12:50:00,258.2195746021706,2025-08-10 10:50:00,222.34913494069713,282.92354135896636
2025-08-10 12:55:00,257.90464629146487,2025-08-10 10:55:00,222.07795473462005,282.5784837347474
2025-08-10 13:00:00,258.0708606046789,2025-08-10 11:00:00,222.22107947183193,282.7605998357111
2025-08-10 13:05:00,258.7385991488078,2025-08-10 11:05:00,222.79605945885407,283.49222118509135
2025-08-10 13:10:00,259.9161381613393,2025-08-10 11:10:00,223.8100212438918,284.78241581122313
2025-08-10 13:15:00,261.5989224276134,2025-08-10 11:15:00,225.25904239759143,286.62619270029484
2025-08-10 13:20:00,263.7693091944569,2025-08-10 11:20:00,227.12793100078076,289.0042212101011
2025-08-10 13:25:00,266.396799237979,2025-08-10 11:25:00,229.39042461360046,291.8830842441836
2025-08-10 13:30:00,269.4387519100423,2025-08-10 11:30:00,232.0098059916617,295.2160617070753
2025-08-10 13:35:00,272.84156094136586,2025-08-10 11:35:00,234.93991555306448,298.9444187969419
2025-08-10 13:40:00,276.5422483646191,2025-08-10 11:40:00,238.12652388248338,302.9991524199157
2025-08-10 13:45:00,280.47041653173176,2025-08-10 11:45:00,241.50901258499454,307.30312995765775
2025-08-10 13:50:00,284.55048288501285,2025-08-10 11:50:00,245.02229861511205,311.7735378398964
2025-08-10 13:55:00,288.70411048732035,2025-08-10 11:55:00,248.59892717110657,316.32454460435923
2025-08-10 14:00:00,292.8527386880169,2025-08-10 12:00:00,252.17125081479873,320.8700736725218
2025-08-10 14:05:00,296.9201141765507,2025-08-10 12:05:00,255.67360892513108,325.32657655006534
2025-08-10 14:10:00,300.8347223916346,2025-08-10 12:10:00,259.0444213493892,329.61569684991395
2025-08-10 14:15:00,304.5320233590101,2025-08-10 12:15:00,262.2281136507103,333.66672003346395
2025-08-10 14:20:00,307.95640405901963,2025-08-10 12:20:00,265.17679826351633,337.4187125619182
2025-08-10 14:25:00,311.06277115775043,2025-08-10 12:25:00,267.85164597122855,340.82226700463593
2025-08-10 14:30:00,313.81772292136105,2025-08-10 12:30:00,270.2238950247169,343.84078607095654
2025-08-10 14:35:00,316.2002564990066,2025-08-10 12:35:00,272.2754601733809,346.45125755915666
2025-08-10 14:40:00,318.2019862636879,2025-08-10 12:40:00,273.9991206752916,348.6444935860528
2025-08-10 14:45:00,319.8268690394664,2025-08-10 12:45:00,275.39828369432684,350.4248295265976
2025-08-10 14:50:00,321.0904525769614,2025-08-10 12:50:00,276.48633717330955,351.8093005907366
2025-08-10 14:55:00,322.0186834003961,2025-08-10 12:55:00,277.28562328836875,352.82633561671906
2025-08-10 15:00:00,322.64632827377727,2025-08-10 13:00:00,277.82607919633494,353.51402751833564
2025-08-10 15:05:00,323.0150794660466,2025-08-10 13:05:00,278.14360550601054,353.91805728005266
2025-08-10 15:10:00,323.17142679239765,2025-08-10 13:10:00,278.2782339237748,354.089362415697
2025-08-10 15:15:00,323.1643888550823,2025-08-10 13:15:00,278.27217365790904,354.0816511561916
2025-08-10 15:20:00,323.04320125418917,2025-08-10 13:20:00,278.16782077038823,353.9488694905634
2025-08-10 15:25:00,322.8550608538061,2025-08-10 13:25:00,278.0058157971517,353.7427296251753
2025-08-10 15:30:00,322.6430223323648,2025-08-10 13:30:00,277.82323249807683,353.5104052962273
2025-08-10 15:35:00,322.4441362082533,2025-08-10 13:35:00,277.65197453780786,353.2924916595579
2025-08-10 15:40:00,322.287906830205,2025-08-10 13:40:00,277.51744768361834,353.1213157563761
2025-08-10 15:45:00,322.1951348406516,2025-08-10 13:45:00,277.4375630673738,353.01966823463493
2025-08-10 15:50:00,322.17719180443925,2025-08-10 13:50:00,277.4221125788267,353.00000858119563
2025-08-10 15:55:00,322.2357560102313,2025-08-10 13:55:00,277.47254136803224,353.0641756472482
2025-08-10 16:00:00,322.3630185213487,2025-08-10 14:00:00,277.5821252727418,353.2036134121157
2025-08-10 16:05:00,322.5423481974344,2025-08-10 14:05:00,277.7365434589242,353.400099627799
2025-08-10 16:10:00,322.7493846878624,2025-08-10 14:10:00,277.9148195815564,353.62694337948847
2025-08-10 16:15:00,322.9535098342254,2025-08-10 14:15:00,278.09058878799,353.85059725769815
2025-08-10 16:20:00,323.1196316050984,2025-08-10 14:20:00,278.2336338383327,354.0326119627593
2025-08-10 16:25:00,323.2102010611232,2025-08-10 14:25:00,278.3116218848632,354.1318462337357
2025-08-10 16:30:00,323.18737263475714,2025-08-10 14:30:00,278.29196465762794,354.10683380297365
2025-08-10 16:35:00,323.01521154119274,2025-08-10 14:35:00,278.1437192340056,353.9182019908792
2025-08-10 16:40:00,322.66184974572127,2025-08-10 14:40:00,277.839444510971,353.53103393551476
2025-08-10 16:45:00,322.1014936471165,2025-08-10 14:45:00,277.3569299921725,352.9170683518304
2025-08-10 16:50:00,321.31619244196185,2025-08-10 14:50:00,276.680718500836,352.056637076091
2025-08-10 16:55:00,320.29728579632354,2025-08-10 14:55:00,275.8033527488706,350.9402512368598
2025-08-10 17:00:00,319.0464624763787,2025-08-10 15:00:00,274.72628690836694,349.56976116522833
2025-08-10 17:05:00,317.5763775910224,2025-08-10 15:05:00,273.4604181102638,347.95903268926327
2025-08-10 17:10:00,315.91079419591983,2025-08-10 15:10:00,272.02620837754614,346.13410228537305
2025-08-10 17:15:00,314.0842347416251,2025-08-10 15:15:00,270.4533844922698,344.1327951803329
2025-08-10 17:20:00,312.141148066524,2025-08-10 15:20:00,268.7802207052519,342.00381265012004
2025-08-10 17:25:00,310.13461785296573,2025-08-10 15:25:00,267.05242660635594,339.80531691354275
2025-08-10 17:30:00,308.1246575758887,2025-08-10 15:30:00,265.32167892945427,337.60306295794084
2025-08-10 17:35:00,306.17615441896015,2025-08-10 15:35:00,263.6438510884017,335.4681457489853
2025-08-10 17:40:00,304.3565394749599,2025-08-10 15:40:00,262.0770070203369,333.4744475382304
2025-08-10 17:45:00,302.7332734887972,2025-08-10 15:45:00,260.6792361954178,331.69588306619033
2025-08-10 17:50:00,301.3712456774099,2025-08-10 15:50:00,259.50641377831903,330.20354952633073
2025-08-10 17:55:00,300.33018758567954,2025-08-10 15:55:00,258.60997373702514,329.0628930035766
2025-08-10 18:00:00,299.66220437474374,2025-08-10 16:00:00,258.03478307096,328.3310035800213
2025-08-10 18:05:00,299.4095222826422,2025-08-10 16:05:00,257.8172021819807,328.0541472942594
2025-08-10 18:10:00,299.6025434502698,2025-08-10 16:10:00,257.9834099131853,328.2656348717856
2025-08-10 18:15:00,300.2582881945101,2025-08-10 16:15:00,258.54806221287396,328.9841149697945
2025-08-10 18:20:00,301.3792905235876,2025-08-10 16:20:00,259.5133410788194,330.21236402605945
2025-08-10 18:25:00,302.9529958980917,2025-08-10 16:25:00,260.8684359790089,331.93662640351977
2025-08-10 18:30:00,304.9516914748955,2025-08-10 16:30:00,262.5894837856936,334.1265379606085
2025-08-10 18:35:00,307.33297918595497,2025-08-10 16:35:00,264.6399761366888,336.73564438968356
2025-08-10 18:40:00,310.04078172686883,2025-08-10 16:40:00,266.9716256775496,339.7025034489027
2025-08-10 18:45:00,313.0068515722353,2025-08-10 16:45:00,269.52566545283383,342.9523383456645
2025-08-10 18:50:00,316.15273450034493,2025-08-10 16:50:00,272.23453966877025,346.39918911246923
2025-08-10 18:55:00,319.3921220504363,2025-08-10 16:55:00,275.02392936012177,349.94849012467176
2025-08-10 19:00:00,322.63351312724546,2025-08-10 17:00:00,277.8150442593056,353.49998634176956
2025-08-10 19:05:00,325.78309333134314,2025-08-10 17:05:00,280.52710214603394,356.95088810438875
2025-08-10 19:10:00,328.74773283116707,2025-08-10 17:10:00,283.0799102714925,360.19915581389574
2025-08-10 19:15:00,331.4379991475056,2025-08-10 17:15:00,285.3964596234135,363.1468009511395
2025-08-10 19:20:00,333.77108068703217,2025-08-10 17:20:00,287.40544233845,365.7030893055722
2025-08-10 19:25:00,335.6735202517827,2025-08-10 17:25:00,289.04360548758746,367.7875360006373
2025-08-10 19:30:00,337.0836644948115,2025-08-10 17:30:00,290.25786026692447,369.3325892897977
2025-08-10 19:35:00,337.9537455676295,2025-08-10 17:35:00,291.00707447412555,370.2859113559901
2025-08-10 19:40:00,338.2515242746147,2025-08-10 17:40:00,291.26348740488004,370.61217866725553
2025-08-10 19:45:00,337.96143948469194,2025-08-10 17:45:00,291.01369959464853,370.2943413530792
2025-08-10 19:50:00,337.08522586807527,2025-08-10 17:50:00,290.25920474282276,369.3343000402466
2025-08-10 19:55:00,335.6419803574808,2025-08-10 17:55:00,289.01644694151304,367.75297867242654
2025-08-10 20:00:00,333.66767657882195,2025-08-10 18:00:00,287.31640255885435,365.5897924862626
2025-08-10 20:05:00,331.21414515388,2025-08-10 18:05:00,285.2037021924079,362.90153075920506
2025-08-10 20:10:00,328.3475554140623,2025-08-10 18:10:00,282.7353232948733,359.7606932682363
2025-08-10 20:15:00,325.14645041067257,2025-08-10 18:15:00,279.97889814989884,356.253337308812
2025-08-10 20:20:00,321.6994011840879,2025-08-10 18:20:00,277.01069399725105,352.47650754706154
2025-08-10 20:25:00,318.10235807897914,2025-08-10 18:25:00,273.91333228872236,348.53533393430916
2025-08-10 20:30:00,314.4557856253543,2025-08-10 18:30:00,270.7733215757032,344.53989248107655
2025-08-10 20:35:00,310.8616734826558,2025-08-10 18:35:00,267.67848367644604,340.6019302370439
2025-08-10 20:40:00,307.42051829852045,2025-08-10 18:40:00,264.71535479836615,336.83155840306773
2025-08-10 20:45:00,304.2283709119778,2025-08-10 18:45:00,261.9666429274924,333.33401703916513
2025-08-10 20:50:00,301.3740395202839,2025-08-10 18:50:00,259.50881951594425,330.206610657235
2025-08-10 20:55:00,298.9365327517556,2025-08-10 18:55:00,257.4099177489912,327.53590667167947
2025-08-10 21:00:00,296.982817544991,2025-08-10 19:00:00,255.7276018873302,325.39527877406056
2025-08-10 21:05:00,295.56595517011107,2025-08-10 19:05:00,254.5075622219797,323.84286462677176
2025-08-10 21:10:00,294.72366573820705,2025-08-10 19:10:00,253.78227899416055,322.91999303854817
2025-08-10 21:15:00,294.47735702047726,2025-08-10 19:15:00,253.57018612552366,322.65011987035376
2025-08-10 21:20:00,294.83163836539677,2025-08-10 19:20:00,253.8752526592667,323.03829544881825
2025-08-10 21:25:00,295.774325077113,2025-08-10 19:25:00,254.68698653030697,324.0711693635155
2025-08-10 21:30:00,297.27692360216133,2025-08-10 19:30:00,255.98085235253365,325.7175220716802
2025-08-10 21:35:00,299.29557355324823,2025-08-10 19:35:00,257.7190825818405,327.9292970457716
2025-08-10 21:40:00,301.7724095013159,2025-08-10 19:40:00,259.85185013554496,330.6430928487123
2025-08-10 21:45:00,304.6372939611884,2025-08-10 19:45:00,262.3187606412225,333.78206191494274
2025-08-10 21:50:00,307.80986328754557,2025-08-10 19:50:00,265.0506141280921,337.2581521780558
2025-08-10 21:55:00,311.2018207173518,2025-08-10 19:55:00,267.97137953263217,340.9746194894831
2025-08-10 22:00:00,314.7194054593487,2025-08-10 20:00:00,271.00032079577466,344.82873292673634
2025-08-10 22:05:00,318.26596365968186,2025-08-10 20:05:00,274.0542106841607,348.7145917243114
2025-08-10 22:10:00,321.74454661041386,2025-08-10 20:10:00,277.04956806985217,352.525972053817
2025-08-10 22:15:00,325.0604628857701,2025-08-10 20:15:00,279.9048555378807,356.1591233240838
2025-08-10 22:20:00,328.12371492845335,2025-08-10 20:20:00,282.5425774954252,359.5154378766357
2025-08-10 22:25:00,330.8512559738544,2025-08-10 20:25:00,284.8912235765541,362.50392383071454
2025-08-10 22:30:00,333.1690105260887,2025-08-10 20:30:00,286.88700844487073,365.0434188590418
2025-08-10 22:35:00,335.01360994498833,2025-08-10 20:35:00,288.47536628232876,367.06449181909073
2025-08-10 22:40:00,336.333804365463,2025-08-10 20:40:00,289.6121665725404,368.51098975131947
2025-08-10 22:45:00,337.0915223601424,2025-08-10 20:45:00,290.2646265609264,369.3411989201495
2025-08-10 22:50:00,337.26256044616065,2025-08-10 20:50:00,290.4119049790195,369.52860028613077
2025-08-10 22:55:00,336.83689525297325,2025-08-10 20:55:00,290.0453708476493,369.0622115389749
2025-08-10 23:00:00,335.81862164713783,2025-08-10 21:00:00,289.16855019708754,367.9465193027098
2025-08-10 23:05:00,334.22553015031974,2025-08-10 21:05:00,287.79676218781435,366.201016125102
2025-08-10 23:10:00,332.0883461673287,2025-08-10 21:10:00,285.95646402080166,363.85936692234475
2025-08-10 23:15:00,329.44966188188505,2025-08-10 21:15:00,283.68433120843093,360.9682386888785
2025-08-10 23:20:00,326.3625988058966,2025-08-10 21:20:00,281.0261059150506,357.5858350922388
2025-08-10 23:25:00,322.8892447751507,2025-08-10 21:25:00,278.03525107660937,353.7801839355205
2025-08-10 23:30:00,319.0989137422807,2025-08-10 21:30:00,274.77145193358945,349.6272304640629
2025-08-10 23:35:00,315.0662798282318,2025-08-10 21:35:00,271.29900928975536,345.2087929008969
2025-08-10 23:40:00,310.86943848100736,2025-08-10 21:40:00,267.6851700040374,340.61043811579657
2025-08-10 23:45:00,306.58794809648015,2025-08-10 21:45:00,263.9984406585831,335.9193358871949
2025-08-10 23:50:00,302.3009039044923,2025-08-10 21:50:00,260.3069290099809,331.22214851622095
2025-08-10 23:55:00,298.08509371056726,2025-08-10 21:55:00,256.67675592516497,326.6030101275061
2025-08-11 00:00:00,294.01328108628957,2025-08-10 22:00:00,253.17057706152298,322.14164561172277
2025-08-11 00:05:00,290.15265698767917,2025-08-10 22:05:00,249.8462495779085,317.91167410968836
2025-08-11 00:10:00,286.5634949567114,2025-08-10 22:10:00,246.75567414815188,313.9791355564938
2025-08-11 00:15:00,283.29803854365775,2025-08-10 22:15:00,243.94383693655527,310.4012716631082
2025-08-11 00:20:00,280.3996426060844,2025-08-10 22:20:00,241.44807018290015,307.2255850631203
2025-08-11 00:25:00,277.9021824497602,2025-08-10 22:25:00,239.2975434222427,304.48919192592774
2025-08-11 00:30:00,275.8297372976099,2025-08-10 22:30:00,237.51299092461502,302.2184751430427
2025-08-11 00:35:00,274.1965466904726,2025-08-10 22:35:00,236.1066741523497,300.4290365576939
2025-08-11 00:40:00,273.0072309646332,2025-08-10 22:40:00,235.08257161008825,299.12593853552886
2025-08-11 00:45:00,272.25725981942867,2025-08-10 22:45:00,234.4367823215588,298.30421736026466
2025-08-11 00:50:00,271.9336463594227,2025-08-10 22:50:00,234.15812345923842,297.9496436751466
2025-08-11 00:55:00,272.01583815310016,2025-08-10 22:55:00,234.22889762208632,298.03969878957275
2025-08-11 01:00:00,272.47677193824904,2025-08-10 23:00:00,234.62580102706906,298.54473028854886
2025-08-11 01:05:00,273.2840545927028,2025-08-10 23:05:00,235.3209404259584,299.4292459873591
2025-08-11 01:10:00,274.4012302655597,2025-08-10 23:10:00,236.2829242136679,300.65330228972016
2025-08-11 01:15:00,275.7890919639573,2025-08-10 23:15:00,237.47799181662347,302.17394125457037
2025-08-11 01:20:00,277.4069955753634,2025-08-10 23:20:00,238.8711451783228,303.946630331383
2025-08-11 01:25:00,279.2141352688642,2025-08-10 23:25:00,240.42724698890768,305.92665977958933
2025-08-11 01:30:00,281.17074157009466,2025-08-10 23:30:00,242.11205233013087,308.07045536380195
2025-08-11 01:35:00,283.2391666301312,2025-08-10 23:35:00,243.89314318467723,310.336767450803
2025-08-11 01:40:00,285.38482603121673,2025-08-10 23:40:00,245.74073941143027,312.6877029181879
2025-08-11 01:45:00,287.57697169309125,2025-08-10 23:45:00,247.62836428391623,315.0895720049439
2025-08-11 01:50:00,289.7892769623423,2025-08-10 23:50:00,249.53334830226794,317.51352937652547
2025-08-11 01:55:00,292.00022176051993,2025-08-10 23:55:00,251.4371608386871,319.935996120239
2025-08-11 02:00:00,294.1932728758207,2025-08-11 00:00:00,253.32556538400138,322.3388572855013
2025-08-11 02:05:00,296.3568619638052,2025-08-11 00:05:00,255.18860060440113,324.7094377798782
2025-08-11 02:10:00,298.484170947606,2025-08-11 00:10:00,257.02039555266725,327.0402672384463
2025-08-11 02:15:00,300.57274139099167,2025-08-11 00:15:00,258.81883330497544,329.3286520254274
2025-08-11 02:20:00,302.62393060749577,2025-08-11 00:20:00,260.5850826243465,331.57607930906676
2025-08-11 02:25:00,304.64224253125485,2025-08-11 00:25:00,262.32302178321834,333.7874839166249
2025-08-11 02:30:00,306.6345656625371,2025-08-11 00:30:00,264.03858236938015,335.9704133738599
2025-08-11 02:35:00,308.6093533087281,2025-08-11 00:35:00,265.7390434033611,338.13412971935026
2025-08-11 02:40:00,310.5757829897371,2025-08-11 00:40:00,267.4323075146032,340.2886884898912
2025-08-11 02:45:00,312.5429319653912,2025-08-11 00:45:00,269.12619100004406,342.44403537027455
2025-08-11 02:50:00,314.5190045396919,2025-08-11 00:50:00,270.82775846700594,344.6091595734448
2025-08-11 02:55:00,316.51064399767205,2025-08-11 00:55:00,272.5427303519915,346.791339950088
2025-08-11 03:00:00,318.52235793503087,2025-08-11 01:00:00,274.27498808035705,348.9955153393304
2025-08-11 03:05:00,320.5560804309287,2025-08-11 01:05:00,276.0261970596492,351.2238048544351
2025-08-11 03:10:00,322.61088822002694,2025-08-11 01:10:00,277.7955622794599,353.47519690091076
2025-08-11 03:15:00,324.682881013273,2025-08-11 01:15:00,279.57972525738836,355.74541804753994
2025-08-11 03:20:00,326.76522861813925,2025-08-11 01:20:00,281.37280461359586,358.02698465462925
2025-08-11 03:25:00,328.8483799745421,2025-08-11 01:25:00,283.16657606860787,360.30943190847614
2025-08-11 03:30:00,330.9204216758533,2025-08-11 01:30:00,284.95078116056266,362.5797066422239
2025-08-11 03:35:00,332.96756680815486,2025-08-11 01:35:00,286.7135481776124,364.82270294255807
2025-08-11 03:40:00,334.97474865918116,2025-08-11 01:40:00,288.44190339209194,367.02191265901246
2025-08-11 03:45:00,336.9262890024073,2025-08-11 01:45:00,290.12234651026665,369.1601576230555
2025-08-11 03:50:00,338.8066069608543,2025-08-11 01:50:00,291.7414610646852,371.2203663291705
2025-08-11 03:55:00,340.60093226750666,2025-08-11 01:55:00,293.28652859239304,373.1863554331732
2025-08-11 04:00:00,342.295986344757,2025-08-11 02:00:00,294.7461151025753,375.04357599079157
2025-08-11 04:05:00,343.88059577046846,2025-08-11 02:05:00,296.11059932329573,376.7797856142634
2025-08-11 04:10:00,345.3462056214139,2025-08-11 02:10:00,297.3726147340962,378.3856109275415
2025-08-11 04:15:00,346.68726467501233,2025-08-11 02:15:00,298.5273812576311,379.8549696204296
2025-08-11 04:20:00,347.90146028596143,2025-08-11 02:20:00,299.57290750853315,381.18532779595324
2025-08-11 04:25:00,348.9897878808804,2025-08-11 02:25:00,300.5100506342436,382.37777611358194
2025-08-11 04:30:00,349.95644792530607,2025-08-11 02:30:00,301.3424275947856,383.4369168990181
2025-08-11 04:35:00,350.80857169343096,2025-08-11 02:35:00,302.07617902705744,384.37056367821936
2025-08-11 04:40:00,351.5557858032496,2025-08-11 02:40:00,302.71959427235646,385.18926405145396
2025-08-11 04:45:00,352.20963389375885,2025-08-11 02:45:00,303.2826133909935,385.9056660421345
2025-08-11 04:50:00,352.78288151778423,2025-08-11 02:50:00,303.77622861557603,386.5337564884717
2025-08-11 04:55:00,353.28873715656886,2025-08-11 02:55:00,304.2118135779552,387.08800753222715
2025-08-11 05:00:00,353.7400275188829,2025-08-11 03:00:00,304.6004131712362,387.5824730183693
2025-08-11 05:05:00,354.1483691264563,2025-08-11 03:05:00,304.9520302139957,388.0298808257629
2025-08-11 05:10:00,354.5233799780373,2025-08-11 03:10:00,305.2749466256228,388.4407691108234
2025-08-11 05:15:00,354.87197491431317,2025-08-11 03:15:00,305.57511667526006,388.8227142597259
2025-08-11 05:20:00,355.19778609640673,2025-08-11 03:20:00,305.85566796423234,389.17969592385526
2025-08-11 05:25:00,355.5007456368637,2025-08-11 03:25:00,306.1165420356362,389.5116397209382
2025-08-11 05:30:00,355.7768612813686,2025-08-11 03:30:00,306.35430121711516,389.8141714561418
2025-08-11 05:35:00,356.0182080608731,2025-08-11 03:35:00,306.5621214326284,390.07860797555827
2025-08-11 05:40:00,356.21314949603203,2025-08-11 03:40:00,306.72998267838585,390.2921995333545
2025-08-11 05:45:00,356.3467917038969,2025-08-11 03:45:00,306.8450600475438,390.43862734302934
2025-08-11 05:50:00,356.40166262804655,2025-08-11 03:50:00,306.89230860543057,390.4987477897537
2025-08-11 05:55:00,356.3585978125705,2025-08-11 03:55:00,306.85522611669114,390.45156294669437
2025-08-11 06:00:00,356.1978032455182,2025-08-11 04:00:00,306.71676824438487,390.27538510110764
2025-08-11 06:05:00,355.90005617995325,2025-08-11 04:05:00,306.460382559599,389.94915245840946
2025-08-11 06:10:00,355.44799633407183,2025-08-11 04:10:00,306.0711203751654,389.453843871909
2025-08-11 06:15:00,354.82745320498714,2025-08-11 04:15:00,305.536779676332,388.77393314121747
2025-08-11 06:20:00,354.0287507339679,2025-08-11 04:20:00,304.8490285490996,387.89881849531554
2025-08-11 06:25:00,353.04792844310344,2025-08-11 04:25:00,304.00445668331344,386.8241605558363
2025-08-11 06:30:00,351.88781864003863,2025-08-11 04:30:00,303.0055029380557,385.5530625983943
2025-08-11 06:35:00,350.55892243419487,2025-08-11 04:35:00,301.8612096665229,384.09703037761835
2025-08-11 06:40:00,349.08003311385596,2025-08-11 04:40:00,300.5877594970034,382.47665514296443
2025-08-11 06:45:00,347.4785636334765,2025-08-11 04:45:00,299.2087573274548,380.7219724568616
2025-08-11 06:50:00,345.79054542869994,2025-08-11 04:50:00,297.75522930513324,378.87246089636284
2025-08-11 06:55:00,344.0602780333391,2025-08-11 04:55:00,296.2653211168508,376.9766581488459
2025-08-11 07:00:00,342.33962252059337,2025-08-11 05:00:00,294.7836895814438,375.0913868564783
2025-08-11 07:05:00,340.68694632313577,2025-08-11 05:05:00,293.36059404963555,373.28059848683296
2025-08-11 07:10:00,339.1657415435537,2025-08-11 05:10:00,292.0507066511731,371.6138594565537
2025-08-11 07:15:00,337.84295316252957,2025-08-11 05:15:00,290.9116727391102,370.16451939856455
2025-08-11 07:20:00,336.78706687594524,2025-08-11 05:20:00,290.00246435403915,369.0076160618092
2025-08-11 07:25:00,336.0660178632311,2025-08-11 05:25:00,289.381579494811,368.2175840106575
2025-08-11 07:30:00,335.7449914862411,2025-08-11 05:30:00,289.1051483321973,367.8658449157899
2025-08-11 07:35:00,335.8841937205286,2025-08-11 05:35:00,289.22501335956144,368.01836468176964
2025-08-11 07:40:00,336.5366733141955,2025-08-11 05:40:00,289.78685408539263,368.7332672509847
2025-08-11 07:45:00,337.746278348233,2025-08-11 05:45:00,290.82842745701834,370.05859566732477
2025-08-11 07:50:00,339.545827491581,2025-08-11 05:50:00,292.3779931548287,372.03030837450405
2025-08-11 07:55:00,341.9555704134052,2025-08-11 05:55:00,294.45298787559136,374.6705923353834
2025-08-11 08:00:00,344.9820029398905,2025-08-11 06:00:00,297.05900508113103,377.98656483435593
2025-08-11 08:05:00,348.6170907336405,2025-08-11 06:05:00,300.1891265199067,381.9694228858534
2025-08-11 08:10:00,352.8379411990519,2025-08-11 06:10:00,303.8236397094826,386.59408375078067
2025-08-11 08:15:00,357.6069471290496,2025-08-11 06:15:00,307.9301616286506,391.8193423259899
2025-08-11 08:20:00,362.87240839641015,2025-08-11 06:20:00,312.46417404682273,397.58855231305336
2025-08-11 08:25:00,368.5696198854294,2025-08-11 06:25:00,317.36996032622966,403.83081823277564
2025-08-11 08:30:00,374.6223962854169,2025-08-11 06:30:00,322.5819183995096,410.46266609627236
2025-08-11 08:35:00,380.9449870778069,2025-08-11 06:35:00,328.0262097373674,417.39014159964006
2025-08-11 08:40:00,387.4443200233772,2025-08-11 06:40:00,333.62269118291846,424.51126824646667
2025-08-11 08:45:00,394.02249792846646,2025-08-11 06:45:00,339.2870648809081,431.7187829806402
2025-08-11 08:50:00,400.5794632316252,2025-08-11 06:50:00,344.9331727146759,438.90305569503704
2025-08-11 08:55:00,407.0157377129776,2025-08-11 06:55:00,350.4753554301979,445.9550910499403
2025-08-11 09:00:00,413.23514094272264,2025-08-11 07:00:00,355.8307934527093,452.76950699656174
2025-08-11 09:05:00,419.1473914021853,2025-08-11 07:05:00,360.9217466743603,459.24738474835283
2025-08-11 09:10:00,424.6704978945349,2025-08-11 07:10:00,365.6776136633417,465.2988889789121
2025-08-11 09:15:00,429.7328567535309,2025-08-11 07:15:00,370.0367375399545,470.84556567150486
2025-08-11 09:20:00,434.27498103012783,2025-08-11 07:20:00,373.9478949541453,475.82223673762064
2025-08-11 09:25:00,438.2508022345463,2025-08-11 07:25:00,377.3714169967453,480.1784262972122
2025-08-11 09:30:00,441.62850126625835,2025-08-11 07:30:00,380.27990470124365,483.8792711040748
2025-08-11 09:35:00,444.39084356360513,2025-08-11 07:35:00,382.6585176362678,486.90588775935777
2025-08-11 09:40:00,446.5350127563819,2025-08-11 07:40:00,384.50483066623434,489.25519044962755
2025-08-11 09:45:00,448.07195652828875,2025-08-11 07:45:00,385.82827068298167,490.93917422772586
2025-08-11 09:50:00,449.02527748113556,2025-08-11 07:50:00,386.6491615450044,491.98369976552317
2025-08-11 09:55:00,449.4297193951845,2025-08-11 07:55:00,386.99742061816374,492.42683479420185
2025-08-11 10:00:00,449.3293149172465,2025-08-11 08:00:00,386.91096377674074,492.31682458095486
2025-08-11 10:05:00,448.77527364570716,2025-08-11 08:05:00,386.43388686404734,491.70977796628813
2025-08-11 10:10:00,447.82369919829046,2025-08-11 08:10:00,385.6144998925493,490.66716602277216
2025-08-11 10:15:00,446.53322995246276,2025-08-11 08:15:00,384.5032955196065,489.2532370841667
2025-08-11 10:20:00,444.9627001257817,2025-08-11 08:20:00,383.15093503764416,487.53245406042004
2025-08-11 10:25:00,443.168916103446,2025-08-11 08:25:00,381.60633360201996,485.56705802561424
2025-08-11 10:30:00,441.2046369890979,2025-08-11 08:30:00,379.9149213125749,483.41485556728
2025-08-11 10:35:00,439.11683884689654,2025-08-11 08:35:00,378.1171485776284,481.12731696783675
2025-08-11 10:40:00,436.945329320208,2025-08-11 08:40:00,376.24729318220164,478.748058283316
2025-08-11 10:45:00,434.7217636724198,2025-08-11 08:45:00,374.3326130150173,476.3117632484194
2025-08-11 10:50:00,432.46909567224844,2025-08-11 08:50:00,372.39287323379284,473.84358162781064
2025-08-11 10:55:00,430.2014776513747,2025-08-11 08:55:00,370.440260206318,471.3590197122261
2025-08-11 11:00:00,427.9246045025153,2025-08-11 09:00:00,368.4796777222109,468.86431722697523
2025-08-11 11:05:00,425.636477110663,2025-08-11 09:05:00,366.50940437249955,466.3572838009436
2025-08-11 11:10:00,423.32854245798745,2025-08-11 09:10:00,364.522075277435,463.82854814577087
2025-08-11 11:15:00,420.9871513733787,2025-08-11 09:15:00,362.50593733350615,461.26315526885827
2025-08-11 11:20:00,418.59526118036854,2025-08-11 09:20:00,360.44631533889816,458.6424320142761
2025-08-11 11:25:00,416.13429989620255,2025-08-11 09:25:00,358.327217228308,455.94602961048366
2025-08-11 11:30:00,413.58610177017,2025-08-11 09:30:00,356.1330007369604,453.1540443823609
2025-08-11 11:35:00,410.9348209354497,2025-08-11 09:35:00,353.8500212184899,450.2491144828678
2025-08-11 11:40:00,408.1687309887862,2025-08-11 09:40:00,351.46818123693026,447.2183916392059
2025-08-11 11:45:00,405.28182347825714,2025-08-11 09:45:00,348.98230700137356,444.05529256852907
2025-08-11 11:50:00,402.2751271179883,2025-08-11 09:50:00,346.39328432265097,440.7609444024423
2025-08-11 11:55:00,399.15768193350647,2025-08-11 09:55:00,343.70889743578346,437.34525202921725
2025-08-11 12:00:00,395.94711778066335,2025-08-11 10:00:00,340.9443271542465,433.8275319598461
2025-08-11 12:05:00,392.66980414264566,2025-08-11 10:05:00,338.1222798580054,430.2366764561898
2025-08-11 12:10:00,389.3605571777155,2025-08-11 10:10:00,335.2727352365685,426.6108325518618
2025-08-11 12:15:00,386.0619095833721,2025-08-11 10:15:00,332.43231757959387,422.9966020640116
2025-08-11 12:20:00,382.8229685217238,2025-08-11 10:20:00,329.64331235297254,419.44779025597444
2025-08-11 12:25:00,379.6979051506102,2025-08-11 10:25:00,326.95236555595875,416.0237508612507
2025-08-11 12:30:00,376.74413619400394,2025-08-11 10:30:00,324.40891789778664,412.7873936840431
2025-08-11 12:35:00,374.0202720886345,2025-08-11 10:35:00,322.06343797645224,409.8029364442734
2025-08-11 12:40:00,371.5839172268857,2025-08-11 10:40:00,319.9655280997397,407.13349456886533
2025-08-11 12:45:00,369.48941519640897,2025-08-11 10:45:00,318.16198274371646,404.83861071755774
2025-08-11 12:50:00,367.7856353921792,2025-08-11 10:50:00,316.6948826364392,402.9718296392788
2025-08-11 12:55:00,366.51389648695306,2025-08-11 10:55:00,315.59980668844764,401.57842298021785
2025-08-11 13:00:00,365.70611756979343,2025-08-11 11:00:00,314.90423996493143,400.6933635410564
2025-08-11 13:05:00,365.3832788717791,2025-08-11 11:05:00,314.62624823893833,400.33963873970987
2025-08-11 13:10:00,365.55426171329583,2025-08-11 11:10:00,314.77347908679144,400.5269795759267
2025-08-11 13:15:00,366.2151219646031,2025-08-11 11:15:00,315.3425362755086,401.2510645835459
2025-08-11 13:20:00,367.3488335150477,2025-08-11 11:20:00,316.3187588678586,402.4932387573107
2025-08-11 13:25:00,368.9255188584207,2025-08-11 11:25:00,317.6764197760712,404.22076619841624
2025-08-11 13:30:00,370.90316369489295,2025-08-11 11:30:00,319.37934109521217,406.38761308268926
2025-08-11 13:35:00,373.2287922522021,2025-08-11 11:35:00,321.38190615523035,408.9357354252079
2025-08-11 13:40:00,375.8400607500633,2025-08-11 11:40:00,323.63043163007814,411.7968249920706
2025-08-11 13:45:00,378.6672089358083,2025-08-11 11:45:00,326.06484797677854,414.89444754020576
2025-08-11 13:50:00,381.6352943958882,2025-08-11 11:50:00,328.620623368693,418.14649088632166
2025-08-11 13:55:00,384.666622611468,2025-08-11 11:55:00,331.2308561811895,421.4678274468613
2025-08-11 14:00:00,387.6832771493728,2025-08-11 12:00:00,333.82845370241336,424.7730864932971
2025-08-11 14:05:00,390.6096502398819,2025-08-11 12:05:00,336.3483111771648,427.9794268312827
2025-08-11 14:10:00,393.3748737125085,2025-08-11 12:10:00,338.7294050504837,431.0092003050009
2025-08-11 14:15:00,395.9150543706418,2025-08-11 12:15:00,340.91671781636995,433.79240103096396
2025-08-11 14:20:00,398.1752258796582,2025-08-11 12:20:00,342.8629187603598,436.26880402401645
2025-08-11 14:25:00,400.11094104312946,2025-08-11 12:25:00,344.5297350455021,438.38970980722553
2025-08-11 14:30:00,401.6894432201546,2025-08-11 12:30:00,345.88896040285266,440.11922789916275
2025-08-11 14:35:00,402.89037317774546,2025-08-11 12:35:00,346.92306379182344,441.43505129113123
2025-08-11 14:40:00,403.7059869478042,2025-08-11 12:40:00,347.62537699366993,442.3286951466045
2025-08-11 14:45:00,404.14088059929884,2025-08-11 12:45:00,347.9998576167986,442.8051952422497
2025-08-11 14:50:00,404.2112382588082,2025-08-11 12:50:00,348.0604415781518,442.8822840463064
2025-08-11 14:55:00,403.94363950260237,2025-08-11 12:55:00,347.8300161658056,442.5890840134055
2025-08-11 15:00:00,403.3734803799847,2025-08-11 13:00:00,347.3390604050431,441.96437754660246
2025-08-11 15:05:00,402.54307822446185,2025-08-11 13:05:00,346.6240131387084,441.05453049509754
2025-08-11 15:10:00,401.49954326523937,2025-08-11 13:10:00,345.72544030269864,439.9111601419786
2025-08-11 15:15:00,400.2925094302506,2025-08-11 13:15:00,344.6860809533256,438.58864891229643
2025-08-11 15:20:00,398.9718221154912,2025-08-11 13:20:00,343.54885623898576,437.1416109303957
2025-08-11 15:25:00,397.58528205602795,2025-08-11 13:25:00,342.3549266801703,435.6224200461887
2025-08-11 15:30:00,396.17654143721285,2025-08-11 13:30:00,341.14188054130983,434.0789046665145
2025-08-11 15:35:00,394.7832415028914,2025-08-11 13:35:00,339.9421301521823,432.5523071876024
2025-08-11 15:40:00,393.43547017338517,2025-08-11 13:40:00,338.78158378510193,431.0755940527695
2025-08-11 15:45:00,392.1546040782301,2025-08-11 13:45:00,337.67864854608536,429.6721870019825
2025-08-11 15:50:00,390.9525828139414,2025-08-11 13:50:00,336.64360544872653,428.3551678975815
2025-08-11 15:55:00,389.8316443627724,2025-08-11 13:55:00,335.6783815871228,427.12698883044936
2025-08-11 16:00:00,388.78453076183706,2025-08-11 14:00:00,334.7767272345768,425.9796974655782
2025-08-11 16:05:00,387.79515276654985,2025-08-11 14:05:00,333.9247881756561,424.8956652941189
2025-08-11 16:10:00,386.8396824847949,2025-08-11 14:10:00,333.1020465576472,423.84878480028397
2025-08-11 16:15:00,385.88802442880865,2025-08-11 14:15:00,332.2825875920212,422.8060812493342
2025-08-11 16:20:00,384.905599115794,2025-08-11 14:20:00,331.43663538708404,421.7296669259545
2025-08-11 16:25:00,383.8553596986691,2025-08-11 14:25:00,330.53228943949995,420.57895069684776
2025-08-11 16:30:00,382.6999519270966,2025-08-11 14:30:00,329.5373845454434,419.313004616073
2025-08-11 16:35:00,381.4039212498918,2025-08-11 14:35:00,328.4213913045086,417.8929821817956
2025-08-11 16:40:00,379.9358684855036,2025-08-11 14:40:00,327.15727233633226,416.28448024059907
2025-08-11 16:45:00,378.27045720061307,2025-08-11 14:45:00,325.7232108052249,414.4597384127715
2025-08-11 16:50:00,376.39018181524017,2025-08-11 14:50:00,324.10413290986367,412.3995763527132
2025-08-11 16:55:00,374.28681499048054,2025-08-11 14:55:00,322.2929542079051,410.0949796088188
2025-08-11 17:00:00,371.9624660168014,2025-08-11 15:00:00,320.2914909788137,407.5482592681918
2025-08-11 17:05:00,369.43019778612506,2025-08-11 15:05:00,318.1109914895858,404.77372795468654
2025-08-11 17:10:00,366.71416818842494,2025-08-11 15:10:00,315.77225774930923,401.7978547529706
2025-08-11 17:15:00,363.8492813178291,2025-08-11 15:15:00,313.30534516779267,398.6588830453819
2025-08-11 17:20:00,360.88035425573315,2025-08-11 15:20:00,310.7488450845743,395.40591758085907
2025-08-11 17:25:00,357.8608253371575,2025-08-11 15:25:00,308.14877247579517,392.0975091606399
2025-08-11 17:30:00,354.8510488964694,2025-08-11 15:30:00,305.55709758444374,388.79978624164664
2025-08-11 17:35:00,351.9162390185382,2025-08-11 15:35:00,303.0299753142642,385.5842019655172
2025-08-11 17:40:00,349.1241395628703,2025-08-11 15:40:00,300.6257389212928,382.52498127304625
2025-08-11 17:45:00,346.5425097749206,2025-08-11 15:45:00,298.40273491018274,379.69636596295663
2025-08-11 17:50:00,344.2365229452509,2025-08-11 15:50:00,296.4170830572911,377.16976447977146
2025-08-11 17:55:00,342.2661801464947,2025-08-11 15:55:00,294.720449417045,375.01091822199226
2025-08-11 18:00:00,340.68384141001906,2025-08-11 16:00:00,293.3579204539307,373.2771965254753
2025-08-11 18:05:00,339.53197308165375,2025-08-11 16:05:00,292.366063323145,372.01512850781074
2025-08-11 18:10:00,338.841202559896,2025-08-11 16:10:00,291.77125083384396,371.2582717025775
2025-08-11 18:15:00,338.62876048830736,2025-08-11 16:15:00,291.58832004358334,371.0255052156832
2025-08-11 18:20:00,338.89737621296246,2025-08-11 16:20:00,291.8196211527287,371.31981951079894
2025-08-11 18:25:00,339.63467548482913,2025-08-11 16:25:00,292.4544988747005,372.1276564896929
2025-08-11 18:30:00,340.813110677371,2025-08-11 16:30:00,293.4692323473625,373.4188330337239
2025-08-11 18:35:00,342.3904338278818,2025-08-11 16:35:00,294.82744246206175,375.1470593012233
2025-08-11 18:40:00,344.3107026118541,2025-08-11 16:40:00,296.4809580935846,377.25104094382164
2025-08-11 18:45:00,346.50578937513296,2025-08-11 16:45:00,298.371115505883,379.65613250829296
2025-08-11 18:50:00,348.89734464795924,2025-08-11 16:50:00,300.4304491055725,382.2764888007475
2025-08-11 18:55:00,351.3991496520099,2025-08-11 16:55:00,302.5847171516647,385.01764245893196
2025-08-11 19:00:00,353.9197779184908,2025-08-11 17:00:00,304.7551936363486,387.77942020835707
2025-08-11 19:05:00,356.36547468253366,2025-08-11 17:05:00,306.86114768979326,390.4590977294715
2025-08-11 19:10:00,358.64315482478474,2025-08-11 17:10:00,308.8224250642192,392.9546844134845
2025-08-11 19:15:00,360.6634157129082,2025-08-11 17:15:00,310.5620424480711,395.168224443583
2025-08-11 19:20:00,362.3434608341445,2025-08-11 17:20:00,312.00870496365985,397.0090001325498
2025-08-11 19:25:00,363.6098334029487,2025-08-11 17:25:00,313.099160037099,398.396527055704
2025-08-11 19:30:00,364.40086592539484,2025-08-11 17:30:00,313.7803066827274,399.26323796608085
2025-08-11 19:35:00,364.6687619780362,2025-08-11 17:35:00,314.0109880927274,399.5567637378824
2025-08-11 19:40:00,364.38123948569057,2025-08-11 17:40:00,313.7634066398204,399.2417338572852
2025-08-11 19:45:00,363.5226802886429,2025-08-11 17:45:00,313.0241137529312,398.3010359691825
2025-08-11 19:50:00,362.09474803762237,2025-08-11 17:50:00,311.794541977602,396.73649288641343
2025-08-11 19:55:00,360.1164548201826,2025-08-11 17:55:00,310.09106234700283,394.56893559031454
2025-08-11 20:00:00,357.6236757815521,2025-08-11 18:00:00,307.94456642897757,391.83767141515926
2025-08-11 20:05:00,354.668129602097,2025-08-11 18:05:00,305.3995884299564,388.5993669875043
2025-08-11 20:10:00,351.31586043255277,2025-08-11 18:10:00,302.512998011376,384.9263849275766
2025-08-11 20:15:00,347.64527311049284,2025-08-11 18:15:00,299.35230844304357,380.9046310941405
2025-08-11 20:20:00,343.7447876499475,2025-08-11 18:20:00,295.99365691812653,376.6309846782294
2025-08-11 20:25:00,339.71019079715376,2025-08-11 18:25:00,292.5195240161757,372.2103963812082
2025-08-11 20:30:00,335.64177114059345,2025-08-11 18:30:00,289.0162667878822,367.7527494396785
2025-08-11 20:35:00,331.6413303331919,2025-08-11 18:35:00,285.57154516181026,363.3695849101469
2025-08-11 20:40:00,327.80916518419195,2025-08-11 18:40:00,282.27172326742914,359.1707950364595
2025-08-11 20:45:00,324.2411151684605,2025-08-11 18:45:00,279.19932708814906,355.2613882931793
2025-08-11 20:50:00,321.0257658386908,2025-08-11 18:50:00,276.430636360082,351.73842524715093
2025-08-11 20:55:00,318.2418922165832,2025-08-11 18:55:00,274.0334831132242,348.6882173569243
2025-08-11 21:00:00,315.95621694877224,2025-08-11 19:00:00,272.0653212520016,346.1838706505912
2025-08-11 21:05:00,314.2215466471546,2025-08-11 19:05:00,270.571621784925,344.2832437690698
2025-08-11 21:10:00,313.07533671245847,2025-08-11 19:10:00,269.5846370149564,343.0273754857893
2025-08-11 21:15:00,312.5387204628261,2025-08-11 19:15:00,269.122564536196,342.43942095162726
2025-08-11 21:20:00,312.61602339275044,2025-08-11 19:20:00,269.1891289692896,342.52411948281065
2025-08-11 21:25:00,313.2947678776737,2025-08-11 19:25:00,269.77358601249,343.2677997156056
2025-08-11 21:30:00,314.5461587070969,2025-08-11 19:30:00,270.85114052718416,344.6389115905671
2025-08-11 21:35:00,316.3260254569951,2025-08-11 19:35:00,272.38375800112783,346.58905888208875
2025-08-11 21:40:00,318.57618463539393,2025-08-11 19:40:00,274.32133747226845,349.0544916609739
2025-08-11 21:45:00,321.22617302046655,2025-08-11 19:45:00,276.60320408107066,351.95800546166066
2025-08-11 21:50:00,324.1952939323959,2025-08-11 19:50:00,279.15987108557226,355.2111833217056
2025-08-11 21:55:00,327.3949106450938,2025-08-11 19:55:00,281.91501468499246,358.7169086050909
2025-08-11 22:00:00,330.73091584100035,2025-08-11 20:00:00,284.78760043148475,362.3720707107211
2025-08-11 22:05:00,334.10630295969486,2025-08-11 20:05:00,287.6940973811757,366.070382422952
2025-08-11 22:10:00,337.4237648016474,2025-08-11 20:10:00,290.5507157142101,369.7052271247702
2025-08-11 22:15:00,340.5882460306945,2025-08-11 20:15:00,293.27560465765583,373.1724554991696
2025-08-11 22:20:00,343.5093801594563,2025-08-11 20:20:00,295.790950938342,376.37305566190753
2025-08-11 22:25:00,346.10374686871216,2025-08-11 20:25:00,298.0249225278728,379.21562643949994
2025-08-11 22:30:00,348.2968928740442,2025-08-11 20:30:00,299.91340878161833,381.61859157295964
2025-08-11 22:35:00,350.0250679171898,2025-08-11 20:35:00,301.4015152757195,383.51210179211415
2025-08-11 22:40:00,351.2366370694481,2025-08-11 20:40:00,302.4447799210916,384.8395822346263
2025-08-11 22:45:00,351.8931408126476,2025-08-11 20:45:00,303.0100857837886,385.55889394531897
2025-08-11 22:50:00,351.9699849356123,2025-08-11 20:50:00,303.0762551448558,385.64308977530317
2025-08-11 22:55:00,351.45675310543373,2025-08-11 20:55:00,302.63431865092406,385.080756857065
2025-08-11 23:00:00,350.3571454058615,2025-08-11 21:00:00,301.6874623905081,383.8759492628
2025-08-11 23:05:00,348.68855613737077,2025-08-11 21:05:00,300.25066434376106,382.04772541244984
2025-08-11 23:10:00,346.48131346589804,2025-08-11 21:10:00,298.35003965501596,379.6293149793376
2025-08-11 23:15:00,343.7776117196727,2025-08-11 21:15:00,296.02192124905446,376.66694903942386
2025-08-11 23:20:00,340.63017431966597,2025-08-11 21:20:00,293.31170849988666,373.21839508379327
2025-08-11 23:25:00,337.1006911994164,2025-08-11 21:25:00,290.27252171559905,369.35124494582965
2025-08-11 23:30:00,333.25807898288025,2025-08-11 21:30:00,286.963704002706,365.1410085296067
2025-08-11 23:35:00,329.1766154254362,2025-08-11 21:35:00,283.4492148603246,360.6690697721415
2025-08-11 23:40:00,324.93400097567496,2025-08-11 21:40:00,279.7959610191134,356.0205627540485
2025-08-11 23:45:00,320.6094007829574,2025-08-11 21:45:00,276.0721104423452,351.2822263852028
2025-08-11 23:50:00,316.28151897352416,2025-08-11 21:50:00,272.345434112963,346.54029444609876
2025-08-11 23:55:00,312.0267547713449,2025-08-11 21:55:00,268.6817182959544,341.87847530406617
2025-08-12 00:00:00,307.9174860639266,2025-08-11 22:00:00,265.14328654173505,337.37607126715477
2025-08-12 00:05:00,304.0205214010135,2025-08-11 22:05:00,261.78766672465434,333.10628248494965
2025-08-12 00:10:00,300.39575557226124,2025-08-11 22:10:00,258.66643338040694,329.1347339048408
2025-08-12 00:15:00,297.0950573871967,2025-08-11 22:15:00,255.82424998946868,325.5182566454606
2025-08-12 00:20:00,294.1614113354848,2025-08-11 22:20:00,253.29812987318667,322.30394753925583
2025-08-12 00:25:00,291.6283270935248,2025-08-11 22:25:00,251.11692772846365,319.5285221463511
2025-08-12 00:30:00,289.51952333198005,2025-08-11 22:30:00,249.30106735900264,317.2179683118227
2025-08-12 00:35:00,287.8488844574452,2025-08-11 22:35:00,247.86250442618305,315.38749876882395
2025-08-12 00:40:00,286.62068143969134,2025-08-11 22:40:00,246.80491660020255,314.041793092459
2025-08-12 00:45:00,285.83004070681875,2025-08-11 22:45:00,246.1241073189002,313.175511454316
2025-08-12 00:50:00,285.4636384968636,2025-08-11 22:50:00,245.80860368386632,312.7740554029613
2025-08-12 00:55:00,285.50059226194423,2025-08-11 22:55:00,245.8404240356392,312.814544549066
2025-08-12 01:00:00,285.9135156471673,2025-08-11 23:00:00,246.195986380758,313.2669724745524
2025-08-12 01:05:00,286.6696997901381,2025-08-11 23:05:00,246.84712559165817,314.09550104748655
2025-08-12 01:10:00,287.7323807363348,2025-08-11 23:10:00,247.76218475968923,315.2598490915722
2025-08-12 01:15:00,289.06205131028935,2025-08-11 23:15:00,248.90714482838422,316.71672976455613
2025-08-12 01:20:00,290.6177754061514,2025-08-11 23:20:00,250.24675631002447,318.42129058747935
2025-08-12 01:25:00,292.35846368378424,2025-08-11 23:25:00,251.74563776906712,320.3285111871131
2025-08-12 01:30:00,294.24407186415186,2025-08-11 23:30:00,253.36930765694368,322.3945162327297
2025-08-12 01:35:00,296.2366862860837,2025-08-11 23:35:00,255.08511906926398,324.57776484850353
2025-08-12 01:40:00,298.3014659238607,2025-08-11 23:40:00,256.86307090351283,326.84008275428494
2025-08-12 01:45:00,300.40741554209694,2025-08-11 23:45:00,258.676473611518,329.14750938850864
2025-08-12 01:50:00,302.52797099616816,2025-08-11 23:50:00,260.5024531931703,331.47093920454114
2025-08-12 01:55:00,304.6413845940168,2025-08-11 23:55:00,262.32228302589135,333.78654390019886
2025-08-12 02:00:00,306.7309055970338,2025-08-12 00:00:00,264.1215392913276,336.0759701872196
2025-08-12 02:05:00,308.78475839316263,2025-08-12 00:05:00,265.89008218052703,338.3263158761784
2025-08-12 02:10:00,310.7959281038359,2025-08-12 00:10:00,267.6218712831777,340.52989497235734
2025-08-12 02:15:00,312.76177010447674,2025-08-12 00:15:00,269.31462935136835,342.6838098389216
2025-08-12 02:20:00,314.68346630023143,2025-08-12 00:20:00,270.96937410649855,344.78935545434064
2025-08-12 02:25:00,316.565356146998,2025-08-12 00:25:00,272.58984219117764,346.85128643193974
2025-08-12 02:30:00,318.41417473669196,2025-08-12 00:30:00,274.1818330954848,348.8769822124877
2025-08-12 02:35:00,320.23823315765856,2025-08-12 00:35:00,275.75250337719405,350.8755490093721
2025-08-12 02:40:00,322.04657801978954,2025-08-12 00:40:00,277.30964294102745,352.8568989251584
2025-08-12 02:45:00,323.84816709070515,2025-08-12 00:45:00,278.86096519091444,354.83084672056606
2025-08-12 02:50:00,325.6510966813659,2025-08-12 00:50:00,280.41344174293425,356.8062632837623
2025-08-12 02:55:00,327.46191367126636,2025-08-12 00:55:00,281.97271002017703,358.7903218367397
2025-08-12 03:00:00,329.2850409130956,2025-08-12 01:00:00,283.54257847702075,360.78786836821786
2025-08-12 03:05:00,331.12233945550065,2025-08-12 01:05:00,285.1246496354949,362.80094197408897
2025-08-12 03:10:00,332.9728247681059,2025-08-12 01:10:00,286.71807573075574,364.828463933575
2025-08-12 03:15:00,334.8325470897108,2025-08-12 01:15:00,288.3194556806523,366.86610661029073
2025-08-12 03:20:00,336.6946385901089,2025-08-12 01:20:00,289.92287569608624,368.90634512605294
2025-08-12 03:25:00,338.5495223913517,2025-08-12 01:25:00,291.5200892661932,370.9386863792887
2025-08-12 03:30:00,340.3852711268644,2025-08-12 01:30:00,293.10082590840403,372.95006190764155
2025-08-12 03:35:00,342.1880957286791,2025-08-12 01:35:00,294.6532120560495,374.9253634376682
2025-08-12 03:40:00,343.9429391518865,2025-08-12 01:40:00,296.164282305885,376.8480934111384
2025-08-12 03:45:00,345.6341446037118,2025-08-12 01:45:00,297.6205548204676,378.701097143846
2025-08-12 03:50:00,347.24616436290427,2025-08-12 01:50:00,299.0086416822633,380.46733945802396
2025-08-12 03:55:00,348.7642729984175,2025-08-12 01:55:00,300.31586303592104,382.1306861349316
2025-08-12 04:00:00,350.1752483759045,2025-08-12 02:00:00,301.53083349309964,383.6766500735058
2025-08-12 04:05:00,351.4679850281373,2025-08-12 02:05:00,302.64399029685063,385.09306334216575
2025-08-12 04:10:00,352.63400744518316,2025-08-12 02:10:00,303.64803530835314,386.3706395756593
2025-08-12 04:15:00,353.66785514088855,2025-08-12 02:15:00,304.53826658208476,387.5033958810069
2025-08-12 04:20:00,354.5673174364384,2025-08-12 02:20:00,305.31278053454326,388.4889100828945
2025-08-12 04:25:00,355.3335028329601,2025-08-12 02:25:00,305.97253167999094,389.3283967331821
2025-08-12 04:30:00,355.97073583968836,2025-08-12 02:30:00,306.5212437906819,390.0265940685783
2025-08-12 04:35:00,356.486282608361,2025-08-12 02:35:00,306.96517364461516,390.5914633963733
2025-08-12 04:40:00,356.88991531013744,2025-08-12 02:40:00,307.3127359168094,391.0337117951278
2025-08-12 04:45:00,357.19333364415587,2025-08-12 02:45:00,307.57400504870265,391.3661582787299
2025-08-12 04:50:00,357.40946957715863,2025-08-12 02:50:00,307.7601165695151,391.60297202019115
2025-08-12 04:55:00,357.55170815118356,2025-08-12 02:55:00,307.88259614504057,391.7588186137075
2025-08-12 05:00:00,357.6330626068511,2025-08-12 03:00:00,307.95264928825844,391.8479562816719
2025-08-12 05:05:00,357.6653457585119,2025-08-12 03:05:00,307.9804478424772,391.88332797496105
2025-08-12 05:10:00,357.65838144946565,2025-08-12 03:10:00,307.9744509768473,391.87569738776983
2025-08-12 05:15:00,357.6192996985665,2025-08-12 03:15:00,307.94079824731364,391.8328766706188
2025-08-12 05:20:00,357.55195694376357,2025-08-12 03:20:00,307.88281037672704,391.75909120837
2025-08-12 05:25:00,357.45651844321384,2025-08-12 03:25:00,307.8006296664925,391.65452206949226
2025-08-12 05:30:00,357.3292337069175,2025-08-12 03:30:00,307.69102662400337,391.5150599531543
2025-08-12 05:35:00,357.162427889033,2025-08-12 03:35:00,307.5473925506887,391.3322957580391
2025-08-12 05:40:00,356.94472274807833,2025-08-12 03:40:00,307.35992980764144,391.09376268189317
2025-08-12 05:45:00,356.66149046043677,2025-08-12 03:45:00,307.11604258785417,390.78343345154644
2025-08-12 05:50:00,356.2955325905576,2025-08-12 03:50:00,306.8009215676227,390.3824642504551
2025-08-12 05:55:00,355.82796557900235,2025-08-12 03:55:00,306.39830638747503,389.870164921732
2025-08-12 06:00:00,355.2392832795675,2025-08-12 04:00:00,305.89140058749484,389.22516315860827
2025-08-12 06:05:00,354.51055751624665,2025-08-12 04:05:00,305.26390538953,388.4267199191448
2025-08-12 06:10:00,353.6247289382773,2025-08-12 04:10:00,304.5011312337725,387.4561437778814
2025-08-12 06:15:00,352.5679340554068,2025-08-12 04:15:00,303.591140469602,386.298244919081
2025-08-12 06:20:00,351.33080957237513,2025-08-12 04:20:00,302.52587049911335,384.9427642573982
2025-08-12 06:25:00,349.9097132175585,2025-08-12 04:25:00,301.30218501497575,383.3857110636716
2025-08-12 06:30:00,348.30780060453964,2025-08-12 04:30:00,299.922801270331,381.6305428502581
2025-08-12 06:35:00,346.5359009373448,2025-08-12 04:35:00,298.3970441358865,379.6891248553292
2025-08-12 06:40:00,344.6131400351302,2025-08-12 04:40:00,296.7413825774478,377.5824126725707
2025-08-12 06:45:00,342.5672674894244,2025-08-12 04:45:00,294.9797113662801,375.340810707685
2025-08-12 06:50:00,340.4346551429895,2025-08-12 04:50:00,293.143349769278,373.0041705117247
2025-08-12 06:55:00,338.2599463449269,2025-08-12 04:55:00,291.2707395276179,370.6214064802979
2025-08-12 07:00:00,336.09534904925914,2025-08-12 05:00:00,289.40683615418766,368.24972132261803
2025-08-12 07:05:00,333.9995802927825,2025-08-12 05:05:00,287.6022000387566,365.9534495571434
2025-08-12 07:10:00,332.03648413404994,2025-08-12 05:10:00,285.91180637525497,363.80254322824675
2025-08-12 07:15:00,330.27335951163485,2025-08-12 05:15:00,284.3936053047489,361.87073979003185
2025-08-12 07:20:00,328.7790477259434,2025-08-12 05:20:00,283.10687507373495,360.2334666167892
2025-08-12 07:25:00,327.6218408440661,2025-08-12 05:25:00,282.1104209918581,358.9655493041296
2025-08-12 07:30:00,326.86728203378675,2025-08-12 05:30:00,281.46068133139283,358.13880156009526
2025-08-12 07:35:00,326.57593564134817,2025-08-12 05:35:00,281.2098071735114,357.8195819454015
2025-08-12 07:40:00,326.8012089760632,2025-08-12 05:40:00,281.40378677856756,358.0664072673374
2025-08-12 07:45:00,327.58730851470705,2025-08-12 05:45:00,282.0806857033065,358.9277132534402
2025-08-12 07:50:00,328.9674107929584,2025-08-12 05:50:00,283.2690717819825,360.43985045141216
2025-08-12 07:55:00,330.9621224569656,2025-08-12 05:55:00,284.9866890990718,362.6253969532234
2025-08-12 08:00:00,333.5782950489005,2025-08-12 06:00:00,287.2394374182823,365.4918597907401
2025-08-12 08:05:00,336.8082483410088,2025-08-12 06:05:00,290.02070340675584,369.0308239658427
2025-08-12 08:10:00,340.62944186419867,2025-08-12 06:10:00,293.3110777930946,373.2175925540276
2025-08-12 08:15:00,345.00461822319653,2025-08-12 06:15:00,297.07847877396506,378.0113437305788
2025-08-12 08:20:00,349.8824244017809,2025-08-12 06:20:00,301.27868701103455,383.3558115163147
2025-08-12 08:25:00,355.198499363175,2025-08-12 06:25:00,305.85628214791365,389.18047742913166
2025-08-12 08:30:00,360.87699848864963,2025-08-12 06:30:00,310.7459554821527,395.4022407662384
2025-08-12 08:35:00,366.83250821327226,2025-08-12 06:35:00,315.874158630349,401.9275164138493
2025-08-12 08:40:00,372.9722891860685,2025-08-12 06:40:00,321.1610350808654,408.6546926113478
2025-08-12 08:45:00,379.19877266794447,2025-08-12 06:45:00,326.52256980591727,415.4768661805651
2025-08-12 08:50:00,385.41222482468396,2025-08-12 06:50:00,331.87288344567503,422.2847617127207
2025-08-12 08:55:00,391.51348604929564,2025-08-12 06:55:00,337.12659109905377,428.9697329628002
2025-08-12 09:00:00,397.40668914192366,2025-08-12 07:00:00,342.2011429090569,435.42674107879117
2025-08-12 09:05:00,403.0018600673064,2025-08-12 07:05:00,347.0190635373474,441.5572041746152
2025-08-12 09:10:00,408.217309088765,2025-08-12 07:10:00,351.5100111350857,447.2716172248326
2025-08-12 09:15:00,412.98172761164193,2025-08-12 07:15:00,355.61258290443834,452.4918495139043
2025-08-12 09:20:00,417.23591712583215,2025-08-12 07:20:00,359.2758038659449,457.15303898732526
2025-08-12 09:25:00,420.93409061001233,2025-08-12 07:25:00,362.46024747884667,461.2050181617007
2025-08-12 09:30:00,424.0447031744125,2025-08-12 07:30:00,365.138750895544,464.6132242354334
2025-08-12 09:35:00,426.55078694214325,2025-08-12 07:35:00,367.2967033230559,467.35906600827724
2025-08-12 09:40:00,428.449784404928,2025-08-12 07:40:00,368.93190252805533,469.4397412941478
2025-08-12 09:45:00,429.7528940303397,2025-08-12 07:45:00,370.05399134874057,470.86751992234997
2025-08-12 09:50:00,430.4839608470994,2025-08-12 07:50:00,370.68350239390753,471.668528184742
2025-08-12 09:55:00,430.677962456058,2025-08-12 07:55:00,370.8505543689389,471.88109000280116
2025-08-12 10:00:00,430.37915647230733,2025-08-12 08:00:00,370.5932568650435,471.55369713480405
2025-08-12 10:05:00,429.63896836018296,2025-08-12 08:05:00,369.9558916045755,470.7426949391856
2025-08-12 10:10:00,428.51370829204745,2025-08-12 08:10:00,368.9869464612078,469.50978080431713
2025-08-12 10:15:00,427.0622116319188,2025-08-12 08:15:00,367.73708371456615,467.9194188962898
2025-08-12 10:20:00,425.34349982380763,2025-08-12 08:20:00,366.2571258750621,466.0362772635323
2025-08-12 10:25:00,423.4145565178992,2025-08-12 08:25:00,364.59614073836525,463.92279120412303
2025-08-12 10:30:00,421.3283078981097,2025-08-12 08:30:00,362.7997022747201,461.63695037050115
2025-08-12 10:35:00,419.13188676958123,2025-08-12 08:35:00,360.9083958598359,459.2303967815398
2025-08-12 10:40:00,416.86524697487135,2025-08-12 08:40:00,358.95662516873944,456.74690667939524
2025-08-12 10:45:00,414.56017927466763,2025-08-12 08:45:00,356.9717647649158,454.2213122591482
2025-08-12 10:50:00,412.2397620841499,2025-08-12 08:50:00,354.9736871373462,451.6788998569012
2025-08-12 10:55:00,409.918261359332,2025-08-12 08:55:00,352.97467649408753,449.1353002582077
2025-08-12 11:00:00,407.6014744809572,2025-08-12 09:00:00,350.979724875713,446.59686548147306
2025-08-12 11:05:00,405.28749354355296,2025-08-12 09:05:00,348.98718941245926,444.0615050911688
2025-08-12 11:10:00,402.9678453428901,2025-08-12 09:10:00,346.98977395091356,441.51993524833404
2025-08-12 11:15:00,400.6289490215554,2025-08-12 09:15:00,344.97578421149905,438.95727580966457
2025-08-12 11:20:00,398.2538186159705,2025-08-12 09:20:00,342.930593827049,436.3549157578647
2025-08-12 11:25:00,395.82392717832704,2025-08-12 09:25:00,340.8382495111999,433.69255566485054
2025-08-12 11:30:00,393.32114221975877,2025-08-12 09:30:00,338.6831376404689,430.95032829952
2025-08-12 11:35:00,390.7296393149948,2025-08-12 09:35:00,336.45163203149895,428.1108953077049
2025-08-12 11:40:00,388.03770162219286,2025-08-12 09:40:00,334.13364348151805,425.16141889276383
2025-08-12 11:45:00,385.23931832049317,2025-08-12 09:45:00,331.7239961597608,422.09531317627636
2025-08-12 11:50:00,382.33550379458734,2025-08-12 09:50:00,329.22356353819004,418.9136895895106
2025-08-12 11:55:00,379.3352717684027,2025-08-12 09:55:00,326.6401072039005,415.62642420285465
2025-08-12 12:00:00,376.2562137944411,2025-08-12 10:00:00,323.988774987908,412.2527915594545
2025-08-12 12:05:00,373.1246490675841,2025-08-12 10:05:00,321.29222996764673,408.8216288217642
2025-08-12 12:10:00,369.9753314667435,2025-08-12 10:10:00,318.5803982047788,405.37101478575744
2025-08-12 12:15:00,366.85071945925597,2025-08-12 10:15:00,315.8898400704447,401.94746993679274
2025-08-12 12:20:00,363.7998340474996,2025-08-12 10:20:00,313.26276683963965,398.60470513554026
2025-08-12 12:25:00,360.8767483294873,2025-08-12 10:25:00,310.745740073722,395.4019666742521
2025-08-12 12:30:00,358.1387691561993,2025-08-12 10:30:00,308.3881058718836,392.4020439725468
2025-08-12 12:35:00,355.64438531592526,2025-08-12 10:35:00,306.2402280824113,389.66902146375287
2025-08-12 12:40:00,353.4510678550094,2025-08-12 10:40:00,304.35159419074637,387.26586847148724
2025-08-12 12:45:00,351.61301542435535,2025-08-12 10:45:00,302.76887387002233,385.2519688525862
2025-08-12 12:50:00,350.1789409545167,2025-08-12 10:50:00,301.5340131190493,383.6806959225446
2025-08-12 12:55:00,349.18999526205283,2025-08-12 10:55:00,300.6824463098272,382.59713741248726
2025-08-12 13:00:00,348.6779182920342,2025-08-12 11:00:00,300.24150424924903,382.03606984032797
2025-08-12 13:05:00,348.6634999692293,2025-08-12 11:05:00,300.22908884035564,382.0202721109936
2025-08-12 13:10:00,349.155420288818,2025-08-12 11:10:00,300.65267430125186,382.559254638166
2025-08-12 13:15:00,350.1495229184922,2025-08-12 11:15:00,301.5086816743989,383.6484634516148
2025-08-12 13:20:00,351.62855883480984,2025-08-12 11:20:00,302.782258075592,385.2689993071416
2025-08-12 13:25:00,353.5624170622038,2025-08-12 11:25:00,304.44747537997904,387.3878705004793
2025-08-12 13:30:00,355.90883946281645,2025-08-12 11:30:00,306.4679457172317,389.9587760413475
2025-08-12 13:35:00,358.6145962325671,2025-08-12 11:35:00,308.79783367418037,392.92339360968356
2025-08-12 13:40:00,361.61707957466604,2025-08-12 11:40:00,311.38322858398953,396.2131256965197
2025-08-12 13:45:00,364.8462554198119,2025-08-12 11:45:00,314.1638251241464,399.75123804600776
2025-08-12 13:50:00,368.22689797774467,2025-08-12 11:50:00,317.0748474564314,403.4553079873852
2025-08-12 13:55:00,371.68101998468876,2025-08-12 11:55:00,320.0491418777855,407.23988718513266
2025-08-12 14:00:00,375.1304031505788,2025-08-12 12:00:00,323.019355751758,411.01927417506613
2025-08-12 14:05:00,378.49912895003246,2025-08-12 12:05:00,325.9201167359511,414.71028727706334
2025-08-12 14:10:00,381.7160098234892,2025-08-12 12:10:00,328.69012625410005,418.2349283901567
2025-08-12 14:15:00,384.7168248050252,2025-08-12 12:15:00,331.2740845627976,421.52283250372847
2025-08-12 14:20:00,387.4462716640719,2025-08-12 12:20:00,333.62437171244784,424.5134066013829
2025-08-12 14:25:00,389.8595594489584,2025-08-12 12:25:00,335.7024188634401,427.1575745637473
2025-08-12 14:30:00,391.9235801928563,2025-08-12 12:30:00,337.4797172251635,429.4190609719781
2025-08-12 14:35:00,393.6176160345659,2025-08-12 12:35:00,338.9384269474724,431.27516587906706
2025-08-12 14:40:00,394.9335573779133,2025-08-12 12:40:00,340.0715649745828,432.71700384063183
2025-08-12 14:45:00,395.87562795001566,2025-08-12 12:45:00,340.8827682967274,433.74920266939955
2025-08-12 14:50:00,396.45963313267237,2025-08-12 12:50:00,341.3856466992059,434.3890798541707
2025-08-12 14:55:00,396.7117676536459,2025-08-12 12:55:00,341.6027560826193,434.6653361824625
2025-08-12 15:00:00,396.6670369314887,2025-08-12 13:00:00,341.56423910577024,434.61632605478434
2025-08-12 15:05:00,396.36736220084407,2025-08-12 13:05:00,341.30619353650974,434.28798132654134
2025-08-12 15:10:00,395.8594524441153,2025-08-12 13:10:00,340.8688398029263,433.73147964658205
2025-08-12 15:15:00,395.1925355282963,2025-08-12 13:15:00,340.2945673081391,433.0007585310105
2025-08-12 15:20:00,394.4160463132021,2025-08-12 13:20:00,339.625943693787,432.14998229183516
2025-08-12 15:25:00,393.57737084162403,2025-08-12 13:25:00,338.90377239485014,431.23107041292224
2025-08-12 15:30:00,392.7197428050938,2025-08-12 13:30:00,338.16528131679314,430.2913927698245
2025-08-12 15:35:00,391.88038149884903,2025-08-12 13:35:00,337.4425194555603,429.3717294421766
2025-08-12 15:40:00,391.0889497660081,2025-08-12 13:40:00,336.7610290556442,428.5045811287918
2025-08-12 15:45:00,390.36639641192716,2025-08-12 13:45:00,336.138848829858,427.7129008153518
2025-08-12 15:50:00,389.7242307826735,2025-08-12 13:50:00,335.58588930936776,427.0092989515219
2025-08-12 15:55:00,389.1642585656748,2025-08-12 13:55:00,335.1037053454591,426.3957539755456
2025-08-12 16:00:00,388.6787877955995,2025-08-12 14:00:00,334.68567349821615,425.86383802878754
2025-08-12 16:05:00,388.2512938895557,2025-08-12 14:05:00,334.31756468869736,425.39544561510775
2025-08-12 16:10:00,387.8575126327622,2025-08-12 14:10:00,333.978485353063,424.96399115289495
2025-08-12 16:15:00,387.4669115960438,2025-08-12 14:15:00,333.6421444588644,424.5360211636441
2025-08-12 16:20:00,387.04447409483834,2025-08-12 14:20:00,333.2783896463012,424.0731689030127
2025-08-12 16:25:00,386.552716184749,2025-08-12 14:25:00,332.8549440338721,423.53436432311935
2025-08-12 16:30:00,385.95384698245704,2025-08-12 14:30:00,332.3392664394163,422.878201072195
2025-08-12 16:35:00,385.2119761296413,2025-08-12 14:35:00,331.70045219531636,422.0653551474312
2025-08-12 16:40:00,384.29526982315537,2025-08-12 14:40:00,330.91108967484956,421.0609471933995
2025-08-12 16:45:00,383.17795855668754,2025-08-12 14:45:00,329.94898912944603,419.8367423251343
2025-08-12 16:50:00,381.8421055854776,2025-08-12 14:50:00,328.79870548803694,418.373087782554
2025-08-12 16:55:00,380.2790546617278,2025-08-12 14:55:00,327.45278498104415,416.66049917128
2025-08-12 17:00:00,378.49048878844826,2025-08-12 15:00:00,325.9126768179784,414.7008205078725
2025-08-12 17:05:00,376.4890475466104,2025-08-12 15:05:00,324.1892647589085,412.50790060691196
2025-08-12 17:10:00,374.2984688304458,2025-08-12 15:10:00,322.3029891606735,410.1077483761692
2025-08-12 17:15:00,371.95324040997815,2025-08-12 15:15:00,320.2835469424268,407.5381510439891
2025-08-12 17:20:00,369.4977670561818,2025-08-12 15:20:00,318.1691744091759,404.8477616029912
2025-08-12 17:25:00,366.9850791489713,2025-08-12 15:25:00,316.00553525283016,402.0946838700846
2025-08-12 17:30:00,364.47512776352886,2025-08-12 15:30:00,313.84425247573574,399.34460446304405
2025-08-12 17:35:00,362.0327287481042,2025-08-12 15:35:00,311.74113806585274,396.6685401874359
2025-08-12 17:40:00,359.7252330900853,2025-08-12 15:40:00,309.7541869827275,394.1402855257087
2025-08-12 17:45:00,357.6200128333542,2025-08-12 15:45:00,307.94141231734835,391.833658031288
2025-08-12 17:50:00,355.7818600745237,2025-08-12 15:50:00,306.358605605485,389.81964848577496
2025-08-12 17:55:00,354.27040100248485,2025-08-12 15:55:00,305.05711009460487,388.16358753865586
2025-08-12 18:00:00,353.1376273953198,2025-08-12 16:00:00,304.0816951516252,386.92244104156754
2025-08-12 18:05:00,352.4256442729925,2025-08-12 16:05:00,303.4686167992743,386.14234221804884
2025-08-12 18:10:00,352.1647249338687,2025-08-12 16:10:00,303.2439429362147,385.85646062465037
2025-08-12 18:15:00,352.3717534382255,2025-08-12 16:15:00,303.4222121821567,386.08329562623817
2025-08-12 18:20:00,353.04912035198623,2025-08-12 16:20:00,304.0054830187856,386.8254664951037
2025-08-12 18:25:00,354.18412072981994,2025-08-12 16:25:00,304.9828154017294,388.0690527988733
2025-08-12 18:30:00,355.74888460375894,2025-08-12 16:30:00,306.3302109053152,389.78351823894485
2025-08-12 18:35:00,357.7008502808853,2025-08-12 16:35:00,308.0110202723496,391.92222922874714
2025-08-12 18:40:00,359.98377059027536,2025-08-12 16:40:00,309.97680987878624,394.4235574087198
2025-08-12 18:45:00,362.52922214493395,2025-08-12 16:45:00,312.16866133731247,397.212533299921
2025-08-12 18:50:00,365.25856911986364,2025-08-12 16:50:00,314.5188624781965,400.2029979575063
2025-08-12 18:55:00,368.085315973513,2025-08-12 16:55:00,316.95293324364343,403.3001807779487
2025-08-12 19:00:00,370.91776929944564,2025-08-12 17:00:00,319.3919177697055,406.40361601108884
2025-08-12 19:05:00,373.66191744334003,2025-08-12 17:05:00,321.754863982765,409.4102978712088
2025-08-12 19:10:00,376.2244286408376,2025-08-12 17:10:00,323.96140525260193,412.21796550788963
2025-08-12 19:15:00,378.51566406257325,2025-08-12 17:15:00,325.9343548818208,414.7284043102279
2025-08-12 19:20:00,380.45260164642565,2025-08-12 17:20:00,327.60222377544454,416.8506494632497
2025-08-12 19:25:00,381.9615698816586,2025-08-12 17:25:00,328.90157446283513,418.5039812742405
2025-08-12 19:30:00,382.98069753852275,2025-08-12 17:30:00,329.7791305243653,419.6206092689272
2025-08-12 19:35:00,383.46199562158745,2025-08-12 17:35:00,330.19356933127193,420.1479533260915
2025-08-12 19:40:00,383.37300079106495,2025-08-12 17:40:00,330.1169371719503,420.0504443256493
2025-08-12 19:45:00,382.697925085359,2025-08-12 17:45:00,329.53563926138537,419.3107838656009
2025-08-12 19:50:00,381.4382739409207,2025-08-12 17:50:00,328.45097190909644,417.93062140808615
2025-08-12 19:55:00,379.6129129472652,2025-08-12 17:55:00,326.87918000091486,415.930627420879
2025-08-12 20:00:00,377.2575825774894,2025-08-12 18:00:00,324.85103914046283,413.3499616819862
2025-08-12 20:05:00,374.4238787806227,2025-08-12 18:05:00,322.41097785199463,410.2451563448732
2025-08-12 20:10:00,371.1777350050093,2025-08-12 18:10:00,319.61577047272147,406.688452736435
2025-08-12 20:15:00,367.5974574923146,2025-08-12 18:15:00,316.5328453729424,402.76564868681925
2025-08-12 20:20:00,363.77137985894905,2025-08-12 18:20:00,313.23826535008607,398.5735287237457
2025-08-12 20:25:00,359.7952146859245,2025-08-12 18:25:00,309.8144471211023,394.21696228793826
2025-08-12 20:30:00,355.7691887265795,2025-08-12 18:30:00,306.34769449133626,389.80576486506305
2025-08-12 20:35:00,351.7950541201377,2025-08-12 18:35:00,302.9256247538207,385.45142326093014
2025-08-12 20:40:00,347.97307056113704,2025-08-12 18:40:00,299.63457007909034,381.26378905390237
2025-08-12 20:45:00,344.3990528084904,2025-08-12 18:45:00,296.5570351680054,377.347843638004
2025-08-12 20:50:00,341.1615741052511,2025-08-12 18:50:00,293.7692891570253,373.8006340927715
2025-08-12 20:55:00,338.3394095806902,2025-08-12 18:55:00,291.33916416877366,370.70847199461696
2025-08-12 21:00:00,335.99929440008646,2025-08-12 19:00:00,289.32412488729983,368.1444770879399
2025-08-12 21:05:00,334.1940600844539,2025-08-12 19:05:00,287.7696637699946,366.16653530584074
2025-08-12 21:10:00,332.9611992908041,2025-08-12 19:10:00,286.7080652006659,364.8157262423551
2025-08-12 21:15:00,332.32189491763336,2025-08-12 19:15:00,286.1575694663386,364.1152593720862
2025-08-12 21:20:00,332.2805343021109,2025-08-12 19:20:00,286.12195443949093,364.0699417704503
2025-08-12 21:25:00,332.82471387252696,2025-08-12 19:25:00,286.59053958421066,364.66618321122615
2025-08-12 21:30:00,333.92572460743065,2025-08-12 19:30:00,287.5386039780252,365.8725280697564
2025-08-12 21:35:00,335.53949432161005,2025-08-12 19:35:00,288.9281977007091,367.6406877577929
2025-08-12 21:40:00,337.6079497286522,2025-08-12 19:40:00,290.7093146866224,369.90703309510934
2025-08-12 21:45:00,340.0607496781902,2025-08-12 19:45:00,292.82138519019514,372.59449336622754
2025-08-12 21:50:00,342.8173313112867,2025-08-12 19:50:00,295.19503770068644,375.61479823227927
2025-08-12 21:55:00,345.7892033603405,2025-08-12 19:55:00,297.75407366951106,378.8709904318034
2025-08-12 22:00:00,348.88241545989797,2025-08-12 20:00:00,300.4175937980076,382.2601313314796
2025-08-12 22:05:00,352.0001293777482,2025-08-12 20:05:00,303.1022120872856,385.67611814789853
2025-08-12 22:10:00,355.0452174495861,2025-08-12 20:10:00,305.72429331267114,389.01253097547624
2025-08-12 22:15:00,357.9228149362807,2025-08-12 20:15:00,308.20215082157546,392.16542932873085
2025-08-12 22:20:00,360.54275683556693,2025-08-12 20:20:00,310.4581448367414,395.0360220846937
2025-08-12 22:25:00,362.8218350312394,2025-08-12 20:25:00,312.4206260547153,397.5331405744406
2025-08-12 22:30:00,364.6858189799929,2025-08-12 20:30:00,314.0256756300127,399.5754525898256
2025-08-12 22:35:00,366.07119148935885,2025-08-12 20:35:00,315.21859982835326,401.093364223965
2025-08-12 22:40:00,366.9265608485598,2025-08-12 20:40:00,315.95514599208286,402.0305671011982
2025-08-12 22:45:00,367.21372067881373,2025-08-12 20:45:00,316.2024151619165,402.34519962368086
2025-08-12 22:50:00,366.9083396197257,2025-08-12 20:50:00,315.9394559558993,402.01060264034123
2025-08-12 22:55:00,366.0002736816506,2025-08-12 20:55:00,315.15753353150063,401.0156616821141
2025-08-12 23:00:00,364.4935045401242,2025-08-12 21:00:00,313.86007645184316,399.36473935297687
2025-08-12 23:05:00,362.4057171018283,2025-08-12 21:05:00,312.0623129338746,397.0772124814859
2025-08-12 23:10:00,359.7675389149702,2025-08-12 21:10:00,309.79061591566415,394.18663876525295
2025-08-12 23:15:00,356.6214721914964,2025-08-12 21:15:00,307.08158343620227,390.7395866193104
2025-08-12 23:20:00,353.02055650665613,2025-08-12 21:20:00,303.98088710536763,386.79416993562296
2025-08-12 23:25:00,349.02680591114864,2025-08-12 21:25:00,300.5419263238386,382.41833567314967
2025-08-12 23:30:00,344.70946888379825,2025-08-12 21:30:00,296.8243299535488,377.6879573395162
2025-08-12 23:35:00,340.1431624464322,2025-08-12 21:35:00,292.8923496310394,372.68479059594046
2025-08-12 23:40:00,335.4059334892583,2025-08-12 21:40:00,288.8131904028266,367.49434910885805
2025-08-12 23:45:00,330.5773004396933,2025-08-12 21:45:00,284.65532443479935,362.20375886444833
2025-08-12 23:50:00,325.73632728156036,2025-08-12 21:50:00,280.4868325780517,356.8996479285024
2025-08-12 23:55:00,320.9597793542358,2025-08-12 21:55:00,276.3738163542442,351.66612581015977
2025-08-13 00:00:00,316.32040661257156,2025-08-12 22:00:00,272.3789196955932,346.58290248064196
2025-08-13 00:05:00,311.8853953432013,2025-08-12 22:05:00,268.55999574021143,341.72359196465834
2025-08-13 00:10:00,307.71502339174214,2025-08-12 22:10:00,264.96894886773276,337.1542389126724
2025-08-13 00:15:00,303.8615476487816,2025-08-12 22:15:00,261.6507767296123,332.93209965224275
2025-08-13 00:20:00,300.36834538755784,2025-08-12 22:20:00,258.64283086744194,329.10470137714594
2025-08-13 00:25:00,297.2693234373968,2025-08-12 22:25:00,255.9743079607562,325.7091947962077
2025-08-13 00:30:00,294.58860167222093,2025-08-12 22:30:00,253.66597728357237,322.7720073410347
2025-08-13 00:35:00,292.34046941795884,2025-08-12 22:35:00,251.73014316744238,320.3087954029038
2025-08-13 00:40:00,290.52960595594976,2025-08-12 22:40:00,250.17083487374012,318.3246859318132
2025-08-13 00:45:00,289.1515490712003,2025-08-12 22:45:00,248.98421005377753,316.8147898109319
2025-08-13 00:50:00,288.19338908361954,2025-08-12 22:50:00,248.15915236904698,315.76496228607266
2025-08-13 00:55:00,287.63465989485627,2025-08-12 22:55:00,247.67803875874446,315.1527792593247
2025-08-13 01:00:00,287.44839364806325,2025-08-12 23:00:00,247.51764759201404,314.9486928485268
2025-08-13 01:05:00,287.60230167864194,2025-08-12 23:05:00,247.65017556752605,315.117325320027
2025-08-13 01:10:00,288.06004158874066,2025-08-12 23:10:00,248.0443287729718,315.61885738468936
2025-08-13 01:15:00,288.78252877774645,2025-08-12 23:15:00,248.6664520249703,316.4104652030158
2025-08-13 01:20:00,289.7292503993403,2025-08-12 23:20:00,249.48166029845368,317.44776004898205
2025-08-13 01:25:00,290.85954071025014,2025-08-12 23:25:00,250.45493691100273,318.68618567190015
2025-08-13 01:30:00,292.13377902506784,2025-08-12 23:30:00,251.55216506438543,320.0823308600368
2025-08-13 01:35:00,293.514474943565,2025-08-12 23:35:00,252.74106231807727,321.59511849204694
2025-08-13 01:40:00,294.9672100105302,2025-08-12 23:40:00,253.99199143890547,323.18683728577275
2025-08-13 01:45:00,296.46141055786273,2025-08-12 23:45:00,255.27862588418006,324.8239885784396
2025-08-13 01:50:00,297.97093266193235,2025-08-12 23:50:00,256.5784535000022,326.4779272471133
2025-08-13 01:55:00,299.4744471644529,2025-08-12 23:55:00,257.8731080571607,328.12528356467
2025-08-13 02:00:00,300.95561984203516,2025-08-13 00:00:00,259.14852439252417,329.7481606062395
2025-08-13 02:05:00,302.40308928200403,2025-08-13 00:05:00,260.3949193582274,331.3341100083939
2025-08-13 02:10:00,303.8102521097381,2025-08-13 00:10:00,261.606606884045,332.875896649103
2025-08-13 02:15:00,305.1748722401152,2025-08-13 00:15:00,262.78166150947175,334.3710705161146
2025-08-13 02:20:00,306.4985368057804,2025-08-13 00:20:00,263.92144989143605,335.82137058366897
2025-08-13 02:25:00,307.785986870167,2025-08-13 00:25:00,265.0300544909779,337.231991494575
2025-08-13 02:30:00,309.0443551939774,2025-08-13 00:30:00,266.113617225008,338.6107484035154
2025-08-13 02:35:00,310.2823463071972,2025-08-13 00:35:00,267.179633438197,339.9671786062322
2025-08-13 02:40:00,311.5093957165343,2025-08-13 00:40:00,268.2362279086818,341.3116203080162
2025-08-13 02:45:00,312.7348452413832,2025-08-13 00:45:00,269.2914447418109,342.6543090637431
2025-08-13 02:50:00,313.96717011982236,2025-08-13 00:50:00,270.3525818423154,344.0045309408022
2025-08-13 02:55:00,315.2132907364125,2025-08-13 00:55:00,271.42559825308695,345.36986839962685
2025-08-13 03:00:00,316.47799774385044,2025-08-13 01:00:00,272.51461913576213,346.75557041651354
2025-08-13 03:05:00,317.7635140179467,2025-08-13 01:05:00,273.62155857649924,348.16407253066285
2025-08-13 03:10:00,319.0692105954474,2025-08-13 01:10:00,274.74587498415184,349.59468560566273
2025-08-13 03:15:00,320.39148677683255,2025-08-13 01:15:00,275.88446784852573,351.043464461675
2025-08-13 03:20:00,321.72381701013626,2025-08-13 01:20:00,277.03171811135655,352.5032592446486
2025-08-13 03:25:00,323.05695968148194,2025-08-13 01:25:00,278.17966795281586,353.9639441919264
2025-08-13 03:30:00,324.37931539869766,2025-08-13 01:30:00,279.31832930434115,355.41281019299294
2025-08-13 03:35:00,325.6774155776935,2025-08-13 01:35:00,280.43610456328804,356.8351001190996
2025-08-13 03:40:00,326.936515894834,2025-08-13 01:40:00,281.5202976061705,358.2146590514555
2025-08-13 03:45:00,328.14126432456345,2025-08-13 01:45:00,282.55768902618274,359.5346662302717
2025-08-13 03:50:00,329.2764097308361,2025-08-13 01:50:00,283.5351462910144,360.7784114374072
2025-08-13 03:55:00,330.32751486234594,2025-08-13 01:55:00,284.440237692714,361.9300762041295
2025-08-13 04:00:00,331.281637171999,2025-08-13 02:00:00,285.2618185914736,362.97547976484924
2025-08-13 04:05:00,332.1279419997092,2025-08-13 02:05:00,285.9905594184516,363.90275090335166
2025-08-13 04:10:00,332.8582156593968,2025-08-13 02:10:00,286.619387487554,364.7028901270271
2025-08-13 04:15:00,333.4672503300029,2025-08-13 02:15:00,287.143818419511,365.3701913805581
2025-08-13 04:20:00,333.9530786887494,2025-08-13 02:20:00,287.5621581811784,365.902499126634
2025-08-13 04:25:00,334.3170430969912,2025-08-13 02:25:00,287.87556266047267,366.30128415084084
2025-08-13 04:30:00,334.5636922949632,2025-08-13 02:30:00,288.08794871171364,366.5715303731541
2025-08-13 04:35:00,334.70050688107466,2025-08-13 02:35:00,288.2057577698225,366.72143406373164
2025-08-13 04:40:00,334.7374635590512,2025-08-13 02:40:00,288.23758062984786,366.7619264014101
2025-08-13 04:45:00,334.68645651759914,2025-08-13 02:45:00,288.1936592053771,366.70603949653815
2025-08-13 04:50:00,334.5606020562583,2025-08-13 02:50:00,288.08528775193224,366.56814449011495
2025-08-13 04:55:00,334.37345927935496,2025-08-13 02:55:00,287.9241418178218,366.3630976912314
2025-08-13 05:00:00,334.13820512000336,2025-08-13 03:00:00,287.72156786926035,366.10533667529864
2025-08-13 05:05:00,333.8668056325802,2025-08-13 03:05:00,287.48786970232294,365.8079722937522
2025-08-13 05:10:00,333.5692273585187,2025-08-13 03:10:00,287.2316293614554,365.4819245909059
2025-08-13 05:15:00,333.2527324006377,2025-08-13 03:15:00,286.9591001381912,365.13515043776937
2025-08-13 05:20:00,332.92129861407903,2025-08-13 03:20:00,286.67370730596707,364.7720082524271
2025-08-13 05:25:00,332.57520193836797,2025-08-13 03:25:00,286.3756884723106,364.3928003736456
2025-08-13 05:30:00,332.2107917966224,2025-08-13 03:30:00,286.0619001783535,363.9935269724381
2025-08-13 05:35:00,331.8204824506494,2025-08-13 03:35:00,285.72581045483014,363.56587658009926
2025-08-13 05:40:00,331.3929739310259,2025-08-13 03:40:00,285.3576890617695,363.09746815475285
2025-08-13 05:45:00,330.91370583190627,2025-08-13 03:45:00,284.9449982446303,362.57234829088424
2025-08-13 05:50:00,330.36553629136597,2025-08-13 03:50:00,284.47297739443815,361.97173515799636
2025-08-13 05:55:00,329.72962745342346,2025-08-13 03:55:00,283.9254055063057,361.27498867512674
2025-08-13 06:00:00,328.9865080462491,2025-08-13 04:00:00,283.285516150135,360.460774746325
2025-08-13 06:05:00,328.11727392886905,2025-08-13 04:05:00,282.537031243992,359.5083806641254
2025-08-13 06:10:00,327.10487900141663,2025-08-13 04:10:00,281.6652726382232,358.3991295216821
2025-08-13 06:15:00,325.93546226233923,2025-08-13 04:15:00,280.65830482519186,357.11783423005295
2025-08-13 06:20:00,324.5996522024772,2025-08-13 04:20:00,279.5080581341228,355.6542267041659
2025-08-13 06:25:00,323.0937876736072,2025-08-13 04:25:00,278.2113800033189,354.00429553232834
2025-08-13 06:30:00,321.4209948344465,2025-08-13 04:30:00,276.7709623227638,352.1714659540734
2025-08-13 06:35:00,319.5920629114018,2025-08-13 04:35:00,275.19609553901614,350.1675594052787
2025-08-13 06:40:00,317.6260673151534,2025-08-13 04:40:00,273.5032052118729,348.01347624855566
2025-08-13 06:45:00,315.5506968954814,2025-08-13 04:45:00,271.71613380875976,345.73955433667163
2025-08-13 06:50:00,313.40225249755053,2025-08-13 04:50:00,269.86613946156865,343.3855674307141
2025-08-13 06:55:00,311.22529634883864,2025-08-13 04:55:00,267.9915940588211,341.0003410437306
2025-08-13 07:00:00,309.0719452548009,2025-08-13 05:00:00,266.13737462669417,338.6409780161484
2025-08-13 07:05:00,307.00081521576715,2025-08-13 05:05:00,264.3539545539195,336.37170216376137
2025-08-13 07:10:00,305.0756394785873,2025-08-13 05:10:00,262.69621361607517,334.26234411784077
2025-08-13 07:15:00,303.36359655674937,2025-08-13 05:15:00,261.2219982579309,332.3865093862903
2025-08-13 07:20:00,301.93339783673474,2025-08-13 05:20:00,259.99047485898456,330.81948300056024
2025-08-13 07:25:00,300.85319615907446,2025-08-13 05:25:00,259.0603288429078,329.63593800984296
2025-08-13 07:30:00,300.18838629451943,2025-08-13 05:30:00,258.4878706994398,328.90752552794623
2025-08-13 07:35:00,299.9993751997128,2025-08-13 05:35:00,258.3251159838486,328.70043166846165
2025-08-13 07:40:00,300.3394039781638,2025-08-13 05:40:00,258.6179098390782,329.07299113190095
2025-08-13 07:45:00,301.2525042640133,2025-08-13 05:45:00,259.40416726741427,330.0734480759047
2025-08-13 07:50:00,302.771669303891,2025-08-13 05:50:00,260.7122982755664,331.7379522237917
2025-08-13 07:55:00,304.9173142042403,2025-08-13 05:55:00,262.5598820159456,334.08887180314935
2025-08-13 08:00:00,307.69609091237965,2025-08-13 06:00:00,264.95264638402284,337.13349515567336
2025-08-13 08:05:00,311.1001117655168,2025-08-13 06:05:00,267.883799427634,340.86318000281597
2025-08-13 08:10:00,315.10662123632915,2025-08-13 06:10:00,271.3337466918541,345.2529937871384
2025-08-13 08:15:00,319.67813944882965,2025-08-13 06:15:00,275.2702147984304,350.2618709183951
2025-08-13 08:20:00,324.763083720046,2025-08-13 06:20:00,279.6487866463181,355.83329377834673
2025-08-13 08:25:00,330.29685639407785,2025-08-13 06:25:00,284.4138381298283,361.8964846283227
2025-08-13 08:30:00,336.20336950337884,2025-08-13 06:30:00,289.49985100237035,368.368076135439
2025-08-13 08:35:00,342.3969596497004,2025-08-13 06:35:00,294.8330617526922,375.15420945094394
2025-08-13 08:40:00,348.7846314095568,2025-08-13 06:40:00,300.33339336882693,382.1529922431531
2025-08-13 08:45:00,355.26855397167515,2025-08-13 06:45:00,305.9166051564331,389.2572341891717
2025-08-13 08:50:00,361.7487256771085,2025-08-13 06:50:00,311.4965871356853,396.35736643259287
2025-08-13 08:55:00,368.12571360991143,2025-08-13 06:55:00,316.9877190631177,403.3444432718746
2025-08-13 09:00:00,374.30337203209496,2025-08-13 07:00:00,322.30721123658236,410.11312066901996
2025-08-13 09:05:00,380.19144340495626,2025-08-13 07:05:00,327.37734419703605,416.56450611162563
2025-08-13 09:10:00,385.7079497607238,2025-08-13 07:10:00,332.12752790402084,422.6087787679786
2025-08-13 09:15:00,390.7812898595412,2025-08-13 07:15:00,336.49610756716197,428.16748727986146
2025-08-13 09:20:00,395.3519683563656,2025-08-13 07:20:00,340.43185260673425,433.17544435951805
2025-08-13 09:25:00,399.37389750642177,2025-08-13 07:25:00,343.8950775333709,437.58215302977226
2025-08-13 09:30:00,402.8152280694227,2025-08-13 07:30:00,346.8583574276513,441.3527170211781
2025-08-13 09:35:00,405.6586844726364,2025-08-13 07:35:00,349.30681654416185,444.46820800026626
2025-08-13 09:40:00,407.9013984384567,2025-08-13 07:40:00,351.2379850506077,446.92548328020064
2025-08-13 09:45:00,409.554254865914,2025-08-13 07:45:00,352.66123577585773,448.7364691225196
2025-08-13 09:50:00,410.640782708438,2025-08-13 07:50:00,353.5968291608534,449.92694550474437
2025-08-13 09:55:00,411.1956412466987,2025-08-13 07:55:00,354.07460981008114,450.5348875743564
2025-08-13 10:00:00,411.26276783049445,2025-08-13 08:00:00,354.13241153894506,450.60843618443397
2025-08-13 10:05:00,410.89326598235,2025-08-13 08:05:00,353.81423885036986,450.2035839513034
2025-08-13 10:10:00,410.1431225298079,2025-08-13 08:10:00,353.16830119048825,449.38167398399196
2025-08-13 10:15:00,409.0708483824125,2025-08-13 08:15:00,352.2449814558788,448.2068149534318
2025-08-13 10:20:00,407.7351397020283,2025-08-13 08:20:00,351.0948220612094,446.7433185060364
2025-08-13 10:25:00,406.192654281582,2025-08-13 08:25:00,349.766610211185,445.05326290773564
2025-08-13 10:30:00,404.4959921909689,2025-08-13 08:30:00,348.3056390639909,443.194280497493
2025-08-13 10:35:00,402.6919600982177,2025-08-13 08:35:00,346.75221316339264,441.21765595540415
2025-08-13 10:40:00,400.82018598837277,2025-08-13 08:40:00,345.1404555932331,439.1668084911976
2025-08-13 10:45:00,398.9121353104892,2025-08-13 08:45:00,343.4974607958633,437.07621386563176
2025-08-13 10:50:00,396.99056197762565,2025-08-13 08:50:00,341.8428218361888,434.97080286744426
2025-08-13 10:55:00,395.0694085291457,2025-08-13 08:55:00,340.1885444328743,432.865851924142
2025-08-13 11:00:00,393.1541502792678,2025-08-13 09:00:00,338.5393432996741,430.76736017537644
2025-08-13 11:05:00,391.24255886635075,2025-08-13 09:05:00,336.89329962666045,428.6728860712845
2025-08-13 11:10:00,389.3258424953466,2025-08-13 09:10:00,335.2428429264817,426.57279670237943
2025-08-13 11:15:00,387.39010386157895,2025-08-13 09:15:00,333.5760064314072,424.4518652034616
2025-08-13 11:20:00,385.4180429253773,2025-08-13 09:20:00,331.87789332789697,422.2911364333617
2025-08-13 11:25:00,383.3908212948535,2025-08-13 09:25:00,330.13228214960236,420.06996972394035
2025-08-13 11:30:00,381.2899979225395,2025-08-13 09:30:00,328.32329357769845,417.7681597655726
2025-08-13 11:35:00,379.09944294075194,2025-08-13 09:35:00,326.43703841679167,415.36803353988387
2025-08-13 11:40:00,376.8071374257395,2025-08-13 09:40:00,324.46316734575424,412.8564222680304
2025-08-13 11:45:00,374.40677206032564,2025-08-13 09:45:00,322.39624750296673,410.2264130180168
2025-08-13 11:50:00,371.8990665620342,2025-08-13 09:50:00,320.2368986267625,407.4787943630211
2025-08-13 11:55:00,369.292744024411,2025-08-13 09:55:00,317.99263204662503,404.62312393832883
2025-08-13 12:00:00,366.60510964114644,2025-08-13 10:00:00,315.6783490141461,401.67836253221606
2025-08-13 12:05:00,363.8622007131561,2025-08-13 10:05:00,313.3164698719494,398.67303844426584
2025-08-13 12:10:00,361.09849392060823,2025-08-13 10:10:00,310.9366819898746,395.6449267519972
2025-08-13 12:15:00,358.356175417082,2025-08-13 10:15:00,308.5753112536307,392.6402495746484
2025-08-13 12:20:00,355.6839989720425,2025-08-13 10:20:00,306.27433882782276,389.7124249737003
2025-08-13 12:25:00,353.13577573867866,2025-08-13 10:25:00,304.0801007169159,386.9204122362181
2025-08-13 12:30:00,350.7685560703888,2025-08-13 10:30:00,302.04172215375013,384.32671974501557
2025-08-13 12:35:00,348.64057791216686,2025-08-13 10:35:00,300.2093509890841,381.99515709185016
2025-08-13 12:40:00,346.80906726963894,2025-08-13 10:40:00,298.63226370734657,379.9884251164801
2025-08-13 12:45:00,345.3279837405146,2025-08-13 10:45:00,297.35692413642874,378.36564575223593
2025-08-13 12:50:00,344.2458073432383,2025-08-13 10:50:00,296.42507771789775,377.17993711971184
2025-08-13 12:55:00,343.6034622753676,2025-08-13 10:55:00,295.8719636854139,376.47613865030286
2025-08-13 13:00:00,343.4324683020451,2025-08-13 11:00:00,295.7247232521241,376.28878561729607
2025-08-13 13:05:00,343.75340175216974,2025-08-13 11:05:00,296.00107439676015,376.64042289494904
2025-08-13 13:10:00,344.57473573657484,2025-08-13 11:10:00,296.70831319231326,377.5403342198917
2025-08-13 13:15:00,345.8921138843565,2025-08-13 11:15:00,297.84268843090746,378.9837464455277
2025-08-13 13:20:00,347.6880940825336,2025-08-13 11:20:00,299.38918096173336,380.95154876516864
2025-08-13 13:25:00,349.9323793501947,2025-08-13 11:25:00,301.32170249343136,383.41054567399976
2025-08-13 13:30:00,352.5825327075533,2025-08-13 11:30:00,303.6037111574791,386.314240229935
2025-08-13 13:35:00,355.58515278170324,2025-08-13 11:35:00,306.18922380527664,389.6041221300305
2025-08-13 13:40:00,358.8774675832815,2025-08-13 11:40:00,309.0241883861424,393.21141396437787
2025-08-13 13:45:00,362.38928628240313,2025-08-13 11:45:00,312.0481645932959,397.0592097191997
2025-08-13 13:50:00,366.0452338550381,2025-08-13 11:50:00,315.1962480854801,401.0649232127107
2025-08-13 13:55:00,369.76718138723334,2025-08-13 11:55:00,318.4011631867201,405.1429509074868
2025-08-13 14:00:00,373.47677658515715,2025-08-13 12:00:00,321.5954418718636,409.2074445153854
2025-08-13 14:05:00,377.0979746235779,2025-08-13 12:05:00,324.713603043542,413.1750839732793
2025-08-13 14:10:00,380.5594693985819,2025-08-13 12:10:00,327.6942460486653,416.96774129466365
2025-08-13 14:15:00,383.7969291669773,2025-08-13 12:15:00,330.4819757551257,420.51493009354846
2025-08-13 14:20:00,386.7549487459936,2025-08-13 12:20:00,333.0290835626776,423.75594455185905
2025-08-13 14:25:00,389.38864205951415,2025-08-13 12:25:00,335.2969187214281,426.6416043251844
2025-08-13 14:30:00,391.6648138759911,2025-08-13 12:30:00,337.2568972983806,429.135538381312
2025-08-13 14:35:00,393.56266692688035,2025-08-13 12:35:00,338.89111106687557,431.2149597689576
2025-08-13 14:40:00,395.0740200647386,2025-08-13 12:40:00,340.1925153593674,432.870904647132
2025-08-13 14:45:00,396.2030333227849,2025-08-13 12:45:00,341.16469232019597,434.1079310410443
2025-08-13 14:50:00,396.9654562236475,2025-08-13 12:50:00,341.82120363513775,434.9432952362551
2025-08-13 14:55:00,397.3874354563633,2025-08-13 12:55:00,342.1845638393432,435.4056453856728
2025-08-13 15:00:00,397.5039361869549,2025-08-13 13:00:00,342.28488093074463,435.5332917863017
2025-08-13 15:05:00,397.356847143106,2025-08-13 13:05:00,342.158224685921,435.37213067663384
2025-08-13 15:10:00,396.99285252318094,2025-08-13 13:10:00,341.84479419178405,434.9733125503804
2025-08-13 15:15:00,396.46116305779674,2025-08-13 13:15:00,341.3869640955669,434.3907561478245
2025-08-13 15:20:00,395.8112040752982,2025-08-13 13:20:00,340.82729383149746,433.678615337625
2025-08-13 15:25:00,395.09035962674477,2025-08-13 13:25:00,340.2065851195046,432.88880742136655
2025-08-13 15:30:00,394.34186887786467,2025-08-13 13:30:00,339.5620705788041,432.0687082725168
2025-08-13 15:35:00,393.60296398843536,2025-08-13 13:35:00,338.9258102828092,431.2591120660058
2025-08-13 15:40:00,392.90332797810214,2025-08-13 13:40:00,338.32336384972746,430.4925416074699
2025-08-13 15:45:00,392.2639370377526,2025-08-13 13:45:00,337.77279357365654,429.7919798881067
2025-08-13 15:50:00,391.69633503091956,2025-08-13 13:50:00,337.28403970825195,429.17007517734623
2025-08-13 15:55:00,391.202369173147,2025-08-13 13:55:00,336.8586928640587,428.6288514145593
2025-08-13 16:00:00,390.7743959377379,2025-08-13 14:00:00,336.4901713109673,428.159933813888
2025-08-13 16:05:00,390.39594598016464,2025-08-13 14:05:00,336.1642935349916,427.74527740223243
2025-08-13 16:10:00,390.0428169997417,2025-08-13 14:10:00,335.86021928562263,427.35836443542246
2025-08-13 16:15:00,389.68454503377325,2025-08-13 14:15:00,335.5517164859053,426.96581645164696
2025-08-13 16:20:00,389.28618828143965,2025-08-13 14:20:00,335.20869725734514,426.52934875446283
2025-08-13 16:25:00,388.81034397074984,2025-08-13 14:25:00,334.7989546148234,426.00798023418974
2025-08-13 16:30:00,388.2193085314815,2025-08-13 14:30:00,334.29002256022187,425.36040020543294
2025-08-13 16:35:00,387.477284915071,2025-08-13 14:35:00,333.6510767736035,424.547386902122
2025-08-13 16:40:00,386.55253847467225,2025-08-13 14:40:00,332.85479101029944,423.5341696114507
2025-08-13 16:45:00,385.41940455615816,2025-08-13 14:45:00,331.87906580843685,422.29262833188704
2025-08-13 16:50:00,384.06005678876716,2025-08-13 14:50:00,330.7085511383983,420.8032312368713
2025-08-13 16:55:00,382.4659546798362,2025-08-13 14:55:00,329.33589290567517,419.0566207614982
2025-08-13 17:00:00,380.63890217264355,2025-08-13 15:00:00,327.76264445969116,417.05477343299833
2025-08-13 17:05:00,378.5916648254742,2025-08-13 15:05:00,325.99979803775466,414.8116760955643
2025-08-13 17:10:00,376.34811136137614,2025-08-13 15:10:00,324.0679066515034,412.3534810022266
2025-08-13 17:15:00,373.94286504512684,2025-08-13 15:15:00,321.9967838926603,409.7181238389198
2025-08-13 17:20:00,371.4204706456929,2025-08-13 15:20:00,319.82478661647593,406.9544109899177
2025-08-13 17:25:00,368.8341028385329,2025-08-13 15:25:00,317.5977027656622,404.120604372484
2025-08-13 17:30:00,366.2438611135107,2025-08-13 15:30:00,315.3672831402976,401.2825532179653
2025-08-13 17:35:00,363.7147136634089,2025-08-13 15:35:00,313.1894709100125,398.51144125132123
2025-08-13 17:40:00,361.31416755485316,2025-08-13 15:40:00,311.1223954319239,395.8812339663993
2025-08-13 17:45:00,359.10975444865824,2025-08-13 15:45:00,309.22420724084844,393.46592380417144
2025-08-13 17:50:00,357.16642939544425,2025-08-13 15:50:00,307.5508381898908,391.3366800901192
2025-08-13 17:55:00,355.54398469276975,2025-08-13 15:55:00,306.1537745602857,389.55901547407694
2025-08-13 18:00:00,354.294581158766,2025-08-13 16:00:00,305.0779312768879,388.1900810198577
2025-08-13 18:05:00,353.46049559551193,2025-08-13 16:05:00,304.35971228151624,387.2761981675767
2025-08-13 18:10:00,353.072175620712,2025-08-13 16:10:00,304.0253355766906,386.8507274703219
2025-08-13 18:15:00,353.1466819466989,2025-08-13 16:15:00,304.0894918946472,386.93236184538557
2025-08-13 18:20:00,353.6865839181881,2025-08-13 16:20:00,304.5543936608992,387.52391644768767
2025-08-13 18:25:00,354.67935729191214,2025-08-13 16:25:00,305.40925643100405,388.61166883475454
2025-08-13 18:30:00,356.0973145087247,2025-08-13 16:30:00,306.6302388488821,390.1652825679279
2025-08-13 18:35:00,357.8980778099136,2025-08-13 16:35:00,308.18085004042007,392.1383255918991
2025-08-13 18:40:00,360.02558524523016,2025-08-13 16:40:00,310.01281587241147,394.46937248791636
2025-08-13 18:45:00,362.41159976180467,2025-08-13 16:45:00,312.0673784071599,397.08365793782156
2025-08-13 18:50:00,364.97767275230126,2025-08-13 16:50:00,314.2769866853497,399.8952281256178
2025-08-13 18:55:00,367.63749657909887,2025-08-13 16:55:00,316.56732245053814,402.80951832855044
2025-08-13 19:00:00,370.29956623903,2025-08-13 17:00:00,318.8595920701032,405.72626922434273
2025-08-13 19:05:00,372.87005874541893,2025-08-13 17:05:00,321.0730059294037,408.54268174482917
2025-08-13 19:10:00,375.25583109725824,2025-08-13 17:10:00,323.1273599396068,411.1567018620051
2025-08-13 19:15:00,377.36743310258913,2025-08-13 17:15:00,324.94562983625474,413.47032164938696
2025-08-13 19:20:00,379.12203103049774,2025-08-13 17:20:00,326.4564886936449,415.39278264092803
2025-08-13 19:25:00,380.4461411800823,2025-08-13 17:25:00,327.5966607614671,416.84357092158797
2025-08-13 19:30:00,381.2780794339571,2025-08-13 17:30:00,328.3130307398397,417.7551010305694
2025-08-13 19:35:00,381.57004300739345,2025-08-13 17:35:00,328.5644363433374,418.0749968722061
2025-08-13 19:40:00,381.2897536914652,2025-08-13 17:40:00,328.32308327385846,417.7678921688168
2025-08-13 19:45:00,380.42160737981175,2025-08-13 17:45:00,327.5755350614679,416.8166899631392
2025-08-13 19:50:00,378.96729191199915,2025-08-13 17:50:00,326.3232450803648,415.22323957100457
2025-08-13 19:55:00,376.94585364210036,2025-08-13 17:55:00,324.58261387012254,413.00840951856014
2025-08-13 20:00:00,374.3932120040703,2025-08-13 18:00:00,322.3845711349657,410.21155566592523
2025-08-13 20:05:00,371.36113991183254,2025-08-13 18:05:00,319.77369778105526,406.88940406175954
2025-08-13 20:10:00,367.91574563326486,2025-08-13 18:10:00,316.8069186801702,403.1143875775441
2025-08-13 20:15:00,364.1355078939004,2025-08-13 18:15:00,313.55181072596946,398.97249302889276
2025-08-13 20:20:00,360.1089303152046,2025-08-13 18:20:00,310.0845831047715,394.5606912130297
2025-08-13 20:25:00,355.9318928473179,2025-08-13 18:25:00,306.48779665265846,389.9840349520769
2025-08-13 20:30:00,351.70478679808673,2025-08-13 18:30:00,302.84789687047817,385.3525200292019
2025-08-13 20:35:00,347.5295259301007,2025-08-13 18:35:00,299.2526402228025,380.77781033615065
2025-08-13 20:40:00,343.50652845454556,2025-08-13 18:40:00,295.7884953765551,376.369931133283
2025-08-13 20:45:00,339.73176441642886,2025-08-13 18:45:00,292.5381007472029,372.2340339569987
2025-08-13 20:50:00,336.29395896624567,2025-08-13 18:50:00,289.5778562765027,368.4673323273198
2025-08-13 20:55:00,333.27203565155287,2025-08-13 18:55:00,286.97572188791395,365.1563004381792
2025-08-13 21:00:00,330.73287441095454,2025-08-13 19:00:00,284.7892869276991,362.3742166578217
2025-08-13 21:05:00,328.72944779557247,2025-08-13 19:05:00,283.0641652922318,360.17912144186073
2025-08-13 21:10:00,327.2993856161463,2025-08-13 19:10:00,281.83275946640816,358.61224465961016
2025-08-13 21:15:00,326.4640039490856,2025-08-13 19:15:00,281.11342441482486,357.6969417047691
2025-08-13 21:20:00,326.2278192256867,2025-08-13 19:20:00,280.91004917104306,357.438161097366
2025-08-13 21:25:00,326.57855277795215,2025-08-13 19:25:00,281.2120607519275,357.8224494644785
2025-08-13 21:30:00,327.487616204071,2025-08-13 19:30:00,281.99484209883025,358.81848334081695
2025-08-13 21:35:00,328.9110535742195,2025-08-13 19:35:00,283.22054339735655,360.3781015157193
2025-08-13 21:40:00,330.7909033957268,2025-08-13 19:40:00,284.83925484583807,362.43779729805215
2025-08-13 21:45:00,333.05693178318205,2025-08-13 19:45:00,286.7904990630048,364.9206174993732
2025-08-13 21:50:00,335.6286785359655,2025-08-13 19:50:00,289.00499293570573,367.7384042604927
2025-08-13 21:55:00,338.4177503672928,2025-08-13 19:55:00,291.4066222852178,370.79430767462924
2025-08-13 22:00:00,341.3302901695114,2025-08-13 20:00:00,293.914568115821,373.98549128827347
2025-08-13 22:05:00,344.26954817576745,2025-08-13 20:05:00,296.44552060486234,377.2059492468881
2025-08-13 22:10:00,347.1384803461673,2025-08-13 20:10:00,298.915916535437,380.3493532696805
2025-08-13 22:15:00,349.842300693205,2025-08-13 20:15:00,301.2441370668399,383.3118491569923
2025-08-13 22:20:00,352.29091805278216,2025-08-13 20:20:00,303.35260600278934,385.99472668814747
2025-08-13 22:25:00,354.40119319738744,2025-08-13 20:25:00,305.1697333588883,388.306892673524
2025-08-13 22:30:00,356.0989594958146,2025-08-13 20:30:00,306.63165532343476,390.16708493157006
2025-08-13 22:35:00,357.3207586865768,2025-08-13 20:35:00,307.68372890676306,391.50577412433375
2025-08-13 22:40:00,358.0152529813069,2025-08-13 20:40:00,308.2817478830254,392.26671095734247
2025-08-13 22:45:00,358.14428491636244,2025-08-13 20:45:00,308.3928554130549,392.4080874276219
2025-08-13 22:50:00,357.6835670392822,2025-08-13 20:50:00,307.9961379233823,391.90329249272304
2025-08-13 22:55:00,356.622994258294,2025-08-13 20:55:00,307.0828940658719,390.7412543028282
2025-08-13 23:00:00,354.9665821513589,2025-08-13 21:00:00,305.6565815965336,388.9263726077981
2025-08-13 23:05:00,352.7320445656183,2025-08-13 21:05:00,303.7324536525256,386.4780559453938
2025-08-13 23:10:00,349.9500330170492,2025-08-13 21:10:00,301.3369038102164,383.4298882740026
2025-08-13 23:15:00,346.66306877504195,2025-08-13 21:15:00,298.5065465186853,379.82845888933366
2025-08-13 23:20:00,342.9242055720985,2025-08-13 21:20:00,295.2870655784162,375.7318971950345
2025-08-13 23:25:00,338.795466772597,2025-08-13 21:25:00,291.7318684099614,371.208160354786
2025-08-13 23:30:00,334.34610535941687,2025-08-13 21:30:00,287.90058775363116,366.33312681117377
2025-08-13 23:35:00,329.6507381134177,2025-08-13 21:35:00,283.85747503847284,361.18855196139464
2025-08-13 23:40:00,324.7874069826581,2025-08-13 21:40:00,279.6697310553896,355.8599440569177
2025-08-13 23:45:00,319.8356208247847,2025-08-13 21:45:00,275.40581972988,350.4344185986085
2025-08-13 23:50:00,314.87442947476757,2025-08-13 21:50:00,271.1338097296656,344.9985881497788
2025-08-13 23:55:00,309.9805796379724,2025-08-13 21:55:00,266.9197865309304,339.63654180283453
2025-08-14 00:00:00,305.22679823133893,2025-08-13 22:00:00,262.82637422827827,334.42796428703895
2025-08-14 00:05:00,300.6802441540341,2025-08-13 22:05:00,258.91140237687114,329.44643961946514
2025-08-14 00:10:00,296.4011636308946,2025-08-13 22:10:00,255.22674812814688,324.757977804624
2025-08-14 00:15:00,292.44177777820727,2025-08-13 22:15:00,251.8173783288286,320.41979597323206
2025-08-14 00:20:00,288.845424039564,2025-08-13 22:20:00,248.7206102237767,316.47937767890204
2025-08-14 00:25:00,285.64596546231684,2025-08-13 22:25:00,245.96560279250227,312.9738256598473
2025-08-14 00:30:00,282.86747429476105,2025-08-13 22:30:00,243.57308429928497,309.9295151656851
2025-08-14 00:35:00,280.5241885068105,2025-08-13 22:35:00,241.55531485375644,307.3620463184278
2025-08-14 00:40:00,278.6207323994857,2025-08-13 22:40:00,239.91627637453456,305.27648582776635
2025-08-14 00:45:00,277.15258527816314,2025-08-13 22:45:00,238.65207615696903,303.667880502471
2025-08-14 00:50:00,276.1067756049251,2025-08-13 22:50:00,237.7515445976736,302.5220178125652
2025-08-14 00:55:00,275.4627721713023,2025-08-13 22:55:00,237.19700257046486,301.8164023209101
2025-08-14 01:00:00,275.19353889412184,2025-08-13 23:00:00,236.9651696957862,301.52141139177957
2025-08-14 01:05:00,275.2667158899657,2025-08-13 23:05:00,237.02818134681425,301.6015892591704
2025-08-14 01:10:00,275.6458866961968,2025-08-13 23:10:00,237.35467983512652,302.0170354833542
2025-08-14 01:15:00,276.29188993493256,2025-08-13 23:15:00,237.91094386554747,302.7248421022524
2025-08-14 01:20:00,277.1641334142594,2025-08-13 23:20:00,238.66202008966718,303.68053345322227
2025-08-14 01:25:00,278.2218696261292,2025-08-13 23:25:00,239.5728214186022,304.839463698332
2025-08-14 01:30:00,279.42539384667066,2025-08-13 23:30:00,240.60915868981743,306.1581295473928
2025-08-14 01:35:00,280.73712950877956,2025-08-13 23:35:00,241.7386752657398,307.59535946856533
2025-08-14 01:40:00,282.12257003327574,2025-08-13 23:40:00,242.9316580309237,309.1133456248689
2025-08-14 01:45:00,283.55105180215173,2025-08-13 23:45:00,244.16170298811753,310.6784907980796
2025-08-14 01:50:00,284.99633929084575,2025-08-13 23:50:00,245.40621910718727,312.26204950083525
2025-08-14 01:55:00,286.4370102413174,2025-08-13 23:55:00,246.6467599920721,313.8405499993679
2025-08-14 02:00:00,287.8566359937586,2025-08-14 00:00:00,247.86917916180835,315.39599189762
2025-08-14 02:05:00,289.2437595141994,2025-08-14 00:05:00,249.0636111304191,316.91582206274234
2025-08-14 02:10:00,290.5916808077967,2025-08-14 00:10:00,250.22428662940584,318.392699508789
2025-08-14 02:15:00,291.8980663083949,2025-08-14 00:15:00,251.3491962587575,319.8240674164261
2025-08-14 02:20:00,293.1644049883438,2025-08-14 00:20:00,252.43962215099432,321.21155720856507
2025-08-14 02:25:00,294.39533922881606,2025-08-14 00:25:00,253.49956179329126,322.5602554047842
2025-08-14 02:30:00,295.5979027588558,2025-08-14 00:30:00,254.5350718278327,323.8778686537107
2025-08-14 02:35:00,296.78070088655556,2025-08-14 00:35:00,255.5535621607546,325.17382553659667
2025-08-14 02:40:00,297.95306987344645,2025-08-14 00:40:00,256.5630721116098,326.45835551873154
2025-08-14 02:45:00,299.1242524438039,2025-08-14 00:45:00,257.5715604563754,327.7415855794035
2025-08-14 02:50:00,300.302625046094,2025-08-14 00:50:00,258.58624003347825,329.0326935451491
2025-08-14 02:55:00,301.49500975594475,2025-08-14 00:55:00,259.6129852334124,330.339154162215
2025-08-14 03:00:00,302.7060995547571,2025-08-14 01:00:00,260.65583711447647,331.6661093913513
2025-08-14 03:05:00,303.9380204471563,2025-08-14 01:05:00,261.7166263484544,333.0158886328695
2025-08-14 03:10:00,305.19004757013977,2025-08-14 01:10:00,262.7947287663155,334.3876976758428
2025-08-14 03:15:00,306.458485453546,2025-08-14 01:15:00,263.88696225223885,335.77748750304727
2025-08-14 03:20:00,307.73671505961715,2025-08-14 01:20:00,264.98762724869925,337.17800583081805
2025-08-14 03:25:00,309.0154027303444,2025-08-14 01:25:00,266.08868667799925,338.5790260464682
2025-08-14 03:30:00,310.282858642568,2025-08-14 01:30:00,267.1800746027628,339.96773995692644
2025-08-14 03:35:00,311.5255255326135,2025-08-14 01:35:00,268.2501170596399,341.3292932698497
2025-08-14 03:40:00,312.72857230227487,2025-08-14 01:40:00,269.2860432048189,342.6474359901196
2025-08-14 03:45:00,313.8765622244206,2025-08-14 01:45:00,270.2745606961942,343.90525455293874
2025-08-14 03:50:00,314.9541616571391,2025-08-14 01:50:00,271.2024659568496,345.08594834093236
2025-08-14 03:55:00,315.94685320257526,2025-08-14 01:55:00,272.0572582658011,346.17361107116733
2025-08-14 04:00:00,316.841616660046,2025-08-14 02:00:00,272.8277261168604,347.15397689531613
2025-08-14 04:05:00,317.6275423550407,2025-08-14 02:05:00,273.5044753473514,348.0150924060805
2025-08-14 04:10:00,318.2963443462593,2025-08-14 02:10:00,274.0803710532566,348.74787894294553
2025-08-14 04:15:00,318.84274548201495,2025-08-14 02:15:00,274.5508691557071,349.3465544870778
2025-08-14 04:20:00,319.2647121221295,2025-08-14 02:20:00,274.91421851660607,349.8088908391552
2025-08-14 04:25:00,319.56352348147453,2025-08-14 02:25:00,275.1715206493479,350.13628959703186
2025-08-14 04:30:00,319.7436684403432,2025-08-14 02:30:00,275.3266408637239,350.3336690939178
2025-08-14 04:35:00,319.8125711214922,2025-08-14 02:35:00,275.38597196428896,350.4091637212707
2025-08-14 04:40:00,319.7801552847631,2025-08-14 02:40:00,275.35805915687996,350.3736466488813
2025-08-14 04:45:00,319.6582657968727,2025-08-14 02:45:00,275.25310188463385,350.2400959464548
2025-08-14 04:50:00,319.4599733603323,2025-08-14 02:50:00,275.08235514013177,350.0228327956765
2025-08-14 04:55:00,319.19879532370965,2025-08-14 02:55:00,274.85745851640354,349.7366677550892
2025-08-14 05:00:00,318.8878707955704,2025-08-14 03:00:00,274.58972590949287,349.3959969568662
2025-08-14 05:05:00,318.539132026232,2025-08-14 03:05:00,274.2894320072891,349.0138942143363
2025-08-14 05:10:00,318.1625158679778,2025-08-14 03:10:00,273.96513328934134,348.60124704229116
2025-08-14 05:15:00,317.7652589324452,2025-08-14 03:15:00,273.62306109709584,348.16598438180756
2025-08-14 05:20:00,317.3513178524217,2025-08-14 03:20:00,273.26662242972736,347.7124413982648
2025-08-14 05:25:00,316.9209516971979,2025-08-14 03:25:00,272.89604036804906,347.240901946213
2025-08-14 05:30:00,316.47049743449554,2025-08-14 03:30:00,272.5081607280314,346.74735254965645
2025-08-14 05:35:00,315.9923613485873,2025-08-14 03:35:00,272.09644467106926,346.22347299914173
2025-08-14 05:40:00,315.47524003378817,2025-08-14 03:40:00,271.65115899827657,345.65687848778225
2025-08-14 05:45:00,314.90457423701537,2025-08-14 03:45:00,271.15976694773906,345.0316168731113
2025-08-14 05:50:00,314.26322788182523,2025-08-14 03:50:00,270.6075128922764,344.328912663612
2025-08-14 05:55:00,313.5323735824114,2025-08-14 03:55:00,269.9781848427174,343.5281372501828
2025-08-14 06:00:00,312.69255525287315,2025-08-14 04:00:00,269.25502944534725,342.6079731756458
2025-08-14 06:05:00,311.7248886780996,2025-08-14 04:05:00,268.42178577610406,341.5477295647134
2025-08-14 06:10:00,310.6123524684974,2025-08-14 04:10:00,267.4637969629927,340.3287565848544
2025-08-14 06:15:00,309.34111511179964,2025-08-14 04:15:00,266.3691528911731,338.9358994576638
2025-08-14 06:20:00,307.9018394024864,2025-08-14 04:20:00,265.12981342823736,337.3589276835518
2025-08-14 06:25:00,306.2909033056615,2025-08-14 04:25:00,263.74265969240764,335.59387270614013
2025-08-14 06:30:00,304.5114769100192,2025-08-14 04:30:00,262.2104214011345,333.64420789773675
2025-08-14 06:35:00,302.5743981867823,2025-08-14 04:35:00,260.5424309744314,331.52180810247086
2025-08-14 06:40:00,300.4987961001197,2025-08-14 04:40:00,258.7551600862288,329.2476323599255
2025-08-14 06:45:00,298.31241783417516,2025-08-14 04:45:00,256.8725014348276,326.85208243810285
2025-08-14 06:50:00,296.0516273503384,2025-08-14 04:50:00,254.9257675005868,324.37500125266905
2025-08-14 06:55:00,293.7610547225898,2025-08-14 04:55:00,252.95338859366848,321.86528865407547
2025-08-14 07:00:00,291.49288932971336,2025-08-14 05:00:00,251.00030423209174,319.3801269991966
2025-08-14 07:05:00,289.3058244085543,2025-08-14 05:05:00,249.1170543118327,316.983824729589
2025-08-14 07:10:00,287.2636750793557,2025-08-14 05:10:00,247.35858910846227,314.74630218277645
2025-08-14 07:15:00,285.4337063163853,2025-08-14 05:15:00,245.78282951687498,312.7412595991786
2025-08-14 07:20:00,283.8847204904728,2025-08-14 05:20:00,244.44902026187296,311.04408169910187
2025-08-14 07:25:00,282.6849658944481,2025-08-14 05:25:00,243.41592895971974,309.7295461159961
2025-08-14 07:30:00,281.8999371603679,2025-08-14 05:30:00,242.7399520892782,308.86941337874447
2025-08-14 07:35:00,281.5901454367512,2025-08-14 05:35:00,242.47319492393126,308.5299837608916
2025-08-14 07:40:00,281.8089402761142,2025-08-14 05:40:00,242.66159599049178,308.7697107873148
2025-08-14 07:45:00,282.60046593863757,2025-08-14 05:45:00,243.3431672718967,309.6369620166712
2025-08-14 07:50:00,283.99783238684506,2025-08-14 05:50:00,244.54641927722116,311.16801505442857
2025-08-14 07:55:00,286.02157543322176,2025-08-14 05:55:00,246.2890350970999,313.3853703822096
2025-08-14 08:00:00,288.6784716428117,2025-08-14 06:00:00,248.57684993352237,316.29645288166193
2025-08-14 08:05:00,291.96076176389823,2025-08-14 06:05:00,251.40318240724125,319.8927609704506
2025-08-14 08:10:00,295.84582236458215,2025-08-14 06:10:00,254.74855180878697,324.14950682418043
2025-08-14 08:15:00,300.2963092543337,2025-08-14 06:15:00,258.58080159668845,329.0257735191438
2025-08-14 08:20:00,305.26077888853814,2025-08-14 06:20:00,262.85563447992496,334.4651958868792
2025-08-14 08:25:00,310.67477611103334,2025-08-14 06:25:00,267.5175490572679,340.39715232145954
2025-08-14 08:30:00,316.46235864396516,2025-08-14 06:30:00,272.5011525334099,346.7384351178824
2025-08-14 08:35:00,322.53801189541485,2025-08-14 06:35:00,277.7328095320738,353.395348470085
2025-08-14 08:40:00,328.8088921700371,2025-08-14 06:40:00,283.13257369219656,360.2661662904134
2025-08-14 08:45:00,335.1773232236438,2025-08-14 06:45:00,288.616337414914,367.2438676105505
2025-08-14 08:50:00,341.54346062579356,2025-08-14 06:50:00,294.09812610758934,374.21905584470716
2025-08-14 08:55:00,347.8080312160663,2025-08-14 06:55:00,299.4924570899252,381.08296033073947
2025-08-14 09:00:00,353.8750514001833,2025-08-14 07:00:00,304.71668027937363,387.7304146867125
2025-08-14 09:05:00,359.654427981478,2025-08-14 07:05:00,309.69321772943806,394.0627064649255
2025-08-14 09:10:00,365.06434941922373,2025-08-14 07:10:00,314.35162270757786,399.9901971828501
2025-08-14 09:15:00,370.03338280461145,2025-08-14 07:15:00,318.63038537084464,405.4346199176129
2025-08-14 09:20:00,374.50220285931385,2025-08-14 07:20:00,322.47842158149825,410.3309737185216
2025-08-14 09:25:00,378.42489348501505,2025-08-14 07:25:00,325.8561936524515,414.62894967634304
2025-08-14 09:30:00,381.76977849792746,2025-08-14 07:30:00,328.73642568072825,418.2938411345127
2025-08-14 09:35:00,384.51975661265465,2025-08-14 07:35:00,331.10439199721486,421.30691072103406
2025-08-14 09:40:00,386.6721348966832,2025-08-14 07:40:00,332.9577737567357,423.6652078694965
2025-08-14 09:45:00,388.23797448572225,2025-08-14 07:45:00,334.30609554301054,425.38085193874855
2025-08-14 09:50:00,389.2409812665838,2025-08-14 07:50:00,335.1697701517532,426.47981676697896
2025-08-14 09:55:00,389.7159919855229,2025-08-14 07:55:00,335.5787950004944,427.00027194545555
2025-08-14 10:00:00,389.70712179446036,2025-08-14 08:00:00,335.5711570074702,426.99055313977703
2025-08-14 10:05:00,389.26565217709805,2025-08-14 08:05:00,335.1910139153969,426.5068479530616
2025-08-14 10:10:00,388.4477478883679,2025-08-14 08:10:00,334.4867283811046,425.6106944441081
2025-08-14 10:15:00,387.31209756151145,2025-08-14 08:15:00,333.5088363364729,424.36639601044084
2025-08-14 10:20:00,385.91757466172965,2025-08-14 08:20:00,332.30803286950413,422.83845856448886
2025-08-14 10:25:00,384.32101371111486,2025-08-14 08:25:00,330.9332573638275,421.0891540090953
2025-08-14 10:30:00,382.5751907073105,2025-08-14 08:30:00,329.42995446646387,419.17630744204763
2025-08-14 10:35:00,380.72708728022235,2025-08-14 08:35:00,327.8385793783161,417.15139524398904
2025-08-14 10:40:00,378.81650521981913,2025-08-14 08:40:00,326.19340484413,415.05802705755707
2025-08-14 10:45:00,376.8750824134707,2025-08-14 08:45:00,324.52167379039105,412.93086757906514
2025-08-14 10:50:00,374.9257436712252,2025-08-14 08:50:00,322.84312643892684,410.7950348440216
2025-08-14 10:55:00,372.9826006938487,2025-08-14 08:55:00,321.1699141708353,408.6659906250728
2025-08-14 11:00:00,371.05129602646184,2025-08-14 09:00:00,319.50689569997763,406.54991729181745
2025-08-14 11:05:00,369.1297664188985,2025-08-14 09:05:00,317.85229439152573,404.4445542021466
2025-08-14 11:10:00,367.20938289360265,2025-08-14 09:10:00,316.19867995791145,402.3404468408778
2025-08-14 11:15:00,365.27640845107237,2025-08-14 09:15:00,314.53422366786737,400.2225439844441
2025-08-14 11:20:00,363.31370068750925,2025-08-14 09:20:00,312.8441644458196,398.07206320863327
2025-08-14 11:25:00,361.30257597261635,2025-08-14 09:25:00,311.11241408838356,395.86853341299843
2025-08-14 11:30:00,359.2247449801265,2025-08-14 09:30:00,309.32322392166253,393.59191552434163
2025-08-14 11:35:00,357.06422631274035,2025-08-14 09:35:00,307.46283259595975,391.2246991988915
2025-08-14 11:40:00,354.8091461102017,2025-08-14 09:40:00,305.5210157022217,388.7538745995803
2025-08-14 11:45:00,352.453336532149,2025-08-14 09:45:00,303.49246220246454,386.1726838063691
2025-08-14 11:50:00,349.99765499156064,2025-08-14 09:50:00,301.37791040258304,383.4820662612681
2025-08-14 11:55:00,347.4509583395869,2025-08-14 09:55:00,299.1849868087961,380.69172615380916
2025-08-14 12:00:00,344.8306814043921,2025-08-14 10:00:00,296.9287042990629,377.82076630892254
2025-08-14 12:05:00,342.16298684632415,2025-08-14 10:05:00,294.6315911611984,374.89785237880915
2025-08-14 12:10:00,339.482472248883,2025-08-14 10:10:00,292.32343887314977,371.96089191118836
2025-08-14 12:15:00,336.8314400587081,2025-08-14 10:15:00,290.0406734588953,369.0562344441606
2025-08-14 12:20:00,334.25875555971095,2025-08-14 10:20:00,287.82537210651464,366.2374202222838
2025-08-14 12:25:00,331.8183364941577,2025-08-14 10:25:00,285.72396260278293,363.5635253191184
2025-08-14 12:30:00,329.56733472880114,2025-08-14 10:30:00,283.78565759221925,361.0971693426548
2025-08-14 12:35:00,327.5640844745765,2025-08-14 10:35:00,282.0606878187897,358.9022673603915
2025-08-14 12:40:00,325.86590264657815,2025-08-14 10:40:00,280.59840804774916,357.04161981889916
2025-08-14 12:45:00,324.52683422316625,2025-08-14 10:45:00,279.44535562703027,355.57444220055885
2025-08-14 12:50:00,323.5954389517291,2025-08-14 10:50:00,278.6433446516386,354.55393998260735
2025-08-14 12:55:00,323.11271497282576,2025-08-14 10:55:00,278.2276780264819,354.02503361359703
2025-08-14 13:00:00,323.11025008514315,2025-08-14 11:00:00,278.2255555474065,354.0223329091548
2025-08-14 13:05:00,323.60868260378464,2025-08-14 11:05:00,278.65474856856684,354.5684506599867
2025-08-14 13:10:00,324.6165414784083,2025-08-14 11:10:00,279.52260124495723,355.6727317836695
2025-08-14 13:15:00,326.12951990056376,2025-08-14 11:15:00,280.8254050462124,357.33045743771964
2025-08-14 13:20:00,328.1302189405929,2025-08-14 11:20:00,282.5481780060569,359.5225641301368
2025-08-14 13:25:00,330.58837831276026,2025-08-14 11:25:00,284.6648634308155,362.215896561924
2025-08-14 13:30:00,333.46159116176614,2025-08-14 11:30:00,287.138945391725,365.3639907975033
2025-08-14 13:35:00,336.6964795559878,2025-08-14 11:35:00,289.92446092513507,368.90836221785077
2025-08-14 13:40:00,340.2302881721023,2025-08-14 11:40:00,292.96737233124975,372.7802516735448
2025-08-14 13:45:00,343.9928360215061,2025-08-14 11:45:00,296.2072477774735,376.9027639336085
2025-08-14 13:50:00,347.908750976271,2025-08-14 11:50:00,299.57918541634064,381.1933159894297
2025-08-14 13:55:00,351.89990003504346,2025-08-14 11:55:00,303.0159060522749,385.5662998251405
2025-08-14 14:00:00,355.8879197506358,2025-08-14 12:00:00,306.44993205613054,389.93585493219655
2025-08-14 14:05:00,359.79674702940986,2025-08-14 12:05:00,309.81576659987894,394.2186412313186
2025-08-14 14:10:00,363.55505031580486,2025-08-14 12:10:00,313.05198711438555,398.3365028493858
2025-08-14 14:15:00,367.0984651962888,2025-08-14 12:15:00,316.1031703355858,402.21891760448375
2025-08-14 14:20:00,370.37154654973483,2025-08-14 12:20:00,318.921573272894,405.8051359192635
2025-08-14 14:25:00,373.32936106513546,2025-08-14 12:25:00,321.4685045031372,409.04592569544286
2025-08-14 14:30:00,375.93865894723626,2025-08-14 12:30:00,323.71533310930135,411.9048561169718
2025-08-14 14:35:00,378.17858100275566,2025-08-14 12:35:00,325.6440975422327,414.35907238346505
2025-08-14 14:40:00,380.040876796392,2025-08-14 12:40:00,327.2476934716145,416.39953473727866
2025-08-14 14:45:00,381.52962968586945,2025-08-14 12:45:00,328.52963701762866,418.0307171925526
2025-08-14 14:50:00,382.6605051328397,2025-08-14 12:50:00,329.50341748236264,419.2697839317247
2025-08-14 14:55:00,383.4595583803977,2025-08-14 12:55:00,330.191470658191,420.1452829130928
2025-08-14 15:00:00,383.9616557734635,2025-08-14 13:00:00,330.62381944962624,420.69541615830525
2025-08-14 15:05:00,384.20857985281685,2025-08-14 13:05:00,330.8364421972426,420.96596356000816
2025-08-14 15:10:00,384.2469012872485,2025-08-14 13:10:00,330.86944022928054,421.00795122092063
2025-08-14 15:15:00,384.12570996711946,2025-08-14 13:15:00,330.76508413917963,420.8751654802358
2025-08-14 15:20:00,383.8943030904328,2025-08-14 13:20:00,330.5658230299865,420.62161981799125
2025-08-14 15:25:00,383.5999293418524,2025-08-14 13:25:00,330.31234205958776,420.29908321882056
2025-08-14 15:30:00,383.285685323195,2025-08-14 13:30:00,330.0417510874804,419.9547753531354
2025-08-14 15:35:00,382.9886534833222,2025-08-14 13:35:00,329.78598127317673,419.6293263620484
2025-08-14 15:40:00,382.73836004775217,2025-08-14 13:40:00,329.570457221733,419.35508725651397
2025-08-14 15:45:00,382.55561739034033,2025-08-14 13:45:00,329.4131001667736,419.1548615382587
2025-08-14 15:50:00,382.4517986084953,2025-08-14 13:50:00,329.32370331771824,419.04111037332694
2025-08-14 15:55:00,382.4285732736879,2025-08-14 13:55:00,329.303704318374,419.0156630617392
2025-08-14 16:00:00,382.47811343664046,2025-08-14 14:00:00,329.34636263501903,419.06994275127715
2025-08-14 16:05:00,382.58375861743707,2025-08-14 14:05:00,329.43733216975306,419.18569504745585
2025-08-14 16:10:00,382.7211087783938,2025-08-14 14:10:00,329.5556024036025,419.33618555153157
2025-08-14 16:15:00,382.85949571463624,2025-08-14 14:15:00,329.674765389631,419.48781201958633
2025-08-14 16:20:00,382.9637669882845,2025-08-14 14:20:00,329.76455187282295,419.6020589663874
2025-08-14 16:25:00,382.99630289748524,2025-08-14 14:25:00,329.7925680728978,419.63770759862837
2025-08-14 16:30:00,382.91917678187957,2025-08-14 14:30:00,329.72615589205253,419.553202797658
2025-08-14 16:35:00,382.69636245764593,2025-08-14 14:35:00,329.534293705299,419.3090717406891
2025-08-14 16:40:00,382.2958902251567,2025-08-14 14:40:00,329.1894528674232,418.87028617454314
2025-08-14 16:45:00,381.69185460366657,2025-08-14 14:45:00,328.6693265442402,418.2084622310941
2025-08-14 16:50:00,380.8661827538672,2025-08-14 14:50:00,327.95835247563747,417.303798035494
2025-08-14 16:55:00,379.81008221576946,2025-08-14 14:55:00,327.04895960169205,416.14665994969994
2025-08-14 17:00:00,378.52509963250066,2025-08-14 15:00:00,325.94247971439506,414.73874258478634
2025-08-14 17:05:00,377.0237380620683,2025-08-14 15:05:00,324.6496790158688,413.0937451711649
2025-08-14 17:10:00,375.3295987014412,2025-08-14 15:10:00,323.1908801549197,411.23752684146365
2025-08-14 17:15:00,373.47703243252016,2025-08-14 15:15:00,321.5956621783215,409.2077248397648
2025-08-14 17:20:00,371.51030693589627,2025-08-14 15:20:00,319.9021433445388,407.0528419528145
2025-08-14 17:25:00,369.482315285277,2025-08-14 15:25:00,318.15586911309504,404.83083155517676
2025-08-14 17:30:00,367.4528710212849,2025-08-14 15:30:00,316.4083440573194,402.60722957208196
2025-08-14 17:35:00,365.48665222920766,2025-08-14 15:35:00,314.71526153948133,400.4529018662986
2025-08-14 17:40:00,363.6508718895715,2025-08-14 15:40:00,313.1344976834177,398.4414917102435
2025-08-14 17:45:00,362.01276379518237,2025-08-14 15:45:00,311.723946534118,396.64666517973205
2025-08-14 17:50:00,360.63698153997296,2025-08-14 15:50:00,310.53928036470046,395.13926130308033
2025-08-14 17:55:00,359.58301256248956,2025-08-14 15:55:00,309.63172294672074,393.98445870513046
2025-08-14 18:00:00,358.9027096383494,2025-08-14 16:00:00,309.0459239540873,393.23907093663485
2025-08-14 18:05:00,358.6380385319646,2025-08-14 16:05:00,308.81801949859,392.94907864294777
2025-08-14 18:10:00,358.8191330409433,2025-08-14 16:10:00,308.97395735680993,393.1474985337708
2025-08-14 18:15:00,359.4627374890026,2025-08-14 16:15:00,309.52815582332994,393.852676868759
2025-08-14 18:20:00,360.5711024665747,2025-08-14 16:20:00,310.48255284896754,395.0670795532033
2025-08-14 18:25:00,362.1313828378732,2025-08-14 16:25:00,311.8260876733807,396.7766325521995
2025-08-14 18:30:00,364.1155682161498,2025-08-14 16:30:00,313.53464095831856,398.95064571444556
2025-08-14 18:35:00,366.4809563115596,2025-08-14 16:35:00,315.57144238061073,401.5423314054809
2025-08-14 18:40:00,369.1711591609437,2025-08-14 16:40:00,317.8879370820567,404.4899070038621
2025-08-14 18:45:00,372.1176124274229,2025-08-14 16:45:00,320.4250853054406,407.71824859603345
2025-08-14 18:50:00,375.24153918528026,2025-08-14 16:50:00,323.11505338124516,411.14104263727035
2025-08-14 18:55:00,378.4563026747568,2025-08-14 16:55:00,325.8832396507226,414.66336379543776
2025-08-14 19:00:00,381.67006817552874,2025-08-14 17:00:00,328.65056656658413,418.1845914869345
2025-08-14 19:05:00,384.78868263966433,2025-08-14 17:05:00,331.3359603032225,421.60156500525085
2025-08-14 19:10:00,387.718672881656,2025-08-14 17:10:00,333.8589324547151,424.81186854900295
2025-08-14 19:15:00,390.37025862653104,2025-08-14 17:15:00,336.14217452690264,427.7171325295234
2025-08-14 19:20:00,392.6602764028077,2025-08-14 17:20:00,338.11407565925646,430.22623719378976
2025-08-14 19:25:00,394.51491333457454,2025-08-14 17:25:00,339.71107665363405,432.25830795945114
2025-08-14 19:30:00,395.8721569366335,2025-08-14 17:30:00,340.87977945738754,433.7453995828222
2025-08-14 19:35:00,396.683877087616,2025-08-14 17:35:00,341.57873992025316,434.63477731517355
2025-08-14 19:40:00,396.91746950630716,2025-08-14 17:40:00,341.7798829680051,434.890717611073
2025-08-14 19:45:00,396.55700551086477,2025-08-14 17:45:00,341.469492643463,434.49576788551445
2025-08-14 19:50:00,395.60385009327075,2025-08-14 17:50:00,340.64874432144836,433.4514237197917
2025-08-14 19:55:00,394.0767287130699,2025-08-14 17:55:00,339.33376222390507,431.7782020454199
2025-08-14 20:00:00,392.0112420977235,2025-08-14 18:00:00,337.555201621513,429.5151095252511
2025-08-14 20:05:00,389.45884686674685,2025-08-14 18:05:00,335.35737106390025,426.71852565352793
2025-08-14 20:10:00,386.4853376289321,2025-08-14 18:10:00,332.796925335551,423.4605396347597
2025-08-14 20:15:00,383.16888231928283,2025-08-14 18:15:00,329.94117371290156,419.82679776058023
2025-08-14 20:20:00,379.59767685680515,2025-08-14 18:20:00,326.86606042414036,415.91393368774095
2025-08-14 20:25:00,375.86729679137153,2025-08-14 18:25:00,323.6538841906883,411.8266667160042
2025-08-14 20:30:00,372.0778325577253,2025-08-14 18:30:00,320.39083143592296,407.674662970788
2025-08-14 20:35:00,368.330900791668,2025-08-14 18:35:00,317.1644027728434,403.56926079081546
2025-08-14 20:40:00,364.72662653887176,2025-08-14 18:40:00,314.06081442779646,399.6201642236744
2025-08-14 20:45:00,361.3606908347086,2025-08-14 18:45:00,311.1624559542387,395.9322081464653
2025-08-14 20:50:00,358.3215342185422,2025-08-14 18:50:00,308.5454822194046,392.6022942392216
2025-08-14 20:55:00,355.6878001971793,2025-08-14 18:55:00,306.27761200772085,389.71658986351883
2025-08-14 21:00:00,353.52609346014447,2025-08-14 19:00:00,304.4161976524548,387.34807180533636
2025-08-14 21:05:00,351.8891162954737,2025-08-14 19:05:00,303.0066203303521,385.55448440102765
2025-08-14 21:10:00,350.8142334371866,2025-08-14 19:10:00,302.08105427258545,384.3767670831939
2025-08-14 21:15:00,350.32250126066793,2025-08-14 19:15:00,301.6576308189612,383.83799069881195
2025-08-14 21:20:00,350.41818206034606,2025-08-14 19:20:00,301.74002016946514,383.94282531766953
2025-08-14 21:25:00,351.08874878052507,2025-08-14 19:25:00,302.31743545791306,384.6775454157985
2025-08-14 21:30:00,352.3053705670305,2025-08-14 19:30:00,303.36505085343936,386.01056188003395
2025-08-14 21:35:00,354.02385513834565,2025-08-14 19:35:00,304.84481302263026,387.8934545361632
2025-08-14 21:40:00,356.186010940043,2025-08-14 19:40:00,306.70661406097173,390.2624646211984
2025-08-14 21:45:00,358.7213804656359,2025-08-14 19:45:00,308.88978403032485,393.04039393170666
2025-08-14 21:50:00,361.54928650580564,2025-08-14 19:50:00,311.32485295449163,396.138846838493
2025-08-14 21:55:00,364.58112554372536,2025-08-14 19:55:00,313.935525628705,399.4607430919438
2025-08-14 22:00:00,367.72283715546655,2025-08-14 20:00:00,316.6408079845451,402.9030234709269
2025-08-14 22:05:00,370.87747533927575,2025-08-14 20:05:00,319.3572212243297,406.3594671121365
2025-08-14 22:10:00,373.94780702928574,2025-08-14 20:10:00,322.0010393636265,409.7235386246181
2025-08-14 22:15:00,376.83886458091456,2025-08-14 20:15:00,324.49048713945376,412.8911847724347
2025-08-14 22:20:00,379.46038264952404,2025-08-14 20:20:00,326.7478383711904,415.76350449045066
2025-08-14 22:25:00,381.72905544815484,2025-08-14 20:25:00,328.70135965251166,418.24922209478905
2025-08-14 22:30:00,383.57055752542146,2025-08-14 20:30:00,330.2870504139598,420.26690138933077
2025-08-14 22:35:00,384.9212796596667,2025-08-14 20:35:00,331.45013767625346,421.7468476335354
2025-08-14 22:40:00,385.72974106493723,2025-08-14 20:40:00,332.14629208039497,422.6326548547098
2025-08-14 22:45:00,385.9576493509653,2025-08-14 20:45:00,332.342540603855,422.8823672147718
2025-08-14 22:50:00,385.5805903171543,2025-08-14 20:50:00,332.01786053218103,422.46923479709375
2025-08-14 22:55:00,384.588340384894,2025-08-14 20:55:00,331.16344848993776,421.3820559293383
2025-08-14 23:00:00,382.98480500095195,2025-08-14 21:00:00,329.7826674007595,419.6251096938786
2025-08-14 23:05:00,380.7875963154698,2025-08-14 21:05:00,327.8906828319915,417.2176932020846
2025-08-14 23:10:00,378.027272654247,2025-08-14 21:10:00,325.5138081152904,414.19328830662573
2025-08-14 23:15:00,374.7462706821891,2025-08-14 21:15:00,322.68858484803906,410.59839160458245
2025-08-14 23:20:00,370.9975681609188,2025-08-14 21:20:00,319.4606314132979,406.4910492605595
2025-08-14 23:25:00,366.8431212010356,2025-08-14 21:25:00,315.8832973203648,401.9391447502643
2025-08-14 23:30:00,362.35212426112616,2025-08-14 21:30:00,312.0161649151293,397.0184923929477
2025-08-14 23:35:00,357.5991444062637,2025-08-14 21:35:00,307.92344281709535,391.81079311369166
2025-08-14 23:40:00,352.6621826939555,2025-08-14 21:40:00,303.6722966069047,386.40151036139906
2025-08-14 23:45:00,347.6207159496756,2025-08-14 21:45:00,299.3311626276161,380.8777245402325
2025-08-14 23:50:00,342.55377088196656,2025-08-14 21:50:00,294.96808963311946,375.326022874562
2025-08-14 23:55:00,337.538079960792,2025-08-14 21:55:00,290.64915084170025,369.83047885948486
2025-08-15 00:00:00,332.6463647957024,2025-08-14 22:00:00,286.4369657778464,364.47077140911534
2025-08-15 00:05:00,327.94578790597865,2025-08-14 22:05:00,282.3893671139474,359.3204885069779
2025-08-15 00:10:00,323.4966080462599,2025-08-14 22:10:00,278.55824279067264,354.44565388611704
2025-08-15 00:15:00,319.35106780507965,2025-08-14 22:15:00,274.9885781441857,349.9035082037542
2025-08-15 00:20:00,315.55253497853437,2025-08-14 22:20:00,271.71771655544893,345.7415682698425
2025-08-15 00:25:00,312.134911870558,2025-08-14 22:25:00,268.7748508072475,341.9969798348696
2025-08-15 00:30:00,309.1223188374102,2025-08-14 22:30:00,266.18075058893214,338.69617085892463
2025-08-15 00:35:00,306.52905078787217,2025-08-14 22:35:00,263.9477250393684,335.85480385025096
2025-08-15 00:40:00,304.35979774171176,2025-08-14 22:40:00,262.0798126666354,333.4780175246249
2025-08-15 00:45:00,302.61011347542444,2025-08-14 22:45:00,260.57318489208456,331.5609402866163
2025-08-15 00:50:00,301.26710961383304,2025-08-14 22:50:00,259.4167437225608,330.08945072520095
2025-08-15 00:55:00,300.3103467476909,2025-08-14 22:55:00,258.5928890788614,329.04115398492974
2025-08-15 01:00:00,299.7128891630301,2025-08-14 23:00:00,258.07842700789814,328.3865374016423
2025-08-15 01:05:00,299.44248585502015,2025-08-14 23:05:00,257.84558663662204,328.09026450437943
2025-08-15 01:10:00,299.462837660781,2025-08-14 23:10:00,257.86311128173224,328.11256337528334
2025-08-15 01:15:00,299.7349088594902,2025-08-14 23:15:00,258.09738784952714,328.4106637309948
2025-08-15 01:20:00,300.21824117449756,2025-08-14 23:20:00,258.5135783040903,328.94023663586
2025-08-15 01:25:00,300.8722291778768,2025-08-14 23:25:00,259.0767178996729,329.656791924929
2025-08-15 01:30:00,301.65731830332595,2025-08-14 23:30:00,259.75274677224735,330.51699083121525
2025-08-15 01:35:00,302.53609011008103,2025-08-14 23:35:00,260.50944444454154,331.479835077228
2025-08-15 01:40:00,303.47420399985475,2025-08-14 23:40:00,261.31724072485224,332.50769868633563
2025-08-15 01:45:00,304.4411700803496,2025-08-14 23:45:00,262.14988120861983,333.56717478643026
2025-08-15 01:50:00,305.41093418501083,2025-08-14 23:50:00,262.98493103046303,334.62971659874745
2025-08-15 01:55:00,306.3622628997583,2025-08-14 23:55:00,263.80410640511946,335.6720593002545
2025-08-15 02:00:00,307.2789238012594,2025-08-15 00:00:00,264.59342982801155,336.6764175053888
2025-08-15 02:05:00,308.1496633089987,2025-08-15 00:05:00,265.3432110039848,337.6304609992266
2025-08-15 02:10:00,308.967991989154,2025-08-15 00:10:00,266.04786197558525,338.52707950129735
2025-08-15 02:15:00,309.7317937889619,2025-08-15 00:15:00,266.7055606404332,339.36395451524993
2025-08-15 02:20:00,310.4427819926352,2025-08-15 00:20:00,267.3177822827442,340.1429632358615
2025-08-15 02:25:00,311.105829951331,2025-08-15 00:25:00,267.888723274601,340.8694452496827
2025-08-15 02:30:00,311.7282088570522,2025-08-15 00:30:00,268.4246447341017,341.5513673864729
2025-08-15 02:35:00,312.3187678087709,2025-08-15 00:35:00,268.93316649217695,342.19842534193157
2025-08-15 02:40:00,312.88709303320894,2025-08-15 00:40:00,269.42254310978416,342.82112246080555
2025-08-15 02:45:00,313.4426832130774,2025-08-15 00:45:00,269.9009537650012,343.42986616846144
2025-08-15 02:50:00,313.9941765823291,2025-08-15 00:50:00,270.37583671594547,344.0341211220414
2025-08-15 02:55:00,314.54866264607426,2025-08-15 00:55:00,270.8532966327638,344.6416550823567
2025-08-15 03:00:00,315.11110728715374,2025-08-15 01:00:00,271.3376095652311,345.2579090201836
2025-08-15 03:05:00,315.68391469488273,2025-08-15 01:05:00,271.8308457259381,345.88551713456076
2025-08-15 03:10:00,316.26664329201105,2025-08-15 01:10:00,272.33262487911156,346.5239956023713
2025-08-15 03:15:00,316.8558857900569,2025-08-15 01:15:00,272.8400130580002,347.16961115852416
2025-08-15 03:20:00,317.4453160633103,2025-08-15 01:20:00,273.3475629273998,347.81543245441145
2025-08-15 03:25:00,318.02589787814367,2025-08-15 01:25:00,273.84749351743886,348.45155875643303
2025-08-15 03:30:00,318.5862431642273,2025-08-15 01:30:00,274.329998725732,349.0655124931582
2025-08-15 03:35:00,319.11310052237957,2025-08-15 01:35:00,274.783667964413,349.64277449891097
2025-08-15 03:40:00,319.5919486524994,2025-08-15 01:40:00,275.1959971523305,350.1674342151828
2025-08-15 03:45:00,320.0076643355919,2025-08-15 01:45:00,275.55396390469355,350.6229215787578
2025-08-15 03:50:00,320.3452309396567,2025-08-15 01:50:00,275.84463761722793,350.99278331063334
2025-08-15 03:55:00,320.5904513971448,2025-08-15 01:55:00,276.05579340073604,351.2614641043071
2025-08-15 04:00:00,320.7306289164426,2025-08-15 02:00:00,276.17649823189385,351.4150524611919
2025-08-15 04:05:00,320.75518011511764,2025-08-15 02:05:00,276.1976389134071,351.44195248255727
2025-08-15 04:10:00,320.6561480172917,2025-08-15 02:10:00,276.1123638086174,351.33344594555945
2025-08-15 04:15:00,320.4285868908833,2025-08-15 02:15:00,275.91641421927665,351.0841139580125
2025-08-15 04:20:00,320.07079675873814,2025-08-15 02:20:00,275.60832631968435,350.6920939052889
2025-08-15 04:25:00,319.58439253001563,2025-08-15 02:25:00,275.189490684723,350.15915519553323
2025-08-15 04:30:00,318.97420057836405,2025-08-15 02:30:00,274.6640632348229,349.4905859434307
2025-08-15 04:35:00,318.2479841378247,2025-08-15 02:35:00,274.0387287783534,348.6948920946315
2025-08-15 04:40:00,317.41600744249877,2025-08-15 02:40:00,273.3223256986041,347.7833198664904
2025-08-15 04:45:00,316.49045700355845,2025-08-15 02:45:00,272.52534762380316,346.7692216584255
2025-08-15 04:50:00,315.4847461227167,2025-08-15 02:50:00,271.65934455374105,345.66729402792197
2025-08-15 04:55:00,314.4127354713554,2025-08-15 02:55:00,270.7362517117494,344.4927237021636
2025-08-15 05:00:00,313.28790800561893,2025-08-15 03:00:00,269.76767907604057,343.2602835569333
2025-08-15 05:05:00,312.122540129234,2025-08-15 03:05:00,268.76419768001904,341.98342448425933
2025-08-15 05:10:00,310.9269129308615,2025-08-15 03:10:00,267.7346604201917,340.67341116853834
2025-08-15 05:15:00,309.7086071391062,2025-08-15 03:15:00,266.68559495214043,339.3385495896182
2025-08-15 05:20:00,308.4719231672232,2025-08-15 03:20:00,265.62070429942037,337.98355158295635
2025-08-15 05:25:00,307.21746332520496,2025-08-15 03:25:00,264.5405071024405,336.60907708177564
2025-08-15 05:30:00,305.94190706011204,2025-08-15 03:30:00,263.4421440811685,335.2114878545503
2025-08-15 05:35:00,304.6380021753974,2025-08-15 03:35:00,262.3193704742182,333.7828378842795
2025-08-15 05:40:00,303.29478561494204,2025-08-15 03:40:00,261.162746152784,332.31111527501747
2025-08-15 05:45:00,301.8980371057566,2025-08-15 03:45:00,259.96002624579955,330.7807392947479
2025-08-15 05:50:00,300.4309579742726,2025-08-15 03:50:00,258.69674565881235,329.1733041342927
2025-08-15 05:55:00,298.8750564619568,2025-08-15 03:55:00,257.35698140643393,327.4685489214149
2025-08-15 06:00:00,297.2112101376096,2025-08-15 04:00:00,255.92426744017934,325.64552177451225
2025-08-15 06:05:00,295.4208662774557,2025-08-15 04:05:00,254.38262827837323,323.6838950235371
2025-08-15 06:10:00,293.48733261332103,2025-08-15 04:10:00,252.71769045070695,321.56537944455147
2025-08-15 06:15:00,291.3971042096668,2025-08-15 04:15:00,250.91782505282984,319.2751780796005
2025-08-15 06:20:00,289.14116769294884,2025-08-15 04:20:00,248.9752707993571,316.8034152422006
2025-08-15 06:25:00,286.7162219396085,2025-08-15 04:25:00,246.88718514061475,314.14647398902315
2025-08-15 06:30:00,284.1257548473178,2025-08-15 04:30:00,244.65657145476007,311.30817590626197
2025-08-15 06:35:00,281.38091890711434,2025-08-15 04:35:00,242.2930329902627,308.30074044809356
2025-08-15 06:40:00,278.5011541492735,2025-08-15 04:40:00,239.81330927557093,305.1454674800223
2025-08-15 06:45:00,275.51451518708734,2025-08-15 04:45:00,237.24155773177188,301.87309561106457
2025-08-15 06:50:00,272.45766961732016,2025-08-15 04:50:00,234.60935229524677,298.523800441175
2025-08-15 06:55:00,269.3755471886034,2025-08-15 04:55:00,231.9553813216584,295.14681016544586
2025-08-15 07:00:00,266.3206328195648,2025-08-15 05:00:00,229.32483881410397,291.7996309550069
2025-08-15 07:05:00,263.35191101513,2025-08-15 05:05:00,226.7685154752841,288.546890385225
2025-08-15 07:10:00,260.5334837277073,2025-08-15 05:10:00,224.34160856779192,285.45882306713384
2025-08-15 07:15:00,257.9328981791226,2025-08-15 05:15:00,222.10228202580555,282.60943849144434
2025-08-15 07:20:00,255.61923425075156,2025-08-15 05:20:00,220.11001953443795,280.07442543855035
2025-08-15 07:25:00,253.66101289147701,2025-08-15 05:25:00,218.42382349012988,277.9288602830648
2025-08-15 07:30:00,252.12399636633972,2025-08-15 05:30:00,217.1003208266298,276.2447967914063
2025-08-15 07:35:00,251.06895833146518,2025-08-15 05:35:00,216.1918428588177,275.0888228589305
2025-08-15 07:40:00,250.5495055726912,2025-08-15 05:40:00,215.74454961339313,274.51967385344767
2025-08-15 07:45:00,250.61003419099416,2025-08-15 05:45:00,215.79666992975393,274.58599326811725
2025-08-15 07:50:00,251.28390048277578,2025-08-15 05:50:00,216.37692643150902,275.32432860914247
2025-08-15 07:55:00,252.5918809730621,2025-08-15 05:55:00,217.503209483375,276.7574440997492
2025-08-15 08:00:00,254.54098720217743,2025-08-15 06:00:00,219.18155662115112,278.8930220770413
2025-08-15 08:05:00,257.1236890505528,2025-08-15 06:05:00,221.40548376796306,281.7228120119929
2025-08-15 08:10:00,260.3175862858984,2025-08-15 06:10:00,224.15570240829155,285.2222706334114
2025-08-15 08:15:00,264.08555188141065,2025-08-15 06:15:00,227.40024299720403,289.35071895745307
2025-08-15 08:20:00,268.3763533287487,2025-08-15 06:20:00,231.0949899639581,294.0520230418524
2025-08-15 08:25:00,273.12574028994845,2025-08-15 06:25:00,235.1846182733083,299.25578569391683
2025-08-15 08:30:00,278.2579690285785,2025-08-15 06:30:00,239.6039060910901,304.87901674460136
2025-08-15 08:35:00,283.6877170992229,2025-08-15 06:35:00,244.2793834955965,310.82823091707644
2025-08-15 08:40:00,289.32232654096316,2025-08-15 06:40:00,249.13126405898853,317.00190562739965
2025-08-15 08:45:00,295.0643003157993,2025-08-15 06:45:00,254.0755944942547,323.2932162581674
2025-08-15 08:50:00,300.813966647041,2025-08-15 06:50:00,259.0265488784019,329.59295539519263
2025-08-15 08:55:00,306.47221840129487,2025-08-15 06:55:00,263.8987874946003,335.7925342872285
2025-08-15 09:00:00,311.94323131907134,2025-08-15 07:00:00,268.60979746118073,341.78696113075006
2025-08-15 09:05:00,317.13706483755584,2025-08-15 07:05:00,273.0821322624453,347.4776907144482
2025-08-15 09:10:00,321.9720532789269,2025-08-15 07:10:00,277.2454707662881,352.77524437346074
2025-08-15 09:15:00,326.37690279251837,2025-08-15 07:15:00,281.038422870713,357.6015075468032
2025-08-15 09:20:00,330.2924203309337,2025-08-15 07:20:00,284.4100183001188,361.89162416529865
2025-08-15 09:25:00,333.6728151778862,2025-08-15 07:25:00,287.3208273320672,365.5954226970904
2025-08-15 09:30:00,336.48652963837867,2025-08-15 07:30:00,289.7436760925631,368.67832631027284
2025-08-15 09:35:00,338.7165740228539,2025-08-15 07:35:00,291.66393500605307,371.12171990510564
2025-08-15 09:40:00,340.3603600928669,2025-08-15 07:40:00,293.07937537790747,372.9227676253691
2025-08-15 09:45:00,341.4290467583801,2025-08-15 07:45:00,293.9996059838389,374.0936959582653
2025-08-15 09:50:00,341.9464307632331,2025-08-15 07:50:00,294.4451178552315,374.6605782913379
2025-08-15 09:55:00,341.94743280332796,2025-08-15 07:55:00,294.4459806974409,374.6616761969969
2025-08-15 10:00:00,341.47624505826616,2025-08-15 08:00:00,294.0402477561232,374.1454097377898
2025-08-15 10:05:00,340.5842191538746,2025-08-15 08:05:00,293.2721371723623,373.168043369484
2025-08-15 10:10:00,339.3275831123293,2025-08-15 08:10:00,292.1900660814957,371.79118447092424
2025-08-15 10:15:00,337.7650819677239,2025-08-15 08:15:00,290.8446189813596,370.07919823637843
2025-08-15 10:20:00,335.9556387571774,2025-08-15 08:20:00,289.286533645617,368.09664489275804
2025-08-15 10:25:00,333.95613077400265,2025-08-15 08:25:00,287.5647862875754,365.9058432060661
2025-08-15 10:30:00,331.81937001543014,2025-08-15 08:30:00,285.72485255297835,363.56465771777147
2025-08-15 10:35:00,329.5923673932632,2025-08-15 08:35:00,283.8072128569469,361.1245968918256
2025-08-15 10:40:00,327.3149472787553,2025-08-15 08:40:00,281.8461593886436,358.62929511251076
2025-08-15 10:45:00,325.0187635157865,2025-08-15 08:45:00,279.868948814474,356.1134345592162
2025-08-15 10:50:00,322.72675027496354,2025-08-15 08:50:00,277.8953294165071,353.6021435235372
2025-08-15 10:55:00,320.45302209162617,2025-08-15 08:55:00,275.9374550166509,351.11088688387855
2025-08-15 11:00:00,318.2032178703147,2025-08-15 09:00:00,274.000181193916,348.6458430209628
2025-08-15 11:05:00,315.9752643166328,2025-08-15 09:05:00,272.08172266453283,346.2047402875154
2025-08-15 11:10:00,313.7605160627344,2025-08-15 09:10:00,270.17463502749206,343.7781062099986
2025-08-15 11:15:00,311.54521345153523,2025-08-15 09:15:00,268.2670700414104,341.35086473960325
2025-08-15 11:20:00,309.3121852197932,2025-08-15 09:20:00,266.344241780265,338.9042018316794
2025-08-15 11:25:00,307.04271276964795,2025-08-15 09:25:00,264.390031930609,336.41760807285635
2025-08-15 11:30:00,304.7184657563561,2025-08-15 09:30:00,262.3886564981301,333.8709994472065
2025-08-15 11:35:00,302.32341582694426,2025-08-15 09:35:00,260.32631370028076,331.2468141630168
2025-08-15 11:40:00,299.8456362911062,2025-08-15 09:40:00,258.19273363681674,328.5319844988981
2025-08-15 11:45:00,297.2789007074722,2025-08-15 09:45:00,255.98255480927511,325.71968832742226
2025-08-15 11:50:00,294.62400221406955,2025-08-15 09:50:00,253.69646017732123,322.81079466643894
2025-08-15 11:55:00,291.88972779238514,2025-08-15 09:55:00,251.34201608341908,319.8149311513587
2025-08-15 12:00:00,289.09343693253015,2025-08-15 10:00:00,248.93417053302173,316.751118061438
2025-08-15 12:05:00,286.2612115730713,2025-08-15 10:05:00,246.49538230558775,313.64793260441246
2025-08-15 12:10:00,283.427563297676,2025-08-15 10:10:00,244.05536882585426,310.5431881005315
2025-08-15 12:15:00,280.6347033853113,2025-08-15 10:15:00,241.65047761463768,307.4831341981769
2025-08-15 12:20:00,277.93140090357855,2025-08-15 10:20:00,239.32270300954676,304.52120572054446
2025-08-15 12:25:00,275.3714724247657,2025-08-15 10:25:00,237.11838568135417,301.7163678922456
2025-08-15 12:30:00,273.01196382004423,2025-08-15 10:30:00,235.08664700331923,299.1311241850509
2025-08-15 12:35:00,270.91109859715704,2025-08-15 10:35:00,233.27762239449302,296.82926837224943
2025-08-15 12:40:00,269.1260783632578,2025-08-15 10:40:00,231.7405673301331,294.8734745609156
2025-08-15 12:45:00,267.71082832047045,2025-08-15 10:45:00,230.52191602059017,293.3228269981554
2025-08-15 12:50:00,266.7137840865749,2025-08-15 10:50:00,229.66337567466232,292.23039515606956
2025-08-15 12:55:00,266.1758154459863,2025-08-15 10:55:00,229.2001386716412,291.64095884718444
2025-08-15 13:00:00,266.12837773560517,2025-08-15 11:00:00,229.15929074644785,291.58898275267
2025-08-15 13:05:00,266.59197283361993,2025-08-15 11:05:00,229.55848576938575,292.09693017334513
2025-08-15 13:10:00,267.5749894055071,2025-08-15 11:10:00,230.40494709877268,293.1739923215628
2025-08-15 13:15:00,269.07297663488293,2025-08-15 11:15:00,231.69484220109823,294.8152925696113
2025-08-15 13:20:00,271.0683880004997,2025-08-15 11:20:00,233.41306202110715,297.00160571375613
2025-08-15 13:25:00,273.5308121668884,2025-08-15 11:25:00,235.53341979838694,299.6996109542804
2025-08-15 13:30:00,276.4176878925206,2025-08-15 11:30:00,238.01926666442938,302.86267519918687
2025-08-15 13:35:00,279.6754796809791,2025-08-15 11:35:00,240.82450397882224,306.4321411903724
2025-08-15 13:40:00,283.2412715715189,2025-08-15 11:40:00,243.89495571921253,310.33907377274886
2025-08-15 13:45:00,287.0447190153506,2025-08-15 11:45:00,247.17004921369806,314.50639850728714
2025-08-15 13:50:00,291.01028353675446,2025-08-15 11:50:00,250.58473937513963,318.8513501230258
2025-08-15 13:55:00,295.0596631177892,2025-08-15 11:55:00,254.0716014702259,323.28813541762685
2025-08-15 14:00:00,299.1143227817671,2025-08-15 12:00:00,257.56301016824347,327.7307059427521
2025-08-15 14:05:00,303.09802550908796,2025-08-15 12:05:00,260.99331887603745,332.095531053596
2025-08-15 14:10:00,306.93926356299494,2025-08-15 12:10:00,264.3009533173976,336.3042618405185
2025-08-15 14:15:00,310.5734942295032,2025-08-15 12:15:00,267.4303366963224,340.28618076307885
2025-08-15 14:20:00,313.94509210738454,2025-08-15 12:20:00,270.3335707856427,343.98034071635976
2025-08-15 14:25:00,317.00894174452804,2025-08-15 12:25:00,272.9718073231198,347.33731003546546
2025-08-15 14:30:00,319.73160948883867,2025-08-15 12:30:00,275.31625707527775,350.3204564578503
2025-08-15 14:35:00,322.09205070476605,2025-08-15 12:35:00,277.3487988113116,352.9067219995263
2025-08-15 14:40:00,324.08182805719076,2025-08-15 12:40:00,279.06216726417915,355.08686212225405
2025-08-15 14:45:00,325.7048366831046,2025-08-15 12:45:00,280.4597164799162,356.8651446122904
2025-08-15 14:50:00,326.9765526324211,2025-08-15 12:50:00,281.55477266090656,358.25852611924097
2025-08-15 14:55:00,327.9228406768063,2025-08-15 12:55:00,282.3696075873367,359.29534590749904
2025-08-15 15:00:00,328.57837574440833,2025-08-15 13:00:00,282.9340793375097,360.0135962690245
2025-08-15 15:05:00,328.9847481694225,2025-08-15 13:05:00,283.2840007456944,360.4588465014005
2025-08-15 15:10:00,329.1883357226822,2025-08-15 13:10:00,283.4593070384947,360.6819113547664
2025-08-15 15:15:00,329.23803484081526,2025-08-15 13:15:00,283.50210222914296,360.7363652067886
2025-08-15 15:20:00,329.18294884738935,2025-08-15 13:20:00,283.4546684782181,360.676009115027
2025-08-15 15:25:00,329.07013224090775,2025-08-15 13:25:00,283.357523732717,360.55239930008923
2025-08-15 15:30:00,328.942487240165,2025-08-15 13:30:00,283.2476104717321,360.4125424526657
2025-08-15 15:35:00,328.83690185689295,2025-08-15 13:35:00,283.15669242778023,360.29685567486393
2025-08-15 15:40:00,328.7827079155506,2025-08-15 13:40:00,283.1100268099816,360.23747697815435
2025-08-15 15:45:00,328.8005235658018,2025-08-15 13:45:00,283.125367608323,360.2569970585683
2025-08-15 15:50:00,328.9015279556674,2025-08-15 13:50:00,283.21234102521606,360.36766457754936
2025-08-15 15:55:00,329.0871971012875,2025-08-15 13:55:00,283.3722180367765,360.5710967622738
2025-08-15 16:00:00,329.34950999813503,2025-08-15 14:00:00,283.59809187220395,360.8585052356034
2025-08-15 16:05:00,329.67161372800786,2025-08-15 14:05:00,283.8754507277777,361.21142475412154
2025-08-15 16:10:00,330.02891652780124,2025-08-15 14:10:00,284.1831189925417,361.6029108512184
2025-08-15 16:15:00,330.39055929475177,2025-08-15 14:15:00,284.4945243401529,361.99915212181196
2025-08-15 16:20:00,330.72119961443224,2025-08-15 14:20:00,284.779233929543,362.3614249289924
2025-08-15 16:25:00,330.98302883730184,2025-08-15 14:25:00,285.0046912803149,362.6483034550672
2025-08-15 16:30:00,331.1379324766874,2025-08-15 14:30:00,285.13807656014745,362.81802678565464
2025-08-15 16:35:00,331.1496977442967,2025-08-15 14:35:00,285.1482074616459,362.8309176409749
2025-08-15 16:40:00,330.98616965132504,2025-08-15 14:40:00,285.00739578977027,362.651744751985
2025-08-15 16:45:00,330.621258824635,2025-08-15 14:45:00,284.69317636326076,362.2519227651103
2025-08-15 16:50:00,330.0367100347445,2025-08-15 14:50:00,284.18982986846834,361.61144996599074
2025-08-15 16:55:00,329.2235500121456,2025-08-15 14:55:00,283.4896295530129,360.72049460894755
2025-08-15 17:00:00,328.183146244745,2025-08-15 15:00:00,282.5937529409203,359.58055500998535
2025-08-15 17:05:00,326.92782439526894,2025-08-15 15:05:00,281.5128134818062,358.20513603275936
2025-08-15 17:10:00,325.48101008402057,2025-08-15 15:10:00,280.2669826379535,356.619904435744
2025-08-15 17:15:00,323.8768805175041,2025-08-15 15:15:00,278.8856899067683,354.86230717203273
2025-08-15 17:20:00,322.159531684308,2025-08-15 15:20:00,277.40690570521855,352.98065891052846
2025-08-15 17:25:00,320.38168700649885,2025-08-15 15:25:00,275.8760294082577,351.03272714351624
2025-08-15 17:30:00,318.6029925051139,2025-08-15 15:30:00,274.3444213405268,349.0838642499774
2025-08-15 17:35:00,316.8879609156987,2025-08-15 15:35:00,272.8676324840277,347.2047549238646
2025-08-15 17:40:00,315.30364212759173,2025-08-15 15:40:00,271.503398527138,345.4688637434095
2025-08-15 17:45:00,313.9171091544109,2025-08-15 15:45:00,270.30947507021773,343.94968062343236
2025-08-15 17:50:00,312.79285717706017,2025-08-15 15:50:00,269.3413979792209,342.71787102378465
2025-08-15 17:55:00,311.99021765602606,2025-08-15 15:55:00,268.6502567152555,341.8384426687674
2025-08-15 18:00:00,311.5608898612864,2025-08-15 16:00:00,268.2805687707477,341.3680409175496
2025-08-15 18:05:00,311.54668859197636,2025-08-15 16:05:00,268.26834026347433,341.352481007302
2025-08-15 18:10:00,311.9775992611674,2025-08-15 16:10:00,268.63939119824164,341.8246170671833
2025-08-15 18:15:00,312.87022043705434,2025-08-15 16:15:00,269.4080143616636,342.8026356568391
2025-08-15 18:20:00,314.22665962849226,2025-08-15 16:20:00,270.57602449908467,344.2888459113133
2025-08-15 18:25:00,316.0339313324801,2025-08-15 16:25:00,272.13223998198754,346.2690199995011
2025-08-15 18:30:00,318.2638875518754,2025-08-15 16:30:00,274.0524229778045,348.7123169944667
2025-08-15 18:35:00,320.8736911778499,2025-08-15 16:35:00,276.29968707269177,351.5718015445816
2025-08-15 18:40:00,323.806822244446,2025-08-15 16:40:00,278.825363742751,354.785546396845
2025-08-15 18:45:00,326.99458728564605,2025-08-15 16:45:00,281.570302039536,358.278286154728
2025-08-15 18:50:00,330.3580831154455,2025-08-15 16:50:00,284.46655957262493,361.9635689338476
2025-08-15 18:55:00,333.8105496465379,2025-08-15 16:55:00,287.4394284877054,365.7463342757272
2025-08-15 19:00:00,337.2600317561258,2025-08-15 17:00:00,290.4097275606628,369.52582967534045
2025-08-15 19:05:00,340.61225896307906,2025-08-15 17:05:00,293.29628184586403,373.19876575809985
2025-08-15 19:10:00,343.77364362309316,2025-08-15 17:10:00,296.01850437857445,376.662601313507
2025-08-15 19:15:00,346.65429401269694,2025-08-15 17:15:00,298.49899069794736,379.8188446420751
2025-08-15 19:20:00,349.17093821645443,2025-08-15 17:20:00,300.6660365639361,382.57625717195225
2025-08-15 19:25:00,351.2496579503098,2025-08-15 17:25:00,302.45599201297205,384.8538488282054
2025-08-15 19:30:00,352.8283383653994,2025-08-15 17:30:00,303.81537084853784,386.5835622103118
2025-08-15 19:35:00,353.8587500189147,2025-08-15 17:35:00,304.70264339611646,387.7125537459815
2025-08-15 19:40:00,354.3081923731321,2025-08-15 17:40:00,305.08965169639697,388.20499442437625
2025-08-15 19:45:00,354.16064354864227,2025-08-15 17:45:00,304.9625995411242,388.04332954667547
2025-08-15 19:50:00,353.417378407825,2025-08-15 17:50:00,304.3225846958248,387.2289559418368
2025-08-15 19:55:00,352.09703535309734,2025-08-15 17:55:00,303.18565641881105,385.78229515545837
2025-08-15 20:00:00,350.23513111557764,2025-08-15 18:00:00,301.58239765272896,383.7422618180868
2025-08-15 20:05:00,347.88304139083226,2025-08-15 18:05:00,299.55704726476637,381.16514675799016
2025-08-15 20:10:00,345.10648292184646,2025-08-15 18:10:00,297.1661929902893,378.122953864419
2025-08-15 20:15:00,341.9835488389015,2025-08-15 18:15:00,294.4770796924712,374.701247467688
2025-08-15 20:20:00,338.60236330203196,2025-08-15 18:20:00,291.5655898088897,370.99658260036847
2025-08-15 20:25:00,335.05843313397054,2025-08-15 18:25:00,288.5139628810213,367.11360325993087
2025-08-15 20:30:00,331.45178309525227,2025-08-15 18:30:00,285.40832878113423,363.16190361450805
2025-08-15 20:35:00,327.8839671378735,2025-08-15 18:35:00,282.33613414611096,359.2527533220339
2025-08-15 20:40:00,324.4550506401517,2025-08-15 18:40:00,279.3835438236036,355.49579105434265
2025-08-15 20:45:00,321.2606579661123,2025-08-15 18:45:00,276.6328985681932,351.99578959541856
2025-08-15 20:50:00,318.3891759406715,2025-08-15 18:50:00,274.16030699438164,348.8495917719655
2025-08-15 20:55:00,315.9191973220773,2025-08-15 18:55:00,272.0334441877468,346.14330934186603
2025-08-15 21:00:00,313.91727898075555,2025-08-15 19:00:00,270.3096213052229,343.94986669712915
2025-08-15 21:05:00,312.43607830167355,2025-08-15 19:05:00,269.0341808581736,342.32695897514554
2025-08-15 21:10:00,311.51291801448457,2025-08-15 19:10:00,268.23926090842036,341.31547958557616
2025-08-15 21:15:00,311.1688153564554,2025-08-15 19:15:00,267.942959094503,340.9384564929209
2025-08-15 21:20:00,311.4079963303217,2025-08-15 19:20:00,268.14891436615653,341.2005200032345
2025-08-15 21:25:00,312.2179004154987,2025-08-15 19:25:00,268.84631104106586,342.08790792606106
2025-08-15 21:30:00,313.5696660861659,2025-08-15 19:30:00,270.01029687745506,343.5689975422215
2025-08-15 21:35:00,315.41907316450994,2025-08-15 19:35:00,271.6027945208136,345.5953381123567
2025-08-15 21:40:00,317.7079049364536,2025-08-15 19:40:00,273.5736744020175,348.10314330679597
2025-08-15 21:45:00,320.36568145425406,2025-08-15 19:45:00,275.8622472590873,351.0151903338864
2025-08-15 21:50:00,323.31170575226594,2025-08-15 19:50:00,278.3990261039383,354.243061918011
2025-08-15 21:55:00,326.45735721743546,2025-08-15 19:55:00,281.10770101049013,357.68965907772645
2025-08-15 22:00:00,329.70856093995013,2025-08-15 20:00:00,283.90726543673804,361.25190672014656
2025-08-15 22:05:00,332.96835904392066,2025-08-15 20:05:00,286.71423036035344,364.82357097182654
2025-08-15 22:10:00,336.1395091467039,2025-08-15 20:10:00,289.4448617743633,368.29810623369644
2025-08-15 22:15:00,339.1270368085575,2025-08-15 20:15:00,292.0173785645717,371.57145182456316
2025-08-15 22:20:00,341.84067239114745,2025-08-15 20:20:00,294.3540508531182,374.5447019748157
2025-08-15 22:25:00,344.1971082810959,2025-08-15 20:25:00,296.3831436609756,377.12657899942445
2025-08-15 22:30:00,346.1220196325821,2025-08-15 20:30:00,298.04065694012917,379.23564736576964
2025-08-15 22:35:00,347.55180021465156,2025-08-15 20:35:00,299.27182028654835,380.8022156101353
2025-08-15 22:40:00,348.4349746064402,2025-08-15 20:40:00,300.03230896103605,381.7698836381977
2025-08-15 22:45:00,348.7332581028678,2025-08-15 20:45:00,300.28915655866666,382.09670403230706
2025-08-15 22:50:00,348.42224648245104,2025-08-15 20:50:00,300.02134895785747,381.7559378096546
2025-08-15 22:55:00,347.4917284011934,2025-08-15 20:55:00,299.2200933182218,380.7363967030071
2025-08-15 23:00:00,345.94562376983254,2025-08-15 21:00:00,297.88876501810927,379.04237564248115
2025-08-15 23:05:00,343.8015613727002,2025-08-15 21:05:00,296.042543948325,376.6931899650365
2025-08-15 23:10:00,341.09011834144985,2025-08-15 21:10:00,293.70775963397415,373.7223421283598
2025-08-15 23:15:00,337.8537522472124,2025-08-15 21:15:00,290.92097167448753,370.17635163586345
2025-08-15 23:20:00,334.1454638418467,2025-08-15 21:20:00,287.72781824948476,366.1132898418733
2025-08-15 23:25:00,330.02723427145304,2025-08-15 21:25:00,284.1816704259706,361.6010676527535
2025-08-15 23:30:00,325.5682850391194,2025-08-15 21:30:00,280.34213383746317,356.71552901961434
2025-08-15 23:35:00,320.8432122244571,2025-08-15 21:35:00,276.2734420874646,351.5384066579078
2025-08-15 23:40:00,315.93004783244425,2025-08-15 21:40:00,272.04278740503565,346.15519792476414
2025-08-15 23:45:00,310.9083015485351,2025-08-15 21:45:00,267.718634428488,340.65301922805327
2025-08-15 23:50:00,305.8570348017499,2025-08-15 21:50:00,263.3690618090117,335.1184958343444
2025-08-15 23:55:00,300.8530166189916,2025-08-15 21:55:00,259.0601742435434,329.6357412930908
2025-08-16 00:00:00,295.9690069489737,2025-08-15 22:00:00,254.85462426986854,324.28447652549215
2025-08-16 00:05:00,291.27220842231293,2025-08-15 22:05:00,250.8102790996671,319.138333463876
2025-08-16 00:10:00,286.82292163985517,2025-08-15 22:10:00,246.97906270677072,314.2633816909363
2025-08-16 00:15:00,282.67343270665054,2025-08-15 22:15:00,243.40599789878507,309.71690954365306
2025-08-16 00:20:00,278.86715461566735,2025-08-15 22:20:00,240.12846697504415,305.5464833528535
2025-08-16 00:25:00,275.4380364814809,2025-08-15 22:25:00,237.17570302629812,301.7893001580589
2025-08-16 00:30:00,272.41024706087217,2025-08-15 22:30:00,234.5685174188857,298.47184095037636
2025-08-16 00:35:00,269.7981312196883,2025-08-15 22:35:00,232.31926230897798,295.609822974527
2025-08-16 00:40:00,267.60643046464975,2025-08-15 22:40:00,230.43202053932325,293.2084413590164
2025-08-16 00:45:00,265.83075154606786,2025-08-15 22:45:00,228.90300914625826,291.2628825502558
2025-08-16 00:50:00,264.4582605220652,2025-08-15 22:50:00,227.7211770083538,289.7590847781757
2025-08-16 00:55:00,263.46857384513345,2025-08-15 22:55:00,226.86897214814078,288.6747143933793
2025-08-16 01:00:00,262.83481305334357,2025-08-15 23:00:00,226.3232499114323,287.98032146107005
2025-08-16 01:05:00,262.5247857581372,2025-08-15 23:05:00,226.0562898988022,287.6406337344023
2025-08-16 01:10:00,262.5022527448258,2025-08-15 23:10:00,226.0368870474687,287.6159449789763
2025-08-16 01:15:00,262.72823954589705,2025-08-15 23:15:00,226.2314810080684,287.8635520248711
2025-08-16 01:20:00,263.1623503941789,2025-08-15 23:20:00,226.60528757069073,288.3391944262168
2025-08-16 01:25:00,263.7640436275102,2025-08-15 23:25:00,227.12339689736362,288.9984518843243
2025-08-16 01:30:00,264.49382963757625,2025-08-15 23:30:00,227.7518050584413,289.79805680475
2025-08-16 01:35:00,265.314356133547,2025-08-15 23:35:00,228.4583485374014,290.69708338852683
2025-08-16 01:40:00,266.1913498100698,2025-08-15 23:40:00,229.21351508751187,291.657979389899
2025-08-16 01:45:00,267.09438919016264,2025-08-15 23:45:00,229.9911092156502,292.64741289739396
2025-08-16 01:50:00,267.99748960774224,2025-08-15 23:50:00,230.76875590228414,293.63691328185564
2025-08-16 01:55:00,268.87948822543825,2025-08-15 23:55:00,231.52823213473374,294.60329304906236
2025-08-16 02:00:00,269.7242242097946,2025-08-16 00:00:00,232.25562205342715,295.52884525235936
2025-08-16 02:05:00,270.5205165945661,2025-08-16 00:05:00,232.94129789030586,296.4013192381284
2025-08-16 02:10:00,271.2619495286447,2025-08-16 00:10:00,233.57973504892524,297.2136853482998
2025-08-16 02:15:00,271.94648148702294,2025-08-16 00:15:00,234.16917560167636,297.9637067443777
2025-08-16 02:20:00,272.57590121580273,2025-08-16 00:20:00,234.71115981191454,298.65334330249664
2025-08-16 02:25:00,273.1551584109024,2025-08-16 00:25:00,235.20994979109028,299.28801825790134
2025-08-16 02:30:00,273.6916014784247,2025-08-16 00:30:00,235.6718731452445,299.8757830415538
2025-08-16 02:35:00,274.1941575754134,2025-08-16 00:35:00,236.10461691998262,300.42641887507125
2025-08-16 02:40:00,274.67249179521815,2025-08-16 00:40:00,236.51650358717268,300.9505155150291
2025-08-16 02:45:00,275.1361824730146,2025-08-16 00:45:00,236.91578091247598,301.45856765964066
2025-08-16 02:50:00,275.59394825424914,2025-08-16 00:50:00,237.30995639518198,301.9601280705404
2025-08-16 02:55:00,276.05295979003387,2025-08-16 00:55:00,237.7052045790843,302.4630534178109
2025-08-16 03:00:00,276.5182648113534,2025-08-16 01:00:00,238.10587199220876,302.97287435081586
2025-08-16 03:05:00,276.9923500336944,2025-08-16 01:05:00,238.51409990923673,303.4923154900762
2025-08-16 03:10:00,277.4748570627327,2025-08-16 01:10:00,238.9295797220076,304.02098415354385
2025-08-16 03:15:00,277.96246241291726,2025-08-16 01:15:00,239.34944962525958,304.55523889651727
2025-08-16 03:20:00,278.44892435963885,2025-08-16 01:20:00,239.7683349603538,305.0882408461754
2025-08-16 03:25:00,278.92529165138643,2025-08-16 01:25:00,240.1785279342881,305.6101823813067
2025-08-16 03:30:00,279.3802617302421,2025-08-16 01:30:00,240.5702960781762,306.1086796238978
2025-08-16 03:35:00,279.8006692414983,2025-08-16 01:35:00,240.93230289580188,306.56930768465486
2025-08-16 03:40:00,280.1720794148569,2025-08-16 01:40:00,241.2521188155736,306.9762508132122
2025-08-16 03:45:00,280.4794560183627,2025-08-16 01:45:00,241.51679635598015,307.3130342554773
2025-08-16 03:50:00,280.7078698638298,2025-08-16 01:50:00,241.71348020934923,307.56330054204574
2025-08-16 03:55:00,280.84321171437557,2025-08-16 01:55:00,241.83002111619754,307.7115905998753
2025-08-16 04:00:00,280.8728730055465,2025-08-16 02:00:00,241.85556202433068,307.7440895982657
2025-08-16 04:05:00,280.78635893258576,2025-08-16 02:05:00,241.78106600940748,307.6492986904224
2025-08-16 04:10:00,280.5758014219212,2025-08-16 02:10:00,241.59975798725748,307.41859706112604
2025-08-16 04:15:00,280.23634394495986,2025-08-16 02:15:00,241.30745607146434,307.0466635558112
2025-08-16 04:20:00,279.76637599744026,2025-08-16 02:20:00,240.9027734801394,306.53173359264986
2025-08-16 04:25:00,279.16760219747124,2025-08-16 02:25:00,240.38717803524182,305.8756748712256
2025-08-16 04:30:00,278.44493884578424,2025-08-16 02:30:00,239.76490309211053,305.08387403666603
2025-08-16 04:35:00,277.60623928234554,2025-08-16 02:35:00,239.04271104802152,304.1649357610149
2025-08-16 04:40:00,276.66185800056087,2025-08-16 02:40:00,238.22951800724402,303.1302051560741
2025-08-16 04:45:00,275.6240718949191,2025-08-16 02:45:00,237.33589542577076,301.99313365158554
2025-08-16 04:50:00,274.5063847377519,2025-08-16 02:50:00,236.3734712063314,300.7685169310121
2025-08-16 04:55:00,273.322747744818,2025-08-16 02:55:00,235.3542585387088,299.47164092833
2025-08-16 05:00:00,272.08673443529955,2025-08-16 03:00:00,234.28994538363511,298.117377746561
2025-08-16 05:05:00,270.8107117771685,2025-08-16 03:05:00,233.19118075807452,296.71927750629476
2025-08-16 05:10:00,269.5050513935037,2025-08-16 03:10:00,232.06689551640966,295.28870408780915
2025-08-16 05:15:00,268.17742447971773,2025-08-16 03:15:00,230.9236952138799,293.834062592754
2025-08-16 05:20:00,266.8322218193544,2025-08-16 03:20:00,229.765360690587,292.3601638726362
2025-08-16 05:25:00,265.47013596116494,2025-08-16 03:25:00,228.59248829022775,290.86776673261437
2025-08-16 05:30:00,264.08793642423143,2025-08-16 03:30:00,227.40229629248284,289.35333163040946
2025-08-16 05:35:00,262.6784608849825,2025-08-16 03:35:00,226.18861732428334,287.8090110201787
2025-08-16 05:40:00,261.2308359278689,2025-08-16 03:40:00,224.94208844501975,286.22289122249407
2025-08-16 05:45:00,259.73093064983203,2025-08-16 03:45:00,223.65054173877837,284.57948942532596
2025-08-16 05:50:00,258.16203544549944,2025-08-16 03:50:00,222.29958880644003,282.86049740888126
2025-08-16 05:55:00,256.5057472829574,2025-08-16 03:55:00,220.87338306382298,281.0457515160523
2025-08-16 06:00:00,254.74303208228594,2025-08-16 04:00:00,219.3555345404492,279.11439666911787
2025-08-16 06:05:00,252.85542504984107,2025-08-16 04:05:00,217.7301434700057,277.0462015404714
2025-08-16 06:10:00,250.82632140715265,2025-08-16 04:10:00,215.98291171830022,274.8229727660523
2025-08-16 06:15:00,248.64230321296762,2025-08-16 04:15:00,214.1022852905015,272.4300087049689
2025-08-16 06:20:00,246.294443560966,2025-08-16 04:20:00,212.08057735689877,269.85752841031444
2025-08-16 06:25:00,243.77952723656745,2025-08-16 04:25:00,209.9150193427948,267.102009066684
2025-08-16 06:30:00,241.10112742962752,2025-08-16 04:30:00,207.6086880702104,264.1673657123911
2025-08-16 06:35:00,238.27048128873872,2025-08-16 04:35:00,205.17125968500946,261.0659105583881
2025-08-16 06:40:00,235.3071128081226,2025-08-16 04:40:00,202.61954601577787,257.819035466989
2025-08-16 06:45:00,232.23915984746324,2025-08-16 04:45:00,199.97777616586492,254.4575702578167
2025-08-16 06:50:00,229.1033724829347,2025-08-16 04:50:00,197.27759509347683,251.02178090107265
2025-08-16 06:55:00,225.9447621302339,2025-08-16 04:55:00,194.55776147660333,247.56098507203447
2025-08-16 07:00:00,222.81589453237137,2025-08-16 05:00:00,191.86353891504677,244.13277749871463
2025-08-16 07:05:00,219.7758341267552,2025-08-16 05:05:00,189.24578694021048,240.80187333613426
2025-08-16 07:10:00,216.88876186135508,2025-08-16 05:10:00,186.7597708366211,237.63859374842406
2025-08-16 07:15:00,214.22230298114866,2025-08-16 05:15:00,184.46372172306232,234.71703371395208
2025-08-16 07:20:00,211.84561437361967,2025-08-16 05:20:00,182.41718959349137,232.11296638642438
2025-08-16 07:25:00,209.82729293078455,2025-08-16 05:25:00,180.6792422378811,229.90155134909648
2025-08-16 07:30:00,208.23317575866912,2025-08-16 05:30:00,179.30657103446805,228.1549243694382
2025-08-16 07:35:00,207.12411020011461,2025-08-16 05:35:00,178.3515707486956,226.9397540791574
2025-08-16 07:40:00,206.55377554306392,2025-08-16 05:40:00,177.86046383777568,226.3148552844741
2025-08-16 07:45:00,206.56663914994647,2025-08-16 05:45:00,177.87154050331105,226.32894955761148
2025-08-16 07:50:00,207.19612730020216,2025-08-16 05:50:00,178.41358363029093,227.01866108311543
2025-08-16 07:55:00,208.46308517977843,2025-08-16 05:55:00,179.50454270635672,228.40682931395006
2025-08-16 08:00:00,210.37459161569998,2025-08-16 06:00:00,181.15051320691055,230.5012103112644
2025-08-16 08:05:00,212.92318236894303,2025-08-16 06:05:00,183.34506778386123,233.29362572939505
2025-08-16 08:10:00,216.0865216334161,2025-08-16 06:10:00,186.0689733981555,236.7596028870271
2025-08-16 08:15:00,219.82754529423892,2025-08-16 06:15:00,189.2903146774066,240.85853173104812
2025-08-16 08:20:00,224.09508222956785,2025-08-16 06:20:00,192.96502890989564,245.53434557856
2025-08-16 08:25:00,228.82494187901733,2025-08-16 06:25:00,197.0378425339839,250.71671273339257
2025-08-16 08:30:00,233.94143866449852,2025-08-16 06:30:00,201.44358379481332,256.3227067488747
2025-08-16 08:35:00,239.35930662437892,2025-08-16 06:35:00,206.1088314080444,262.2589042357857
2025-08-16 08:40:00,244.98594254388064,2025-08-16 06:40:00,210.95384608694687,268.4238425939082
2025-08-16 08:45:00,250.72390239707212,2025-08-16 06:45:00,215.89472019243325,274.7107552895922
2025-08-16 08:50:00,256.473565587994,2025-08-16 06:50:00,220.84567187249658,281.0104909858621
2025-08-16 08:55:00,262.13587432293343,2025-08-16 06:55:00,225.72140389599107,287.21451499149765
2025-08-16 09:00:00,267.6150518032248,2025-08-16 07:00:00,230.43944424907548,293.21788750439345
2025-08-16 09:05:00,272.8212029784638,2025-08-16 07:05:00,234.9223856061292,298.9221131798407
2025-08-16 09:10:00,277.67270573118617,2025-08-16 07:10:00,239.09994434423876,304.2377610807704
2025-08-16 09:15:00,282.0983077303777,2025-08-16 07:15:00,242.9107661133789,309.0867621380515
2025-08-16 09:20:00,286.03885542782416,2025-08-16 07:20:00,246.30391465012198,313.40430356059125
2025-08-16 09:25:00,289.44859548463216,2025-08-16 07:25:00,249.23999241716174,317.14025476983596
2025-08-16 09:30:00,292.29600547077337,2025-08-16 07:30:00,251.69185590665677,320.2600775726623
2025-08-16 09:35:00,294.5641287862843,2025-08-16 07:35:00,253.64490403602366,322.7451931246178
2025-08-16 09:40:00,296.2504080813993,2025-08-16 07:40:00,255.09693470842677,324.5927994132939
2025-08-16 09:45:00,297.36603090696826,2025-08-16 07:45:00,256.0575813618322,325.8151543068652
2025-08-16 09:50:00,297.934820379328,2025-08-16 07:50:00,256.54735773659934,326.4383600884395
2025-08-16 09:55:00,297.99172124116325,2025-08-16 07:55:00,256.59635424442,326.50070467777437
2025-08-16 10:00:00,297.58094739139835,2025-08-16 08:00:00,256.24264283314454,326.05063193463633
2025-08-16 10:05:00,296.7538697861006,2025-08-16 08:05:00,255.53045828884692,325.1444274943647
2025-08-16 10:10:00,295.5667333779987,2025-08-16 08:10:00,254.50823232551807,323.8437172861095
2025-08-16 10:15:00,294.07829768483253,2025-08-16 08:15:00,253.22656191265244,322.2128823734409
2025-08-16 10:20:00,292.3474977693009,2025-08-16 08:20:00,251.7361951789654,320.3164961593421
2025-08-16 10:25:00,290.4312204466248,2025-08-16 08:25:00,250.08611653694166,318.2168878426888
2025-08-16 10:30:00,288.3822847265953,2025-08-16 08:30:00,248.3218076707391,315.9719296484049
2025-08-16 10:35:00,286.2477059798482,2025-08-16 08:35:00,246.4837528349148,313.6331349258526
2025-08-16 10:40:00,284.06731046520446,2025-08-16 08:40:00,244.60624584398843,311.24414012746587
2025-08-16 10:45:00,281.87275133080504,2025-08-16 08:45:00,242.71654276527454,308.83962667033336
2025-08-16 10:50:00,279.68695943071384,2025-08-16 08:50:00,240.83438902501516,306.4447192122125
2025-08-16 10:55:00,277.5240433616809,2025-08-16 08:55:00,238.97193333148476,304.0748761247711
2025-08-16 11:00:00,275.38963343345915,2025-08-16 09:00:00,237.13402386284702,301.73626637167774
2025-08-16 11:05:00,273.28164509746466,2025-08-16 09:05:00,235.3188656445145,299.42660597477794
2025-08-16 11:10:00,271.1914190458515,2025-08-16 09:10:00,233.51900227194588,297.1364071868887
2025-08-16 11:15:00,269.1051789991485,2025-08-16 09:15:00,231.72257119046137,294.8505757465439
2025-08-16 11:20:00,267.0057343643042,2025-08-16 09:20:00,229.91476982941924,292.55027642999374
2025-08-16 11:25:00,264.8743445047145,2025-08-16 09:25:00,228.07946089812972,290.21497567666876
2025-08-16 11:30:00,262.6926543157293,2025-08-16 09:30:00,226.20083908188352,287.8245623419447
2025-08-16 11:35:00,260.4446079667919,2025-08-16 09:35:00,224.26507893758412,285.36144452773425
2025-08-16 11:40:00,258.1182485605051,2025-08-16 09:40:00,222.26188455409883,282.81252141563306
2025-08-16 11:45:00,255.7073167171663,2025-08-16 09:45:00,220.1858660702435,280.17093478865706
2025-08-16 11:50:00,253.21256991120273,2025-08-16 09:50:00,218.03767573627414,277.43751458910555
2025-08-16 11:55:00,250.64275674414176,2025-08-16 09:55:00,215.82484684622756,274.6218464006038
2025-08-16 12:00:00,248.01519559533,2025-08-16 10:00:00,213.56229200567302,271.742905458561
2025-08-16 12:05:00,245.35592458465962,2025-08-16 10:05:00,211.2724322624432,268.8292209598887
2025-08-16 12:10:00,242.69940876648212,2025-08-16 10:10:00,208.9849449755554,265.91855524404264
2025-08-16 12:15:00,240.08781021120873,2025-08-16 10:15:00,206.73613529305143,263.0571040430472
2025-08-16 12:20:00,237.56984608198104,2025-08-16 10:20:00,204.5679528583617,260.2982453099186
2025-08-16 12:25:00,235.19927839826454,2025-08-16 10:25:00,202.52669136761372,257.7008844973563
2025-08-16 12:30:00,233.03309581620482,2025-08-16 10:30:00,200.66142292703697,255.32746238832112
2025-08-16 12:35:00,231.12946201204568,2025-08-16 10:35:00,199.0222314356453,253.24170720050037
2025-08-16 12:40:00,229.54551615504985,2025-08-16 10:40:00,197.65831860433292,251.50622462962036
2025-08-16 12:45:00,228.3351184234845,2025-08-16 10:45:00,196.6160626523495,250.1800276780727
2025-08-16 12:50:00,227.546636866236,2025-08-16 10:50:00,195.93711260589777,249.31611178472238
2025-08-16 12:55:00,227.22087116836957,2025-08-16 10:55:00,195.65660048273455,248.95917995631376
2025-08-16 13:00:00,227.38920407199163,2025-08-16 11:00:00,195.8015495074554,249.14361733405076
2025-08-16 13:05:00,228.0720624097027,2025-08-16 11:05:00,196.38954892969528,249.89180499352378
2025-08-16 13:10:00,229.2777573661615,2025-08-16 11:10:00,197.42775539016213,251.2128492536482
2025-08-16 13:15:00,231.00175826731362,2025-08-16 11:15:00,198.91226759106223,253.10178598902732
2025-08-16 13:20:00,233.22643638623077,2025-08-16 11:20:00,200.82790569101968,255.53929992559685
2025-08-16 13:25:00,235.92129587422005,2025-08-16 11:25:00,203.14841015650921,258.49197766500293
2025-08-16 13:30:00,239.04368872919673,2025-08-16 11:30:00,205.83705741076446,261.9130910542762
2025-08-16 13:35:00,242.53999047114252,2025-08-16 11:35:00,208.84767219088332,265.7438853386167
2025-08-16 13:40:00,246.34719401138713,2025-08-16 11:40:00,212.12600000557654,269.9153255167671
2025-08-16 13:45:00,250.39486155145295,2025-08-16 11:45:00,215.61138788698625,274.35023497877626
2025-08-16 13:50:00,254.6073593194663,2025-08-16 11:50:00,219.23870868983568,278.965744040509
2025-08-16 13:55:00,258.9062880043909,2025-08-16 11:55:00,222.94045390313872,283.67595289846395
2025-08-16 14:00:00,263.21301339050785,2025-08-16 12:00:00,226.64891274289005,288.3947043710354
2025-08-16 14:05:00,267.4511973455241,2025-08-16 12:05:00,230.29835154925965,293.03835702723444
2025-08-16 14:10:00,271.54922920873497,2025-08-16 12:10:00,233.82710741971675,297.52844918669905
2025-08-16 14:15:00,275.44246159357743,2025-08-16 12:15:00,237.17951342621922,301.7941486223444
2025-08-16 14:20:00,279.07516273642653,2025-08-16 12:20:00,240.30757975447887,305.77439169112444
2025-08-16 14:25:00,282.4021092177868,2025-08-16 12:25:00,243.1723651731062,309.41962843147763
2025-08-16 14:30:00,285.38975787205663,2025-08-16 12:30:00,245.7449861481314,312.6931065901519
2025-08-16 14:35:00,288.01695308654786,2025-08-16 12:35:00,248.00722588794375,315.5716465887959
2025-08-16 14:40:00,290.27514515783105,2025-08-16 12:40:00,249.95172236677706,318.0458807705403
2025-08-16 14:45:00,292.1681155376286,2025-08-16 12:45:00,251.58173173792875,320.1199523600589
2025-08-16 14:50:00,293.7112253596969,2025-08-16 12:50:00,252.91048125114443,321.8106920967268
2025-08-16 14:55:00,294.9302233194755,2025-08-16 12:55:00,253.96014273505332,323.1463120636532
2025-08-16 15:00:00,295.85966720775855,2025-08-16 13:00:00,254.76047340268008,324.1646762088681
2025-08-16 15:05:00,296.54102922306913,2025-08-16 13:05:00,255.34718436337766,324.9112243921968
2025-08-16 15:10:00,297.0205681117538,2025-08-16 13:10:00,255.76010835348853,325.4366409521731
2025-08-16 15:15:00,297.3470604748237,2025-08-16 13:15:00,256.04124619753145,325.79436896612674
2025-08-16 15:20:00,297.5694890703214,2025-08-16 13:20:00,256.23277623885843,326.0380773915421
2025-08-16 15:25:00,297.7347872054238,2025-08-16 13:25:00,256.3751120683708,326.2191896632792
2025-08-16 15:30:00,297.88573537445035,2025-08-16 13:30:00,256.5050913499789,326.38457910212577
2025-08-16 15:35:00,298.0590994063335,2025-08-16 13:35:00,256.6543726063609,326.57452893811404
2025-08-16 15:40:00,298.2840886137139,2025-08-16 13:40:00,256.84810755348525,326.82104295014307
2025-08-16 15:45:00,298.58119836697125,2025-08-16 13:45:00,257.1039444578756,327.1465773086183
2025-08-16 15:50:00,298.96148488545657,2025-08-16 13:50:00,257.43140366984704,327.56324598568006
2025-08-16 15:55:00,299.4263012018284,2025-08-16 13:55:00,257.8316502662208,328.07253145914564
2025-08-16 16:00:00,299.9675033711561,2025-08-16 14:00:00,258.29767161399604,328.6655106497173
2025-08-16 16:05:00,300.56811567998,2025-08-16 14:05:00,258.81485017223457,329.32358377085086
2025-08-16 16:10:00,301.20342381506686,2025-08-16 14:10:00,259.3619048038402,330.0196720813899
2025-08-16 16:15:00,301.8424464709706,2025-08-16 14:15:00,259.9121579555101,330.7198302823917
2025-08-16 16:20:00,302.44971948578564,2025-08-16 14:20:00,260.435071951186,331.3852013418395
2025-08-16 16:25:00,302.987313013649,2025-08-16 14:25:00,260.8979859500736,331.9742266508196
2025-08-16 16:30:00,303.4169920337564,2025-08-16 14:30:00,261.2679763296575,332.4450132292722
2025-08-16 16:35:00,303.70242398454656,2025-08-16 14:35:00,261.5137576475161,332.7577525653933
2025-08-16 16:40:00,303.81133497072386,2025-08-16 14:40:00,261.60753931995276,332.87708310781886
2025-08-16 16:45:00,303.7175176961306,2025-08-16 14:45:00,261.52675462390306,332.77429029821303
2025-08-16 16:50:00,303.4026000747793,2025-08-16 14:50:00,261.25558362227423,332.4292443860032
2025-08-16 16:55:00,302.8574931677174,2025-08-16 14:55:00,260.7861999614029,331.8319868899253
2025-08-16 17:00:00,302.0834500895913,2025-08-16 15:00:00,260.1196826801575,330.9838908105896
2025-08-16 17:05:00,301.0926835117997,2025-08-16 15:05:00,259.2665479329583,329.8983372103997
2025-08-16 17:10:00,299.90850757226065,2025-08-16 15:10:00,258.24687118622154,328.60087069988185
2025-08-16 17:15:00,298.5649895923169,2025-08-16 15:15:00,257.08998731683243,327.1288178342122
2025-08-16 17:20:00,297.1061173839749,2025-08-16 15:20:00,255.83377359247157,325.5303747564161
2025-08-16 17:25:00,295.5845080069845,2025-08-16 15:25:00,254.52353780104204,323.8631924207377
2025-08-16 17:30:00,294.05970302548826,2025-08-16 15:30:00,253.2105503208663,322.19250875583214
2025-08-16 17:35:00,292.59611274075564,2025-08-16 15:35:00,251.95027392927486,320.588896221449
2025-08-16 17:40:00,291.2606867218645,2025-08-16 15:40:00,250.80035793032235,319.12570947788123
2025-08-16 17:45:00,290.1203998756422,2025-08-16 15:45:00,249.81847344603256,317.8763309472439
2025-08-16 17:50:00,289.239651595805,2025-08-16 15:50:00,249.0600738613999,316.91132113820345
2025-08-16 17:55:00,288.6776799642173,2025-08-16 15:55:00,248.57616823055355,316.2955854628696
2025-08-16 18:00:00,288.48609338980367,2025-08-16 16:00:00,248.41119580678298,316.08566972664613
2025-08-16 18:05:00,288.7066184107377,2025-08-16 16:05:00,248.6010867076297,316.32729246178167
2025-08-16 18:10:00,289.3691548785051,2025-08-16 16:10:00,249.1715872620579,317.0532140501392
2025-08-16 18:15:00,290.49021859598315,2025-08-16 16:15:00,250.13691898866568,318.28153036785676
2025-08-16 18:20:00,292.0718371833802,2025-08-16 16:20:00,251.498827841841,320.01446301835375
2025-08-16 18:25:00,294.10094822355353,2025-08-16 16:25:00,253.24606596341354,322.2376998979779
2025-08-16 18:30:00,296.5493298629983,2025-08-16 16:30:00,255.35433192417182,324.92031915756434
2025-08-16 18:35:00,299.37407427403394,2025-08-16 16:35:00,257.7866784152928,328.01530796093226
2025-08-16 18:40:00,302.5185940073841,2025-08-16 16:40:00,260.49437880397,331.4606651156067
2025-08-16 18:45:00,305.9141314079735,2025-08-16 16:45:00,263.41822686948956,335.1810548950092
2025-08-16 18:50:00,309.48172250143165,2025-08-16 16:50:00,266.4902278774483,339.08995881074435
2025-08-16 18:55:00,313.1345498528189,2025-08-16 16:55:00,269.63562459231787,343.0922535702319
2025-08-16 19:00:00,316.78060454691854,2025-08-16 17:00:00,272.77518947011043,347.0871277296849
2025-08-16 19:05:00,320.3255658993659,2025-08-16 17:05:00,275.8277043359151,350.9712369083182
2025-08-16 19:10:00,323.67579974492725,2025-08-16 17:10:00,278.7125421664989,354.6419889240289
2025-08-16 19:15:00,326.74137157087443,2025-08-16 17:15:00,281.352261655806,358.0008451944085
2025-08-16 19:20:00,329.43897048722954,2025-08-16 17:20:00,283.6751250033761,360.95652444435365
2025-08-16 19:25:00,331.6946430885046,2025-08-16 17:25:00,285.6174520030842,363.427998117418
2025-08-16 19:30:00,333.44624332236253,2025-08-16 17:30:00,287.12572958955406,365.34717462435697
2025-08-16 19:35:00,334.645514520298,2025-08-16 17:35:00,288.1584046446155,366.66118056249104
2025-08-16 19:40:00,335.25973293479404,2025-08-16 17:40:00,288.6872992233408,367.3341614906986
2025-08-16 19:45:00,335.27285755893575,2025-08-16 17:45:00,288.69860064705676,367.34854175271744
2025-08-16 19:50:00,334.68614823275374,2025-08-16 17:50:00,288.1933937457628,366.70570171796214
2025-08-16 19:55:00,333.5182324935369,2025-08-16 17:55:00,287.18771842196685,365.4260510274319
2025-08-16 20:00:00,331.80462040328854,2025-08-16 18:00:00,285.7121518756364,363.54849700452115
2025-08-16 20:05:00,329.5966852108663,2025-08-16 18:05:00,283.810930867134,361.12932779671183
2025-08-16 20:10:00,326.960145474167,2025-08-16 18:10:00,281.5406446946196,358.2405492817993
2025-08-16 20:15:00,323.9731004159372,2025-08-16 18:15:00,278.9685434674003,354.9677324654321
2025-08-16 20:20:00,320.7236845944886,2025-08-16 18:20:00,276.17051857685954,351.4074437732658
2025-08-16 20:25:00,317.3074195639862,2025-08-16 18:25:00,273.22882224949683,347.664343343565
2025-08-16 20:30:00,313.82434914197796,2025-08-16 18:30:00,270.2296007672981,343.84804622466737
2025-08-16 20:35:00,310.3760507040344,2025-08-16 18:35:00,267.26032093684614,340.0698477390233
2025-08-16 20:40:00,307.0626174007733,2025-08-16 18:40:00,264.40717152011865,336.4394169877541
2025-08-16 20:45:00,303.9797057319801,2025-08-16 18:45:00,261.752520943334,333.06156196504463
2025-08-16 20:50:00,301.21573901940326,2025-08-16 18:50:00,259.37250924788765,330.03316548609706
2025-08-16 20:55:00,298.84935087508575,2025-08-16 18:55:00,257.3348466979684,327.4403840710875
2025-08-16 21:00:00,296.94714337286746,2025-08-16 19:00:00,255.69688337451558,325.3561916400669
2025-08-16 21:05:00,295.56182343768546,2025-08-16 19:05:00,254.50400444704317,323.838337609904
2025-08-16 21:10:00,294.7307676481748,2025-08-16 19:10:00,253.78839434595054,322.92777439099433
2025-08-16 21:15:00,294.4750513974942,2025-08-16 19:15:00,253.56820078697382,322.64759366752656
2025-08-16 21:20:00,294.7989631084027,2025-08-16 19:20:00,253.84711646882567,323.00249413732655
2025-08-16 21:25:00,295.6900089276507,2025-08-16 19:25:00,254.61438311546763,323.97878665536336
2025-08-16 21:30:00,297.11939820217685,2025-08-16 19:30:00,255.84520951263005,325.54492615564146
2025-08-16 21:35:00,299.0429857980989,2025-08-16 19:35:00,257.5015829250442,327.6525441222148
2025-08-16 21:40:00,301.4026341729991,2025-08-16 19:40:00,259.5334419571552,330.2379409714554
2025-08-16 21:45:00,304.12794662945186,2025-08-16 19:45:00,261.88016903262564,333.22398512661766
2025-08-16 21:50:00,307.1383134955491,2025-08-16 19:50:00,264.47235233074355,336.5223549572477
2025-08-16 21:55:00,310.345205408368,2025-08-16 19:55:00,267.23376049959427,340.03605146196855
2025-08-16 22:00:00,313.6546426481939,2025-08-16 20:00:00,270.0834689639875,343.6621038448653
2025-08-16 22:05:00,316.9697663685278,2025-08-16 20:05:00,272.93807397436785,347.2943867360637
2025-08-16 22:10:00,320.19343700563854,2025-08-16 20:10:00,275.71393005963796,350.8264671921308
2025-08-16 22:15:00,323.230786661358,2025-08-16 20:15:00,278.329347847008,354.1544012663215
2025-08-16 22:20:00,325.99165586944565,2025-08-16 20:20:00,280.70669232621134,357.1794039013251
2025-08-16 22:25:00,328.3928507641919,2025-08-16 20:25:00,282.7743264646898,359.8103220420638
2025-08-16 22:30:00,330.3601637085383,2025-08-16 20:30:00,284.46835114119625,361.96584857808784
2025-08-16 22:35:00,331.83010908394556,2025-08-16 20:35:00,285.7340998093033,363.57642419713295
2025-08-16 22:40:00,332.7513353689075,2025-08-16 20:40:00,286.5273544177562,364.58578455773284
2025-08-16 22:45:00,333.08568497324495,2025-08-16 20:45:00,286.8152580184292,364.95212151827064
2025-08-16 22:50:00,332.80888388395346,2025-08-16 20:50:00,286.5769086103743,364.6488387615121
2025-08-16 22:55:00,331.9108539741451,2025-08-16 20:55:00,285.80362806452723,363.6648939822648
2025-08-16 23:00:00,330.3956512612563,2025-08-16 21:00:00,284.4989089587442,362.00473123872507
2025-08-16 23:05:00,328.281043425604,2025-08-16 21:05:00,282.6780507851511,359.6878180520702
2025-08-16 23:10:00,325.59774916313876,2025-08-16 21:10:00,280.3675049678183,356.74781198779533
2025-08-16 23:15:00,322.3883701651846,2025-08-16 21:15:00,277.60395520598723,353.2313904575406
2025-08-16 23:20:00,318.7060537319161,2025-08-16 21:20:00,274.4331658699092,349.19678538428184
2025-08-16 23:25:00,314.6129298674261,2025-08-16 21:25:00,270.90863620604995,344.71207077367745
2025-08-16 23:30:00,310.17837111970056,2025-08-16 21:30:00,267.0901019105009,339.85325607225957
2025-08-16 23:35:00,305.47712665625045,2025-08-16 21:35:00,263.0419284085371,334.7022417293587
2025-08-16 23:40:00,300.5873835040569,2025-08-16 21:40:00,258.83144141642003,329.3446949551231
2025-08-16 23:45:00,295.5888081284995,2025-08-16 21:45:00,254.52724057338406,323.8679039365442
2025-08-16 23:50:00,290.5606204040797,2025-08-16 21:50:00,250.19754096572785,318.3586675442131
2025-08-16 23:55:00,285.5797492776689,2025-08-16 21:55:00,245.90858499515585,312.90127454715673
2025-08-17 00:00:00,280.71911599990557,2025-08-16 22:00:00,241.7231640942047,307.5756226003175
2025-08-17 00:05:00,276.04608569267555,2025-08-16 22:05:00,237.699285393432,302.4555216728947
2025-08-17 00:10:00,271.6211225169233,2025-08-16 22:10:00,233.88901370590102,297.60722055553896
2025-08-17 00:15:00,267.4966770398422,2025-08-16 22:15:00,230.3375134551863,293.0881877815304
2025-08-17 00:20:00,263.7163274704809,2025-08-16 22:20:00,227.0823092057953,288.94617070406304
2025-08-17 00:25:00,260.3141887370951,2025-08-16 22:25:00,224.15277682823628,285.2185480397976
2025-08-17 00:30:00,257.3145958444202,2025-08-16 22:30:00,221.56987084255303,281.93198293280193
2025-08-17 00:35:00,254.73206018919052,2025-08-16 22:35:00,219.34608680225125,279.10237509075864
2025-08-17 00:40:00,252.57148993011634,2025-08-16 22:40:00,217.4856510516933,276.7351022378237
2025-08-17 00:45:00,250.8286584166845,2025-08-16 22:45:00,215.98492408335255,274.82553335819165
2025-08-17 00:50:00,249.4908980959505,2025-08-16 22:50:00,214.8329980508995,273.3597889892193
2025-08-17 00:55:00,248.53799143821885,2025-08-16 22:55:00,214.01246393239862,272.31571738231133
2025-08-17 01:00:00,247.9432254560482,2025-08-16 23:00:00,213.50031956134717,271.6640499081672
2025-08-17 01:05:00,247.67457252257537,2025-08-16 23:05:00,213.2689864122279,271.3696948444517
2025-08-17 01:10:00,247.69595731359914,2025-08-16 23:10:00,213.28740054598342,271.39312552671885
2025-08-17 01:15:00,247.9685681907226,2025-08-16 23:15:00,213.52214182304274,271.6918171920877
2025-08-17 01:20:00,248.45217101569287,2025-08-16 23:20:00,213.93856520981612,272.2216864867087
2025-08-17 01:25:00,249.1063843562148,2025-08-16 23:25:00,214.50189883994784,272.9384886710121
2025-08-17 01:30:00,249.89187728148062,2025-08-16 23:30:00,215.17827541869474,273.7991300088
2025-08-17 01:35:00,250.77145445316057,2025-08-16 23:35:00,215.9356665790587,274.76285666931204
2025-08-17 01:40:00,251.710997609111,2025-08-16 23:40:00,216.74469357976878,275.79228628304526
2025-08-17 01:45:00,252.6802382691464,2025-08-16 23:45:00,217.57929267102764,276.85425457258646
2025-08-17 01:50:00,253.65334251409683,2025-08-16 23:50:00,218.41721863928626,277.92045607770854
2025-08-17 01:55:00,254.60929584377322,2025-08-16 23:55:00,219.24037620286254,278.9678658328467
2025-08-17 02:00:00,255.53208320488585,2025-08-17 00:00:00,220.03497503137393,279.9789366183575
2025-08-17 02:05:00,256.41066666146935,2025-08-17 00:05:00,220.791510518064,280.9415744946648
2025-08-17 02:10:00,257.23877048718634,2025-08-17 00:10:00,221.50457872589809,281.8489033342608
2025-08-17 02:15:00,258.0144902206217,2025-08-17 00:15:00,222.17253975074107,282.6988364751689
2025-08-17 02:20:00,258.73974842350253,2025-08-17 00:20:00,222.79704908264452,283.49348041134147
2025-08-17 02:25:00,259.4196252266811,2025-08-17 00:25:00,223.38248114869103,284.23840129171793
2025-08-17 02:30:00,260.06159591168455,2025-08-17 00:30:00,223.9352728055115,284.9417895609057
2025-08-17 02:35:00,260.67471079741125,2025-08-17 00:35:00,224.4632171516,285.61356138531886
2025-08-17 02:40:00,261.26875427235774,2025-08-17 00:40:00,224.97473938214745,286.26443722969276
2025-08-17 02:45:00,261.85341994524344,2025-08-17 00:45:00,225.47818652319376,286.90503809404896
2025-08-17 02:50:00,262.4375375630069,2025-08-17 00:50:00,225.9811617419138,287.54503847063705
2025-08-17 02:55:00,263.0283845558173,2025-08-17 00:55:00,226.48993152800034,288.1924120241903
2025-08-17 03:00:00,263.63111096804874,2025-08-17 01:00:00,227.00893051005679,288.8528015058236
2025-08-17 03:05:00,264.2483012188041,2025-08-17 01:05:00,227.5403840939329,289.5290385870168
2025-08-17 03:10:00,264.87968986152424,2025-08-17 01:10:00,228.08406370744203,290.22083242583574
2025-08-17 03:15:00,265.522041483978,2025-08-17 01:15:00,228.6371833839824,290.92463807690723
2025-08-17 03:20:00,266.1691974064448,2025-08-17 01:20:00,229.1944399736656,291.6337076572357
2025-08-17 03:25:00,266.8122842685036,2025-08-17 01:25:00,229.74819275437866,292.33831888857014
2025-08-17 03:30:00,267.4400721412546,2025-08-17 01:30:00,230.28877179703062,293.02616747036166
2025-08-17 03:35:00,268.03946288491113,2025-08-17 01:35:00,230.80489848320005,293.682902158715
2025-08-17 03:40:00,268.59608343713995,2025-08-17 01:40:00,231.28419637712992,294.2927748148542
2025-08-17 03:45:00,269.0949536461891,2025-08-17 01:45:00,231.71376628715961,294.8393721301047
2025-08-17 03:50:00,269.5211946499243,2025-08-17 01:50:00,232.08079624065095,295.3063917758267
2025-08-17 03:55:00,269.86074170255915,2025-08-17 01:55:00,232.3731752887589,295.67842342655433
2025-08-17 04:00:00,270.1010247717173,2025-08-17 02:00:00,232.58007955870247,295.9416944700434
2025-08-17 04:05:00,270.23158154962067,2025-08-17 02:05:00,232.69250010881834,296.0847416654768
2025-08-17 04:10:00,270.2445703222193,2025-08-17 02:10:00,232.7036845527386,296.09897307898285
2025-08-17 04:15:00,270.1351546864983,2025-08-17 02:15:00,232.60946833389062,295.9790896069962
2025-08-17 04:20:00,269.90173796826826,2025-08-17 02:20:00,232.40847657926042,295.723341820889
2025-08-17 04:25:00,269.54603223045007,2025-08-17 02:25:00,232.1021835214271,295.3336055773053
2025-08-17 04:30:00,269.07295476183833,2025-08-17 02:30:00,231.69482336653638,294.81526860396406
2025-08-17 04:35:00,268.49035337245715,2025-08-17 02:35:00,231.19315375011118,294.17692951391507
2025-08-17 04:40:00,267.8085704426144,2025-08-17 02:40:00,230.60608034600762,293.42992014699786
2025-08-17 04:45:00,267.03986411725623,2025-08-17 02:45:00,229.9441584652588,292.58767138963526
2025-08-17 04:50:00,266.1977127387351,2025-08-17 02:50:00,229.2189941132077,291.66495106241524
2025-08-17 04:55:00,265.29603534948217,2025-08-17 02:55:00,228.44257277565086,290.67700984795164
2025-08-17 05:00:00,264.3483665395864,2025-08-17 03:00:00,227.62654889204234,289.63867719581157
2025-08-17 05:05:00,263.3670275409432,2025-08-17 03:05:00,226.7815320966733,288.5634531149201
2025-08-17 05:10:00,262.362337416098,2025-08-17 03:10:00,225.91640798481245,287.46264389653487
2025-08-17 05:15:00,261.3419079558984,2025-08-17 03:15:00,225.03773095928895,286.34458955448326
2025-08-17 05:20:00,260.31006367272687,2025-08-17 03:20:00,224.14922479506737,285.2140283289229
2025-08-17 05:25:00,259.26742397860176,2025-08-17 03:25:00,223.25142285886358,284.0716388912601
2025-08-17 05:30:00,258.2106783870246,2025-08-17 03:30:00,222.34147453871168,282.91379403947025
2025-08-17 05:35:00,257.1325777007909,2025-08-17 03:35:00,221.41313765591588,281.7325510428434
2025-08-17 05:40:00,256.02215478352343,2025-08-17 03:40:00,220.45696856821937,280.5158935348157
2025-08-17 05:45:00,254.86517816119897,2025-08-17 03:45:00,219.46071275950774,279.2482285107295
2025-08-17 05:50:00,253.64483086503128,2025-08-17 03:50:00,218.4098893815816,277.9111301158788
2025-08-17 05:55:00,252.34259569890193,2025-08-17 03:55:00,217.2885535451164,276.48430960681736
2025-08-17 06:00:00,250.939317679972,2025-08-17 04:00:00,216.08021117188198,274.94677943607593
2025-08-17 06:05:00,249.41640441773404,2025-08-17 04:05:00,214.76885262375478,273.2781684719431
2025-08-17 06:10:00,247.75711687377262,2025-08-17 04:10:00,213.3400641572487,271.4601362457122
2025-08-17 06:15:00,245.94789625739952,2025-08-17 04:15:00,211.78217049412416,269.4778267919361
2025-08-17 06:20:00,243.97966828495066,2025-08-17 04:20:00,210.08735790017448,267.32129768671643
2025-08-17 06:25:00,241.84906389134505,2025-08-17 04:25:00,208.25272532226504,264.9868575452106
2025-08-17 06:30:00,239.55949603770398,2025-08-17 04:30:00,206.28121161177486,262.47824584785275
2025-08-17 06:35:00,237.12203533738975,2025-08-17 04:35:00,204.18234951349356,259.8075923378751
2025-08-17 06:40:00,234.55603303644477,2025-08-17 04:40:00,201.9728021050526,256.9960996025273
2025-08-17 06:45:00,231.8894481279358,2025-08-17 04:45:00,199.67664447034824,254.0744014825762
2025-08-17 06:50:00,229.15884580220927,2025-08-17 04:50:00,197.3253623650789,251.08256137429694
2025-08-17 06:55:00,226.40904667673368,2025-08-17 04:55:00,194.95755017364388,248.0696879009983
2025-08-17 07:00:00,223.69241991469664,2025-08-17 05:00:00,192.61830222380775,245.09316040400196
2025-08-17 07:05:00,221.06782768738682,2025-08-17 05:05:00,190.35830387854864,242.2174724213316
2025-08-17 07:10:00,218.5992431377216,2025-08-17 05:10:00,188.23264148447305,239.51271743127577
2025-08-17 07:15:00,216.35407829235822,2025-08-17 05:15:00,186.29936256115778,237.05275679520275
2025-08-17 07:20:00,214.4012715511792,2025-08-17 05:20:00,184.61782896605183,234.91312427642396
2025-08-17 07:25:00,212.80919618627257,2025-08-17 05:25:00,183.2469159332472,233.16873444446128
2025-08-17 07:30:00,211.64346070657226,2025-08-17 05:30:00,182.24311799933616,231.8914725997203
2025-08-17 07:35:00,210.9646790504915,2025-08-17 05:35:00,181.65862894859052,231.1477516395888
2025-08-17 07:40:00,210.82629242943045,2025-08-17 05:40:00,181.53946623396016,230.99612551686894
2025-08-17 07:45:00,211.27252565997645,2025-08-17 05:45:00,181.92371120433685,231.48505005348719
2025-08-17 07:50:00,212.3365581538942,2025-08-17 05:50:00,182.83993417053105,232.65087894838805
2025-08-17 07:55:00,214.03898409787593,2025-08-17 05:55:00,184.30586848836163,234.51617664208445
2025-08-17 08:00:00,216.38662737233003,2025-08-17 06:00:00,186.32739010239277,237.08841985826754
2025-08-17 08:05:00,219.37176504192928,2025-08-17 06:05:00,188.89784890489403,240.35914680539486
2025-08-17 08:10:00,222.97179902836714,2025-08-17 06:10:00,191.99778601800725,244.303597438252
2025-08-17 08:15:00,227.14939959926232,2025-08-17 06:15:00,195.5950573499634,248.88087067449632
2025-08-17 08:20:00,231.85312683985563,2025-08-17 06:20:00,199.64536873535798,254.0346053227917
2025-08-17 08:25:00,237.01851847780824,2025-08-17 06:25:00,204.0932126453255,259.6941719802269
2025-08-17 08:30:00,242.56961445776847,2025-08-17 06:30:00,208.87318097661313,265.7763434635218
2025-08-17 08:35:00,248.42087185775844,2025-08-17 06:35:00,213.91161395834027,272.1873929262069
2025-08-17 08:40:00,254.47940819683603,2025-08-17 06:40:00,219.12853183172814,278.82555178439833
2025-08-17 08:45:00,260.64749811351123,2025-08-17 06:45:00,224.43978470371565,285.5837452534058
2025-08-17 08:50:00,266.82523785249293,2025-08-17 06:50:00,229.7593468978972,292.35251174695895
2025-08-17 08:55:00,272.913284860694,2025-08-17 06:55:00,235.0016759809551,299.0230045714236
2025-08-17 09:00:00,278.81557622194066,2025-08-17 07:00:00,240.08405356740676,305.48997043421343
2025-08-17 09:05:00,284.4419296454324,2025-08-17 07:05:00,244.92882499308746,311.6545992698232
2025-08-17 09:10:00,289.7104348889735,2025-08-17 07:10:00,249.46545853505148,317.4271444514479
2025-08-17 09:15:00,294.5495508902171,2025-08-17 07:15:00,253.6323512209058,322.72922055558524
2025-08-17 09:20:00,298.8998349729846,2025-08-17 07:20:00,257.37831782332114,327.4956980021939
2025-08-17 09:25:00,302.71524455173096,2025-08-17 07:25:00,260.66371173888984,331.67612929372916
2025-08-17 09:30:00,305.96396808061013,2025-08-17 07:30:00,263.4611405063281,335.2356594614276
2025-08-17 09:35:00,308.62876023733196,2025-08-17 07:35:00,265.75575442843956,338.15539331633346
2025-08-17 09:40:00,310.70677558399433,2025-08-17 07:40:00,267.54510333986786,340.43221319639787
2025-08-17 09:45:00,312.2089144974885,2025-08-17 07:45:00,268.8385733972435,342.07806232179297
2025-08-17 09:50:00,313.15871408696296,2025-08-17 07:50:00,269.65643206427933,343.11872960601966
2025-08-17 09:55:00,313.59083452702487,2025-08-17 07:55:00,270.0285247152179,343.59219117601975
2025-08-17 10:00:00,313.5492068406709,2025-08-17 08:00:00,269.99267971754625,343.54658095278245
2025-08-17 10:05:00,313.0849210736426,2025-08-17 08:05:00,269.5928899695263,343.0378767865217
2025-08-17 10:10:00,312.2539434974623,2025-08-17 08:10:00,268.87734721679936,342.127399263642
2025-08-17 10:15:00,311.11475744276163,2025-08-17 08:15:00,267.89641060814205,340.8792268376777
2025-08-17 10:20:00,309.72602455760443,2025-08-17 08:20:00,266.7005928388884,339.35763333929305
2025-08-17 10:25:00,308.1443612623926,2025-08-17 08:25:00,265.3386454884614,337.62465170376726
2025-08-17 10:30:00,306.42231947151953,2025-08-17 08:30:00,263.8558202490415,335.73786150750675
2025-08-17 10:35:00,304.6066510224999,2025-08-17 08:35:00,262.2923744506329,333.7484873544364
2025-08-17 10:40:00,302.7369224743534,2025-08-17 08:40:00,260.68237828401845,331.69988115160857
2025-08-17 10:45:00,300.84453135593594,2025-08-17 08:45:00,259.0528677064496,329.62644424163074
2025-08-17 10:50:00,298.952157268583,2025-08-17 08:50:00,257.4233717940836,327.5530259920859
2025-08-17 10:55:00,297.0736621604388,2025-08-17 08:55:00,255.80582686965369,325.4948145290686
2025-08-17 11:00:00,295.214434581525,2025-08-17 09:00:00,254.20487293552117,323.45771392726886
2025-08-17 11:05:00,293.3721533422939,2025-08-17 09:05:00,252.61851124899292,321.4391809280357
2025-08-17 11:10:00,291.5379278958873,2025-08-17 09:10:00,251.039086288964,319.4294744224479
2025-08-17 11:15:00,289.69775635947883,2025-08-17 09:15:00,249.45454123697365,317.4132529621238
2025-08-17 11:20:00,287.83422843239873,2025-08-17 09:20:00,247.84988433533297,315.3714405961824
2025-08-17 11:25:00,285.9283899069531,2025-08-17 09:25:00,246.20879439038063,313.2832697605354
2025-08-17 11:30:00,283.96167849972704,2025-08-17 09:30:00,244.5152876887743,311.1284023109211
2025-08-17 11:35:00,281.9178378188877,2025-08-17 09:35:00,242.7553660870081,308.8890266002009
2025-08-17 11:40:00,279.78471727581655,2025-08-17 09:40:00,240.91856688924463,306.55182958823525
2025-08-17 11:45:00,277.55587089424364,2025-08-17 09:45:00,238.99933955869864,304.10974860970657
2025-08-17 11:50:00,275.23187688148096,2025-08-17 09:50:00,236.99818198131027,301.5634171892445
2025-08-17 11:55:00,272.8213121218399,2025-08-17 09:55:00,234.92247958790927,298.9222327650059
2025-08-17 12:00:00,270.3413310549015,2025-08-17 10:00:00,232.78700381790762,296.2049909484534
2025-08-17 12:05:00,267.8178158426401,2025-08-17 10:05:00,230.6140414260344,293.4400500580264
2025-08-17 12:10:00,265.2850837962503,2025-08-17 10:10:00,228.43314255181477,290.6650105553786
2025-08-17 12:15:00,262.78515763298435,2025-08-17 10:15:00,226.2804923483041,287.9259154874046
2025-08-17 12:20:00,260.36662378480116,2025-08-17 10:20:00,224.19792788820524,285.2759995688352
2025-08-17 12:25:00,258.0831223330479,2025-08-17 10:25:00,222.23163786849852,282.7740346483844
2025-08-17 12:30:00,255.99152899869966,2025-08-17 10:30:00,220.43059714857415,280.48233776929095
2025-08-17 12:35:00,254.1499036851452,2025-08-17 10:35:00,218.84480027014382,278.46452344839804
2025-08-17 12:40:00,252.6152911492668,2025-08-17 10:40:00,217.5233676469687,276.78309393658236
2025-08-17 12:45:00,251.44146668556687,2025-08-17 10:45:00,216.51260440611827,275.49696923160815
2025-08-17 12:50:00,250.67672313198588,2025-08-17 10:50:00,215.8540948107393,274.6590623659342
2025-08-17 12:55:00,250.36179482226987,2025-08-17 10:55:00,215.58291460551445,274.3140047427996
2025-08-17 13:00:00,250.52800913476023,2025-08-17 11:00:00,215.72603934210318,274.4961208429704
2025-08-17 13:05:00,251.1957476785533,2025-08-17 11:05:00,216.30101932883616,275.2277421919827
2025-08-17 13:10:00,252.3732866920219,2025-08-17 11:10:00,217.31498111468082,276.51793681914126
2025-08-17 13:15:00,254.05607095725253,2025-08-17 11:15:00,218.7640022674819,278.36171370706967
2025-08-17 13:20:00,256.2264577242761,2025-08-17 11:20:00,220.6328908708263,280.73974221707317
2025-08-17 13:25:00,258.85394776779975,2025-08-17 11:25:00,222.89538448364735,283.6186052511574
2025-08-17 13:30:00,261.8959004405152,2025-08-17 11:30:00,225.51476586227014,286.9515827147637
2025-08-17 13:35:00,265.2987094705977,2025-08-17 11:35:00,228.44487542260427,290.6799398032705
2025-08-17 13:40:00,268.9993968945589,2025-08-17 11:40:00,231.63148375263276,294.73467342701986
2025-08-17 13:45:00,272.92756506256717,2025-08-17 11:45:00,235.01397245591514,299.0386509657433
2025-08-17 13:50:00,277.00763141779294,2025-08-17 11:50:00,238.52725848770717,303.50905885011264
2025-08-17 13:55:00,281.16125901818793,2025-08-17 11:55:00,242.10388704205485,308.06006561248
2025-08-17 14:00:00,285.3098872181665,2025-08-17 12:00:00,245.67621068512875,312.6055946798559
2025-08-17 14:05:00,289.37726270565844,2025-08-17 12:05:00,249.17856879456397,317.0620975562579
2025-08-17 14:10:00,293.291870921955,2025-08-17 12:10:00,252.54938121986635,321.3512178574352
2025-08-17 14:15:00,296.98917188932575,2025-08-17 12:15:00,255.73307352118334,325.40224104097996
2025-08-17 14:20:00,300.41355258883846,2025-08-17 12:20:00,258.6817581335616,329.15423356888994
2025-08-17 14:25:00,303.5199196882358,2025-08-17 12:25:00,261.35660584184774,332.55778801233794
2025-08-17 14:30:00,306.27487145213877,2025-08-17 12:30:00,263.72885489558786,335.57630707897886
2025-08-17 14:35:00,308.6574050277719,2025-08-17 12:35:00,265.780420042519,338.186778564974
2025-08-17 14:40:00,310.6591347938229,2025-08-17 12:40:00,267.50408054560904,340.3800145933709
2025-08-17 14:45:00,312.28401756915304,2025-08-17 12:45:00,268.9032435642583,342.1603505334245
2025-08-17 14:50:00,313.5476011070604,2025-08-17 12:50:00,269.99129704359603,343.5448215980153
2025-08-17 14:55:00,314.47583193098274,2025-08-17 12:55:00,270.7905831590751,344.561856624532
2025-08-17 15:00:00,315.1034768051344,2025-08-17 13:00:00,271.33103906770475,345.24954852699284
2025-08-17 15:05:00,315.47222799662904,2025-08-17 13:05:00,271.6485653767133,345.653578287861
2025-08-17 15:10:00,315.628575322137,2025-08-17 13:10:00,271.7831937937516,345.8248834225816
2025-08-17 15:15:00,315.621537385408,2025-08-17 13:15:00,271.7771335283907,345.8171721637187
2025-08-17 15:20:00,315.50034978377437,2025-08-17 13:20:00,271.6727806402323,345.68439049727914
2025-08-17 15:25:00,315.312209382002,2025-08-17 13:25:00,271.51077566579943,345.4782506303688
2025-08-17 15:30:00,315.1001708620274,2025-08-17 13:30:00,271.3281923679875,345.24592630302783
2025-08-17 15:35:00,314.90128473794834,2025-08-17 13:35:00,271.15693440774646,345.0280126663939
2025-08-17 15:40:00,314.74505535854416,2025-08-17 13:40:00,271.0224075523895,344.8568367617266
2025-08-17 15:45:00,314.65228337034375,2025-08-17 13:45:00,270.94252293731,344.75518924146786
2025-08-17 15:50:00,314.6343403350286,2025-08-17 13:50:00,270.92707244953544,344.73552958901155
2025-08-17 15:55:00,314.6929045409971,2025-08-17 13:55:00,270.9775012388929,344.7996966552575
2025-08-17 16:00:00,314.8201670515359,2025-08-17 14:00:00,271.0870851431042,344.93913441949104
2025-08-17 16:05:00,314.9994967279989,2025-08-17 14:05:00,271.2415033296115,345.1356206355877
2025-08-17 16:10:00,315.2065332183206,2025-08-17 14:10:00,271.41977945215217,345.36246438716074
2025-08-17 16:15:00,315.4106583643378,2025-08-17 14:15:00,271.59554865828807,345.5861182649915
2025-08-17 16:20:00,315.57678013477613,2025-08-17 14:20:00,271.7385937082564,345.76813296957636
2025-08-17 16:25:00,315.6673495917554,2025-08-17 14:25:00,271.8165817556088,345.8673672415986
2025-08-17 16:30:00,315.6445211647258,2025-08-17 14:30:00,271.79692452780216,345.84235481010955
2025-08-17 16:35:00,315.4723600712315,2025-08-17 14:35:00,271.64867910424016,345.65372299809184
2025-08-17 16:40:00,315.11899827563406,2025-08-17 14:40:00,271.34440438109715,345.26655494258944
2025-08-17 16:45:00,314.55864217710604,2025-08-17 14:45:00,270.86188986236476,344.65258935898913
2025-08-17 16:50:00,313.77334097237014,2025-08-17 14:50:00,270.1856783713888,343.7921580837086
2025-08-17 16:55:00,312.75443432614617,2025-08-17 14:55:00,269.30831261891916,342.6757722438357
2025-08-17 17:00:00,311.50361100574975,2025-08-17 15:00:00,268.2312467780266,341.30528217170945
2025-08-17 17:05:00,310.03352612090595,2025-08-17 15:05:00,266.96537798036474,339.69455369630595
2025-08-17 17:10:00,308.3679427267817,2025-08-17 15:10:00,265.5311682484895,337.86962329348756
2025-08-17 17:15:00,306.54138327230885,2025-08-17 15:15:00,263.9583443630598,335.86831618825227
2025-08-17 17:20:00,304.5982965973211,2025-08-17 15:20:00,262.2851805761395,333.7393336581636
2025-08-17 17:25:00,302.5917663831627,2025-08-17 15:25:00,260.5573864767267,331.54083792092877
2025-08-17 17:30:00,300.58180610575045,2025-08-17 15:30:00,258.82663879953645,329.3385839649595
2025-08-17 17:35:00,298.6333029481225,2025-08-17 15:35:00,257.1488109578816,327.2036667552377
2025-08-17 17:40:00,296.81368800472916,2025-08-17 15:40:00,255.58196689033943,325.2099685451477
2025-08-17 17:45:00,295.1904220176651,2025-08-17 15:45:00,254.18419606464423,323.4314040721202
2025-08-17 17:50:00,293.8283942071883,2025-08-17 15:50:00,253.01137364832942,321.93907053325813
2025-08-17 17:55:00,292.7873361158785,2025-08-17 15:55:00,252.11493360739766,320.7984140109648
2025-08-17 18:00:00,292.119352904701,2025-08-17 16:00:00,251.5397429411244,320.0665245871446
2025-08-17 18:05:00,291.86667081255354,2025-08-17 16:05:00,251.32216205210563,319.7896683013325
2025-08-17 18:10:00,292.05969197958893,2025-08-17 16:10:00,251.48836978280025,320.0011558782098
2025-08-17 18:15:00,292.71543672489975,2025-08-17 16:15:00,252.0530220834107,320.71963597739165
2025-08-17 18:20:00,293.83643905348356,2025-08-17 16:20:00,253.018300948931,321.94788503311565
2025-08-17 18:25:00,295.4101444288445,2025-08-17 16:25:00,254.37339584985835,323.6721474115148
2025-08-17 18:30:00,297.4088400039862,2025-08-17 16:30:00,256.09444365511183,325.86205896678246
2025-08-17 18:35:00,299.79012771674707,2025-08-17 16:35:00,258.1449360075721,328.4711653977216
2025-08-17 18:40:00,302.49793025625644,2025-08-17 16:40:00,260.4765855472235,331.4380244554019
2025-08-17 18:45:00,305.4640001033333,2025-08-17 16:45:00,263.03062532398053,334.68785935403776
2025-08-17 18:50:00,308.6098830295048,2025-08-17 16:50:00,265.739499538248,338.1347101187189
2025-08-17 18:55:00,311.849270580086,2025-08-17 16:55:00,268.5288892300214,341.6840111314582
2025-08-17 19:00:00,315.09066165828057,2025-08-17 17:00:00,271.3200041303981,345.2355073500739
2025-08-17 19:05:00,318.24024186026077,2025-08-17 17:05:00,274.03206201530315,348.686409110373
2025-08-17 19:10:00,321.20488136195536,2025-08-17 17:10:00,276.5848701423725,351.93467682192966
2025-08-17 19:15:00,323.89514767661814,2025-08-17 17:15:00,278.9014194928505,354.88232195733735
2025-08-17 19:20:00,326.2282292175674,2025-08-17 17:20:00,280.9104022091121,357.4386103133288
2025-08-17 19:25:00,328.1306687825977,2025-08-17 17:25:00,282.54856535849046,359.5230570087005
2025-08-17 19:30:00,329.5408130253144,2025-08-17 17:30:00,283.7628201375587,361.06811029751884
2025-08-17 19:35:00,330.41089409860456,2025-08-17 17:35:00,284.5120343451664,362.02143236422864
2025-08-17 19:40:00,330.70867280408623,2025-08-17 17:40:00,284.76844727462617,362.3476996738467
2025-08-17 19:45:00,330.41858801479526,2025-08-17 17:45:00,284.51865946493876,362.0298623603626
2025-08-17 19:50:00,329.5423743984578,2025-08-17 17:50:00,283.7641646133534,361.06982104783594
2025-08-17 19:55:00,328.09912888647506,2025-08-17 17:55:00,282.52140681084825,359.48849967849475
2025-08-17 20:00:00,326.12482510938355,2025-08-17 18:00:00,280.82136242953914,357.3253134940481
2025-08-17 20:05:00,323.67129368442187,2025-08-17 18:05:00,278.7086620630757,354.63705176696897
2025-08-17 20:10:00,320.80470394613445,2025-08-17 18:10:00,276.24028316685883,351.49621427767687
2025-08-17 20:15:00,317.6035989397067,2025-08-17 18:15:00,273.4838580192684,347.98885831492396
2025-08-17 20:20:00,314.1565497146947,2025-08-17 18:20:00,270.5156538679748,344.21202855489656
2025-08-17 20:25:00,310.559506608002,2025-08-17 18:25:00,267.4182921580822,340.2708549404087
2025-08-17 20:30:00,306.9129341571714,2025-08-17 18:30:00,264.2782814474691,336.27541349023767
2025-08-17 20:35:00,303.318822011392,2025-08-17 18:35:00,261.18344354555904,332.3374512428294
2025-08-17 20:40:00,299.8776668275264,2025-08-17 18:40:00,258.2203146677115,328.5670794091488
2025-08-17 20:45:00,296.6855194424666,2025-08-17 18:45:00,255.47160279811453,325.06953804687095
2025-08-17 20:50:00,293.8311880497725,2025-08-17 18:50:00,253.0137793857051,321.9421316638449
2025-08-17 20:55:00,291.3936812832204,2025-08-17 18:55:00,250.91487762045375,319.2714276804547
2025-08-17 21:00:00,289.43996607445956,2025-08-17 19:00:00,249.2325617570738,317.13079978064843
2025-08-17 21:05:00,288.0231037011997,2025-08-17 19:05:00,248.01252209311835,315.57838563513474
2025-08-17 21:10:00,287.1808142685028,2025-08-17 19:10:00,247.28723886461643,314.6555140460424
2025-08-17 21:15:00,286.93450555123707,2025-08-17 19:15:00,247.07514599637915,314.38564087835647
2025-08-17 21:20:00,287.28878689559485,2025-08-17 19:20:00,247.38021252963847,314.77381645620545
2025-08-17 21:25:00,288.23147360760976,2025-08-17 19:25:00,248.19194640093593,315.80669037122993
2025-08-17 21:30:00,289.73407213231746,2025-08-17 19:30:00,249.48581222286933,317.4530430790215
2025-08-17 21:35:00,291.75272208361105,2025-08-17 19:35:00,251.22404245235415,319.66481805333933
2025-08-17 21:40:00,294.2295580316833,2025-08-17 19:40:00,253.35681000606255,322.3786138562851
2025-08-17 21:45:00,297.0944424916084,2025-08-17 19:45:00,255.8237205117854,325.5175829225731
2025-08-17 21:50:00,300.26701181694716,2025-08-17 19:50:00,258.555573997778,328.99367318457035
2025-08-17 21:55:00,303.6589692489667,2025-08-17 19:55:00,261.47633940422395,332.7101404984227
2025-08-17 22:00:00,307.1765539887363,2025-08-17 20:00:00,264.50528066544854,336.56425393323553
2025-08-17 22:05:00,310.72311219132865,2025-08-17 20:05:00,267.55917055577993,340.45011273328595
2025-08-17 22:10:00,314.20169513781525,2025-08-17 20:10:00,270.55452793781575,344.26149305814
2025-08-17 22:15:00,317.5176114171348,2025-08-17 20:15:00,273.409815409257,347.89464433274924
2025-08-17 22:20:00,320.58086345783784,2025-08-17 20:20:00,276.0475373650964,351.2509588831315
2025-08-17 22:25:00,323.3084045050478,2025-08-17 20:25:00,278.39618344778296,354.23944483919234
2025-08-17 22:30:00,325.626159056373,2025-08-17 20:30:00,280.3919683153168,356.77893986652356
2025-08-17 22:35:00,327.47075847518124,2025-08-17 20:35:00,281.98032615269614,358.80001282647225
2025-08-17 22:40:00,328.79095289586564,2025-08-17 20:40:00,283.11712644308835,360.24651075893087
2025-08-17 22:45:00,329.54867088997196,2025-08-17 20:45:00,283.7695864309809,361.076719927133
2025-08-17 22:50:00,329.71970897641955,2025-08-17 20:50:00,283.91686484944364,361.26412129358465
2025-08-17 22:55:00,329.29404378261887,2025-08-17 20:55:00,283.55033071754536,360.79773254575684
2025-08-17 23:00:00,328.2757701767642,2025-08-17 21:00:00,282.673510066967,359.6820403094706
2025-08-17 23:05:00,326.6826786811663,2025-08-17 21:05:00,281.30172205874453,357.93653713319975
2025-08-17 23:10:00,324.5454946967843,2025-08-17 21:10:00,279.46142389053415,355.59488792891847
2025-08-17 23:15:00,321.9068104132289,2025-08-17 21:15:00,277.1892910797893,352.70375969752115
2025-08-17 23:20:00,318.81974733737474,2025-08-17 21:20:00,274.5310657865246,349.3213561010286
2025-08-17 23:25:00,315.34639330414507,2025-08-17 21:25:00,271.5402109459447,345.5157049415888
2025-08-17 23:30:00,311.5560622739132,2025-08-17 21:30:00,268.27641180519646,341.36275147302183
2025-08-17 23:35:00,307.5234283573334,2025-08-17 21:35:00,264.80396915918294,336.94431390708274
2025-08-17 23:40:00,303.32658701121034,2025-08-17 21:40:00,261.1901298744134,332.3459591231891
2025-08-17 23:45:00,299.04509662537583,2025-08-17 21:45:00,257.50340052783343,327.65485689315517
2025-08-17 23:50:00,294.75805243506437,2025-08-17 21:50:00,253.81188888067467,322.95766952401794
2025-08-17 23:55:00,290.5422422399174,2025-08-17 21:55:00,250.18171579480662,318.3385311339643
2025-08-18 00:00:00,286.47042961658605,2025-08-17 22:00:00,246.6755369319795,313.8771666192178
2025-08-18 00:05:00,282.6098055200052,2025-08-17 22:05:00,243.35120945011263,309.6471951194071
2025-08-18 00:10:00,279.0206434875669,2025-08-17 22:10:00,240.26063401908974,305.71465656460134
2025-08-18 00:15:00,275.7551870762111,2025-08-17 22:15:00,237.44879680895514,302.13679267307606
2025-08-18 00:20:00,272.8567911361007,2025-08-17 22:20:00,234.9530300531154,298.9611060703084
2025-08-18 00:25:00,270.35933097893314,2025-08-17 22:25:00,232.8025032917318,296.2247129321918
2025-08-18 00:30:00,268.2868858279603,2025-08-17 22:30:00,231.017950795118,293.9539961505969
2025-08-18 00:35:00,266.6536952209501,2025-08-17 22:35:00,229.61163402296214,292.16455756538727
2025-08-18 00:40:00,265.46437949497096,2025-08-17 22:40:00,228.5875314805803,290.8614595430691
2025-08-18 00:45:00,264.7144083495044,2025-08-17 22:45:00,227.94174219182526,290.0397383675179
2025-08-18 00:50:00,264.3907948901621,2025-08-17 22:50:00,227.66308333007635,289.68516468312697
2025-08-18 00:55:00,264.4729866840537,2025-08-17 22:55:00,227.73385749310862,289.7752197977877
2025-08-18 01:00:00,264.93392046909725,2025-08-17 23:00:00,228.13076089800066,290.28025129664843
2025-08-18 01:05:00,265.74120312185096,2025-08-17 23:05:00,228.82590029542615,291.164766993596
2025-08-18 01:10:00,266.85837879628855,2025-08-17 23:10:00,229.7878840844967,292.38882329768893
2025-08-18 01:15:00,268.2462404954,2025-08-17 23:15:00,230.98295168806703,293.9094622633213
2025-08-18 01:20:00,269.86414410453096,2025-08-17 23:20:00,232.37610504780721,295.68215133764113
2025-08-18 01:25:00,271.6712838000543,2025-08-17 23:25:00,233.9322068601337,297.6621807880635
2025-08-18 01:30:00,273.62789009916287,2025-08-17 23:30:00,235.61701219952974,299.8059763699512
2025-08-18 01:35:00,275.69631516201235,2025-08-17 23:35:00,237.39810305649831,302.0722884600343
2025-08-18 01:40:00,277.8419745615888,2025-08-17 23:40:00,239.2456992819519,304.42322392576574
2025-08-18 01:45:00,280.0341202210375,2025-08-17 23:45:00,241.133324152349,306.8250930098638
2025-08-18 01:50:00,282.2464254932554,2025-08-17 23:50:00,243.03830817325544,309.24905038469615
2025-08-18 01:55:00,284.45737029083614,2025-08-17 23:55:00,244.9421207091606,311.67151712775564
2025-08-18 02:00:00,286.65042140543625,2025-08-18 00:00:00,246.83052525387154,314.0743782922503
2025-08-18 02:05:00,288.8140104939072,2025-08-18 00:05:00,248.69356047469017,316.44495878716015
2025-08-18 02:10:00,290.941319475415,2025-08-18 00:10:00,250.52535542098184,318.7757882432159
2025-08-18 02:15:00,293.0298899211676,2025-08-18 00:15:00,252.32379317532815,321.06417303279034
2025-08-18 02:20:00,295.08107913840627,2025-08-18 00:20:00,254.09004249533177,323.31160031723454
2025-08-18 02:25:00,297.0993910616989,2025-08-18 00:25:00,255.8279816538019,325.5230049242816
2025-08-18 02:30:00,299.091714192725,2025-08-18 00:30:00,257.54354223974315,327.705934381236
2025-08-18 02:35:00,301.0665018395879,2025-08-18 00:35:00,259.2440032743027,329.8696507274625
2025-08-18 02:40:00,303.0329315205237,2025-08-18 00:40:00,260.9372673854818,332.0242094979232
2025-08-18 02:45:00,305.0000804953143,2025-08-18 00:45:00,262.63115087017906,334.17955637736054
2025-08-18 02:50:00,306.9761530704662,2025-08-18 00:50:00,264.3327183378739,336.3446805814634
2025-08-18 02:55:00,308.9677925289844,2025-08-18 00:55:00,266.0476902233227,338.52686095869603
2025-08-18 03:00:00,310.9795064660516,2025-08-18 01:00:00,267.7799479514372,340.73103634761895
2025-08-18 03:05:00,313.0132289606487,2025-08-18 01:05:00,269.5311569296093,342.95932586129845
2025-08-18 03:10:00,315.0680367509275,2025-08-18 01:10:00,271.30052215043656,345.2107179090677
2025-08-18 03:15:00,317.14002954271064,2025-08-18 01:15:00,273.08468512710533,347.48093905409394
2025-08-18 03:20:00,319.2223771489161,2025-08-18 01:20:00,274.877764484466,349.7625056626506
2025-08-18 03:25:00,321.30552850398,2025-08-18 01:25:00,276.67153593832506,352.0449529150304
2025-08-18 03:30:00,323.37757020584985,2025-08-18 01:30:00,278.4557410307609,354.31522764939035
2025-08-18 03:35:00,325.42471534024,2025-08-18 01:35:00,280.2185080496091,356.55822395201295
2025-08-18 03:40:00,327.431897186937,2025-08-18 01:40:00,281.9468632603608,358.7574336637238
2025-08-18 03:45:00,329.3834375322832,2025-08-18 01:45:00,283.627306380361,360.8956786300897
2025-08-18 03:50:00,331.2637554929277,2025-08-18 01:50:00,285.2464209366718,362.9558873386124
2025-08-18 03:55:00,333.05808079832843,2025-08-18 01:55:00,286.7914884633019,364.9218764412438
2025-08-18 04:00:00,334.75313487448017,2025-08-18 02:00:00,288.2510749725381,366.7790969976585
2025-08-18 04:05:00,336.33774430129364,2025-08-18 02:05:00,289.61555919420755,368.51530662233773
2025-08-18 04:10:00,337.80335415104787,2025-08-18 02:10:00,290.8775746039823,370.12113193431065
2025-08-18 04:15:00,339.1444132047105,2025-08-18 02:15:00,292.0323411275724,371.5904906272691
2025-08-18 04:20:00,340.35860881586814,2025-08-18 02:20:00,293.077867378654,372.9208488030212
2025-08-18 04:25:00,341.4469364103943,2025-08-18 02:25:00,294.0150105040263,374.11329712021956
2025-08-18 04:30:00,342.41359645570924,2025-08-18 02:30:00,294.84738746533395,375.17243790663
2025-08-18 04:35:00,343.2657202230633,2025-08-18 02:35:00,295.5811388969421,376.10608468498674
2025-08-18 04:40:00,344.0129343345074,2025-08-18 02:40:00,296.2245541436408,376.9247850600023
2025-08-18 04:45:00,344.66678242423296,2025-08-18 02:45:00,296.78757326160303,377.64118704982417
2025-08-18 04:50:00,345.2400300485427,2025-08-18 02:50:00,297.2811884864304,378.2692774964729
2025-08-18 04:55:00,345.745885687507,2025-08-18 02:55:00,297.7167734489642,378.82352854042523
2025-08-18 05:00:00,346.1971760488635,2025-08-18 03:00:00,298.1053730414207,379.3179940255182
2025-08-18 05:05:00,346.6055176575071,2025-08-18 03:05:00,298.4569900851018,379.76540183408446
2025-08-18 05:10:00,346.98052850788446,2025-08-18 03:10:00,298.77990649569244,380.1762901178261
2025-08-18 05:15:00,347.32912344561316,2025-08-18 03:15:00,299.0800765465807,380.55823526832046
2025-08-18 05:20:00,347.654934626764,2025-08-18 03:20:00,299.3606278347412,380.9152169314169
2025-08-18 05:25:00,347.9578941661535,2025-08-18 03:25:00,299.6215019052259,381.2471607273302
2025-08-18 05:30:00,348.23400981243475,2025-08-18 03:30:00,299.8592610882344,381.54969246448013
2025-08-18 05:35:00,348.475356589392,2025-08-18 03:35:00,300.0670813015542,381.8141289811056
2025-08-18 05:40:00,348.67029802715894,2025-08-18 03:40:00,300.2349425495574,382.02772054175944
2025-08-18 05:45:00,348.8039402317544,2025-08-18 03:45:00,300.3500199159002,382.17414834785205
2025-08-18 05:50:00,348.858811158978,2025-08-18 03:50:00,300.39726847643385,382.2342687979445
2025-08-18 05:55:00,348.81574634254656,2025-08-18 03:55:00,300.3601859868717,382.18708395383834
2025-08-18 06:00:00,348.6549517763061,2025-08-18 04:00:00,300.22172811526457,382.01090610914116
2025-08-18 06:05:00,348.35720470851214,2025-08-18 04:05:00,299.9653424285593,381.6846734640007
2025-08-18 06:10:00,347.9051448645421,2025-08-18 04:10:00,299.57608024577155,381.1893648795944
2025-08-18 06:15:00,347.284601734693,2025-08-18 04:15:00,299.04173954628,380.5094541480654
2025-08-18 06:20:00,346.48589926446436,2025-08-18 04:20:00,298.3539884197283,379.6343395030297
2025-08-18 06:25:00,345.5050769727719,2025-08-18 04:25:00,297.5094165532292,378.5596815626432
2025-08-18 06:30:00,344.3449671700821,2025-08-18 04:30:00,296.5104628082944,377.28858360561213
2025-08-18 06:35:00,343.01607096422237,2025-08-18 04:35:00,295.3661695367478,375.8325513848187
2025-08-18 06:40:00,341.53718164460616,2025-08-18 04:40:00,294.0927193678506,374.21217615095657
2025-08-18 06:45:00,339.9357121630916,2025-08-18 04:45:00,292.7137171973246,372.4574934636101
2025-08-18 06:50:00,338.2476939593369,2025-08-18 04:50:00,291.26018917588294,370.60798190423094
2025-08-18 06:55:00,336.51742656380895,2025-08-18 04:55:00,289.7702809874566,368.7121791565309
2025-08-18 07:00:00,334.7967710501246,2025-08-18 05:00:00,288.28864945124144,366.8269078631349
2025-08-18 07:05:00,333.144094853425,2025-08-18 05:05:00,286.8655539200858,365.01611949432004
2025-08-18 07:10:00,331.6228900726137,2025-08-18 05:10:00,285.5556665205649,363.349380462694
2025-08-18 07:15:00,330.30010169400805,2025-08-18 05:15:00,284.41663261058454,361.9000404073547
2025-08-18 07:20:00,329.2442154054154,2025-08-18 05:20:00,283.50742422378414,360.7431370683989
2025-08-18 07:25:00,328.52316639466284,2025-08-18 05:25:00,282.886539366245,359.9531050193964
2025-08-18 07:30:00,328.2021400159897,2025-08-18 05:30:00,282.6101082021821,359.6013659226847
2025-08-18 07:35:00,328.34134225142617,2025-08-18 05:35:00,282.72997323053556,359.7538856899233
2025-08-18 07:40:00,328.9938218442942,2025-08-18 05:40:00,283.29181395567883,360.468788258263
2025-08-18 07:45:00,330.2034268786709,2025-08-18 05:45:00,284.33338732759665,361.7941166749748
2025-08-18 07:50:00,332.0029760201584,2025-08-18 05:50:00,285.882953023805,363.7658293801156
2025-08-18 07:55:00,334.4127189439266,2025-08-18 05:55:00,287.95794774624153,366.4061133431249
2025-08-18 08:00:00,337.4391514697569,2025-08-18 06:00:00,290.5639649512172,369.72208584137974
2025-08-18 08:05:00,341.07423926429254,2025-08-18 06:05:00,293.69408639066944,373.704943893738
2025-08-18 08:10:00,345.2950897276659,2025-08-18 06:10:00,297.3285995784904,378.32960475643233
2025-08-18 08:15:00,350.0640956599926,2025-08-18 06:15:00,301.4351214996638,383.55486333419327
2025-08-18 08:20:00,355.32955692563803,2025-08-18 06:20:00,305.9691339163591,389.32407331937753
2025-08-18 08:25:00,361.02676841683717,2025-08-18 06:25:00,310.8749201976431,395.56633924148827
2025-08-18 08:30:00,367.0795448154675,2025-08-18 06:30:00,316.0868782697544,402.198187103498
2025-08-18 08:35:00,373.40213560921785,2025-08-18 06:35:00,321.5311696087836,409.1256626083562
2025-08-18 08:40:00,379.9014685519936,2025-08-18 06:40:00,327.1276510519283,416.24678925212095
2025-08-18 08:45:00,386.47964646046523,2025-08-18 06:45:00,332.79202475283046,423.4543039900004
2025-08-18 08:50:00,393.03661176291706,2025-08-18 06:50:00,338.43813258598954,430.63857670362273
2025-08-18 08:55:00,399.4728862434403,2025-08-18 06:55:00,343.98031530079754,437.69061205761744
2025-08-18 09:00:00,405.6922894747049,2025-08-18 07:00:00,349.3357533246175,444.5050280059039
2025-08-18 09:05:00,411.6045399318839,2025-08-18 07:05:00,354.42670654430196,450.9829057551928
2025-08-18 09:10:00,417.1276464252729,2025-08-18 07:10:00,359.1825735341784,457.0344099868909
2025-08-18 09:15:00,422.1900052832872,2025-08-18 07:15:00,363.54169740994587,462.58108667840804
2025-08-18 09:20:00,426.73212956060456,2025-08-18 07:20:00,367.452854824757,467.55775774531315
2025-08-18 09:25:00,430.7079507649256,2025-08-18 07:25:00,370.87637686727317,471.91394730479794
2025-08-18 09:30:00,434.08564979664595,2025-08-18 07:30:00,373.78486457177866,475.6147921116697
2025-08-18 09:35:00,436.84799209520446,2025-08-18 07:35:00,376.16347750784615,478.6414087682803
2025-08-18 09:40:00,438.9921612870136,2025-08-18 07:40:00,378.0097905369795,480.99071145748985
2025-08-18 09:45:00,440.5291050576126,2025-08-18 07:45:00,379.33323055260064,482.6746952341552
2025-08-18 09:50:00,441.48242601161894,2025-08-18 07:50:00,380.1541214156219,483.71922077322296
2025-08-18 09:55:00,441.88686792535293,2025-08-18 07:55:00,380.50238048850997,484.16235580155654
2025-08-18 10:00:00,441.78646344847726,2025-08-18 08:00:00,380.41592364800175,484.0523455894736
2025-08-18 10:05:00,441.2324221748483,2025-08-18 08:05:00,379.93884673350897,483.4452989725173
2025-08-18 10:10:00,440.2808477280305,2025-08-18 08:10:00,379.1194597625267,482.40268702965756
2025-08-18 10:15:00,438.9903784822385,2025-08-18 08:15:00,378.00825538961465,480.98875809109114
2025-08-18 10:20:00,437.41984865619725,2025-08-18 08:20:00,376.65589490820327,479.2679750680456
2025-08-18 10:25:00,435.6260646332244,2025-08-18 08:25:00,375.1112934720304,477.3025790325417
2025-08-18 10:30:00,433.66178552010933,2025-08-18 08:30:00,373.4198811836471,475.1503765755584
2025-08-18 10:35:00,431.57398737612334,2025-08-18 08:35:00,371.6221084471639,472.8628379741598
2025-08-18 10:40:00,429.4024778503113,2025-08-18 08:40:00,369.7522530524918,470.48357929059944
2025-08-18 10:45:00,427.1789122026178,2025-08-18 08:45:00,367.837572885389,468.04728425580663
2025-08-18 10:50:00,424.9262442019233,2025-08-18 08:50:00,365.89783310371405,465.5791026346246
2025-08-18 10:55:00,422.6586261815752,2025-08-18 08:55:00,363.94522007669184,463.0945407196159
2025-08-18 11:00:00,420.38175303298226,2025-08-18 09:00:00,361.98463759281424,460.59983823465706
2025-08-18 11:05:00,418.09362564129185,2025-08-18 09:05:00,360.01436424324226,458.09280480880284
2025-08-18 11:10:00,415.78569098828746,2025-08-18 09:10:00,358.0270351478946,455.56406915326977
2025-08-18 11:15:00,413.4442999055317,2025-08-18 09:15:00,356.01089720556126,452.99867627838745
2025-08-18 11:20:00,411.05240971081923,2025-08-18 09:20:00,353.95127520948745,450.37795302194013
2025-08-18 11:25:00,408.5914484272974,2025-08-18 09:25:00,351.832177099452,447.68155061885346
2025-08-18 11:30:00,406.043250301083,2025-08-18 09:30:00,349.6379606079478,444.88956539053146
2025-08-18 11:35:00,403.3919694657793,2025-08-18 09:35:00,347.354981088975,441.98463549039917
2025-08-18 11:40:00,400.6258795193081,2025-08-18 09:40:00,344.9731411075809,438.9539126469479
2025-08-18 11:45:00,397.7389720086637,2025-08-18 09:45:00,342.48726687192493,435.7908135761448
2025-08-18 11:50:00,394.7322756486176,2025-08-18 09:50:00,339.8982441933941,432.496465410302
2025-08-18 11:55:00,391.61483046411576,2025-08-18 09:55:00,337.21385730650934,429.080773037055
2025-08-18 12:00:00,388.40426631173125,2025-08-18 10:00:00,334.44928702536725,425.5630529681864
2025-08-18 12:05:00,385.1269526726988,2025-08-18 10:05:00,331.6272397282524,421.9721974634182
2025-08-18 12:10:00,381.8177057079552,2025-08-18 10:10:00,328.7776951069761,418.34635355929464
2025-08-18 12:15:00,378.51905811258473,2025-08-18 10:15:00,325.9372774491171,414.7321230703191
2025-08-18 12:20:00,375.2801170508349,2025-08-18 10:20:00,323.14827222240837,411.1833112621707
2025-08-18 12:25:00,372.15505368118033,2025-08-18 10:25:00,320.4573254266509,407.75927186904556
2025-08-18 12:30:00,369.201284723703,2025-08-18 10:30:00,317.91387776772876,404.52291469088357
2025-08-18 12:35:00,366.47742062072547,2025-08-18 10:35:00,315.56839784845397,401.5384574537346
2025-08-18 12:40:00,364.04106575675877,2025-08-18 10:40:00,313.4704879698316,398.8690155758964
2025-08-18 12:45:00,361.9465637265067,2025-08-18 10:45:00,311.66694261400187,396.57413172483507
2025-08-18 12:50:00,360.2427839216254,2025-08-18 10:50:00,310.19984250616363,394.7073506458422
2025-08-18 12:55:00,358.9710450167131,2025-08-18 10:55:00,309.10476655844224,393.3139439871251
2025-08-18 13:00:00,358.16326610093677,2025-08-18 11:00:00,308.4091998361172,392.4288845494793
2025-08-18 13:05:00,357.84042740177495,2025-08-18 11:05:00,308.13120810913597,392.0751597468755
2025-08-18 13:10:00,358.01141024344673,2025-08-18 11:10:00,308.2784389571226,392.26250058326224
2025-08-18 13:15:00,358.6722704960448,2025-08-18 11:15:00,308.8474961469513,392.98658559229574
2025-08-18 13:20:00,359.8059820442764,2025-08-18 11:20:00,309.82371873739567,394.22875976363576
2025-08-18 13:25:00,361.3826673882155,2025-08-18 11:25:00,311.18137964609576,395.95628720536166
2025-08-18 13:30:00,363.36031222457666,2025-08-18 11:30:00,312.88430096514105,398.1231340895129
2025-08-18 13:35:00,365.68594078174556,2025-08-18 11:35:00,314.8868660250385,400.67125643187785
2025-08-18 13:40:00,368.29720928080746,2025-08-18 11:40:00,317.13539150092015,403.5323460000562
2025-08-18 13:45:00,371.1243574656681,2025-08-18 11:45:00,319.5698078468591,406.62996854722235
2025-08-18 13:50:00,374.09244292636606,2025-08-18 11:50:00,322.1255832393057,409.8820118940154
2025-08-18 13:55:00,377.1237711406966,2025-08-18 11:55:00,324.7358160507265,413.2033484531863
2025-08-18 14:00:00,380.140425679408,2025-08-18 12:00:00,327.3334135726449,416.5086075005059
2025-08-18 14:05:00,383.0667987706162,2025-08-18 12:05:00,329.85327104799836,419.71494783925743
2025-08-18 14:10:00,385.8320222437877,2025-08-18 12:10:00,332.23436492178644,422.7447213135727
2025-08-18 14:15:00,388.3722029010587,2025-08-18 12:15:00,334.42167768693014,425.52792203859093
2025-08-18 14:20:00,390.63237441013,2025-08-18 12:20:00,336.36787863096725,428.00432503170356
2025-08-18 14:25:00,392.56808957377586,2025-08-18 12:25:00,338.03469491626,430.125230815104
2025-08-18 14:30:00,394.14659175032716,2025-08-18 12:30:00,339.3939202732025,431.85474890652205
2025-08-18 14:35:00,395.3475217079223,2025-08-18 12:35:00,340.42802366217694,433.1705722984952
2025-08-18 14:40:00,396.16313547847096,2025-08-18 12:40:00,341.13033686444527,434.0642161545053
2025-08-18 14:45:00,396.59802912966086,2025-08-18 12:45:00,341.5048174873115,434.54071624981657
2025-08-18 14:50:00,396.6683867877553,2025-08-18 12:50:00,341.56540144744645,434.617805052323
2025-08-18 14:55:00,396.4007880328061,2025-08-18 12:55:00,341.33497603618224,434.3246050207989
2025-08-18 15:00:00,395.83062890984945,2025-08-18 13:00:00,340.84402027512783,433.6998985536245
2025-08-18 15:05:00,395.0002267527572,2025-08-18 13:05:00,340.12897300744174,432.7900515004
2025-08-18 15:10:00,393.956691797217,2025-08-18 13:10:00,339.2304001746028,431.6466811513156
2025-08-18 15:15:00,392.74965796046774,2025-08-18 13:15:00,338.19104082371376,430.32416991970456
2025-08-18 15:20:00,391.42897064594626,2025-08-18 13:20:00,337.0538161095788,428.8771319380645
2025-08-18 15:25:00,390.04243058750274,2025-08-18 13:25:00,335.85988655164147,427.35794105497484
2025-08-18 15:30:00,388.63368996663047,2025-08-18 13:30:00,334.6468404110096,425.8144256730466
2025-08-18 15:35:00,387.24039003316943,2025-08-18 13:35:00,333.44709002262294,424.2878281950772
2025-08-18 15:40:00,385.8926187030394,2025-08-18 13:40:00,332.2865436550054,422.8111150595608
2025-08-18 15:45:00,384.6117526066238,2025-08-18 13:45:00,331.1836084149034,421.4077080073927
2025-08-18 15:50:00,383.4097313441804,2025-08-18 13:50:00,330.1485653191335,420.0906889050136
2025-08-18 15:55:00,382.28879289367376,2025-08-18 13:55:00,329.18334145810013,418.86250983860714
2025-08-18 16:00:00,381.2416792920319,2025-08-18 14:00:00,328.28168710494583,417.7152184729619
2025-08-18 16:05:00,380.2523012972873,2025-08-18 14:05:00,327.42974804649236,416.63118630209715
2025-08-18 16:10:00,379.2968310147566,2025-08-18 14:10:00,326.60700642781546,415.58430580741225
2025-08-18 16:15:00,378.3451729595011,2025-08-18 14:15:00,325.7875474628187,414.54160225726315
2025-08-18 16:20:00,377.3627476459478,2025-08-18 14:20:00,324.9415952574177,413.46518793329324
2025-08-18 16:25:00,376.3125082290735,2025-08-18 14:25:00,324.03724931004945,412.3144717044611
2025-08-18 16:30:00,375.1571004569916,2025-08-18 14:30:00,323.0423444155542,411.0485256231281
2025-08-18 16:35:00,373.86106978034206,2025-08-18 14:35:00,321.9263511750975,409.62850318945914
2025-08-18 16:40:00,372.393017016489,2025-08-18 14:40:00,320.66223220738203,408.020001248849
2025-08-18 16:45:00,370.7276057307566,2025-08-18 14:45:00,319.2281706755497,406.195259420099
2025-08-18 16:50:00,368.8473303450279,2025-08-18 14:50:00,317.60909277988213,404.1350973596508
2025-08-18 16:55:00,366.7439635202419,2025-08-18 14:55:00,315.7979140779008,401.8305006157275
2025-08-18 17:00:00,364.4196145464396,2025-08-18 15:00:00,313.79645084870344,399.2837802749657
2025-08-18 17:05:00,361.8873463160193,2025-08-18 15:05:00,311.61595135969594,396.50924896174087
2025-08-18 17:10:00,359.1713167186991,2025-08-18 15:10:00,309.2772176197465,393.5333757604411
2025-08-18 17:15:00,356.3064298474088,2025-08-18 15:15:00,306.810305037632,390.39440405209166
2025-08-18 17:20:00,353.33750278862124,2025-08-18 15:20:00,304.25380495726245,387.14143859119366
2025-08-18 17:25:00,350.3179738680312,2025-08-18 15:25:00,301.65373234674865,383.8330301687673
2025-08-18 17:30:00,347.3081974283552,2025-08-18 15:30:00,299.0620574562688,380.535307250883
2025-08-18 17:35:00,344.37338754769615,2025-08-18 15:35:00,296.5349351837404,377.3197229717648
2025-08-18 17:40:00,341.5812880927454,2025-08-18 15:40:00,294.13069879138646,374.2605022800796
2025-08-18 17:45:00,338.99965830547353,2025-08-18 15:45:00,291.9076947808601,371.4318869707327
2025-08-18 17:50:00,336.69367147500236,2025-08-18 15:50:00,289.9220429272783,368.90528548666936
2025-08-18 17:55:00,334.72332867715943,2025-08-18 15:55:00,288.22540928781865,366.74643922989077
2025-08-18 18:00:00,333.14098993982725,2025-08-18 16:00:00,286.86288032396675,365.0127175324354
2025-08-18 18:05:00,331.98912161060207,2025-08-18 16:05:00,285.87102319244065,363.75064951382865
2025-08-18 18:10:00,331.298351089732,2025-08-18 16:10:00,285.276210703904,362.993792709568
2025-08-18 18:15:00,331.08590901833577,2025-08-18 16:15:00,285.093279913809,362.76102622288454
2025-08-18 18:20:00,331.35452474257323,2025-08-18 16:20:00,285.32458102259477,363.0553405175427
2025-08-18 18:25:00,332.0918240168537,2025-08-18 16:25:00,285.9594587466451,363.8631774990814
2025-08-18 18:30:00,333.2702592066969,2025-08-18 16:30:00,286.9741922169833,365.1543540401555
2025-08-18 18:35:00,334.847582358439,2025-08-18 16:35:00,288.3324023327428,366.882580309004
2025-08-18 18:40:00,336.7678511414881,2025-08-18 16:40:00,289.9859179634707,368.98656195059084
2025-08-18 18:45:00,338.96293790603414,2025-08-18 16:45:00,291.87607537686023,371.39165351645056
2025-08-18 18:50:00,341.35449317653695,2025-08-18 16:50:00,293.93540897454903,374.0120098063593
2025-08-18 18:55:00,343.8562981827117,2025-08-18 16:55:00,296.08967702247025,376.7531634668712
2025-08-18 19:00:00,346.3769264470571,2025-08-18 17:00:00,298.2601535053153,379.51494121395643
2025-08-18 19:05:00,348.8226232124394,2025-08-18 17:05:00,300.3661075599133,382.1946187365385
2025-08-18 19:10:00,351.10030335553137,2025-08-18 17:10:00,302.3273849350634,384.69020542147274
2025-08-18 19:15:00,353.12056424287584,2025-08-18 17:15:00,304.0670023182445,386.9037454507177
2025-08-18 19:20:00,354.80060936438844,2025-08-18 17:20:00,305.5136648340711,388.7445211399872
2025-08-18 19:25:00,356.0669819321408,2025-08-18 17:25:00,306.6041199066046,390.13204806198894
2025-08-18 19:30:00,356.85801445585525,2025-08-18 17:30:00,307.2852665533251,390.9987589737555
2025-08-18 19:35:00,357.1259105081061,2025-08-18 17:35:00,307.51594796298883,391.2922847451292
2025-08-18 19:40:00,356.8383880151199,2025-08-18 17:40:00,307.2683665095302,390.9772548638302
2025-08-18 19:45:00,355.97982881868757,2025-08-18 17:45:00,306.5290736231709,390.0365569764017
2025-08-18 19:50:00,354.5518965672965,2025-08-18 17:50:00,305.29950184752266,388.47201389322663
2025-08-18 19:55:00,352.57360335010867,2025-08-18 17:55:00,303.59602221714044,386.30445659740377
2025-08-18 20:00:00,350.0808243116453,2025-08-18 18:00:00,301.44952629925905,383.5731924224316
2025-08-18 20:05:00,347.1252781313376,2025-08-18 18:05:00,298.90454829950374,380.3348879938425
2025-08-18 20:10:00,343.77300896268014,2025-08-18 18:10:00,296.0179578816869,376.66190593488636
2025-08-18 20:15:00,340.102421639282,2025-08-18 18:15:00,292.85726831220217,372.640152099984
2025-08-18 20:20:00,336.2019361811368,2025-08-18 18:20:00,289.4986167893518,368.3665056867027
2025-08-18 20:25:00,332.1673393261769,2025-08-18 18:25:00,286.02448388553574,363.9459173873081
2025-08-18 20:30:00,328.0989196714472,2025-08-18 18:30:00,282.52122665881865,359.48827044778415
2025-08-18 20:35:00,324.0984788624151,2025-08-18 18:35:00,279.0765050313426,355.105105916466
2025-08-18 20:40:00,320.2663137142889,2025-08-18 18:40:00,275.77668313771386,350.9063160437359
2025-08-18 20:45:00,316.69826369746977,2025-08-18 18:45:00,272.70428695749723,346.996909299264
2025-08-18 20:50:00,313.48291436998454,2025-08-18 18:50:00,269.9355962313973,343.4739462557386
2025-08-18 20:55:00,310.69904074774485,2025-08-18 18:55:00,267.53844298442567,340.4237383653673
2025-08-18 21:00:00,308.41336547818815,2025-08-18 19:00:00,265.57028112169985,337.9193916571214
2025-08-18 21:05:00,306.67869517745794,2025-08-18 19:05:00,264.07658165538743,336.0187647765724
2025-08-18 21:10:00,305.5324852425285,2025-08-18 19:10:00,263.08959688521793,334.76289649303624
2025-08-18 21:15:00,304.99586899292854,2025-08-18 19:15:00,262.62752440648546,334.17494195890964
2025-08-18 21:20:00,305.07317192350166,2025-08-18 19:20:00,262.6940888401377,334.259640490804
2025-08-18 21:25:00,305.75191640778263,2025-08-18 19:25:00,263.27854588278507,335.0033207228952
2025-08-18 21:30:00,307.0033072372753,2025-08-18 19:30:00,264.356100397539,336.3744325979328
2025-08-18 21:35:00,308.7831739878861,2025-08-18 19:35:00,265.8887178720962,338.3245798902351
2025-08-18 21:40:00,311.0333331663833,2025-08-18 19:40:00,267.82629734332164,340.7900126692281
2025-08-18 21:45:00,313.6833215495043,2025-08-18 19:45:00,270.10816395044327,343.69352646777656
2025-08-18 21:50:00,316.65244246275125,2025-08-18 19:50:00,272.6648309560795,346.94670432926523
2025-08-18 21:55:00,319.852059176322,2025-08-18 19:55:00,275.4199745562513,350.4524296136068
2025-08-18 22:00:00,323.1880643690447,2025-08-18 20:00:00,278.292560300002,354.1075917157486
2025-08-18 22:05:00,326.5634514910354,2025-08-18 20:05:00,281.1990572525312,357.805903431591
2025-08-18 22:10:00,329.88091332972715,2025-08-18 20:10:00,284.0556755827579,361.44074812983644
2025-08-18 22:15:00,333.04539456184176,2025-08-18 20:15:00,286.78056452884493,364.9079765075968
2025-08-18 22:20:00,335.9665286892642,2025-08-18 20:20:00,289.29591080837776,368.1085766688672
2025-08-18 22:25:00,338.5608953998043,2025-08-18 20:25:00,291.5298823990144,370.95114744786673
2025-08-18 22:30:00,340.7540414041416,2025-08-18 20:30:00,293.41836865190345,373.3541125802366
2025-08-18 22:35:00,342.48221644805267,2025-08-18 20:35:00,294.90647514666375,375.24762280022975
2025-08-18 22:40:00,343.69378560011705,2025-08-18 20:40:00,295.94973979186886,376.5751032425295
2025-08-18 22:45:00,344.35028934246657,2025-08-18 20:45:00,296.51504565383397,377.2944149522908
2025-08-18 22:50:00,344.42713346602426,2025-08-18 20:50:00,296.58121501541183,377.37861078292474
2025-08-18 22:55:00,343.91390163579587,2025-08-18 20:55:00,296.1392785214371,376.81627786463196
2025-08-18 23:00:00,342.8142939353579,2025-08-18 21:00:00,295.1924222602757,375.6114702694185
2025-08-18 23:05:00,341.1457046683323,2025-08-18 21:05:00,293.75562421479026,373.7832464206736
2025-08-18 23:10:00,338.9384619952366,2025-08-18 21:10:00,291.8549995246476,371.3648359857831
2025-08-18 23:15:00,336.2347602494466,2025-08-18 21:15:00,289.526881119061,368.4024700463463
2025-08-18 23:20:00,333.087322848942,2025-08-18 21:20:00,286.8166683694645,364.95391609017025
2025-08-18 23:25:00,329.5578397283927,2025-08-18 21:25:00,283.77748158491875,361.0867659518782
2025-08-18 23:30:00,325.71522751255134,2025-08-18 21:30:00,280.468663872624,356.87652953641657
2025-08-18 23:35:00,321.6337639544248,2025-08-18 21:35:00,276.95417472965494,352.40459077820356
2025-08-18 23:40:00,317.3911495061418,2025-08-18 21:40:00,273.3009208897166,347.7560837617302
2025-08-18 23:45:00,313.0665493121481,2025-08-18 21:45:00,269.5770703118496,343.0177473914863
2025-08-18 23:50:00,308.73866750429227,2025-08-18 21:50:00,265.8503939838256,338.27581545411056
2025-08-18 23:55:00,304.4839033004711,2025-08-18 21:55:00,262.18667816540324,333.613996310279
2025-08-19 00:00:00,300.37463459425334,2025-08-18 22:00:00,258.6482464122176,329.11159227468295
2025-08-19 00:05:00,296.47766993056615,2025-08-18 22:05:00,255.29262659447033,324.84180349162966
2025-08-19 00:10:00,292.8529041030066,2025-08-18 22:10:00,252.17139325125,320.87025491282765
2025-08-19 00:15:00,289.5522059163634,2025-08-18 22:15:00,249.3292098589524,317.25377765171777
2025-08-19 00:20:00,286.61855986493197,2025-08-18 22:20:00,246.80308974291185,314.03946854582034
2025-08-19 00:25:00,284.0854756242046,2025-08-18 22:25:00,244.62188759925027,311.2640431542662
2025-08-19 00:30:00,281.9766718622106,2025-08-18 22:30:00,242.8060272294024,308.9534893192455
2025-08-19 00:35:00,280.3060329877936,2025-08-18 22:35:00,241.36746429668432,307.12301977637594
2025-08-19 00:40:00,279.0778299700251,2025-08-18 22:40:00,240.30987647069117,305.7773140999949
2025-08-19 00:45:00,278.2871892356822,2025-08-18 22:45:00,239.62906718812278,304.9110324602409
2025-08-19 00:50:00,277.92078702772636,2025-08-18 22:50:00,239.31356355481046,304.5095764110768
2025-08-19 00:55:00,277.957740792704,2025-08-18 22:55:00,239.34538390649462,304.55006555706865
2025-08-19 01:00:00,278.3706641780421,2025-08-18 23:00:00,239.7009462517125,305.00249348268113
2025-08-19 01:05:00,279.1268483199097,2025-08-18 23:05:00,240.3520854616627,305.8310220544065
2025-08-19 01:10:00,280.1895292666747,2025-08-18 23:10:00,241.26714463018314,306.99537009911484
2025-08-19 01:15:00,281.5191998413638,2025-08-18 23:15:00,242.41210469951065,308.45225077290354
2025-08-19 01:20:00,283.0749239366142,2025-08-18 23:20:00,243.75171618062421,310.1568115951567
2025-08-19 01:25:00,284.8156122132861,2025-08-18 23:25:00,245.2505976388394,312.06403219373755
2025-08-19 01:30:00,286.7012203930767,2025-08-18 23:30:00,246.8742675262191,314.13003723872185
2025-08-19 01:35:00,288.69383481713965,2025-08-18 23:35:00,248.5900789403745,316.3132858568307
2025-08-19 01:40:00,290.75861445495843,2025-08-18 23:40:00,250.3680307746593,318.5756037626579
2025-08-19 01:45:00,292.86456407150337,2025-08-18 23:45:00,252.1814334812081,320.8830303950285
2025-08-19 01:50:00,294.9851195264134,2025-08-18 23:50:00,254.00741306358276,323.2064602119801
2025-08-19 01:55:00,297.098533124829,2025-08-18 23:55:00,255.8272428967919,325.5220649082589
2025-08-19 02:00:00,299.1880541268913,2025-08-19 00:00:00,257.6264991614061,327.8114911942336
2025-08-19 02:05:00,301.24190692467147,2025-08-19 00:05:00,259.3950420520275,330.0618368850018
2025-08-19 02:10:00,303.2530766348766,2025-08-19 00:10:00,261.1268311542751,332.26541598066785
2025-08-19 02:15:00,305.21891863456483,2025-08-19 00:15:00,262.81958922164546,334.4193308461883
2025-08-19 02:20:00,307.1406148300323,2025-08-19 00:20:00,264.47433397652827,336.52487646129265
2025-08-19 02:25:00,309.022504676795,2025-08-19 00:25:00,266.09480206120406,338.5868074388875
2025-08-19 02:30:00,310.8713232674669,2025-08-19 00:30:00,267.6867929663533,340.612503220507
2025-08-19 02:35:00,312.69538168736466,2025-08-19 00:35:00,269.2574632471422,342.6110700162203
2025-08-19 02:40:00,314.5037265500596,2025-08-19 00:40:00,270.8146028114612,344.5924199326245
2025-08-19 02:45:00,316.3053156214823,2025-08-19 00:45:00,272.3659250617849,346.56636772858775
2025-08-19 02:50:00,318.1082452116676,2025-08-19 00:50:00,273.9184016133953,348.54178429126307
2025-08-19 02:55:00,319.91906220188395,2025-08-19 00:55:00,275.47766989091,350.5258428445866
2025-08-19 03:00:00,321.7421894422422,2025-08-19 01:00:00,277.0475383464871,352.523389374453
2025-08-19 03:05:00,323.57948798555,2025-08-19 01:05:00,278.62960950573864,354.53646298131326
2025-08-19 03:10:00,325.42997329791604,2025-08-19 01:10:00,280.2230356007935,356.5639849405372
2025-08-19 03:15:00,327.28969561963777,2025-08-19 01:15:00,281.8244155507907,358.6016276173809
2025-08-19 03:20:00,329.1517871196537,2025-08-19 01:20:00,283.4278355658955,360.6418661327244
2025-08-19 03:25:00,331.00667092120744,2025-08-19 01:25:00,285.0250491362703,362.67420738630085
2025-08-19 03:30:00,332.84241965832973,2025-08-19 01:30:00,286.605785779867,364.68558291641733
2025-08-19 03:35:00,334.6452442608684,2025-08-19 01:35:00,288.15817192813586,366.66088444723715
2025-08-19 03:40:00,336.4000876821933,2025-08-19 01:40:00,289.66924217635045,368.5836144186448
2025-08-19 03:45:00,338.0912931333606,2025-08-19 01:45:00,291.1255146903664,370.4366181506315
2025-08-19 03:50:00,339.7033128932638,2025-08-19 01:50:00,292.51360155277416,372.20286046558806
2025-08-19 03:55:00,341.2214215292758,2025-08-19 01:55:00,293.82082290686134,373.86620714304223
2025-08-19 04:00:00,342.63239690525165,2025-08-19 02:00:00,295.03579336273873,375.41217107996073
2025-08-19 04:05:00,343.92513355915867,2025-08-19 02:05:00,296.14895016793133,376.828584350455
2025-08-19 04:10:00,345.0911559746837,2025-08-19 02:10:00,297.1529951781243,378.1061605822823
2025-08-19 04:15:00,346.1250036724269,2025-08-19 02:15:00,298.0432264536106,379.2389168898626
2025-08-19 04:20:00,347.02446596605853,2025-08-19 02:20:00,298.8177404044174,380.22443108964853
2025-08-19 04:25:00,347.7906513629473,2025-08-19 02:25:00,299.4774915501811,381.06391774033824
2025-08-19 04:30:00,348.42788437087137,2025-08-19 02:30:00,300.02620366190183,381.76211507704465
2025-08-19 04:35:00,348.9434311380399,2025-08-19 02:35:00,300.4701335145399,382.32698440319166
2025-08-19 04:40:00,349.34706383945854,2025-08-19 02:40:00,300.81769578642604,382.76923280155415
2025-08-19 04:45:00,349.6504821743675,2025-08-19 02:45:00,301.07896491908605,383.10167928613197
2025-08-19 04:50:00,349.866618106905,2025-08-19 02:50:00,301.26507643949793,383.3384930270834
2025-08-19 04:55:00,350.0088566816764,2025-08-19 02:55:00,301.3875560156662,383.4943396214176
2025-08-19 05:00:00,350.0902111370961,2025-08-19 03:00:00,301.4576091586706,383.5834772891105
2025-08-19 05:05:00,350.1224942892632,2025-08-19 03:05:00,301.4854077133254,383.6188489829545
2025-08-19 05:10:00,350.1155299792321,2025-08-19 03:10:00,301.4794108468475,383.61121839468416
2025-08-19 05:15:00,350.07644822978665,2025-08-19 03:15:00,301.4457581185655,383.5683976791259
2025-08-19 05:20:00,350.00910547316613,2025-08-19 03:20:00,301.3877702464138,383.4946122148856
2025-08-19 05:25:00,349.91366697340027,2025-08-19 03:25:00,301.30558953685426,383.39004307686673
2025-08-19 05:30:00,349.78638223834673,2025-08-19 03:30:00,301.1959864954353,383.25058096189053
2025-08-19 05:35:00,349.619576419721,2025-08-19 03:35:00,301.05235242148234,383.06781676596313
2025-08-19 05:40:00,349.4018712794046,2025-08-19 03:40:00,300.8648896789847,382.82928369051655
2025-08-19 05:45:00,349.11863899009336,2025-08-19 03:45:00,300.6210024577597,382.5189544583404
2025-08-19 05:50:00,348.7526811217605,2025-08-19 03:50:00,300.3058814388597,382.1179852589432
2025-08-19 05:55:00,348.28511410743334,2025-08-19 03:55:00,299.9032662563252,381.6056859271831
2025-08-19 06:00:00,347.69643181022246,2025-08-19 04:00:00,299.3963604582601,380.96068416649615
2025-08-19 06:05:00,346.9677060448212,2025-08-19 04:05:00,298.76886525850387,380.16224092475323
2025-08-19 06:10:00,346.08187746901297,2025-08-19 04:10:00,298.0060911046072,379.1916647858576
2025-08-19 06:15:00,345.0250825849054,2025-08-19 04:15:00,297.0961003393715,378.03376592570186
2025-08-19 06:20:00,343.7879581033302,2025-08-19 04:20:00,296.030830370137,376.6782852656149
2025-08-19 06:25:00,342.36686174771717,2025-08-19 04:25:00,294.8071448853136,375.12123207101564
2025-08-19 06:30:00,340.76494913552546,2025-08-19 04:30:00,293.42776114138104,373.3660638585084
2025-08-19 06:35:00,338.99304946782837,2025-08-19 04:35:00,291.9020040065041,371.42464586302924
2025-08-19 06:40:00,337.0702885653843,2025-08-19 04:40:00,290.2463424478678,369.3179336800193
2025-08-19 06:45:00,335.0244160189474,2025-08-19 04:45:00,288.4846712360706,367.0763317143326
2025-08-19 06:50:00,332.891803674443,2025-08-19 04:50:00,286.6483096407308,364.7396915204874
2025-08-19 06:55:00,330.7170948745628,2025-08-19 04:55:00,284.77569939750555,362.35692748706913
2025-08-19 07:00:00,328.55249757977197,2025-08-19 05:00:00,282.9117960248305,359.98524233035016
2025-08-19 07:05:00,326.45672882222675,2025-08-19 05:05:00,281.1071599084793,357.68897056370463
2025-08-19 07:10:00,324.49363266327356,2025-08-19 05:10:00,279.4167662447877,355.5380642345663
2025-08-19 07:15:00,322.7305080417559,2025-08-19 05:15:00,277.8985651750544,353.6062607973347
2025-08-19 07:20:00,321.2361962555338,2025-08-19 05:20:00,276.61183494358346,351.9689876235106
2025-08-19 07:25:00,320.0789893738426,2025-08-19 05:25:00,275.61538086186687,350.7010703110549
2025-08-19 07:30:00,319.3244305633126,2025-08-19 05:30:00,274.96564120118575,349.87432256674595
2025-08-19 07:35:00,319.0330841718381,2025-08-19 05:35:00,274.71476704413453,349.55510295310853
2025-08-19 07:40:00,319.25835750609184,2025-08-19 05:40:00,274.90874664879345,349.80192827453897
2025-08-19 07:45:00,320.04445704458055,2025-08-19 05:45:00,275.5856455733988,350.66323426047177
2025-08-19 07:50:00,321.42455932278773,2025-08-19 05:50:00,276.7740316520368,352.1753714583954
2025-08-19 07:55:00,323.41927098702354,2025-08-19 05:55:00,278.4916489693229,354.3609179604571
2025-08-19 08:00:00,326.03544357970003,2025-08-19 06:00:00,280.74439728917196,357.2273807987863
2025-08-19 08:05:00,329.2653968706336,2025-08-19 06:05:00,283.525663276634,360.76634497260187
2025-08-19 08:10:00,333.08659039417,2025-08-19 06:10:00,286.8160376632712,364.9531135611664
2025-08-19 08:15:00,337.4617667543998,2025-08-19 06:15:00,290.58343864520236,369.74686473906735
2025-08-19 08:20:00,342.3395729319956,2025-08-19 06:20:00,294.7836468814206,375.09133252372015
2025-08-19 08:25:00,347.65564789405664,2025-08-19 06:25:00,299.361242018874,380.91599843726783
2025-08-19 08:30:00,353.3341470174299,2025-08-19 06:30:00,304.25091535130366,387.13776177207217
2025-08-19 08:35:00,359.28965674425996,2025-08-19 06:35:00,309.3791185014007,393.6630374221017
2025-08-19 08:40:00,365.4294377107627,2025-08-19 06:40:00,314.6659949464979,400.3902136127046
2025-08-19 08:45:00,371.65592119963816,2025-08-19 06:45:00,320.0275296775769,407.21238718959097
2025-08-19 08:50:00,377.86937335463927,2025-08-19 06:50:00,325.37784331583777,414.02028271984193
2025-08-19 08:55:00,383.97063458047376,2025-08-19 06:55:00,330.6315509702695,420.7052539712613
2025-08-19 09:00:00,389.8638376717186,2025-08-19 07:00:00,335.70610277908156,427.1622620857367
2025-08-19 09:05:00,395.4590085975671,2025-08-19 07:05:00,340.5240234077731,433.2927251820711
2025-08-19 09:10:00,400.674457619575,2025-08-19 07:10:00,345.01497100598436,439.0071382328903
2025-08-19 09:15:00,405.4388761410439,2025-08-19 07:15:00,349.1175427741246,444.22737052041924
2025-08-19 09:20:00,409.69306565646593,2025-08-19 07:20:00,352.7807637366919,448.8885599951899
2025-08-19 09:25:00,413.3912391400197,2025-08-19 07:25:00,355.96520734905425,452.940539168879
2025-08-19 09:30:00,416.5018517047103,2025-08-19 07:30:00,358.6437107660016,456.3487452429299
2025-08-19 09:35:00,419.00793547137823,2025-08-19 07:35:00,360.8016631925984,459.09458701460926
2025-08-19 09:40:00,420.9069329354773,2025-08-19 07:40:00,362.4368623987296,461.1752623019199
2025-08-19 09:45:00,422.21004256071006,2025-08-19 07:45:00,363.55895121926073,462.603040929926
2025-08-19 09:50:00,422.9411093769029,2025-08-19 07:50:00,364.1884622639395,463.40404919169686
2025-08-19 09:55:00,423.1351109856565,2025-08-19 07:55:00,364.3555142387944,463.6166110095315
2025-08-19 10:00:00,422.8363050015972,2025-08-19 08:00:00,364.09821673463324,463.2892181411962
2025-08-19 10:05:00,422.0961168897272,2025-08-19 08:05:00,363.4608514743843,462.47821594585645
2025-08-19 10:10:00,420.9708568231218,2025-08-19 08:10:00,362.49190633233417,461.2453018126645
2025-08-19 10:15:00,419.5193601616402,2025-08-19 08:15:00,361.24204358452744,459.65493990315474
2025-08-19 10:20:00,417.8006483547396,2025-08-19 08:20:00,359.76208574606585,457.77179827172364
2025-08-19 10:25:00,415.8717050476797,2025-08-19 08:25:00,358.10110060837746,455.6583122110527
2025-08-19 10:30:00,413.7854564282565,2025-08-19 08:30:00,356.3046621450478,453.37247137783226
2025-08-19 10:35:00,411.58903530014993,2025-08-19 08:35:00,354.4133557305268,450.9659177893331
2025-08-19 10:40:00,409.3223955050232,2025-08-19 08:40:00,352.46158503907145,448.4824276867318
2025-08-19 10:45:00,407.0173278073021,2025-08-19 08:45:00,350.4767246373855,445.9568332692049
2025-08-19 10:50:00,404.69691061412857,2025-08-19 08:50:00,348.47864700752905,443.414420864048
2025-08-19 10:55:00,402.37540988990565,2025-08-19 08:55:00,346.4796363647827,440.87082126600643
2025-08-19 11:00:00,400.05862301107584,2025-08-19 09:00:00,344.48468474601634,438.3323864887732
2025-08-19 11:05:00,397.7446420731298,2025-08-19 09:05:00,342.4921492822961,435.79702609787535
2025-08-19 11:10:00,395.42499387320856,2025-08-19 09:10:00,340.49473382138905,433.2554562558532
2025-08-19 11:15:00,393.0860975510964,2025-08-19 09:15:00,338.48074408130503,430.69279681633185
2025-08-19 11:20:00,390.7109671463413,2025-08-19 09:20:00,336.4355536975695,428.0904367654412
2025-08-19 11:25:00,388.2810757071644,2025-08-19 09:25:00,334.34320938039997,425.42807667074686
2025-08-19 11:30:00,385.77829074871886,2025-08-19 09:30:00,332.18809750977465,422.6858493055508
2025-08-19 11:35:00,383.18678784579726,2025-08-19 09:35:00,329.95659190239115,419.8464163157543
2025-08-19 11:40:00,380.494850151858,2025-08-19 09:40:00,327.6386033514309,416.8969398995671
2025-08-19 11:45:00,377.6964668511116,2025-08-19 09:45:00,325.22895603049454,413.83083418412417
2025-08-19 11:50:00,374.7926523254109,2025-08-19 09:50:00,322.72852340910043,410.6492105975832
2025-08-19 11:55:00,371.79242029896704,2025-08-19 09:55:00,320.1450670745877,407.36194521064317
2025-08-19 12:00:00,368.7133623254202,2025-08-19 10:00:00,317.4937348589523,403.98831256769745
2025-08-19 12:05:00,365.58179759879573,2025-08-19 10:05:00,314.7971898388913,400.55714983026195
2025-08-19 12:10:00,362.4324799960442,2025-08-19 10:10:00,312.0853580743779,397.1065357921615
2025-08-19 12:15:00,359.30786798973656,2025-08-19 10:15:00,309.3947999410598,393.6829909444895
2025-08-19 12:20:00,356.25698257642637,2025-08-19 10:20:00,306.76772670891677,390.3402261415346
2025-08-19 12:25:00,353.33389686009355,2025-08-19 10:25:00,304.2506999444452,387.1374876820865
2025-08-19 12:30:00,350.59591768646885,2025-08-19 10:30:00,301.89306574231694,384.13756498001226
2025-08-19 12:35:00,348.10153384538546,2025-08-19 10:35:00,299.7451879521477,381.40454247033165
2025-08-19 12:40:00,345.90821638709275,2025-08-19 10:40:00,297.8565540627415,379.0013894809401
2025-08-19 12:45:00,344.07016395467303,2025-08-19 10:45:00,296.2738337404971,376.98748986010446
2025-08-19 12:50:00,342.6360894842438,2025-08-19 10:50:00,295.0389729890156,375.41621692941584
2025-08-19 12:55:00,341.64714379311386,2025-08-19 10:55:00,294.18740618094205,374.33265842082
2025-08-19 13:00:00,341.13506682298623,2025-08-19 11:00:00,293.74646412027005,373.77159084854134
2025-08-19 13:05:00,341.12064849917056,2025-08-19 11:05:00,293.7340487105063,373.7557931180994
2025-08-19 13:10:00,341.6125688185855,2025-08-19 11:10:00,294.1576341712529,374.2947756450815
2025-08-19 13:15:00,342.60667145039287,2025-08-19 11:15:00,295.0136415462367,375.3839844608675
2025-08-19 13:20:00,344.0857073649078,2025-08-19 11:20:00,296.28721794587756,377.00452031441915
2025-08-19 13:25:00,346.01956559179894,2025-08-19 11:25:00,297.95243524983164,379.12339150720595
2025-08-19 13:30:00,348.36598799372996,2025-08-19 11:30:00,299.97290558821953,381.69429704951864
2025-08-19 13:35:00,351.0717447652032,2025-08-19 11:35:00,302.3027935466515,384.65891461974206
2025-08-19 13:40:00,354.0742281038978,2025-08-19 11:40:00,304.88818845352927,387.9486467028481
2025-08-19 13:45:00,357.30340394947814,2025-08-19 11:45:00,307.6687849940603,391.48675905281226
2025-08-19 13:50:00,360.68404650702325,2025-08-19 11:50:00,310.57980732601146,395.19082899376497
2025-08-19 13:55:00,364.1381685172798,2025-08-19 11:55:00,313.5541017502178,398.97540819514177
2025-08-19 14:00:00,367.5875516812476,2025-08-19 12:00:00,316.52431562253514,402.75479518296913
2025-08-19 14:05:00,370.95627748008627,2025-08-19 12:05:00,319.42507660619873,406.44580828429247
2025-08-19 14:10:00,374.1731583538181,2025-08-19 12:10:00,322.1950861245845,409.97044939768733
2025-08-19 14:15:00,377.1739733347525,2025-08-19 12:15:00,324.77904443276395,413.2583535105998
2025-08-19 14:20:00,379.90342019425015,2025-08-19 12:20:00,327.12933158280254,416.2489276087484
2025-08-19 14:25:00,382.3167079794132,2025-08-19 12:25:00,329.2073787340329,418.89309557141576
2025-08-19 14:30:00,384.3807287230359,2025-08-19 12:30:00,330.9846770955193,421.1545819793451
2025-08-19 14:35:00,386.07476456486205,2025-08-19 12:35:00,332.4433868179286,423.0106868865617
2025-08-19 14:40:00,387.3907059082152,2025-08-19 12:40:00,333.576524845044,424.4525248481328
2025-08-19 14:45:00,388.3327764798744,2025-08-19 12:45:00,334.387728166807,425.484723676415
2025-08-19 14:50:00,388.9167816619157,2025-08-19 12:50:00,334.8906065687556,426.1246008605118
2025-08-19 14:55:00,389.16891618363854,2025-08-19 12:55:00,335.1077159528142,426.4008571896247
2025-08-19 15:00:00,389.12418546180726,2025-08-19 13:00:00,335.0691989762458,426.3518470623036
2025-08-19 15:05:00,388.8245107302758,2025-08-19 13:05:00,334.81115340622165,426.02350233308886
2025-08-19 15:10:00,388.31660097452925,2025-08-19 13:10:00,334.373799673484,425.46700065420583
2025-08-19 15:15:00,387.6496840587959,2025-08-19 13:15:00,333.7995271787706,424.7362795387281
2025-08-19 15:20:00,386.8731948436088,2025-08-19 13:20:00,333.13090356433844,423.885503299451
2025-08-19 15:25:00,386.03451937210997,2025-08-19 13:25:00,332.40873226546984,422.96659142062487
2025-08-19 15:30:00,385.17689133646024,2025-08-19 13:30:00,331.67024118817096,422.02691377849186
2025-08-19 15:35:00,384.33753002936095,2025-08-19 13:35:00,330.9474793262023,421.1072504499077
2025-08-19 15:40:00,383.5460982967041,2025-08-19 13:40:00,330.2659889264447,420.24010213672454
2025-08-19 15:45:00,382.82354494003823,2025-08-19 13:45:00,329.6438086984327,419.4484218204524
2025-08-19 15:50:00,382.1813793121446,2025-08-19 13:50:00,329.0908491791136,418.7448199581126
2025-08-19 15:55:00,381.62140709665664,2025-08-19 13:55:00,328.6086652165058,418.13127498379157
2025-08-19 16:00:00,381.1359363261825,2025-08-19 14:00:00,328.1906333689194,417.5993590365965
2025-08-19 16:05:00,380.70844242045536,2025-08-19 14:05:00,327.82252455967324,417.13096662326365
2025-08-19 16:10:00,380.3146611632323,2025-08-19 14:10:00,327.483445223669,416.6995121605802
2025-08-19 16:15:00,379.92406012658296,2025-08-19 14:15:00,327.14710432952984,416.27154217140503
2025-08-19 16:20:00,379.5016226252801,2025-08-19 14:20:00,326.7833495168829,415.80868991066694
2025-08-19 16:25:00,379.0098647144502,2025-08-19 14:25:00,326.359903903816,415.26988532996216
2025-08-19 16:30:00,378.410995512429,2025-08-19 14:30:00,325.8442263095934,414.6137220793345
2025-08-19 16:35:00,377.6691246608094,2025-08-19 14:35:00,325.2054120665234,413.80087615588127
2025-08-19 16:40:00,376.7524183540173,2025-08-19 14:40:00,324.41604954579304,412.79646820151413
2025-08-19 16:45:00,375.6351070864214,2025-08-19 14:45:00,323.4539489994181,411.5722633320129
2025-08-19 16:50:00,374.2992541146482,2025-08-19 14:50:00,322.303665357524,410.10860878881545
2025-08-19 16:55:00,372.73620319137405,2025-08-19 14:55:00,320.95774485094074,408.3960201780626
2025-08-19 17:00:00,370.9476373190781,2025-08-19 15:00:00,319.41763668872204,406.4363415157328
2025-08-19 17:05:00,368.9461960761461,2025-08-19 15:05:00,317.69422462870995,404.2434216135735
2025-08-19 17:10:00,366.7556173601455,2025-08-19 15:10:00,315.80794903061616,401.8432693830103
2025-08-19 17:15:00,364.4103889399459,2025-08-19 15:15:00,313.7885068126003,399.273672051124
2025-08-19 17:20:00,361.9549155863186,2025-08-19 15:20:00,311.674134279495,396.5832826103113
2025-08-19 17:25:00,359.44222767978266,2025-08-19 15:25:00,309.51049512373004,393.83020487814383
2025-08-19 17:30:00,356.93227629456385,2025-08-19 15:30:00,307.34921234682815,391.08012547134825
2025-08-19 17:35:00,354.489877278338,2025-08-19 15:35:00,305.24609793625524,388.40406119486227
2025-08-19 17:40:00,352.18238161973363,2025-08-19 15:40:00,303.2591468526259,385.87580653249364
2025-08-19 17:45:00,350.0771613632188,2025-08-19 15:45:00,301.446372187433,383.5691790383098
2025-08-19 17:50:00,348.2390086040586,2025-08-19 15:50:00,299.8635654752857,381.5551694924356
2025-08-19 17:55:00,346.7275495316135,2025-08-19 15:55:00,298.56206996405575,379.8991085448713
2025-08-19 18:00:00,345.59477592534665,2025-08-19 16:00:00,297.58665502184954,378.6579620487672
2025-08-19 18:05:00,344.88279280294046,2025-08-19 16:05:00,296.9735766694307,377.87786322516206
2025-08-19 18:10:00,344.62187346529413,2025-08-19 16:10:00,296.74890280764333,377.5919816333824
2025-08-19 18:15:00,344.82890196775173,2025-08-19 16:15:00,296.92717205195004,377.81881663288925
2025-08-19 18:20:00,345.50626888113527,2025-08-19 16:20:00,297.51044288825403,378.5609875013415
2025-08-19 18:25:00,346.641269261868,2025-08-19 16:25:00,298.4877752736942,379.8045738082875
2025-08-19 18:30:00,348.20603313347357,2025-08-19 16:30:00,299.8351707752707,381.5190392458024
2025-08-19 18:35:00,350.1579988114243,2025-08-19 16:35:00,301.515980143015,383.657750236508
2025-08-19 18:40:00,352.440919120382,2025-08-19 16:40:00,303.48176974907926,386.15907841600676
2025-08-19 18:45:00,354.98637067608274,2025-08-19 16:45:00,305.6736212085029,388.9480543083499
2025-08-19 18:50:00,357.7157176499886,2025-08-19 16:50:00,308.0238223485054,391.9385189648134
2025-08-19 18:55:00,360.54246450408704,2025-08-19 16:55:00,310.45789311433896,395.03570178574785
2025-08-19 19:00:00,363.3749178294751,2025-08-19 17:00:00,312.8968776399321,398.13913701829136
2025-08-19 19:05:00,366.11906597452906,2025-08-19 17:05:00,315.2598238539901,401.1458188796818
2025-08-19 19:10:00,368.68157717063764,2025-08-19 17:10:00,317.46636512263103,403.9534865148408
2025-08-19 19:15:00,370.972812592993,2025-08-19 17:15:00,319.4393147523835,406.463925317858
2025-08-19 19:20:00,372.9097501769621,2025-08-19 17:20:00,321.1071836461077,408.5861704710077
2025-08-19 19:25:00,374.41871841182467,2025-08-19 17:25:00,322.40653433317937,410.2395022815927
2025-08-19 19:30:00,375.4378460686035,2025-08-19 17:30:00,323.2840903946361,411.3561302761859
2025-08-19 19:35:00,375.91914415148636,2025-08-19 17:35:00,323.6985292013861,411.88347433315096
2025-08-19 19:40:00,375.8301493214661,2025-08-19 17:40:00,323.6218970424969,411.785965333259
2025-08-19 19:45:00,375.1550736163607,2025-08-19 17:45:00,323.0405991324492,411.04630487386873
2025-08-19 19:50:00,373.89542247076383,2025-08-19 17:50:00,321.9559317791626,409.6661424150845
2025-08-19 19:55:00,372.0700614773523,2025-08-19 17:55:00,320.38413987119105,407.6661484281446
2025-08-19 20:00:00,369.71473110668273,2025-08-19 18:00:00,318.3559990099694,405.0854826882726
2025-08-19 20:05:00,366.88102731097416,2025-08-19 18:05:00,315.9159377224985,401.9806773524285
2025-08-19 20:10:00,363.63488353412066,2025-08-19 18:10:00,313.1207303421575,398.4239737426315
2025-08-19 20:15:00,360.05460602471624,2025-08-19 18:15:00,310.03780524521164,394.5011696966208
2025-08-19 20:20:00,356.22852838910677,2025-08-19 18:20:00,306.7432252204231,390.3090497310887
2025-08-19 20:25:00,352.2523632181078,2025-08-19 18:25:00,303.3194069931836,385.95248329750063
2025-08-19 20:30:00,348.2263372577812,2025-08-19 18:30:00,299.85265436257225,381.54128587354995
2025-08-19 20:35:00,344.2522026490858,2025-08-19 18:35:00,296.43058462311615,377.1869442669478
2025-08-19 20:40:00,340.43021909344367,2025-08-19 18:40:00,293.1395299512778,372.99931006359986
2025-08-19 20:45:00,336.8562013378155,2025-08-19 18:45:00,290.0619950376255,369.0833646444347
2025-08-19 20:50:00,333.61872263547394,2025-08-19 18:50:00,287.2742490274184,365.53615510018585
2025-08-19 20:55:00,330.7965581098999,2025-08-19 18:55:00,284.84412403829435,362.44399300092124
2025-08-19 21:00:00,328.45644293055994,2025-08-19 19:00:00,282.8290847579088,359.8799980956289
2025-08-19 21:05:00,326.6512086141585,2025-08-19 19:05:00,281.2746236399415,357.9020563126873
2025-08-19 21:10:00,325.4183478209391,2025-08-19 19:10:00,280.2130250709834,356.5512472496732
2025-08-19 21:15:00,324.7790434479379,2025-08-19 19:15:00,279.66252933680204,355.8507803795901
2025-08-19 21:20:00,324.7376828324141,2025-08-19 19:20:00,279.6269143099533,355.8054627779528
2025-08-19 21:25:00,325.28186240279905,2025-08-19 19:25:00,280.0954994546462,356.4017042186945
2025-08-19 21:30:00,326.38287313799907,2025-08-19 19:30:00,281.0435638487159,357.6080490775494
2025-08-19 21:35:00,327.99664285049744,2025-08-19 19:35:00,282.4331575699523,359.376208763744
2025-08-19 21:40:00,330.0650982597232,2025-08-19 19:40:00,284.21427455774585,361.642554103453
2025-08-19 21:45:00,332.51789820639874,2025-08-19 19:45:00,286.3263450588538,364.3300143714349
2025-08-19 21:50:00,335.2744798414402,2025-08-19 19:50:00,288.6999975710198,367.3503192396177
2025-08-19 21:55:00,338.2463518913374,2025-08-19 19:55:00,291.25903354057067,370.6065114400659
2025-08-19 22:00:00,341.33956398801666,2025-08-19 20:00:00,293.9225536665889,373.99565233658853
2025-08-19 22:05:00,344.4572779092964,2025-08-19 20:05:00,296.60717195882,377.4116391567651
2025-08-19 22:10:00,347.5023659796143,2025-08-19 20:10:00,299.2292531828967,380.7480519826773
2025-08-19 22:15:00,350.37996346757154,2025-08-19 20:15:00,301.70711069288825,383.9009503373154
2025-08-19 22:20:00,352.99990536344677,2025-08-19 20:20:00,303.96310470511696,386.7715430895409
2025-08-19 22:25:00,355.2789835624469,2025-08-19 20:25:00,305.9255859259563,389.2686615829338
2025-08-19 22:30:00,357.1429675095578,2025-08-19 20:30:00,307.53063549983926,391.3109735965191
2025-08-19 22:35:00,358.52834002011184,2025-08-19 20:35:00,308.7235596992029,392.8288852319602
2025-08-19 22:40:00,359.383709379627,2025-08-19 20:40:00,309.460105863203,393.7660881095377
2025-08-19 22:45:00,359.6708692089414,2025-08-19 20:45:00,309.7073750322277,394.0807206309909
2025-08-19 22:50:00,359.3654881498197,2025-08-19 20:50:00,309.44441582618146,393.7461236476144
2025-08-19 22:55:00,358.4574222125326,2025-08-19 20:55:00,308.66249340246134,392.75118269025074
2025-08-19 23:00:00,356.9506530696891,2025-08-19 21:00:00,307.3650363216697,391.10026035967036
2025-08-19 23:05:00,354.8628656319541,2025-08-19 21:05:00,305.5672728041841,388.81273348879387
2025-08-19 23:10:00,352.22468744436094,2025-08-19 21:10:00,303.29557578534076,385.9221597717556
2025-08-19 23:15:00,349.0786207230249,2025-08-19 21:15:00,300.58654330771964,382.4751076281553
2025-08-19 23:20:00,345.4777050357014,2025-08-19 21:20:00,297.4858469747467,378.5296909417471
2025-08-19 23:25:00,341.48395444069064,2025-08-19 21:25:00,294.04688619364543,374.15385667981803
2025-08-19 23:30:00,337.1666174133916,2025-08-19 21:30:00,290.32928982339985,369.4234783462408
2025-08-19 23:35:00,332.6003109775973,2025-08-19 21:35:00,286.3973095022439,364.4203116043872
2025-08-19 23:40:00,327.8630820198335,2025-08-19 21:40:00,282.3181502735231,359.22987011665845
2025-08-19 23:45:00,323.034448968154,2025-08-19 21:45:00,278.1602843036751,353.9392798699319
2025-08-19 23:50:00,318.1934758150516,2025-08-19 21:50:00,273.9917924512592,348.6351689394979
2025-08-19 23:55:00,313.4169278832536,2025-08-19 21:55:00,269.87877622359963,343.4016468162538
2025-08-20 00:00:00,308.7775551431955,2025-08-19 22:00:00,265.8838795663317,338.31842348849585
2025-08-20 00:05:00,304.3425438726273,2025-08-19 22:05:00,262.06495560991834,333.4591129711996
2025-08-20 00:10:00,300.172171921418,2025-08-19 22:10:00,258.4739087376549,328.88975991948746
2025-08-20 00:15:00,296.31869617903266,2025-08-19 22:15:00,255.1557366000297,324.667620659688
2025-08-20 00:20:00,292.8254939182352,2025-08-19 22:20:00,252.14779073822646,320.8402223850583
2025-08-20 00:25:00,289.7264719689921,2025-08-19 22:25:00,249.47926783233112,317.44471580512584
2025-08-20 00:30:00,287.04575020217425,2025-08-19 22:30:00,247.1709371537334,314.50752834815376
2025-08-20 00:35:00,284.79761794743763,2025-08-19 22:35:00,245.2351030371948,312.0443164095029
2025-08-20 00:40:00,282.98675448625863,2025-08-19 22:40:00,243.6757947442073,310.0602069393218
2025-08-20 00:45:00,281.60869760161904,2025-08-19 22:45:00,242.48916992433934,308.55031081856094
2025-08-20 00:50:00,280.650537614316,2025-08-19 22:50:00,241.66411223984795,307.50048329400596
2025-08-20 00:55:00,280.09180842404515,2025-08-19 22:55:00,241.18299862824728,306.8883002656062
2025-08-20 01:00:00,279.9055421789036,2025-08-19 23:00:00,241.02260746293888,306.6842138566177
2025-08-20 01:05:00,280.05945020888913,2025-08-19 23:05:00,241.15513543794015,306.85284632746806
2025-08-20 01:10:00,280.51719011784786,2025-08-19 23:10:00,241.54928864240426,307.3543783908814
2025-08-20 01:15:00,281.23967730835034,2025-08-19 23:15:00,242.17141189569153,308.14598621084764
2025-08-20 01:20:00,282.1863989304377,2025-08-19 23:20:00,242.98662016959986,309.18328105735463
2025-08-20 01:25:00,283.31668923918494,2025-08-19 23:25:00,243.95989678028673,310.4217066779033
2025-08-20 01:30:00,284.5909275561748,2025-08-19 23:30:00,245.05712493553983,311.81785186841984
2025-08-20 01:35:00,285.97162347470487,2025-08-19 23:35:00,246.24602218926,313.3306395004661
2025-08-20 01:40:00,287.4243585391056,2025-08-19 23:40:00,247.49695130787998,314.922358291382
2025-08-20 01:45:00,288.91855908905677,2025-08-19 23:45:00,248.78358575540946,316.559509586918
2025-08-20 01:50:00,290.4280811922151,2025-08-19 23:50:00,250.08341337044686,318.2134482545933
2025-08-20 01:55:00,291.931595692086,2025-08-19 23:55:00,251.37806792532382,319.8608045692468
2025-08-20 02:00:00,293.41276837365274,2025-08-20 00:00:00,252.65348426411828,321.48368161518204
2025-08-20 02:05:00,294.8602378111596,2025-08-20 00:05:00,253.8998792277015,323.0696310146389
2025-08-20 02:10:00,296.267400639689,2025-08-20 00:10:00,255.11156675420395,324.61141765621943
2025-08-20 02:15:00,297.63202077083497,2025-08-20 00:15:00,256.28662138029273,326.10659152407345
2025-08-20 02:20:00,298.95568533528365,2025-08-20 00:20:00,257.42640976120947,327.55689159029487
2025-08-20 02:25:00,300.24313539944995,2025-08-20 00:25:00,258.53501436056166,328.9675125009596
2025-08-20 02:30:00,301.5015037244081,2025-08-20 00:30:00,259.61857709558006,330.3462694111575
2025-08-20 02:35:00,302.7394948371218,2025-08-20 00:35:00,260.6845933083333,331.7026996133198
2025-08-20 02:40:00,303.966544246813,2025-08-20 00:40:00,261.74118777912304,333.04714131549173
2025-08-20 02:45:00,305.1919937715536,2025-08-20 00:45:00,262.7964046121589,334.3898300711
2025-08-20 02:50:00,306.4243186500112,2025-08-20 00:50:00,263.8575417126792,335.7400519481793
2025-08-20 02:55:00,307.6704392661133,2025-08-20 00:55:00,264.93055812303055,337.10538940646927
2025-08-20 03:00:00,308.93514627499536,2025-08-20 01:00:00,266.01957900694924,338.4910914249382
2025-08-20 03:05:00,310.2206625489122,2025-08-20 01:05:00,267.1265184475318,339.8995935388909
2025-08-20 03:10:00,311.52635912513244,2025-08-20 01:10:00,268.2508348540819,341.33020661248787
2025-08-20 03:15:00,312.84863530637375,2025-08-20 01:15:00,269.3894277183319,342.7789854683425
2025-08-20 03:20:00,314.1809655413931,2025-08-20 01:20:00,270.5366779826401,344.23878025319584
2025-08-20 03:25:00,315.5141082108596,2025-08-20 01:25:00,271.6846278224812,345.6994651984147
2025-08-20 03:30:00,316.8364639297881,2025-08-20 01:30:00,272.82328917548136,347.1483312013579
2025-08-20 03:35:00,318.13456410697967,2025-08-20 01:35:00,273.9410644328746,348.57062112548766
2025-08-20 03:40:00,319.3936644253274,2025-08-20 01:40:00,275.02525747679664,349.95018005916637
2025-08-20 03:45:00,320.598412854126,2025-08-20 01:45:00,276.0626488960073,351.2701872369626
2025-08-20 03:50:00,321.73355825989387,2025-08-20 01:50:00,277.0401061604043,352.513932443545
2025-08-20 03:55:00,322.7846633922726,2025-08-20 01:55:00,277.94519756285206,353.66559721121934
2025-08-20 04:00:00,323.73878570181824,2025-08-20 02:00:00,278.76677846151915,354.7110007718214
2025-08-20 04:05:00,324.5850905312597,2025-08-20 02:05:00,279.49551928998795,355.63827191222066
2025-08-20 04:10:00,325.3153641891062,2025-08-20 02:10:00,280.124347357505,356.4384111338789
2025-08-20 04:15:00,325.9243988603024,2025-08-20 02:15:00,280.6487782899701,357.1057123880564
2025-08-20 04:20:00,326.41022721862817,2025-08-20 02:20:00,281.06711805127526,357.63802013367143
2025-08-20 04:25:00,326.7741916270704,2025-08-20 02:25:00,281.3805225307421,358.0368051580978
2025-08-20 04:30:00,327.02084082459817,2025-08-20 02:30:00,281.59290858160057,358.30705137992436
2025-08-20 04:35:00,327.1576554123412,2025-08-20 02:35:00,281.7107176411144,358.4569550722896
2025-08-20 04:40:00,327.1946120882366,2025-08-20 02:40:00,281.7425404993477,358.4974474076878
2025-08-20 04:45:00,327.1436050476821,2025-08-20 02:45:00,281.69861907564984,358.4415605037993
2025-08-20 04:50:00,327.01775058586094,2025-08-20 02:50:00,281.5902476217913,358.30366549684976
2025-08-20 04:55:00,326.83060780993577,2025-08-20 02:55:00,281.4291016885232,358.09861869903796
2025-08-20 05:00:00,326.5953536504437,2025-08-20 03:00:00,281.2265277398408,357.8408576829513
2025-08-20 05:05:00,326.3239541636392,2025-08-20 03:05:00,280.99282957343604,357.54349330208265
2025-08-20 05:10:00,326.02637588788224,2025-08-20 03:10:00,280.7365892311086,357.2174455973788
2025-08-20 05:15:00,325.70988093158235,2025-08-20 03:15:00,280.4640600092059,356.8706714459746
2025-08-20 05:20:00,325.37844714370055,2025-08-20 03:20:00,280.1786671758424,356.5075292591826
2025-08-20 05:25:00,325.0323504677178,2025-08-20 03:25:00,279.88064834195194,356.12832138010344
2025-08-20 05:30:00,324.6679403272266,2025-08-20 03:30:00,279.566860049075,355.72904798027025
2025-08-20 05:35:00,324.2776309808331,2025-08-20 03:35:00,279.23077032518955,355.3013975874707
2025-08-20 05:40:00,323.8501224599003,2025-08-20 03:40:00,278.86264893100156,354.8329891606898
2025-08-20 05:45:00,323.3708543626523,2025-08-20 03:45:00,278.4499581154739,354.3078692988719
2025-08-20 05:50:00,322.82268482253045,2025-08-20 03:50:00,277.9779372656421,353.70725616644245
2025-08-20 05:55:00,322.1867759841705,2025-08-20 03:55:00,277.43036537715017,353.0105096831154
2025-08-20 06:00:00,321.4436565767954,2025-08-20 04:00:00,276.7904760208066,352.19629575409374
2025-08-20 06:05:00,320.5744224588417,2025-08-20 04:05:00,276.04199111416966,351.24390167126563
2025-08-20 06:10:00,319.56202753227006,2025-08-20 04:10:00,275.1702325091593,350.13465052978734
2025-08-20 06:15:00,318.39261079311876,2025-08-20 04:15:00,274.1632646960643,348.85335523807726
2025-08-20 06:20:00,317.05680073189365,2025-08-20 04:20:00,273.0130180038215,347.3897477106967
2025-08-20 06:25:00,315.55093620465533,2025-08-20 04:25:00,271.71633987442266,345.7398165406469
2025-08-20 06:30:00,313.87814336544295,2025-08-20 04:30:00,270.2759221938231,343.9069869623354
2025-08-20 06:35:00,312.04921144088905,2025-08-20 04:35:00,268.70105540877586,341.9030804118871
2025-08-20 06:40:00,310.08321584567744,2025-08-20 04:40:00,267.0081650825254,339.7489972563
2025-08-20 06:45:00,308.0078454253733,2025-08-20 04:45:00,265.22109367886793,337.4750753437234
2025-08-20 06:50:00,305.85940102822394,2025-08-20 04:50:00,263.37109933234973,335.1210884386221
2025-08-20 06:55:00,303.6824448780092,2025-08-20 04:55:00,261.4965539283081,332.735862049992
2025-08-20 07:00:00,301.5290937860862,2025-08-20 05:00:00,259.6423344980022,330.3764990247269
2025-08-20 07:05:00,299.4579637453262,2025-08-20 05:05:00,257.85891442374106,328.10722317044844
2025-08-20 07:10:00,297.53278800885334,2025-08-20 05:10:00,256.2011734865055,325.9978651253025
2025-08-20 07:15:00,295.82074508600164,2025-08-20 05:15:00,254.72695812748827,324.12203039264125
2025-08-20 07:20:00,294.3905463666733,2025-08-20 05:20:00,253.49543472913285,322.55500400766306
2025-08-20 07:25:00,293.31034469032556,2025-08-20 05:25:00,252.5652887141863,321.371459018384
2025-08-20 07:30:00,292.6455348243338,2025-08-20 05:30:00,251.99283056948119,320.6430465349131
2025-08-20 07:35:00,292.4565237296295,2025-08-20 05:35:00,251.83007585397812,320.4359526755406
2025-08-20 07:40:00,292.7965525078731,2025-08-20 05:40:00,252.12286970902915,320.8085121387527
2025-08-20 07:45:00,293.7096527941997,2025-08-20 05:45:00,252.90912713777607,321.8089690832792
2025-08-20 07:50:00,295.2288178342465,2025-08-20 05:50:00,254.21725814607382,323.4734732313515
2025-08-20 07:55:00,297.3744627344777,2025-08-20 05:55:00,256.0648418863512,325.8243928105796
2025-08-20 08:00:00,300.15323944136105,2025-08-20 06:00:00,258.45760625334697,328.86901616172753
2025-08-20 08:05:00,303.5572602956183,2025-08-20 06:05:00,261.38875929792266,332.5987010100974
2025-08-20 08:10:00,307.56376976744986,2025-08-20 06:10:00,264.83870656302037,336.9885147955365
2025-08-20 08:15:00,312.1352879787274,2025-08-20 06:15:00,268.7751746685435,341.99739192545326
2025-08-20 08:20:00,317.22023225134427,2025-08-20 06:20:00,273.1537465176373,347.5688147869394
2025-08-20 08:25:00,322.7540049250575,2025-08-20 06:25:00,277.9187980008731,353.63200563656625
2025-08-20 08:30:00,328.6605180335728,2025-08-20 06:30:00,283.0048108727386,360.1035971428218
2025-08-20 08:35:00,334.8541081811054,2025-08-20 06:35:00,288.3380216241032,366.88973045965355
2025-08-20 08:40:00,341.24177993922314,2025-08-20 06:40:00,293.83835323874086,373.88851324995767
2025-08-20 08:45:00,347.7257025030701,2025-08-20 06:45:00,299.42156502783547,380.99275519787034
2025-08-20 08:50:00,354.2058742056439,2025-08-20 06:50:00,305.00154700462537,388.09288743815836
2025-08-20 08:55:00,360.58286214087155,2025-08-20 06:55:00,310.4926789341457,395.07996428009676
2025-08-20 09:00:00,366.7605205622918,2025-08-20 07:00:00,315.8121711069531,401.8486416764058
2025-08-20 09:05:00,372.64859193710515,2025-08-20 07:05:00,320.88230406908764,408.3000271211503
2025-08-20 09:10:00,378.16509829171287,2025-08-20 07:10:00,325.63248777507374,414.3442997762325
2025-08-20 09:15:00,383.23843838909494,2025-08-20 07:15:00,330.00106743697893,419.90300828654273
2025-08-20 09:20:00,387.8091168867601,2025-08-20 07:20:00,333.9368124772751,424.91096536712047
2025-08-20 09:25:00,391.8310460353116,2025-08-20 07:25:00,337.4000374026162,429.3176740357261
2025-08-20 09:30:00,395.27237659906694,2025-08-20 07:30:00,340.3633172975462,433.0882380279585
2025-08-20 09:35:00,398.1158330017968,2025-08-20 07:35:00,342.81177641364,436.2037290065165
2025-08-20 09:40:00,400.3585469683695,2025-08-20 07:40:00,344.74294492073386,438.6610042872754
2025-08-20 09:45:00,402.01140339602216,2025-08-20 07:45:00,346.1661956461521,440.4719901298083
2025-08-20 09:50:00,403.09793123847214,2025-08-20 07:50:00,347.1017890310841,441.66246651195195
2025-08-20 09:55:00,403.6527897769421,2025-08-20 07:55:00,347.57956968049194,442.2704085817932
2025-08-20 10:00:00,403.71991636263215,2025-08-20 08:00:00,347.63737141098704,442.3439571939464
2025-08-20 10:05:00,403.35041451182894,2025-08-20 08:05:00,347.3191987201225,441.9391049579027
2025-08-20 10:10:00,402.60027106035926,2025-08-20 08:10:00,346.6732610611642,441.11719499176627
2025-08-20 10:15:00,401.5279969125731,2025-08-20 08:15:00,345.7499413262183,439.9423359607779
2025-08-20 10:20:00,400.19228823140827,2025-08-20 08:20:00,344.59978193087676,438.47883951252726
2025-08-20 10:25:00,398.6498028112062,2025-08-20 08:25:00,343.27157008106263,436.7887839144941
2025-08-20 10:30:00,396.95314072138086,2025-08-20 08:30:00,341.81059893454693,434.9298015051146
2025-08-20 10:35:00,395.1491086282399,2025-08-20 08:35:00,340.257173033613,432.9531769625987
2025-08-20 10:40:00,393.2773345187098,2025-08-20 08:40:00,338.6454154637246,430.90232949873706
2025-08-20 10:45:00,391.3692838411805,2025-08-20 08:45:00,337.0024206666598,428.81173487355943
2025-08-20 10:50:00,389.4477105070039,2025-08-20 08:50:00,335.34778170585463,426.70632387393323
2025-08-20 10:55:00,387.52655705886235,2025-08-20 08:55:00,333.69350430283157,424.60137293100183
2025-08-20 11:00:00,385.61129881022214,2025-08-20 09:00:00,332.04430317069705,422.50288118359225
2025-08-20 11:05:00,383.6997073953328,2025-08-20 09:05:00,330.39825949598514,420.40840707733935
2025-08-20 11:10:00,381.78299102592314,2025-08-20 09:10:00,328.7478027971794,418.3083177101813
2025-08-20 11:15:00,379.8472523928249,2025-08-20 09:15:00,327.0809663026813,416.1873862119969
2025-08-20 11:20:00,377.87519145575055,2025-08-20 09:20:00,325.38285319841964,414.02665744094094
2025-08-20 11:25:00,375.8479698232561,2025-08-20 09:25:00,323.6372420184281,411.8054907293604
2025-08-20 11:30:00,373.7471464515287,2025-08-20 09:30:00,321.8282534470293,409.5036807716353
2025-08-20 11:35:00,371.5565914731851,2025-08-20 09:35:00,319.9419982890881,407.10355454972
2025-08-20 11:40:00,369.26428595551016,2025-08-20 09:40:00,317.96812721575805,404.59194327494936
2025-08-20 11:45:00,366.8639205889212,2025-08-20 09:45:00,315.9012073719586,401.96193402364815
2025-08-20 11:50:00,364.35621509109507,2025-08-20 09:50:00,313.7418584961551,399.21431536916236
2025-08-20 11:55:00,361.74989255527817,2025-08-20 09:55:00,311.497591917573,396.3586449464492
2025-08-20 12:00:00,359.0622581715788,2025-08-20 10:00:00,309.18330888471957,393.41388353985997
2025-08-20 12:05:00,356.319349243544,2025-08-20 10:05:00,306.8214297424846,390.40855945186115
2025-08-20 12:10:00,353.55564245043803,2025-08-20 10:10:00,304.4416418599293,387.38044775898095
2025-08-20 12:15:00,350.8133239476483,2025-08-20 10:15:00,302.08027112431955,384.3757705824391
2025-08-20 12:20:00,348.1411475023545,2025-08-20 10:20:00,299.7792986982927,381.44794598121234
2025-08-20 12:25:00,345.5929242677275,2025-08-20 10:25:00,297.5850605862981,378.6559332423461
2025-08-20 12:30:00,343.2257045997874,2025-08-20 10:30:00,295.5466820234335,376.0622407515268
2025-08-20 12:35:00,341.09772644162666,2025-08-20 10:35:00,293.71431085882017,373.7306780984285
2025-08-20 12:40:00,339.266215799528,2025-08-20 10:40:00,292.1372235774523,371.7239461235288
2025-08-20 12:45:00,337.7851322711979,2025-08-20 10:45:00,290.86188400721835,370.1011667601548
2025-08-20 12:50:00,336.70295587313166,2025-08-20 10:50:00,289.93003758800717,368.9154581267652
2025-08-20 12:55:00,336.0606108057749,2025-08-20 10:55:00,289.37692355596585,368.21165965791937
2025-08-20 13:00:00,335.88961683173943,2025-08-20 11:00:00,289.2296831220621,368.0243066241314
2025-08-20 13:05:00,336.2105502824008,2025-08-20 11:05:00,289.5060342671604,368.3759439023724
2025-08-20 13:10:00,337.031884266917,2025-08-20 11:10:00,290.21327306280915,369.2758552274368
2025-08-20 13:15:00,338.3492624148032,2025-08-20 11:15:00,291.34764830149334,370.71926745318734
2025-08-20 13:20:00,340.1452426148271,2025-08-20 11:20:00,292.8941408339095,372.68706977485175
2025-08-20 13:25:00,342.38952788092075,2025-08-20 11:25:00,294.8266623642578,375.14606668196546
2025-08-20 13:30:00,345.0396812346704,2025-08-20 11:30:00,297.1086710251979,378.0497612339466
2025-08-20 13:35:00,348.0423013144712,2025-08-20 11:35:00,299.6941836778613,381.3396431402335
2025-08-20 13:40:00,351.3346161118522,2025-08-20 11:40:00,302.5291482551129,384.946934969982
2025-08-20 13:45:00,354.8464348122054,2025-08-20 11:45:00,305.55312446332687,388.79473072615326
2025-08-20 13:50:00,358.5023823850958,2025-08-20 11:50:00,308.70120795573104,392.8004442199442
2025-08-20 13:55:00,362.22432991763924,2025-08-20 11:55:00,311.90612305727086,396.8784719151017
2025-08-20 14:00:00,365.93392511365914,2025-08-20 12:00:00,315.1004017407749,400.9429655209143
2025-08-20 14:05:00,369.55512315368094,2025-08-20 12:05:00,318.21856291383193,404.91060498056237
2025-08-20 14:10:00,373.01661792831106,2025-08-20 12:10:00,321.19920591863337,408.70326230153717
2025-08-20 14:15:00,376.25407769854735,2025-08-20 12:15:00,323.98693562667887,412.2504511024389
2025-08-20 14:20:00,379.2120972765813,2025-08-20 12:20:00,326.53404343338485,415.4914655596732
2025-08-20 14:25:00,381.8457905889238,2025-08-20 12:25:00,328.80187859112095,418.3771253317078
2025-08-20 14:30:00,384.1219624064371,2025-08-20 12:30:00,330.76185716896583,420.8710593889708
2025-08-20 14:35:00,386.0198154570453,2025-08-20 12:35:00,332.39607093721884,422.9504807763085
2025-08-20 14:40:00,387.53116859525767,2025-08-20 12:40:00,333.69747523001564,424.6064256548709
2025-08-20 14:45:00,388.66018185291125,2025-08-20 12:45:00,334.669652190506,425.8434520483529
2025-08-20 14:50:00,389.42260475421193,2025-08-20 12:50:00,335.326163505825,426.67881624404373
2025-08-20 14:55:00,389.8445839875084,2025-08-20 12:55:00,335.68952371053047,427.14116639409764
2025-08-20 15:00:00,389.96108471736505,2025-08-20 13:00:00,335.789840801299,427.26881279392126
2025-08-20 15:05:00,389.81399567385165,2025-08-20 13:05:00,335.66318455676435,427.1076516846211
2025-08-20 15:10:00,389.4500010527045,2025-08-20 13:10:00,335.349754061575,426.7088335570286
2025-08-20 15:15:00,388.9183115882696,2025-08-20 13:15:00,334.8919239661753,426.1262771555128
2025-08-20 15:20:00,388.2683526066817,2025-08-20 13:20:00,334.33225370289,425.41413634631107
2025-08-20 15:25:00,387.5475081571861,2025-08-20 13:25:00,333.7115449900859,424.6243284290203
2025-08-20 15:30:00,386.7990174081517,2025-08-20 13:30:00,333.0670304492525,423.8042292800015
2025-08-20 15:35:00,386.06011251970085,2025-08-20 13:35:00,332.4307701541001,422.9946330745626
2025-08-20 15:40:00,385.3604765086203,2025-08-20 13:40:00,331.8283237203749,422.2280626152079
2025-08-20 15:45:00,384.7210855683649,2025-08-20 13:45:00,331.27775344438504,421.5275008959478
2025-08-20 15:50:00,384.1534835619093,2025-08-20 13:50:00,330.7889995793055,420.90559618560087
2025-08-20 15:55:00,383.65951770312915,2025-08-20 13:55:00,330.36365273424457,420.3643724217099
2025-08-20 16:00:00,383.2315444665012,2025-08-20 14:00:00,329.9951311801036,419.8954548197032
2025-08-20 16:05:00,382.8530945103009,2025-08-20 14:05:00,329.66925340531014,419.4807984095519
2025-08-20 16:10:00,382.49996553015103,2025-08-20 14:10:00,329.3651791561763,419.09388544304113
2025-08-20 16:15:00,382.141693563659,2025-08-20 14:15:00,329.0566763560081,418.70133745869197
2025-08-20 16:20:00,381.74333681165103,2025-08-20 14:20:00,328.71365712772837,418.26486976186465
2025-08-20 16:25:00,381.26749250173987,2025-08-20 14:25:00,328.30391448587716,417.7435012424447
2025-08-20 16:30:00,380.6764570617032,2025-08-20 14:30:00,327.794982430614,417.09592121284606
2025-08-20 16:35:00,379.9344334459994,2025-08-20 14:35:00,327.15603664460417,416.28290791030946
2025-08-20 16:40:00,379.00968700467064,2025-08-20 14:40:00,326.3597508804993,415.26969061861917
2025-08-20 16:45:00,377.8765530860798,2025-08-20 14:45:00,325.3840256785706,414.0281493389714
2025-08-20 16:50:00,376.51720531991094,2025-08-20 14:50:00,324.2135110095844,412.53875224529475
2025-08-20 16:55:00,374.92310321034813,2025-08-20 14:55:00,322.8408527763172,410.7921417692293
2025-08-20 17:00:00,373.09605070340706,2025-08-20 15:00:00,321.26760433054983,408.7902944410051
2025-08-20 17:05:00,371.04881335684473,2025-08-20 15:05:00,319.50475790913606,406.5471971042361
2025-08-20 17:10:00,368.8052598911884,2025-08-20 15:10:00,317.57286652154295,404.0890020091911
2025-08-20 17:15:00,366.4000135748774,2025-08-20 15:15:00,315.50174376264675,401.4536448458167
2025-08-20 17:20:00,363.87761917533976,2025-08-20 15:20:00,313.3297464863731,398.689931996701
2025-08-20 17:25:00,361.29125136797546,2025-08-20 15:25:00,311.1026626353834,395.8561253790435
2025-08-20 17:30:00,358.701009643997,2025-08-20 15:30:00,308.87224301091754,393.01807422566833
2025-08-20 17:35:00,356.17186219461576,2025-08-20 15:35:00,306.694430781253,390.2469622598138
2025-08-20 17:40:00,353.77131608582886,2025-08-20 15:40:00,304.62735530296527,387.6167549746386
2025-08-20 17:45:00,351.56690297868533,2025-08-20 15:45:00,302.72916711107297,385.2014448113713
2025-08-20 17:50:00,349.6235779269066,2025-08-20 15:50:00,301.05579806135125,383.0722010988917
2025-08-20 17:55:00,348.00113322285256,2025-08-20 15:55:00,299.65873443055824,381.2945364813379
2025-08-20 18:00:00,346.7517296885321,2025-08-20 16:00:00,298.58289114688773,379.9256020267717
2025-08-20 18:05:00,345.9176441258167,2025-08-20 16:05:00,297.8646721519799,379.0117191750808
2025-08-20 18:10:00,345.5293241509753,2025-08-20 16:10:00,297.53029544711853,378.5862484777806
2025-08-20 18:15:00,345.6038304765622,2025-08-20 16:15:00,297.5944517647307,378.667882852406
2025-08-20 18:20:00,346.1437324483474,2025-08-20 16:20:00,298.05935353123766,379.25943745503247
2025-08-20 18:25:00,347.13650582152803,2025-08-20 16:25:00,298.91421630087456,380.3471898415039
2025-08-20 18:30:00,348.55446304052026,2025-08-20 16:30:00,300.13519872062943,381.90080357706546
2025-08-20 18:35:00,350.3552263397959,2025-08-20 16:35:00,301.68580991051994,383.8738465989403
2025-08-20 18:40:00,352.4827337749255,2025-08-20 16:40:00,303.5177757423504,386.2048934947528
2025-08-20 18:45:00,354.86874829323415,2025-08-20 16:45:00,305.57233827859204,388.819178946558
2025-08-20 18:50:00,357.43482128230306,2025-08-20 16:50:00,307.78194655555245,391.63074913278996
2025-08-20 18:55:00,360.0946451101597,2025-08-20 16:55:00,310.0722823216529,394.545039336883
2025-08-20 19:00:00,362.75671476964175,2025-08-20 17:00:00,312.3645519408312,397.46179023218315
2025-08-20 19:05:00,365.3272072761855,2025-08-20 17:05:00,314.577965800265,400.27820275283926
2025-08-20 19:10:00,367.7129796251361,2025-08-20 17:10:00,316.63231980798065,402.8922228668501
2025-08-20 19:15:00,369.82458163336923,2025-08-20 17:15:00,318.4505897071277,405.2058426574119
2025-08-20 19:20:00,371.5791795603281,2025-08-20 17:20:00,319.96144856370006,407.1283036479124
2025-08-20 19:25:00,372.90328970997734,2025-08-20 17:25:00,321.10162063157793,408.57909192864315
2025-08-20 19:30:00,373.73522796409253,2025-08-20 17:30:00,321.81799061015755,409.490622037888
2025-08-20 19:35:00,374.02719153753605,2025-08-20 17:35:00,322.0693962136614,409.81051787953254
2025-08-20 19:40:00,373.7469022216384,2025-08-20 17:40:00,321.82804314420883,409.50341317617676
2025-08-20 19:45:00,372.8787559106457,2025-08-20 17:45:00,321.08049493238724,408.55221097122313
2025-08-20 19:50:00,371.4244404416899,2025-08-20 17:50:00,319.8282049502997,406.95876057783596
2025-08-20 19:55:00,369.40300217383253,2025-08-20 17:55:00,318.08757374181533,404.7439305276282
2025-08-20 20:00:00,366.85036053346266,2025-08-20 18:00:00,315.88953100464374,401.9470766724297
2025-08-20 20:05:00,363.8182884438693,2025-08-20 18:05:00,313.2786576530103,398.62492507116133
2025-08-20 20:10:00,360.3728941622484,2025-08-20 18:10:00,310.31187854949616,394.84990858360055
2025-08-20 20:15:00,356.5926564241517,2025-08-20 18:15:00,307.0567705963871,390.7080140363383
2025-08-20 20:20:00,352.566078843878,2025-08-20 18:20:00,303.5895429738305,386.2962122187464
2025-08-20 20:25:00,348.3890413762688,2025-08-20 18:25:00,299.9927565219563,381.7195559580976
2025-08-20 20:30:00,344.1619353305355,2025-08-20 18:30:00,296.352856742788,377.08804103905516
2025-08-20 20:35:00,339.98667445918386,2025-08-20 18:35:00,292.7576000922142,372.5133313423163
2025-08-20 20:40:00,335.9636769855342,2025-08-20 18:40:00,289.29345524760765,368.10545214153643
2025-08-20 20:45:00,332.18891294512514,2025-08-20 18:45:00,286.04306061628154,363.96955496274046
2025-08-20 20:50:00,328.75110749673706,2025-08-20 18:50:00,283.08281614712706,360.2028533350284
2025-08-20 20:55:00,325.7291841809933,2025-08-20 18:55:00,280.4806817576333,356.89182144473625
2025-08-20 21:00:00,323.19002294263214,2025-08-20 19:00:00,278.2942467993449,354.10973766683003
2025-08-20 21:05:00,321.186596325122,2025-08-20 19:05:00,276.56912516204517,351.9146424485374
2025-08-20 21:10:00,319.7565341456791,2025-08-20 19:10:00,275.33771933620704,350.3477656662684
2025-08-20 21:15:00,318.92115248033525,2025-08-20 19:15:00,274.6183842861021,349.43246271330844
2025-08-20 21:20:00,318.68496775619747,2025-08-20 19:20:00,274.4150090416841,349.17368210509585
2025-08-20 21:25:00,319.0357013078259,2025-08-20 19:25:00,274.71702062201996,349.5579704715104
2025-08-20 21:30:00,319.9447647343798,2025-08-20 19:30:00,275.4998019692974,350.5540043483255
2025-08-20 21:35:00,321.36820210463594,2025-08-20 19:35:00,276.72550326791634,352.1136225233458
2025-08-20 21:40:00,323.2480519269149,2025-08-20 19:40:00,278.34421471706236,354.1733183065241
2025-08-20 21:45:00,325.51408031298934,2025-08-20 19:45:00,280.2954589330401,356.6561385063322
2025-08-20 21:50:00,328.08582706710746,2025-08-20 19:50:00,282.5099528068903,359.4739252689141
2025-08-20 21:55:00,330.8748988980483,2025-08-20 19:55:00,284.9115821560695,362.52982868262717
2025-08-20 22:00:00,333.7874386999596,2025-08-20 20:00:00,287.4195279864082,365.7210122959347
2025-08-20 22:05:00,336.72669670614766,2025-08-20 20:05:00,289.9504804753909,368.94147025447495
2025-08-20 22:10:00,339.5956288751304,2025-08-20 20:10:00,292.4208764047454,372.0848742757146
2025-08-20 22:15:00,342.2994492241442,2025-08-20 20:15:00,294.7490969378499,375.0473701651916
2025-08-20 22:20:00,344.7480665823234,2025-08-20 20:20:00,296.85756587259556,377.73024769481503
2025-08-20 22:25:00,346.8583417283103,2025-08-20 20:25:00,298.6746932298842,380.0424136817053
2025-08-20 22:30:00,348.5561080253696,2025-08-20 20:30:00,300.1366151932528,381.9026059382527
2025-08-20 22:35:00,349.77790721741684,2025-08-20 20:35:00,301.1886887776876,383.24129513242434
2025-08-20 22:40:00,350.4724015117407,2025-08-20 20:40:00,301.7867077536002,384.002231964988
2025-08-20 22:45:00,350.60143344760525,2025-08-20 20:45:00,301.8978152843263,384.14360843615384
2025-08-20 22:50:00,350.14071556913507,2025-08-20 20:50:00,301.50109779345684,383.638813499732
2025-08-20 22:55:00,349.0801427876728,2025-08-20 20:55:00,300.58785393553825,382.4767753093178
2025-08-20 23:00:00,347.4237306830193,2025-08-20 21:00:00,299.16154146816456,380.66189361678755
2025-08-20 23:05:00,345.189193096444,2025-08-20 21:05:00,297.2374135234378,378.2135769534687
2025-08-20 23:10:00,342.40718154842676,2025-08-20 21:10:00,294.84186368160385,375.1654092826822
2025-08-20 23:15:00,339.12021730697586,2025-08-20 21:15:00,292.0115063905518,371.5639798986228
2025-08-20 23:20:00,335.38135410113455,2025-08-20 21:20:00,288.7920254477874,367.4674182011485
2025-08-20 23:25:00,331.25261530177426,2025-08-20 21:25:00,285.2368282794542,362.9436813610547
2025-08-20 23:30:00,326.8032538878203,2025-08-20 21:30:00,281.40554762245756,358.06864781659465
2025-08-20 23:35:00,322.1078866441674,2025-08-20 21:35:00,277.3624349093197,352.9240729693863
2025-08-20 23:40:00,317.24455551420635,2025-08-20 21:40:00,273.17469092692403,347.59546506578425
2025-08-20 23:45:00,312.29276935365374,2025-08-20 21:45:00,268.91077959910734,342.16993960453954
2025-08-20 23:50:00,307.33157800454796,2025-08-20 21:50:00,264.63876959967774,336.7341091567084
2025-08-20 23:55:00,302.4377281690182,2025-08-20 21:55:00,260.42474640203216,331.37206281115056
2025-08-21 00:00:00,297.68394676166724,2025-08-20 22:00:00,256.3313340987622,326.1634852945689
2025-08-21 00:05:00,293.1373926830813,2025-08-20 22:05:00,252.41636224625194,321.1819606255914
2025-08-21 00:10:00,288.8583121617509,2025-08-20 22:10:00,248.73170799908547,316.4934988127324
2025-08-21 00:15:00,284.89892630769884,2025-08-20 22:15:00,245.322338198592,312.15531697984517
2025-08-21 00:20:00,281.3025725701344,2025-08-20 22:20:00,242.22557009446905,308.21489868669715
2025-08-21 00:25:00,278.1031139918054,2025-08-20 22:25:00,239.4705626622631,304.7093466664571
2025-08-21 00:30:00,275.3246228239134,2025-08-20 22:30:00,237.07804416875626,301.66503617192654
2025-08-21 00:35:00,272.9813370365344,2025-08-20 22:35:00,235.0602747237199,299.0975673252955
2025-08-21 00:40:00,271.0778809302068,2025-08-20 22:40:00,233.4212362453567,297.01200683572665
2025-08-21 00:45:00,269.60973380888225,2025-08-20 22:45:00,232.15703602778947,295.40340151042915
2025-08-21 00:50:00,268.5639241342909,2025-08-20 22:50:00,231.25650446732877,294.2575388190406
2025-08-21 00:55:00,267.9199207007085,2025-08-20 22:55:00,230.70196244015477,293.5519233274296
2025-08-21 01:00:00,267.6506874252041,2025-08-20 23:00:00,230.47012956691935,293.2569324001356
2025-08-21 01:05:00,267.7238644200688,2025-08-20 23:05:00,230.53314121710426,293.3371102664535
2025-08-21 01:10:00,268.103035226802,2025-08-20 23:10:00,230.85963970584888,293.75255649118753
2025-08-21 01:15:00,268.74903846502957,2025-08-20 23:15:00,231.41590373583225,294.4603631095289
2025-08-21 01:20:00,269.6212819453569,2025-08-20 23:20:00,232.1669799608134,295.41605446159497
2025-08-21 01:25:00,270.6790181567959,2025-08-20 23:25:00,233.07778128937753,296.57498470623267
2025-08-21 01:30:00,271.88254237564934,2025-08-20 23:30:00,234.1141185591392,297.89365055344393
2025-08-21 01:35:00,273.1942780387743,2025-08-20 23:35:00,235.2436351359365,299.3308804757298
2025-08-21 01:40:00,274.5797185635929,2025-08-20 23:40:00,236.43661790139805,300.8488666323866
2025-08-21 01:45:00,276.0082003332207,2025-08-20 23:45:00,237.66666285923924,302.41401180642106
2025-08-21 01:50:00,277.4534878213336,2025-08-20 23:50:00,238.9111789778086,303.99757050854
2025-08-21 01:55:00,278.8941587720937,2025-08-20 23:55:00,240.15171986294177,305.5760710073887
2025-08-21 02:00:00,280.3137845228262,2025-08-21 00:00:00,241.3741390312067,307.1315129037686
2025-08-21 02:05:00,281.7009080450425,2025-08-21 00:05:00,242.56857100134636,308.65134307083633
2025-08-21 02:10:00,283.0488293381053,2025-08-21 00:10:00,243.72924649987277,310.1282205162973
2025-08-21 02:15:00,284.3552148389976,2025-08-21 00:15:00,244.85415612947773,311.5595884242566
2025-08-21 02:20:00,285.6215535196254,2025-08-21 00:20:00,245.94458202229913,312.9470782171395
2025-08-21 02:25:00,286.8524877585875,2025-08-21 00:25:00,247.00452166329566,314.29577641170397
2025-08-21 02:30:00,288.0550512894358,2025-08-21 00:30:00,248.04003169853337,315.6133896615164
2025-08-21 02:35:00,289.2378494167307,2025-08-21 00:35:00,249.05852203110663,316.90934654395875
2025-08-21 02:40:00,290.4102184036846,2025-08-21 00:40:00,250.06803198201612,318.1938765261627
2025-08-21 02:45:00,291.58140097335837,2025-08-21 00:45:00,251.07652032619293,319.4771065860855
2025-08-21 02:50:00,292.75977357613533,2025-08-21 00:50:00,252.09119990371505,320.7682145523645
2025-08-21 02:55:00,293.95215828680085,2025-08-21 00:55:00,253.11794510435084,322.0746751703232
2025-08-21 03:00:00,295.1632480847589,2025-08-21 01:00:00,254.16079698467925,323.4016303985235
2025-08-21 03:05:00,296.3951689770441,2025-08-21 01:05:00,255.22158621855897,324.7514096399168
2025-08-21 03:10:00,297.64719610091015,2025-08-21 01:10:00,256.29968863718005,326.1232186838571
2025-08-21 03:15:00,298.9156339850663,2025-08-21 01:15:00,257.39192212374917,327.5130085118832
2025-08-21 03:20:00,300.1938635885184,2025-08-21 01:20:00,258.4925871179544,328.9135268367844
2025-08-21 03:25:00,301.47255125986175,2025-08-21 01:25:00,259.59364654778483,330.3145470531095
2025-08-21 03:30:00,302.7400071728297,2025-08-21 01:30:00,260.6850344731893,331.7032609643834
2025-08-21 03:35:00,303.98267406193673,2025-08-21 01:35:00,261.75507692925834,333.06481427627836
2025-08-21 03:40:00,305.18572083373226,2025-08-21 01:40:00,262.7910030762751,334.38295699888664
2025-08-21 03:45:00,306.3337107537745,2025-08-21 01:45:00,263.7795205658391,335.64077555940105
2025-08-21 03:50:00,307.4113101884302,2025-08-21 01:50:00,264.70742582816257,336.8214693495172
2025-08-21 03:55:00,308.4040017323476,2025-08-21 01:55:00,265.56221813580635,337.9091320780881
2025-08-21 04:00:00,309.2987651894342,2025-08-21 02:00:00,266.33268598653484,338.889497901816
2025-08-21 04:05:00,310.08469088475033,2025-08-21 02:05:00,267.0094352173026,339.7506134129326
2025-08-21 04:10:00,310.75349287781734,2025-08-21 02:10:00,267.5853309247995,340.4833999518229
2025-08-21 04:15:00,311.29989401160503,2025-08-21 02:15:00,268.05582902555534,341.08207549379887
2025-08-21 04:20:00,311.72186065173975,2025-08-21 02:20:00,268.4191783864717,341.5444118458984
2025-08-21 04:25:00,312.02067201311576,2025-08-21 02:25:00,268.67648052096234,341.87181060600034
2025-08-21 04:30:00,312.20081697031975,2025-08-21 02:30:00,268.83160073390496,342.06919010106236
2025-08-21 04:35:00,312.2697196516654,2025-08-21 02:35:00,268.89093183463933,342.1446847286307
2025-08-21 04:40:00,312.237303814912,2025-08-21 02:40:00,268.8630190272094,342.10916765621465
2025-08-21 04:45:00,312.1154143263148,2025-08-21 02:45:00,268.7580617543547,341.97561695301374
2025-08-21 04:50:00,311.9171218906646,2025-08-21 02:50:00,268.5873150106191,341.75835380321075
2025-08-21 04:55:00,311.6559438542731,2025-08-21 02:55:00,268.36241838709,341.4721887628768
2025-08-21 05:00:00,311.3450193252058,2025-08-21 03:00:00,268.09468577938014,341.1315179636369
2025-08-21 05:05:00,310.9962805556168,2025-08-21 03:05:00,267.7943918769606,340.7494152208325
2025-08-21 05:10:00,310.61966439779474,2025-08-21 03:10:00,267.47009315938493,340.3367680492608
2025-08-21 05:15:00,310.22240746339344,2025-08-21 03:15:00,267.12802096811356,339.9015053900167
2025-08-21 05:20:00,309.808466381708,2025-08-21 03:20:00,266.77158229931405,339.447962404653
2025-08-21 05:25:00,309.37810022642236,2025-08-21 03:25:00,266.40100023758254,338.9764229525335
2025-08-21 05:30:00,308.92764596491327,2025-08-21 03:30:00,266.0131205985923,338.48287355728434
2025-08-21 05:35:00,308.44950987992564,2025-08-21 03:35:00,265.601404542423,337.95899400777836
2025-08-21 05:40:00,307.9323885644943,2025-08-21 03:40:00,265.15611886908584,337.3923994957262
2025-08-21 05:45:00,307.3617227662287,2025-08-21 03:45:00,264.66472681726293,336.7671378794196
2025-08-21 05:50:00,306.7203764128214,2025-08-21 03:50:00,264.1124727633354,336.0644336718737
2025-08-21 05:55:00,305.9895221132044,2025-08-21 03:55:00,263.4831447136014,335.26365825822177
2025-08-21 06:00:00,305.14970378213775,2025-08-21 04:00:00,262.75998931491523,334.34349418201026
2025-08-21 06:05:00,304.18203720895053,2025-08-21 04:05:00,261.926745647038,333.2832505728159
2025-08-21 06:10:00,303.06950099892873,2025-08-21 04:10:00,260.96875683356535,332.0642775924972
2025-08-21 06:15:00,301.79826364192576,2025-08-21 04:15:00,259.87411276148293,330.67142046497224
2025-08-21 06:20:00,300.3589879327171,2025-08-21 04:20:00,258.63477329863724,329.0944486909748
2025-08-21 06:25:00,298.74805183649585,2025-08-21 04:25:00,257.2476195633273,327.32939371422447
2025-08-21 06:30:00,296.96862543995803,2025-08-21 04:30:00,255.71538127128304,325.3797289048399
2025-08-21 06:35:00,295.03154671770096,2025-08-21 04:35:00,254.0473908454237,323.2573291106476
2025-08-21 06:40:00,292.9559446297266,2025-08-21 04:40:00,252.26011995609153,320.983153366665
2025-08-21 06:45:00,290.7695663660887,2025-08-21 04:45:00,250.37746130667657,318.5876034473697
2025-08-21 06:50:00,288.5087758808375,2025-08-21 04:50:00,248.4307273712178,316.1105222603861
2025-08-21 06:55:00,286.2182032535249,2025-08-21 04:55:00,246.45834846467494,313.60080966227025
2025-08-21 07:00:00,283.95003786123317,2025-08-21 05:00:00,244.50526410360166,311.115648008032
2025-08-21 07:05:00,281.7629729378428,2025-08-21 05:05:00,242.62201418142126,308.71934573597963
2025-08-21 07:10:00,279.72082360965345,2025-08-21 05:10:00,240.86354897891988,306.48182319027285
2025-08-21 07:15:00,277.89085484572297,2025-08-21 05:15:00,239.28778938650586,304.4767806056231
2025-08-21 07:20:00,276.34186902048583,2025-08-21 05:20:00,237.95398013208543,302.77960270628637
2025-08-21 07:25:00,275.14211442408305,2025-08-21 05:25:00,236.9208888296066,301.4650671227663
2025-08-21 07:30:00,274.35708569012627,2025-08-21 05:30:00,236.24491195927135,300.60493438564987
2025-08-21 07:35:00,274.0472939663096,2025-08-21 05:35:00,235.97815479375225,300.26550476757797
2025-08-21 07:40:00,274.26608880598246,2025-08-21 05:40:00,236.16655586057956,300.50523179434066
2025-08-21 07:45:00,275.05761446969495,2025-08-21 05:45:00,236.8481271430084,301.37248302499995
2025-08-21 07:50:00,276.45498091714893,2025-08-21 05:50:00,238.05137914768403,302.9035360619317
2025-08-21 07:55:00,278.47872396366483,2025-08-21 05:55:00,239.79399496768266,305.1208913898653
2025-08-21 08:00:00,281.13562017379957,2025-08-21 06:00:00,242.08180980457425,308.03197388991447
2025-08-21 08:05:00,284.4179102946358,2025-08-21 06:05:00,244.9081422780776,311.6282819784289
2025-08-21 08:10:00,288.30297089548867,2025-08-21 06:10:00,248.2535116797688,315.8850278323439
2025-08-21 08:15:00,292.75345778356933,2025-08-21 06:15:00,252.08576146623145,320.7612945254765
2025-08-21 08:20:00,297.71792742005766,2025-08-21 06:20:00,256.36059435143466,326.2007168957143
2025-08-21 08:25:00,303.13192464246197,2025-08-21 06:25:00,261.02250892869927,332.1326733301951
2025-08-21 08:30:00,308.91950717396503,2025-08-21 06:30:00,266.006112403611,338.47395612505244
2025-08-21 08:35:00,314.99516042652766,2025-08-21 06:35:00,271.23776940323324,345.1308694784745
2025-08-21 08:40:00,321.2660406984592,2025-08-21 06:40:00,276.6375335610391,352.00168729585477
2025-08-21 08:45:00,327.6344717551761,2025-08-21 06:45:00,282.1212972864347,358.9793886193997
2025-08-21 08:50:00,334.0006091512916,2025-08-21 06:50:00,287.603085973914,365.9545768469447
2025-08-21 08:55:00,340.26517974707747,2025-08-21 06:55:00,292.99741696099716,372.8184813390176
2025-08-21 09:00:00,346.3321999298753,2025-08-21 07:00:00,298.2216401493096,379.46593569354525
2025-08-21 09:05:00,352.11157651241496,2025-08-21 07:05:00,303.19817760044606,385.79822747312227
2025-08-21 09:10:00,357.52149795055993,2025-08-21 07:10:00,307.85658257892965,391.72571819148436
2025-08-21 09:15:00,362.4905313349663,2025-08-21 07:15:00,312.13534524135144,397.1701409251719
2025-08-21 09:20:00,366.9593513908639,2025-08-21 07:20:00,315.9833814530342,402.06649472739014
2025-08-21 09:25:00,370.8820420143142,2025-08-21 07:25:00,319.3611535220492,406.3644706827453
2025-08-21 09:30:00,374.2269270284223,2025-08-21 07:30:00,322.2413855513556,410.0293621422251
2025-08-21 09:35:00,376.9769051422844,2025-08-21 07:35:00,324.6093518670973,413.0424317277986
2025-08-21 09:40:00,379.1292834267775,2025-08-21 07:40:00,326.4627336270181,415.40072887677
2025-08-21 09:45:00,380.6951230150023,2025-08-21 07:45:00,327.8110554125918,417.11637294512997
2025-08-21 09:50:00,381.69812979621713,2025-08-21 07:50:00,328.67473002163865,418.2153377737474
2025-08-21 09:55:00,382.1731405172226,2025-08-21 07:55:00,329.08375487215915,418.73579295448803
2025-08-21 10:00:00,382.1642703248904,2025-08-21 08:00:00,329.0761168780418,418.72607414741844
2025-08-21 10:05:00,381.7228007070444,2025-08-21 08:05:00,328.695973785552,418.24236896017305
2025-08-21 10:10:00,380.90489641929685,2025-08-21 08:10:00,327.99168825210575,417.34621545229606
2025-08-21 10:15:00,379.7692460907378,2025-08-21 08:15:00,327.0137962060079,416.10191701676337
2025-08-21 10:20:00,378.37472319341634,2025-08-21 08:20:00,325.81299274115776,414.57397957350713
2025-08-21 10:25:00,376.77816224123944,2025-08-21 08:25:00,324.43821723413606,412.824675016402
2025-08-21 10:30:00,375.0323392374327,2025-08-21 08:30:00,322.9349143367703,410.91182844935173
2025-08-21 10:35:00,373.1842358101771,2025-08-21 08:35:00,321.3435392484784,408.88691625110965
2025-08-21 10:40:00,371.2736537507662,2025-08-21 08:40:00,319.69836471514674,406.7935480657649
2025-08-21 10:45:00,369.3322309440575,2025-08-21 08:45:00,318.02663366109755,404.6663885868783
2025-08-21 10:50:00,367.382892201255,2025-08-21 08:50:00,316.34808630915376,402.53055585122445
2025-08-21 10:55:00,365.4397492252368,2025-08-21 08:55:00,314.67487404223175,400.40151163376396
2025-08-21 11:00:00,363.5084445569141,2025-08-21 09:00:00,313.01185557056834,398.28543829948325
2025-08-21 11:05:00,361.58691494960965,2025-08-21 09:05:00,311.3572542623393,396.180075210096
2025-08-21 11:10:00,359.6665314225112,2025-08-21 09:10:00,309.7036398271728,394.07596784685217
2025-08-21 11:15:00,357.73355697963245,2025-08-21 09:15:00,308.0391835368287,391.95806499003663
2025-08-21 11:20:00,355.77084921790515,2025-08-21 09:20:00,306.3491243163617,389.8075842162373
2025-08-21 11:25:00,353.75972450352134,2025-08-21 09:25:00,304.61737395936404,387.6040544211602
2025-08-21 11:30:00,351.68189350898865,2025-08-21 09:30:00,302.828183790884,385.3274365302651
2025-08-21 11:35:00,349.52137484247714,2025-08-21 09:35:00,300.96779246593434,382.96022020577334
2025-08-21 11:40:00,347.2662946409997,2025-08-21 09:40:00,299.02597557311003,380.48939560762483
2025-08-21 11:45:00,344.9104850613415,2025-08-21 09:45:00,296.99742207197045,377.9082048126545
2025-08-21 11:50:00,342.4548035202995,2025-08-21 09:50:00,294.8828702716983,375.2175872670565
2025-08-21 11:55:00,339.908106870244,2025-08-21 09:55:00,292.68994667956315,372.4272471616993
2025-08-21 12:00:00,337.2878299336888,2025-08-21 10:00:00,290.4336641686585,369.5562873153221
2025-08-21 12:05:00,334.62013537510404,2025-08-21 10:05:00,288.13655103034904,366.63337338464254
2025-08-21 12:10:00,331.93962077991307,2025-08-21 10:10:00,285.828398744238,363.6964129194871
2025-08-21 12:15:00,329.2885885887886,2025-08-21 10:15:00,283.54563332916587,360.7917554514191
2025-08-21 12:20:00,326.7159040896915,2025-08-21 10:20:00,281.3303319766991,357.97294122943265
2025-08-21 12:25:00,324.27548502665843,2025-08-21 10:25:00,279.22892247513755,355.2990463290286
2025-08-21 12:30:00,322.0244832585011,2025-08-21 10:30:00,277.2906174621621,352.83269034949626
2025-08-21 12:35:00,320.0212330046237,2025-08-21 10:35:00,275.5656476890316,350.63778836761344
2025-08-21 12:40:00,318.3230511776509,2025-08-21 10:40:00,274.10336791887414,348.7771408272447
2025-08-21 12:45:00,316.9839827534241,2025-08-21 10:45:00,272.9503154974535,347.30996320801154
2025-08-21 12:50:00,316.05258748186407,2025-08-21 10:50:00,272.14830452195605,346.2894609899255
2025-08-21 12:55:00,315.56986350365753,2025-08-21 10:55:00,271.73263789739934,345.76055462167864
2025-08-21 13:00:00,315.56739861401053,2025-08-21 11:00:00,271.73051541663244,345.757853915084
2025-08-21 13:05:00,316.0658311341811,2025-08-21 11:05:00,272.15970843910947,346.3039716675913
2025-08-21 13:10:00,317.0736900083161,2025-08-21 11:10:00,273.02756111507904,347.4082527907387
2025-08-21 13:15:00,318.5866684303475,2025-08-21 11:15:00,274.33036491622744,349.0659784446529
2025-08-21 13:20:00,320.5873674702388,2025-08-21 11:20:00,276.0531378759532,351.258085136919
2025-08-21 13:25:00,323.04552684368514,2025-08-21 11:25:00,278.1698233018131,353.9514175701076
2025-08-21 13:30:00,325.91873969183365,2025-08-21 11:30:00,280.64390526198434,357.09951180474746
2025-08-21 13:35:00,329.1536280858242,2025-08-21 11:35:00,283.4294207951954,360.6438832248417
2025-08-21 13:40:00,332.687436702076,2025-08-21 11:40:00,286.4723322014284,364.5157726806862
2025-08-21 13:45:00,336.44998455135095,2025-08-21 11:45:00,289.71220764754116,368.63828494060874
2025-08-21 13:50:00,340.365899505141,2025-08-21 11:50:00,293.08414528556887,372.9288369953618
2025-08-21 13:55:00,344.35704856526786,2025-08-21 11:55:00,296.5208659226693,377.3018208325566
2025-08-21 14:00:00,348.34506827924054,2025-08-21 12:00:00,299.9548919251303,381.67137593783804
2025-08-21 14:05:00,352.2538955596354,2025-08-21 12:05:00,303.3207264702744,385.95416223873593
2025-08-21 14:10:00,356.0121988458528,2025-08-21 12:10:00,306.5569469846281,390.07202385660855
2025-08-21 14:15:00,359.55561372636043,2025-08-21 12:15:00,309.6081302058487,393.95443861173237
2025-08-21 14:20:00,362.8286950774826,2025-08-21 12:20:00,312.4265331411559,397.540656923966
2025-08-21 14:25:00,365.7865095955227,2025-08-21 12:25:00,314.97346437367185,400.7814467030374
2025-08-21 14:30:00,368.3958074761412,2025-08-21 12:30:00,317.22029297855966,403.6403771229422
2025-08-21 14:35:00,370.6357295327336,2025-08-21 12:35:00,319.14905741241495,406.09459339061107
2025-08-21 14:40:00,372.4980253268397,2025-08-21 12:40:00,320.75265334220126,408.1350557449394
2025-08-21 14:45:00,373.98677821635954,2025-08-21 12:45:00,322.0345968882519,409.76623820025975
2025-08-21 14:50:00,375.11765366356207,2025-08-21 12:50:00,323.0083773531859,411.00530493968637
2025-08-21 14:55:00,375.9167069115929,2025-08-21 12:55:00,323.6964305294214,411.88080392157246
2025-08-21 15:00:00,376.4188043040025,2025-08-21 13:00:00,324.1287793202915,412.43093716606603
2025-08-21 15:05:00,376.66572838268604,2025-08-21 13:05:00,324.34140206733116,412.70148456703504
2025-08-21 15:10:00,376.7040498186624,2025-08-21 13:10:00,324.3744001006993,412.74347222964
2025-08-21 15:15:00,376.5828584977618,2025-08-21 13:15:00,324.27004400993394,412.61068648810976
2025-08-21 15:20:00,376.3514516196959,2025-08-21 13:20:00,324.0707828995532,412.3571408243541
2025-08-21 15:25:00,376.05707786976626,2025-08-21 13:25:00,323.8173019279927,412.03460422370506
2025-08-21 15:30:00,375.74283385335,2025-08-21 13:30:00,323.5467109578151,411.69029636047543
2025-08-21 15:35:00,375.44580201376976,2025-08-21 13:35:00,323.29094114376335,411.36484736970897
2025-08-21 15:40:00,375.19550857890397,2025-08-21 13:40:00,323.07541709292605,411.0906082649462
2025-08-21 15:45:00,375.01276592073975,2025-08-21 13:45:00,322.91806003731875,410.8903825458665
2025-08-21 15:50:00,374.90894713895705,2025-08-21 13:50:00,322.8286631883171,410.776631381003
2025-08-21 15:55:00,374.88572180441065,2025-08-21 13:55:00,322.8086641891976,410.75118406970125
2025-08-21 16:00:00,374.93526196671974,2025-08-21 14:00:00,322.8513225052885,410.80546375853424
2025-08-21 16:05:00,375.04090714731944,2025-08-21 14:05:00,322.94229203985304,410.92121605449717
2025-08-21 16:10:00,375.1782573090094,2025-08-21 14:10:00,323.0605622743338,411.07170655937625
2025-08-21 16:15:00,375.31664424521574,2025-08-21 14:15:00,323.1797252603312,411.2233330273915
2025-08-21 16:20:00,375.4209155177341,2025-08-21 14:20:00,323.26951174255026,411.3375799729546
2025-08-21 16:25:00,375.4534514281649,2025-08-21 14:25:00,323.29752794368426,411.37322860654325
2025-08-21 16:30:00,375.37632531229997,2025-08-21 14:30:00,323.2311157626158,411.28872380528884
2025-08-21 16:35:00,375.15351098704673,2025-08-21 14:35:00,323.0392535749843,411.0445927472028
2025-08-21 16:40:00,374.75303875534934,2025-08-21 14:40:00,322.6944127377903,410.6058071819244
2025-08-21 16:45:00,374.14900313438335,2025-08-21 14:45:00,322.17428641505865,409.9439832390496
2025-08-21 16:50:00,373.3233312837331,2025-08-21 14:50:00,321.46331234572324,409.0393190425174
2025-08-21 16:55:00,372.26723074657616,2025-08-21 14:55:00,320.5539194725879,407.88218095775403
2025-08-21 17:00:00,370.98224816284977,2025-08-21 15:00:00,319.4474395848969,406.47426359233907
2025-08-21 17:05:00,369.4808865918498,2025-08-21 15:05:00,318.15463888588187,404.8292661780958
2025-08-21 17:10:00,367.7867472323451,2025-08-21 15:10:00,316.6958400258992,402.97304784962415
2025-08-21 17:15:00,365.9341809634853,2025-08-21 15:15:00,315.1006220493538,400.94324584799244
2025-08-21 17:20:00,363.96745546632843,2025-08-21 15:20:00,313.40710321511216,398.7883629604582
2025-08-21 17:25:00,361.9394638150157,2025-08-21 15:25:00,311.6608289830712,396.5663525620606
2025-08-21 17:30:00,359.910019550581,2025-08-21 15:30:00,309.9133039269145,394.3427505784809
2025-08-21 17:35:00,357.9438007604762,2025-08-21 15:35:00,308.2202214107749,392.1884228748587
2025-08-21 17:40:00,356.10802041996817,2025-08-21 15:40:00,306.6394575539605,390.17701271784836
2025-08-21 17:45:00,354.4699123249556,2025-08-21 15:45:00,305.22890640412396,388.38218618665377
2025-08-21 17:50:00,353.0941300699932,2025-08-21 15:50:00,304.04424023491913,386.8747823102727
2025-08-21 17:55:00,352.0401610939787,2025-08-21 15:55:00,303.1366828182043,385.7199797139323
2025-08-21 18:00:00,351.3598581681857,2025-08-21 16:00:00,302.5508838241476,384.97459194362574
2025-08-21 18:05:00,351.0951870618272,2025-08-21 16:05:00,302.32297936867286,384.6845996499674
2025-08-21 18:10:00,351.2762815710571,2025-08-21 16:10:00,302.47891722710915,384.88301954106566
2025-08-21 18:15:00,351.9198860189924,2025-08-21 16:15:00,303.03311569352235,385.58819787591796
2025-08-21 18:20:00,353.02825099718086,2025-08-21 16:20:00,303.9875127196907,386.80260056103765
2025-08-21 18:25:00,354.5885313670942,2025-08-21 16:25:00,305.33104754291116,388.51215355851616
2025-08-21 18:30:00,356.57271674654055,2025-08-21 16:30:00,307.03960082885624,390.6861667220439
2025-08-21 18:35:00,358.9381048415211,2025-08-21 16:35:00,309.0764022507788,393.2778524126089
2025-08-21 18:40:00,361.62830769178277,2025-08-21 16:40:00,311.39289695298044,396.22542801195164
2025-08-21 18:45:00,364.57476095744624,2025-08-21 16:45:00,313.9300451756619,399.45376960322926
2025-08-21 18:50:00,367.6986877169748,2025-08-21 16:50:00,316.62001325290555,402.87656364629726
2025-08-21 18:55:00,370.9134512058252,2025-08-21 16:55:00,319.38819952184383,406.39888480377857
2025-08-21 19:00:00,374.12721670460706,2025-08-21 17:00:00,322.15552643599176,409.92011249309485
2025-08-21 19:05:00,377.24583117058455,2025-08-21 17:05:00,324.84092017421614,413.3370860134293
2025-08-21 19:10:00,380.1758214109431,2025-08-21 17:10:00,327.36389232430247,416.54738955539204
2025-08-21 19:15:00,382.8274071569058,2025-08-21 17:15:00,329.64713439742656,419.4526535371042
2025-08-21 19:20:00,385.1174249336026,2025-08-21 17:20:00,331.6190355301421,421.9617582018309
2025-08-21 19:25:00,386.97206186509953,2025-08-21 17:25:00,333.21603652428735,423.9938289671966
2025-08-21 19:30:00,388.32930546641063,2025-08-21 17:30:00,334.3847393273969,425.4809205897482
2025-08-21 19:35:00,389.1410256176446,2025-08-21 17:35:00,335.083699790479,426.37029832237505
2025-08-21 19:40:00,389.37461803646124,2025-08-21 17:40:00,335.284842838339,426.626238618412
2025-08-21 19:45:00,389.0141540423056,2025-08-21 17:45:00,334.97445251490495,426.23128889426334
2025-08-21 19:50:00,388.0609986231955,2025-08-21 17:50:00,334.1537041915848,425.18694472687946
2025-08-21 19:55:00,386.5338772445,2025-08-21 17:55:00,332.83872209533774,423.513723054157
2025-08-21 20:00:00,384.4683906280359,2025-08-21 18:00:00,331.0601614919832,421.2506305327636
2025-08-21 20:05:00,381.91599539878405,2025-08-21 18:05:00,328.86233093585565,418.45404666293024
2025-08-21 20:10:00,378.9424861583096,2025-08-21 18:10:00,326.3018852052162,415.1960606412478
2025-08-21 20:15:00,375.6260308502897,2025-08-21 18:15:00,323.44613358396975,411.5623187688536
2025-08-21 20:20:00,372.05482538597016,2025-08-21 18:20:00,320.37102029362256,407.6494546939963
2025-08-21 20:25:00,368.32444532015586,2025-08-21 18:25:00,317.15884405984275,403.5621877218424
2025-08-21 20:30:00,364.534981087912,2025-08-21 18:30:00,313.89579130628493,399.4101839781628
2025-08-21 20:35:00,360.78804932338153,2025-08-21 18:35:00,310.6693626445201,395.3047817998631
2025-08-21 20:40:00,357.18377506965277,2025-08-21 18:40:00,307.5657742986702,391.35568523170036
2025-08-21 20:45:00,353.8178393638741,2025-08-21 18:45:00,304.66741582372134,387.66772915272117
2025-08-21 20:50:00,350.77868275067055,2025-08-21 18:50:00,302.0504420914386,384.33781524872376
2025-08-21 20:55:00,348.14494872663465,2025-08-21 18:55:00,299.7825718774531,381.45211087009227
2025-08-21 21:00:00,345.98324199154865,2025-08-21 19:00:00,297.9211575238652,379.0835928140451
2025-08-21 21:05:00,344.34626482541813,2025-08-21 19:05:00,296.51158020050553,377.29000540813695
2025-08-21 21:10:00,343.2713819668444,2025-08-21 19:10:00,295.586014142492,376.1122880899892
2025-08-21 21:15:00,342.77964979125414,2025-08-21 19:15:00,295.16259068966724,375.5735117066244
2025-08-21 21:20:00,342.875330590478,2025-08-21 19:20:00,295.24498003977993,375.67834632498426
2025-08-21 21:25:00,343.5458973109179,2025-08-21 19:25:00,295.82239532845256,376.4130664233991
2025-08-21 21:30:00,344.76251909724033,2025-08-21 19:30:00,296.8700107238213,377.7460828874341
2025-08-21 21:35:00,346.48100366856306,2025-08-21 19:35:00,298.3497728930187,379.6289755435716
2025-08-21 21:40:00,348.643159470947,2025-08-21 19:40:00,300.2115739319514,381.9979856293591
2025-08-21 21:45:00,351.1785289944626,2025-08-21 19:45:00,302.3947438995158,384.7759149375913
2025-08-21 21:50:00,354.0064350371476,2025-08-21 19:50:00,304.82981282584836,387.87436784713356
2025-08-21 21:55:00,357.03827407413445,2025-08-21 19:55:00,307.4404854992585,391.19626409956226
2025-08-21 22:00:00,360.17998568650364,2025-08-21 20:00:00,310.1457678556394,394.6385444792334
2025-08-21 22:05:00,363.3346238668854,2025-08-21 20:05:00,312.8621810924726,398.09498811668766
2025-08-21 22:10:00,366.4049555595185,2025-08-21 20:10:00,315.50599923402814,401.4590596320433
2025-08-21 22:15:00,369.29601311205454,2025-08-21 20:15:00,317.9954470106366,404.62670578085397
2025-08-21 22:20:00,371.9175311794867,2025-08-21 20:20:00,320.25279824135947,407.4990254975799
2025-08-21 22:25:00,374.1862039789854,2025-08-21 20:25:00,322.2063195234281,409.9847431028693
2025-08-21 22:30:00,376.027706055366,2025-08-21 20:30:00,323.79201028411325,412.00242239644024
2025-08-21 22:35:00,377.3784281904753,2025-08-21 20:35:00,324.95509754715096,413.48236864159156
2025-08-21 22:40:00,378.1868895936497,2025-08-21 20:40:00,325.6512519494875,414.3681758604693
2025-08-21 22:45:00,378.4147978821482,2025-08-21 20:45:00,325.8475004750748,414.6178882232381
2025-08-21 22:50:00,378.037738846948,2025-08-21 20:50:00,325.5228204022046,414.2047558040379
2025-08-21 22:55:00,377.0454889147421,2025-08-21 20:55:00,324.6684083600082,413.11757693634206
2025-08-21 23:00:00,375.4419535314671,2025-08-21 21:00:00,323.28762727140435,411.3606307016132
2025-08-21 23:05:00,373.24474484486547,2025-08-21 21:05:00,321.3956427016724,408.95321420859267
2025-08-21 23:10:00,370.4844211835873,2025-08-21 21:10:00,319.01876798492356,405.92880931307315
2025-08-21 23:15:00,367.20341921186093,2025-08-21 21:15:00,316.1935447179577,402.3339126113931
2025-08-21 23:20:00,363.45471669235053,2025-08-21 21:20:00,312.965591284732,398.2265702692984
2025-08-21 23:25:00,359.3002697326091,2025-08-21 21:25:00,309.38825719192096,393.6746657591585
2025-08-21 23:30:00,354.8092727901393,2025-08-21 21:30:00,305.5211247844807,388.7540133990366
2025-08-21 23:35:00,350.0562929370783,2025-08-21 21:35:00,301.428402687998,383.5463141217544
2025-08-21 23:40:00,345.11933122505593,2025-08-21 21:40:00,297.17725647805344,378.13703136977495
2025-08-21 23:45:00,340.0778644792975,2025-08-21 21:45:00,292.8361224974917,372.6132455469884
2025-08-21 23:50:00,335.0109194108289,2025-08-21 21:50:00,288.47304950234104,367.0615438804857
2025-08-21 23:55:00,329.9952284908603,2025-08-21 21:55:00,284.1541107119603,361.56599986672995
2025-08-22 00:00:00,325.10351332986033,2025-08-21 22:00:00,279.94192565162797,356.20629242084124
