reading_time,yhat,ds,yhat_lower,yhat_upper
2025-07-30 02:00:00,294.2530159866363,2025-07-30 00:00:00,256.6134608983126,331.2650481241834
2025-07-30 02:05:00,300.33377786650397,2025-07-30 00:05:00,261.91639839127015,338.1106665794843
2025-07-30 02:10:00,306.58509034849646,2025-07-30 00:10:00,267.368070401435,345.14828800621115
2025-07-30 02:15:00,312.93626560988787,2025-07-30 00:15:00,272.9068311822978,352.2983332540243
2025-07-30 02:20:00,319.31211212245125,2025-07-30 00:20:00,278.4671073761012,359.4761529774172
2025-07-30 02:25:00,325.6343445282526,2025-07-30 00:25:00,283.9806275445056,366.59361484994116
2025-07-30 02:30:00,331.8231246137685,2025-07-30 00:30:00,289.37776602805786,373.560838366697
2025-07-30 02:35:00,337.79869411285466,2025-07-30 00:35:00,294.5889668881657,380.2880330261871
2025-07-30 02:40:00,343.48305616507514,2025-07-30 00:40:00,299.54621028065344,386.68739128754686
2025-07-30 02:45:00,348.80165924408266,2025-07-30 00:45:00,304.18448098340986,392.6749843085165
2025-07-30 02:50:00,353.685036532877,2025-07-30 00:50:00,308.44319806995503,398.17260752626623
2025-07-30 02:55:00,358.07035383313115,2025-07-30 00:55:00,312.2675648169948,403.10952326742716
2025-07-30 03:00:00,361.9028212311399,2025-07-30 01:00:00,315.6097997962538,407.42404997764237
2025-07-30 03:05:00,365.13692705121673,2025-07-30 01:05:00,318.4302129859659,411.0649513853449
2025-07-30 03:10:00,367.7374575114283,2025-07-30 01:10:00,320.6980949967205,413.99258441286673
2025-07-30 03:15:00,369.68027152511047,2025-07-30 01:15:00,322.39239276376657,416.17977143482744
2025-07-30 03:20:00,370.9528070105922,2025-07-30 01:20:00,323.5021510918179,417.61237027302246
2025-07-30 03:25:00,371.5543030504362,2025-07-30 01:25:00,324.02670639665797,418.2895242995235
2025-07-30 03:30:00,371.49573032373104,2025-07-30 01:30:00,323.9756260362285,418.2235841185344
2025-07-30 03:35:00,370.7994308960786,2025-07-30 01:35:00,323.3683941771011,417.43970204807636
2025-07-30 03:40:00,369.4984768735477,2025-07-30 01:40:00,322.2338524866044,415.9751101035009
2025-07-30 03:45:00,367.63576553201796,2025-07-30 01:45:00,320.6094110092528,413.8781013094727
2025-07-30 03:50:00,365.2628761552452,2025-07-30 01:50:00,318.54005123307246,411.20674274767737
2025-07-30 03:55:00,362.4387205198827,2025-07-30 01:55:00,316.0771491986588,408.0273562957776
2025-07-30 04:00:00,359.228024738307,2025-07-30 02:00:00,313.2771515380089,404.41280951184905
2025-07-30 04:05:00,355.6996847810612,2025-07-30 02:05:00,310.20014135132055,400.4406643094747
2025-07-30 04:10:00,351.92504120668764,2025-07-30 02:10:00,306.90833362581685,396.1912346778909
2025-07-30 04:15:00,347.97612069691985,2025-07-30 02:15:00,303.4645417060431,391.74560703217054
2025-07-30 04:20:00,343.9238924124632,2025-07-30 02:20:00,299.9306566889676,387.1836772481724
2025-07-30 04:25:00,339.83658644226057,2025-07-30 02:25:00,296.36618096984137,382.5822576012828
2025-07-30 04:30:00,335.778119397899,2025-07-30 02:30:00,292.8268552276621,378.013304327336
2025-07-30 04:35:00,331.80666882164206,2025-07-30 02:35:00,289.36341518867823,373.5423127153883
2025-07-30 04:40:00,327.97343359679724,2025-07-30 02:40:00,286.02051059962406,369.22692159876095
2025-07-30 04:45:00,324.3216119476911,2025-07-30 02:45:00,282.83581395745585,365.11576280476913
2025-07-30 04:50:00,320.8856225127846,2025-07-30 02:50:00,279.83934121937716,361.2475842520634
2025-07-30 04:55:00,317.6905869046036,2025-07-30 02:55:00,277.0530005514334,357.65066742538716
2025-07-30 05:00:00,314.75208499547585,2025-07-30 03:00:00,274.490378917024,354.34255188041544
2025-07-30 05:05:00,312.07618661640373,2025-07-30 03:05:00,272.1567697209943,351.3300709298072
2025-07-30 05:10:00,309.65975581515573,2025-07-30 03:10:00,270.04943814836673,348.60969417179797
2025-07-30 05:15:00,307.4910165168814,2025-07-30 03:15:00,268.15811446813086,346.168164301313
2025-07-30 05:20:00,305.55036140694455,2025-07-30 03:20:00,266.46569944733284,343.9834077365243
2025-07-30 05:25:00,303.8113794569149,2025-07-30 03:25:00,264.9491604404495,342.0256913901613
2025-07-30 05:30:00,302.242071654375,2025-07-30 03:30:00,263.58059160837075,340.2589913174809
2025-07-30 05:35:00,300.80621969827166,2025-07-30 03:35:00,262.32840753624544,338.6425335702495
2025-07-30 05:40:00,299.46486816962783,2025-07-30 03:40:00,261.1586358114174,337.13246279935953
2025-07-30 05:45:00,298.17787789501807,2025-07-30 03:45:00,260.0362716874586,335.6835910050486
2025-07-30 05:50:00,296.9055060919067,2025-07-30 03:50:00,258.92665610424683,334.25117643768635
2025-07-30 05:55:00,295.6099681772288,2025-07-30 03:55:00,257.79683771684387,332.7926818553505
2025-07-30 06:00:00,294.2569363994889,2025-07-30 04:00:00,256.6168798291497,331.26946165839286
2025-07-30 06:05:00,292.81693191707785,2025-07-30 04:05:00,255.3610744036673,329.6483290675663
2025-07-30 06:10:00,291.26656952559154,2025-07-30 04:10:00,254.0090275687626,327.9029574169017
2025-07-30 06:15:00,289.5896178638974,2025-07-30 04:15:00,252.54658420782164,326.01507371569176
2025-07-30 06:20:00,287.77784260123263,2025-07-30 04:20:00,250.96656328955356,323.9754078942067
2025-07-30 06:25:00,285.8316055310676,2025-07-30 04:25:00,249.269280328395,321.78436725339105
2025-07-30 06:30:00,283.76019895248135,2025-07-30 04:30:00,247.46283899328665,319.4524129057378
2025-07-30 06:35:00,281.58190153479785,2025-07-30 04:35:00,245.56317982635053,317.00012266674673
2025-07-30 06:40:00,279.32374941480924,2025-07-30 04:40:00,243.59388062035205,314.4579333600661
2025-07-30 06:45:00,277.02102401405,2025-07-30 04:45:00,241.5857097521421,311.86556421087806
2025-07-30 06:50:00,274.71646593468216,2025-07-30 04:50:00,239.57594063353224,309.2711318632367
2025-07-30 06:55:00,272.4592322207781,2025-07-30 04:55:00,237.6074423551405,306.7299764825288
2025-07-30 07:00:00,270.30362176257034,2025-07-30 05:00:00,235.72756813133844,304.3032268372249
2025-07-30 07:05:00,268.30760082642166,2025-07-30 05:05:00,233.98686943796002,302.05614036555994
2025-07-30 07:10:00,266.5311670088369,2025-07-30 05:10:00,232.43766924213966,300.05626134274524
2025-07-30 07:15:00,265.0345955203619,2025-07-30 05:15:00,231.13253261388246,298.3714465771645
2025-07-30 07:20:00,263.8766161970471,2025-07-30 05:20:00,230.1226769262249,297.06781312083956
2025-07-30 07:25:00,263.11257276477806,2025-07-30 05:25:00,229.45636657839796,296.2076660004747
2025-07-30 07:30:00,262.79261788541623,2025-07-30 05:30:00,229.1773389237483,295.8474662310553
2025-07-30 07:35:00,262.9599977392492,2025-07-30 05:35:00,229.32330828087694,296.03589962790284
2025-07-30 07:40:00,263.6494788450244,2025-07-30 05:40:00,229.9245939879536,296.81210574738645
2025-07-30 07:45:00,264.88596695962514,2025-07-30 05:45:00,231.00291596668816,298.204123067633
2025-07-30 07:50:00,266.6833635969809,2025-07-30 05:50:00,232.5703975103261,300.22760167693616
2025-07-30 07:55:00,269.0436999167397,2025-07-30 05:55:00,234.62880996148274,302.8848282203327
2025-07-30 08:00:00,271.956580479083,2025-07-30 06:00:00,237.16908761940246,306.1640996882196
2025-07-30 08:05:00,275.39896097590906,2025-07-30 06:05:00,240.17113390279385,310.03947318989555
2025-07-30 08:10:00,279.33527468791766,2025-07-30 06:10:00,243.6039316310791,314.47090831679884
2025-07-30 08:15:00,283.71791219537215,2025-07-30 06:15:00,247.4259613726595,319.4048071927366
2025-07-30 08:20:00,288.48804843984385,2025-07-30 06:20:00,251.5859227125492,324.7749455659507
2025-07-30 08:25:00,293.57680040490516,2025-07-30 06:25:00,256.02374384763243,330.50377610638134
2025-07-30 08:30:00,298.9066884131801,2025-07-30 06:30:00,260.67185596100484,336.5040735090693
2025-07-30 08:35:00,304.3933639051997,2025-07-30 06:35:00,265.45669999093667,342.6808795982487
2025-07-30 08:40:00,309.9475579365564,2025-07-30 06:40:00,270.3004258848182,348.9336969123522
2025-07-30 08:45:00,315.4771966326441,2025-07-30 06:45:00,275.12273745420833,355.1588702470311
2025-07-30 08:50:00,320.8896237569332,2025-07-30 06:50:00,279.8428306419254,361.2520887847731
2025-07-30 08:55:00,326.0938662833372,2025-07-30 06:55:00,284.3813692923342,367.11093663779707
2025-07-30 09:00:00,331.00287623460196,2025-07-30 07:00:00,288.6624402236021,372.6374166716387
2025-07-30 09:05:00,335.5356819940916,2025-07-30 07:05:00,292.61542935311803,377.74037241542317
2025-07-30 09:10:00,339.61938404911575,2025-07-30 07:10:00,296.17676215408716,382.33773483580984
2025-07-30 09:15:00,343.19093435351954,2025-07-30 07:15:00,299.29145540986366,386.3585255131771
2025-07-30 09:20:00,346.19864455483577,2025-07-30 07:20:00,301.9144325153013,389.74455457813616
2025-07-30 09:25:00,348.6033765618165,2025-07-30 07:25:00,304.0115617521085,392.45176103223895
2025-07-30 09:30:00,350.3793786421403,2025-07-30 07:30:00,305.5603854366045,394.45115401257743
2025-07-30 09:35:00,351.5147414275894,2025-07-30 07:35:00,306.5505175947146,395.7293261546679
2025-07-30 09:40:00,352.0114604145431,2025-07-30 07:40:00,306.9836984676742,396.28852395444466
2025-07-30 09:45:00,351.8851042433377,2025-07-30 07:45:00,306.87350522363846,396.1462743227976
2025-07-30 09:50:00,351.1641010660626,2025-07-30 07:50:00,306.24472961017915,395.334581190556
2025-07-30 09:55:00,349.88866785977365,2025-07-30 07:55:00,305.1324442250557,393.89872014748795
2025-07-30 10:00:00,348.1094193818108,2025-07-30 08:00:00,303.5807894078666,391.8956724278207
2025-07-30 10:05:00,345.8857042262432,2025-07-30 08:05:00,301.6415221408553,389.3922516708452
2025-07-30 10:10:00,343.2837243109128,2025-07-30 08:10:00,299.37237608292276,386.4629868713666
2025-07-30 10:15:00,340.3745013846518,2025-07-30 08:15:00,296.8352881923216,383.1878331080638
2025-07-30 10:20:00,337.23175890833767,2025-07-30 08:20:00,294.0945515481958,379.6497870011535
2025-07-30 10:25:00,333.92979009805634,2025-07-30 08:25:00,291.2149561043107,375.93248659159013
2025-07-30 10:30:00,330.5413828398704,2025-07-30 08:30:00,288.2599790396217,372.11787524535237
2025-07-30 10:35:00,327.13586946440404,2025-07-30 08:35:00,285.29008399714036,368.28400612279205
2025-07-30 10:40:00,323.77736424639534,2025-07-30 08:40:00,282.361184034812,364.50305798556207
2025-07-30 10:45:00,320.5232440233472,2025-07-30 08:45:00,279.52331659676514,360.83962470289737
2025-07-30 10:50:00,317.42291788177175,2025-07-30 08:50:00,276.81957057589403,357.34933018528295
2025-07-30 10:55:00,314.5169206955151,2025-07-30 08:55:00,274.28529580278536,354.07780790529466
2025-07-30 11:00:00,311.8363528981001,2025-07-30 09:00:00,271.94761447992516,351.0600702028163
2025-07-30 11:05:00,309.4026757115683,2025-07-30 09:05:00,269.8252426039694,348.3202777571484
2025-07-30 11:10:00,307.22785764873885,2025-07-30 09:10:00,267.9286177280763,345.87190451676247
2025-07-30 11:15:00,305.3148548244271,2025-07-30 09:15:00,266.26031783382075,343.7182784255141
2025-07-30 11:20:00,303.6583953287431,2025-07-30 09:20:00,264.81574537090114,341.85346445678175
2025-07-30 11:25:00,302.24602665215605,2025-07-30 09:25:00,263.5840407001839,340.26344378681534
2025-07-30 11:30:00,301.05937574682383,2025-07-30 09:30:00,262.54918097351504,338.92753235038225
2025-07-30 11:35:00,300.075564007494,2025-07-30 09:35:00,261.69121411647086,337.8199738022346
2025-07-30 11:40:00,299.2687143059799,2025-07-30 09:40:00,260.98757308959455,336.91163611092884
2025-07-30 11:45:00,298.61148493926237,2025-07-30 09:45:00,260.41441362058487,336.1717384515478
2025-07-30 11:50:00,298.0765655143823,2025-07-30 09:50:00,259.9479187421553,335.56953524750827
2025-07-30 11:55:00,297.6380726598557,2025-07-30 09:55:00,259.56551597016687,335.0758874387685
2025-07-30 12:00:00,297.2727889505718,2025-07-30 10:00:00,259.24695775068756,334.6646572424384
2025-07-30 12:05:00,296.96119603749264,2025-07-30 10:05:00,258.9752224362728,334.31387123264943
2025-07-30 12:10:00,296.6882627606423,2025-07-30 10:10:00,258.73720158699774,334.00660758477363
2025-07-30 12:15:00,296.44396019295766,2025-07-30 10:15:00,258.5241491321582,333.7315759030437
2025-07-30 12:20:00,296.2234879574493,2025-07-30 10:20:00,258.3318787379327,333.48337200456933
2025-07-30 12:25:00,296.02720903014995,2025-07-30 10:25:00,258.1607069500521,333.2624045216038
2025-07-30 12:30:00,295.86030323907573,2025-07-30 10:30:00,258.01515101565354,333.07450481655906
2025-07-30 12:35:00,295.73216197301014,2025-07-30 10:35:00,257.9034010182619,332.93024555543445
2025-07-30 12:40:00,295.6555581168867,2025-07-30 10:40:00,257.83659599139725,332.8440062351674
2025-07-30 12:45:00,295.64563486970593,2025-07-30 10:45:00,257.8279420824683,332.8328348120169
2025-07-30 12:50:00,295.7187651135763,2025-07-30 10:50:00,257.89171782632263,332.91516359860157
2025-07-30 12:55:00,295.8913384604405,2025-07-30 10:55:00,258.0422163476348,333.10944374170305
2025-07-30 13:00:00,296.17853611804566,2025-07-30 11:00:00,258.292676940648,333.4327659871819
2025-07-30 13:05:00,296.59315410978047,2025-07-30 11:05:00,258.6542588175679,333.89953588085535
2025-07-30 13:10:00,297.1445329743597,2025-07-30 11:10:00,259.1351077163682,334.520268842579
2025-07-30 13:15:00,297.83764712481894,2025-07-30 11:15:00,259.73956174498903,335.30056498206824
2025-07-30 13:20:00,298.67239977088303,2025-07-30 11:20:00,260.4675364941425,336.24031533447504
2025-07-30 13:25:00,299.6431598338919,2025-07-30 11:25:00,261.3141211880506,337.3331805270761
2025-07-30 13:30:00,300.7385662606871,2025-07-30 11:30:00,262.26940802964043,338.56637047916934
2025-07-30 13:35:00,301.9416129452753,2025-07-30 11:35:00,263.3185662594016,339.92074000544073
2025-07-30 13:40:00,303.2300144721798,2025-07-30 11:40:00,264.44216111445195,341.3712005636179
2025-07-30 13:45:00,304.57684005006485,2025-07-30 11:45:00,265.6167066721537,342.88743392617835
2025-07-30 13:50:00,305.951390439027,2025-07-30 11:50:00,266.8154306047122,344.43487941020135
2025-07-30 13:55:00,307.32028130629817,2025-07-30 11:55:00,268.0092189567694,345.97595350081974
2025-07-30 14:00:00,308.64868653032727,2025-07-30 12:00:00,269.1677004114811,347.47144954184046
2025-07-30 14:05:00,309.9016871384807,2025-07-30 12:05:00,270.2604226780239,348.8820563468984
2025-07-30 14:10:00,311.0456660592147,2025-07-30 12:10:00,271.2580688331871,350.1699283877655
2025-07-30 14:15:00,312.0496859721042,2025-07-30 12:15:00,272.13365892287067,351.30023695451297
2025-07-30 14:20:00,312.8867874878105,2025-07-30 12:20:00,272.8636820845649,352.2426316244724
2025-07-30 14:25:00,313.53514754753604,2025-07-30 12:25:00,273.4291067694285,352.9725443686684
2025-07-30 14:30:00,313.97904339190524,2025-07-30 12:30:00,273.8162214044986,353.4722747716144
2025-07-30 14:35:00,314.2095753072089,2025-07-30 12:35:00,274.017264688406,353.7318036867597
2025-07-30 14:40:00,314.2251114760066,2025-07-30 12:40:00,274.03081353863917,353.7492940417427
2025-07-30 14:45:00,314.03143003642384,2025-07-30 12:45:00,273.86190697924013,353.53125076633563
2025-07-30 14:50:00,313.64154653775415,2025-07-30 12:50:00,273.5218956675283,353.0923265448911
2025-07-30 14:55:00,313.0752287222924,2025-07-30 12:55:00,273.02801874291384,352.45477556597086
2025-07-30 15:00:00,312.35821434959706,2025-07-30 13:00:00,272.40272170364904,351.64757296218363
2025-07-30 15:05:00,311.52116115440026,2025-07-30 13:05:00,271.6727406815167,350.70523269063324
2025-07-30 15:10:00,310.5983701464241,2025-07-30 13:10:00,270.86798905153387,349.6663702455337
2025-07-30 15:15:00,309.6263340839013,2025-07-30 13:15:00,270.0202915783727,348.5720685543501
2025-07-30 15:20:00,308.6421713272298,2025-07-30 13:20:00,269.16201860458546,347.46411483684045
2025-07-30 15:25:00,307.6820111906047,2025-07-30 13:25:00,268.3246779409739,346.38318286134466
2025-07-30 15:30:00,306.7794000530512,2025-07-30 13:30:00,267.5375248609066,345.3670385716539
2025-07-30 15:35:00,305.96379754627475,2025-07-30 13:35:00,266.8262506492236,344.448847120832
2025-07-30 15:40:00,305.25922939095267,2025-07-30 13:40:00,266.2118077618,343.65565625719057
2025-07-30 15:45:00,304.6831575728774,2025-07-30 13:45:00,265.7094245238012,343.0071243877794
2025-07-30 15:50:00,304.2456201363236,2025-07-30 13:50:00,265.32785495690933,342.51455217236764
2025-07-30 15:55:00,303.94868205054877,2025-07-30 13:55:00,265.0688998885723,342.1802643182762
2025-07-30 16:00:00,303.7862258353455,2025-07-30 14:00:00,264.92722435981693,341.99737387018024
2025-07-30 16:05:00,303.74409652914727,2025-07-30 14:05:00,264.8904840496709,341.94994541274065
2025-07-30 16:10:00,303.8006006145355,2025-07-30 14:10:00,264.9397603803067,342.0135567524667
2025-07-30 16:15:00,303.92734345237795,2025-07-30 14:15:00,265.05029083027944,342.15624168684707
2025-07-30 16:20:00,304.09037509294114,2025-07-30 14:20:00,265.1924681785067,342.33977993904085
2025-07-30 16:25:00,304.25160083725797,2025-07-30 14:25:00,265.333070632814,342.52128514390984
2025-07-30 16:30:00,304.37040104718693,2025-07-30 14:30:00,265.4366744409962,342.65502840267413
2025-07-30 16:35:00,304.4053950509421,2025-07-30 14:35:00,265.46719216528936,342.69442405780154
2025-07-30 16:40:00,304.31627698347006,2025-07-30 14:40:00,265.38947369009924,342.594096450926
2025-07-30 16:45:00,304.06564732791816,2025-07-30 14:45:00,265.1709034807192,342.31194184112746
2025-07-30 16:50:00,303.6207630116946,2025-07-30 14:50:00,264.78292681477836,341.8110986333549
2025-07-30 16:55:00,302.9551311922294,2025-07-30 14:55:00,264.20243969791983,341.0617416353687
2025-07-30 17:00:00,302.0498773702535,2025-07-30 15:00:00,263.4129819740296,340.0426222564358
2025-07-30 17:05:00,300.8948267887483,2025-07-30 15:05:00,262.405680396376,338.74228592790155
2025-07-30 17:10:00,299.4892491736399,2025-07-30 15:10:00,261.17989810434153,337.15991051961583
2025-07-30 17:15:00,297.84223001364165,2025-07-30 15:15:00,259.743558410776,335.30572432047404
2025-07-30 17:20:00,295.9726464635851,2025-07-30 15:20:00,258.113123787668,333.2009789107964
2025-07-30 17:25:00,293.90874186145584,2025-07-30 15:25:00,256.31322480909506,330.877470160833
2025-07-30 17:30:00,291.6873090867633,2025-07-30 15:30:00,254.37594797080882,328.37661886948524
2025-07-30 17:35:00,289.3525091325024,2025-07-30 15:35:00,252.3398053852887,325.7481407326844
2025-07-30 17:40:00,286.9543662173362,2025-07-30 15:40:00,250.24842239257364,323.0483521662444
2025-07-30 17:45:00,284.5469943972186,2025-07-30 15:45:00,248.14899101594673,320.3381738553439
2025-07-30 17:50:00,282.18662202078156,2025-07-30 15:50:00,246.09054712032395,317.68090671995134
2025-07-30 17:55:00,279.92948917480896,2025-07-30 15:55:00,244.12213680728033,315.1398648946477
2025-07-30 18:00:00,277.8296991310851,2025-07-30 16:00:00,242.29094269539303,312.7759569239764
2025-07-30 18:05:00,275.93710742766524,2025-07-30 16:05:00,240.6404430209766,310.6453093259879
2025-07-30 18:10:00,274.2953315230758,2025-07-30 16:10:00,239.20867588858707,308.7970258947396
2025-07-30 18:15:00,272.9399599210878,2025-07-30 16:15:00,238.02667747669915,307.2711715633804
2025-07-30 18:20:00,271.8970325354097,2025-07-30 16:20:00,237.1171567874817,306.09706162452983
2025-07-30 18:25:00,271.18185390335617,2025-07-30 16:25:00,236.4934606689681,305.2919256663809
2025-07-30 18:30:00,270.7981884641138,2025-07-30 16:30:00,236.1588720297967,304.8600016306389
2025-07-30 18:35:00,270.73787246793194,2025-07-30 16:35:00,236.10627139127524,304.7920989064787
2025-07-30 18:40:00,270.9808612930354,2025-07-30 16:40:00,236.31817815172198,305.0656515991219
2025-07-30 18:45:00,271.49571421836964,2025-07-30 16:45:00,236.76717334920755,305.6452642787604
2025-07-30 18:50:00,272.2405020008074,2025-07-30 16:50:00,237.4166911454663,306.4837337155622
2025-07-30 18:55:00,273.16410637722436,2025-07-30 16:55:00,238.22215210136676,307.52351183703905
2025-07-30 19:00:00,274.20786572451357,2025-07-30 17:00:00,239.13239833131536,308.69855838414236
2025-07-30 19:05:00,275.30750788634214,2025-07-30 17:05:00,240.09137909129285,309.936516854801
2025-07-30 19:10:00,276.3953003728086,2025-07-30 17:10:00,241.04002593440293,311.16113516217905
2025-07-30 19:15:00,277.4023400515136,2025-07-30 17:15:00,241.91824951470483,312.2948433299972
2025-07-30 19:20:00,278.26089932696027,2025-07-30 17:20:00,242.6669856536361,313.261394781457
2025-07-30 19:25:00,278.90674397991154,2025-07-30 17:25:00,243.23021669152638,313.98847572342555
2025-07-30 19:30:00,279.28133925396526,2025-07-30 17:30:00,243.55689538125455,314.410188721236
2025-07-30 19:35:00,279.3338653269646,2025-07-30 17:35:00,243.60270254939712,314.4693216821729
2025-07-30 19:40:00,279.0229708778129,2025-07-30 17:40:00,243.33157635446793,314.1193219912115
2025-07-30 19:45:00,278.3182036475543,2025-07-30 17:45:00,242.71695985690044,313.3259070123874
2025-07-30 19:50:00,277.20106930221124,2025-07-30 17:50:00,241.7427244367956,312.0682561385964
2025-07-30 19:55:00,275.66568401050625,2025-07-30 17:55:00,240.40373889676405,310.3397454525108
2025-07-30 20:00:00,273.7190013937439,2025-07-30 18:00:00,238.7060673813745,308.14820322290257
2025-07-30 20:05:00,271.38061025345854,2025-07-30 18:05:00,236.6667929785938,305.5156821898642
2025-07-30 20:10:00,268.6821151175331,2025-07-30 18:10:00,234.31347750372865,302.4777621941493
2025-07-30 20:15:00,265.6661266429267,2025-07-30 18:15:00,231.6832810454082,299.0824135897094
2025-07-30 20:20:00,262.3849024674324,2025-07-30 18:20:00,228.82177667362276,295.38846713768487
2025-07-30 20:25:00,258.89869111841375,2025-07-30 18:25:00,225.7815061883908,291.4637496069861
2025-07-30 20:30:00,255.27384102386688,2025-07-30 18:30:00,222.62033101783115,287.3829549310615
2025-07-30 20:35:00,251.58074407446347,2025-07-30 18:35:00,219.39963883072897,283.22532910496983
2025-07-30 20:40:00,247.89168718649913,2025-07-30 18:40:00,216.182469918128,279.0722515114343
2025-07-30 20:45:00,244.2786870599815,2025-07-30 18:45:00,213.0316289196662,275.00479732827
2025-07-30 20:50:00,240.81138179078337,2025-07-30 18:50:00,210.0078461314541,271.1013639411529
2025-07-30 20:55:00,237.55504889537804,2025-07-30 18:55:00,207.16804905639222,267.43543966952603
2025-07-30 21:00:00,234.5688127719383,2025-07-30 19:00:00,204.56379915898341,264.0735857567479
2025-07-30 21:05:00,231.90409567422554,2025-07-30 19:05:00,202.2399409838474,261.07369250280334
2025-07-30 21:10:00,229.60335593546858,2025-07-30 19:10:00,200.23350178046633,258.48355877817517
2025-07-30 21:15:00,227.69914518025064,2025-07-30 19:15:00,198.5728693123918,256.3398306489977
2025-07-30 21:20:00,226.213503820677,2025-07-30 19:20:00,197.277264678891,254.66732083690866
2025-07-30 21:25:00,225.15770110173946,2025-07-30 19:25:00,196.35651561256805,253.4787160665352
2025-07-30 21:30:00,224.53231353392155,2025-07-30 19:30:00,195.8111248792142,252.7746653635889
2025-07-30 21:35:00,224.32762362067686,2025-07-30 19:35:00,195.63261800181627,252.54422893548914
2025-07-30 21:40:00,224.52431020455467,2025-07-30 19:40:00,195.80414530063396,252.76565535130752
2025-07-30 21:45:00,225.094392688323,2025-07-30 19:45:00,196.30130533369865,253.4074445298723
2025-07-30 21:50:00,226.00238425793617,2025-07-30 19:50:00,197.09315060455734,254.42964601860035
2025-07-30 21:55:00,227.20660415360567,2025-07-30 19:55:00,198.14333197338448,255.7853363259825
2025-07-30 22:00:00,228.6605962265214,2025-07-30 20:00:00,199.41133575814962,257.42221590864915
2025-07-30 22:05:00,230.31460031342806,2025-07-30 20:05:00,200.85376689741227,259.28426561988005
2025-07-30 22:10:00,232.11702464848642,2025-07-30 20:10:00,202.42563301771628,261.31340432587183
2025-07-30 22:15:00,234.01587088095152,2025-07-30 20:15:00,204.0815871692575,263.4510931664394
2025-07-30 22:20:00,235.96006869154513,2025-07-30 20:20:00,205.77709172398397,265.6398380434621
2025-07-30 22:25:00,237.9006835495456,2025-07-30 20:25:00,207.46947164169669,267.82454929330436
2025-07-30 22:30:00,239.7919690010226,2025-07-30 20:30:00,209.11883215418908,269.9537263350396
2025-07-30 22:35:00,241.5922432602075,2025-07-30 20:35:00,210.68882322689421,271.98044452212764
2025-07-30 22:40:00,243.26457855295814,2025-07-30 20:40:00,212.1472407245576,273.8631311935804
2025-07-30 22:45:00,244.77730024278426,2025-07-30 20:45:00,213.4664616912506,275.56612758156473
2025-07-30 22:50:00,246.10430072400823,2025-07-30 20:50:00,214.62371809169503,277.060042186992
2025-07-30 22:55:00,247.2251803324262,2025-07-30 20:55:00,215.6012196972505,278.3219094143473
2025-07-30 23:00:00,248.12523346864901,2025-07-30 21:00:00,216.38614198429687,279.33517394958227
2025-07-30 23:05:00,248.7953028020599,2025-07-30 21:05:00,216.97049898778192,280.08952662540656
2025-07-30 23:10:00,249.23152760645803,2025-07-30 21:10:00,217.3509238286657,280.5806211018298
2025-07-30 23:15:00,249.43501382939095,2025-07-30 21:15:00,217.52838098653666,280.80970243581874
2025-07-30 23:20:00,249.41145346747032,2025-07-30 21:20:00,217.50783436276734,280.78317858049206
2025-07-30 23:25:00,249.1707194060835,2025-07-30 21:25:00,217.2978939465529,280.5121642625486
2025-07-30 23:30:00,248.72645899486577,2025-07-30 21:30:00,216.91046137842636,280.01202343643587
2025-07-30 23:35:00,248.09570578052038,2025-07-30 21:35:00,216.36039134851285,279.30193217975324
2025-07-30 23:40:00,247.29852397074583,2025-07-30 21:40:00,215.66518153907214,278.4044784367789
2025-07-30 23:45:00,246.35769495364994,2025-07-30 21:45:00,214.84469924297395,277.3453091073503
2025-07-30 23:50:00,245.29844956409386,2025-07-30 21:50:00,213.92094787735698,276.1528286368611
2025-07-30 23:55:00,244.14824438291188,2025-07-30 21:55:00,212.91787189767123,274.85794717772177
2025-07-31 00:00:00,242.93657521537926,2025-07-30 22:00:00,211.8611941351621,273.4938706065864
2025-07-31 00:05:00,241.6948165216204,2025-07-30 22:05:00,210.77827576663634,272.0959197578334
2025-07-31 00:10:00,240.45607204685595,2025-07-30 22:10:00,209.69798605143288,270.7013622656341
2025-07-31 00:15:00,239.25501954126355,2025-07-30 22:15:00,208.65056691403768,269.3492377522092
2025-07-31 00:20:00,238.12773126790862,2025-07-30 22:20:00,207.66747641185287,268.08015575870564
2025-07-31 00:25:00,237.11145211386244,2025-07-30 22:25:00,206.78119522936726,266.9360459464616
2025-07-31 00:30:00,236.24431861358082,2025-07-30 22:30:00,206.0249816428318,265.95984177829797
2025-07-31 00:35:00,235.56500475975588,2025-07-30 22:35:00,205.4325626374337,265.1950817783904
2025-07-31 00:40:00,235.11228426791854,2025-07-30 22:40:00,205.03775216509095,264.68541673719295
2025-07-31 00:45:00,234.92450361985092,2025-07-30 22:45:00,204.87399159383975,264.474016472661
2025-07-31 00:50:00,235.038965448285,2025-07-30 22:50:00,204.97381196725794,264.60287565521674
2025-07-31 00:55:00,235.49122766511886,2025-07-30 22:55:00,205.36822278512548,265.1120247781981
2025-07-31 01:00:00,236.3143294633124,2025-07-30 23:00:00,206.08603701176253,266.03865880393755
2025-07-31 01:05:00,237.5379610211306,2025-07-30 23:05:00,207.15314698806398,267.41620243090017
2025-07-31 01:10:00,239.1875989068615,2025-07-30 23:10:00,208.59177043145326,269.27333674699815
2025-07-31 01:15:00,241.28363361884823,2025-07-30 23:15:00,210.41968957716676,271.63301702897627
2025-07-31 01:20:00,243.84051908993058,2025-07-30 23:20:00,212.6495094743564,274.5115152689555
2025-07-31 01:25:00,246.86597631179296,2025-07-30 23:25:00,215.28796347931774,277.91752362824934
2025-07-31 01:30:00,250.36028409581272,2025-07-30 23:30:00,218.3352947390998,281.85135598797126
2025-07-31 01:35:00,254.31568951734843,2025-07-30 23:35:00,221.78474204917367,286.3042842372273
2025-07-31 01:40:00,258.71596873405446,2025-07-30 23:40:00,225.62215684994203,291.25804384983286
2025-07-31 01:45:00,263.5361654349229,2025-07-30 23:45:00,229.82577513223234,296.68453943468603
2025-07-31 01:50:00,268.7425296167194,2025-07-30 23:50:00,234.3661640451823,302.54577581131906
2025-07-31 01:55:00,274.29267367120025,2025-07-30 23:55:00,239.206358017465,308.79403373023615
2025-07-31 02:00:00,280.13595604276884,2025-07-31 00:00:00,244.30219333914073,315.37230178818794
2025-07-31 02:05:00,286.2140952830657,2025-07-31 00:05:00,249.60284366907737,322.21496772040007
2025-07-31 02:10:00,292.46200974233034,2025-07-31 00:10:00,255.0515523166765,329.2487637108482
2025-07-31 02:15:00,298.8088701289909,2025-07-31 00:15:00,260.58655016265726,336.3939513459686
2025-07-31 02:20:00,305.17934455318107,2025-07-31 00:20:00,266.14214144206784,343.5657232635046
2025-07-31 02:25:00,311.49500860342283,2025-07-31 00:25:00,271.6499334501443,350.67579059288937
2025-07-31 02:30:00,317.6758864693825,2025-07-31 00:30:00,277.0401805314035,357.63411792507145
2025-07-31 02:35:00,323.64208399503747,2025-07-31 00:35:00,282.24320823981213,364.3507617760362
2025-07-31 02:40:00,329.31547025140253,2025-07-31 00:40:00,287.19087981210583,370.7377636728229
2025-07-31 02:45:00,334.62136170450265,2025-07-31 00:45:00,291.8180649043824,376.7110461612265
2025-07-31 02:50:00,339.49016174247134,2025-07-31 00:50:00,296.0640693980857,382.1922585575608
2025-07-31 02:55:00,343.8589087844137,2025-07-31 00:55:00,299.87398548157284,387.1105197833256
2025-07-31 03:00:00,347.6726881058704,2025-07-31 01:00:00,303.19992288105857,391.40400777433655
2025-07-31 03:05:00,350.88586597248303,2025-07-31 01:05:00,306.0020851293149,395.0213488474467
2025-07-31 03:10:00,353.46310948118946,2025-07-31 01:10:00,308.2496589532546,397.92276582044434
2025-07-31 03:15:00,355.3801615143858,2025-07-31 01:15:00,309.92149009935576,400.0809504422876
2025-07-31 03:20:00,356.62434723893574,2025-07-31 01:20:00,311.00652504353974,401.48163360108714
2025-07-31 03:25:00,357.1947964031872,2025-07-31 01:25:00,311.5040048529285,402.1238355823125
2025-07-31 03:30:00,357.10237395422905,2025-07-31 01:30:00,311.42340467823766,402.0197879588779
2025-07-31 03:35:00,356.3693199727612,2025-07-31 01:35:00,310.7841197465981,401.1945282359339
2025-07-31 03:40:00,355.02860848007913,2025-07-31 01:40:00,309.61490618713907,399.68517800665995
2025-07-31 03:45:00,353.1230427321356,2025-07-31 01:45:00,307.95309205106486,397.5399244496838
2025-07-31 03:50:00,350.7041121912419,2025-07-31 01:50:00,305.8435804945221,394.8167335272342
2025-07-31 03:55:00,347.8306431486107,2025-07-31 01:55:00,303.33767300758836,391.5818308789167
2025-07-31 04:00:00,344.56728073190686,2025-07-31 02:00:00,300.49174559675805,387.9079928915938
2025-07-31 04:05:00,340.98284452269024,2025-07-31 02:05:00,297.3658147445894,383.8726954814285
2025-07-31 04:10:00,337.1486034569496,2025-07-31 02:10:00,294.02203297739476,379.5561720062027
2025-07-31 04:15:00,333.1365174542249,2025-07-31 02:15:00,290.52315541745287,375.0394337212455
2025-07-31 04:20:00,329.0174939103548,2025-07-31 02:20:00,286.9310192975562,370.4023069685779
2025-07-31 04:25:00,324.85970625472777,2025-07-31 02:25:00,283.3050776010429,365.7215402372218
2025-07-31 04:30:00,320.7270196484437,2025-07-31 02:30:00,279.7010261377443,361.0690318409271
2025-07-31 04:35:00,316.6775655228539,2025-07-31 02:35:00,276.16956042130204,356.51022515786804
2025-07-31 04:40:00,312.7625020590311,2025-07-31 02:40:00,272.7552947026671,352.1027131994812
2025-07-31 04:45:00,309.0249922991173,2025-07-31 02:45:00,269.49587079696187,347.89508818557584
2025-07-31 04:50:00,305.49942530401677,2025-07-31 02:50:00,266.42127886726456,343.92606473689165
2025-07-31 04:55:00,302.21089879997623,2025-07-31 02:55:00,263.5534062487695,340.2238974474046
2025-07-31 05:00:00,299.1749745309294,2025-07-31 03:00:00,260.9058240953866,336.80610546415147
2025-07-31 05:05:00,296.39771004201947,2025-07-31 03:05:00,258.4838150976555,333.67950826857975
2025-07-31 05:10:00,293.8759629978762,2025-07-31 03:10:00,256.2846388739627,330.8405682728956
2025-07-31 05:15:00,291.59795690142244,2025-07-31 03:15:00,254.29802532508072,328.2760276966889
2025-07-31 05:20:00,289.5440900363471,2025-07-31 03:20:00,252.5068801002675,325.96381926063077
2025-07-31 05:25:00,287.68796302161013,2025-07-31 03:25:00,250.88818071150698,323.8742229898848
2025-07-31 05:30:00,285.99759461280496,2025-07-31 03:30:00,249.41403681489396,321.9712349426327
2025-07-31 05:35:00,284.43679040385115,2025-07-31 03:35:00,248.05288383401006,320.21410807119565
2025-07-31 05:40:00,282.9666250446718,2025-07-31 03:40:00,246.77077557881734,318.5590208775229
2025-07-31 05:45:00,281.5469956207434,2025-07-31 03:45:00,245.53273892371,316.96082618150837
2025-07-31 05:50:00,280.13820180480803,2025-07-31 03:50:00,244.3041518331507,315.3748300289521
2025-07-31 05:55:00,278.7025076989928,2025-07-31 03:55:00,243.0521054197971,313.75854998689437
2025-07-31 06:00:00,277.2056404376094,2025-07-31 04:00:00,241.74671085260456,312.07340224519646
2025-07-31 06:05:00,275.6181822877931,2025-07-31 04:05:00,240.36231338605796,310.28626881979795
2025-07-31 06:10:00,273.91681535431456,2025-07-31 04:10:00,238.87857784780368,308.3708988202556
2025-07-31 06:15:00,272.08538177045926,2025-07-31 04:15:00,237.28141321456215,306.30910199462977
2025-07-31 06:20:00,270.1157268588853,2025-07-31 04:20:00,235.56370791954723,304.0916979456592
2025-07-31 06:25:00,268.0082982060719,2025-07-31 04:25:00,233.72585229593903,301.71919055860076
2025-07-31 06:30:00,265.7724799910459,2025-07-31 04:30:00,231.77603013974618,299.2021443828322
2025-07-31 06:35:00,263.4266488144643,2025-07-31 04:35:00,229.7302673974771,296.561247483285
2025-07-31 06:40:00,260.99794475539767,2025-07-31 04:40:00,227.6122325083354,293.82705370005925
2025-07-31 06:45:00,258.52175911383415,2025-07-31 04:45:00,225.45278967245576,291.0394059576341
2025-07-31 06:50:00,256.0409482584071,2025-07-31 04:50:00,223.2893132597819,288.24655122799095
2025-07-31 06:55:00,253.60479080486405,2025-07-31 04:55:00,221.16477838169146,285.5039665398439
2025-07-31 07:00:00,251.26771296195255,2025-07-31 05:00:00,219.1266492850452,282.8729239946854
2025-07-31 07:05:00,249.08781396252624,2025-07-31 05:05:00,217.22559340367758,280.4188307221678
2025-07-31 07:10:00,247.125229937846,2025-07-31 05:10:00,215.5140545187208,278.20938695757786
2025-07-31 07:15:00,245.44038010821163,2025-07-31 05:15:00,214.04472328883787,276.31261163303475
2025-07-31 07:20:00,244.09214368312823,2025-07-31 05:20:00,212.8689473533228,274.7947899626587
2025-07-31 07:25:00,243.13601903386586,2025-07-31 05:25:00,212.03512597523184,273.71840107030147
2025-07-31 07:30:00,242.6223186095172,2025-07-31 05:30:00,211.58713585586113,273.1400858566997
2025-07-31 07:35:00,242.59445341358202,2025-07-31 05:35:00,211.56283505356157,273.10871569234814
2025-07-31 07:40:00,243.08735969573922,2025-07-31 05:40:00,211.99269092619815,273.6636212138159
2025-07-31 07:45:00,244.12611771510623,2025-07-31 05:45:00,212.89857557615449,274.83303735088145
2025-07-31 07:50:00,245.7248081294854,2025-07-31 05:50:00,214.29276852525047,276.63281586896824
2025-07-31 07:55:00,247.88564573736144,2025-07-31 05:55:00,216.1772012646637,279.06545015059646
2025-07-31 08:00:00,250.59842308734835,2025-07-31 06:00:00,218.54297203541532,282.11944882034817
2025-07-31 08:05:00,253.84028806384075,2025-07-31 06:05:00,221.37015186428926,285.7690853545702
2025-07-31 08:10:00,257.57587016878034,2025-07-31 06:10:00,224.62789469218907,289.97454024724277
2025-07-31 08:15:00,261.7577600844206,2025-07-31 06:15:00,228.2748555933373,294.6824408935951
2025-07-31 08:20:00,266.3273365585735,2025-07-31 06:20:00,232.25991188898843,299.82679248347364
2025-07-31 08:25:00,271.21592391845155,2025-07-31 06:25:00,236.52317259717782,305.33028111076715
2025-07-31 08:30:00,276.34625318840165,2025-07-31 06:30:00,240.99725265068386,311.1059186749378
2025-07-31 08:35:00,281.63418967897235,2025-07-31 06:35:00,245.60877950047987,317.0589877714533
2025-07-31 08:40:00,286.99068132073535,2025-07-31 06:40:00,250.28009222723918,323.0892350929149
2025-07-31 08:45:00,292.3238738851715,2025-07-31 06:45:00,254.93108619244384,329.09325270880817
2025-07-31 08:50:00,297.5413334100421,2025-07-31 06:50:00,259.48115118085065,334.96698003424274
2025-07-31 08:55:00,302.5523115282616,2025-07-31 06:55:00,263.85114695843146,340.60825409872535
2025-07-31 09:00:00,307.26998714276846,2025-07-31 07:00:00,267.96535820202723,345.9193331856594
2025-07-31 09:05:00,311.61361749993966,2025-07-31 07:05:00,271.75337041688687,350.80931847426336
2025-07-31 09:10:00,315.51053373594914,2025-07-31 07:10:00,275.15181022148903,355.1964005917707
2025-07-31 09:15:00,318.8979200370883,2025-07-31 07:15:00,278.10589692547825,359.009862561904
2025-07-31 09:20:00,321.7243216293965,2025-07-31 07:20:00,280.5707576238769,362.1917774739904
2025-07-31 09:25:00,323.9508351500833,2025-07-31 07:25:00,282.5124653014161,364.6983485828926
2025-07-31 09:30:00,325.5519445096224,2025-07-31 07:30:00,283.90876777481765,366.50085030835965
2025-07-31 09:35:00,326.5159766851323,2025-07-31 07:35:00,284.74948518308423,367.58614135947346
2025-07-31 09:40:00,326.84516397706415,2025-07-31 07:40:00,285.0365642805852,367.956734822171
2025-07-31 09:45:00,326.55531208114144,2025-07-31 07:45:00,284.7837889677774,367.63042448027096
2025-07-31 09:50:00,325.67508621697567,2025-07-31 07:50:00,284.01615773511725,366.639481151193
2025-07-31 09:55:00,324.24494020075883,2025-07-31 07:55:00,282.76894972407683,365.0294470541824
2025-07-31 10:00:00,322.3157251956941,2025-07-31 08:00:00,281.0865114401168,362.85756956517247
2025-07-31 10:05:00,319.9470254990064,2025-07-31 08:05:00,279.02080541852274,360.1909276740639
2025-07-31 10:10:00,317.20527781772245,2025-07-31 08:10:00,276.6297700741776,357.1043146973387
2025-07-31 10:15:00,314.1617375429254,2025-07-31 08:15:00,273.97554612109315,353.6779487441539
2025-07-31 10:20:00,310.89036036930185,2025-07-31 08:20:00,271.12262916589225,349.99508787960474
2025-07-31 10:25:00,307.4656701361232,2025-07-31 08:25:00,268.1360102852194,346.1396297763108
2025-07-31 10:30:00,303.9606834688548,2025-07-31 08:30:00,265.07936613809187,342.19377531118613
2025-07-31 10:35:00,300.4449593479427,2025-07-31 08:35:00,262.0133580252917,338.23583280310254
2025-07-31 10:40:00,296.98283635719673,2025-07-31 08:40:00,258.9940946212038,334.3382335370566
2025-07-31 10:45:00,293.63191306032195,2025-07-31 08:45:00,256.0718067339154,330.56582099787613
2025-07-31 10:50:00,290.4418174700893,2025-07-31 08:50:00,253.28977417849305,326.97446555951024
2025-07-31 10:55:00,287.4533003386328,2025-07-31 08:55:00,250.6835350496075,323.610043726645
2025-07-31 11:00:00,284.6976746927853,2025-07-31 09:00:00,248.28039694905127,320.5078071731024
2025-07-31 11:05:00,282.19661084374735,2025-07-31 09:05:00,246.0992582168711,317.69215196720694
2025-07-31 11:10:00,279.9622826512851,2025-07-31 09:10:00,244.1507354860915,315.17678323353573
2025-07-31 11:15:00,277.9978476107416,2025-07-31 09:15:00,242.43758235910136,312.9652556267226
2025-07-31 11:20:00,276.2982309954573,2025-07-31 09:20:00,240.95537324601554,311.0518561056778
2025-07-31 11:25:00,274.8511730521706,2025-07-31 09:25:00,239.6934166074333,309.42278284838585
2025-07-31 11:30:00,273.6384888582807,2025-07-31 09:30:00,238.63585365628617,308.05756357781553
2025-07-31 11:35:00,272.6374830637026,2025-07-31 09:35:00,237.76289213212075,306.9306482542745
2025-07-31 11:40:00,271.82245671737144,2025-07-31 09:40:00,237.0521203809662,306.013105435097
2025-07-31 11:45:00,271.1662410090638,2025-07-31 09:45:00,236.47984490762894,305.274348935139
2025-07-31 11:50:00,270.64169292408565,2025-07-31 09:50:00,236.0223947127941,304.6838216094254
2025-07-31 11:55:00,270.22309077511227,2025-07-31 09:55:00,235.65733831455344,304.21256641919535
2025-07-31 12:00:00,269.8873728929683,2025-07-31 10:00:00,235.36456399129443,303.8346209289455
2025-07-31 12:05:00,269.6151705861975,2025-07-31 10:05:00,235.12718060961268,303.5281801947712
2025-07-31 12:10:00,269.3915960418189,2025-07-31 10:10:00,234.9322047402596,303.276483769657
2025-07-31 12:15:00,269.20675718020146,2025-07-31 10:15:00,234.7710096550398,303.0683953183505
2025-07-31 12:20:00,269.0559837853083,2025-07-31 10:20:00,234.63952253146624,302.8986571909513
2025-07-31 12:25:00,268.9397621372404,2025-07-31 10:25:00,234.53816744682248,302.7678168333387
2025-07-31 12:30:00,268.8633883114561,2025-07-31 10:30:00,234.471563025825,302.6818364773208
2025-07-31 12:35:00,268.83636274219145,2025-07-31 10:35:00,234.44799444883526,302.6514115504156
2025-07-31 12:40:00,268.8715599687621,2025-07-31 10:40:00,234.4786894005727,302.69103599033735
2025-07-31 12:45:00,268.98421729903436,2025-07-31 10:45:00,234.5769360993187,302.81786369950817
2025-07-31 12:50:00,269.1907940353527,2025-07-31 10:50:00,234.7570884456591,303.0504242809805
2025-07-31 12:55:00,269.5077583393178,2025-07-31 10:55:00,235.0335080661988,303.40725731140697
2025-07-31 13:00:00,269.95036199024804,2025-07-31 11:00:00,235.41949579954664,303.9055329849246
2025-07-31 13:05:00,270.53146344056006,2025-07-31 11:05:00,235.92626530128854,304.55972712889013
2025-07-31 13:10:00,271.2604573895434,2025-07-31 11:10:00,236.56200954199,305.38041613621425
2025-07-31 13:15:00,272.1423640214519,2025-07-31 11:15:00,237.33110654595578,306.3732516450726
2025-07-31 13:20:00,273.17712380156803,2025-07-31 11:20:00,238.23350439388824,307.53816663229134
2025-07-31 13:25:00,274.35913427420815,2025-07-31 11:25:00,239.26431727166008,308.8688539484078
2025-07-31 13:30:00,275.67705428464444,2025-07-31 11:30:00,240.41365473530925,310.35254591403515
2025-07-31 13:35:00,277.11388878722425,2025-07-31 11:35:00,241.66669567087558,311.9701097954032
2025-07-31 13:40:00,278.6473544936575,2025-07-31 11:40:00,243.00400717056326,313.69645944498996
2025-07-31 13:45:00,280.250513734999,2025-07-31 11:45:00,244.4020973138787,315.50126889257723
2025-07-31 13:50:00,281.89265130082924,2025-07-31 11:50:00,245.8341798453895,317.3499594759084
2025-07-31 13:55:00,283.54035771798004,2025-07-31 11:55:00,247.27111888518724,319.2049193774809
2025-07-31 14:00:00,285.1587724964781,2025-07-31 12:00:00,248.6825131442633,321.02690324971553
2025-07-31 14:05:00,286.7129330166764,2025-07-31 12:05:00,250.03787226791533,322.7765507691808
2025-07-31 14:10:00,288.1691692206003,2025-07-31 12:10:00,251.30783312429378,324.4159567564246
2025-07-31 14:15:00,289.49648142329846,2025-07-31 12:15:00,252.46536137216876,325.91022229259363
2025-07-31 14:20:00,290.6678384620197,2025-07-31 12:20:00,253.4868835565582,327.2289161537305
2025-07-31 14:25:00,291.6613360631395,2025-07-31 12:25:00,254.35329730243842,328.3473788805872
2025-07-31 14:30:00,292.4611608019869,2025-07-31 12:30:00,255.050811969058,329.24780798822707
2025-07-31 14:35:00,293.0583128245626,2025-07-31 12:35:00,255.57157892426412,329.92007159386156
2025-07-31 14:40:00,293.4510507095583,2025-07-31 12:40:00,255.9140795017236,330.3622092349561
2025-07-31 14:45:00,293.64503351826716,2025-07-31 12:45:00,256.0832488804321,330.5805917866072
2025-07-31 14:50:00,293.65314827583666,2025-07-31 12:50:00,256.09032563380805,330.58972724286673
2025-07-31 14:55:00,293.49502476542256,2025-07-31 12:55:00,255.9524285892503,330.41171448024045
2025-07-31 15:00:00,293.19625338159847,2025-07-31 13:00:00,255.69187473030885,330.0753627303399
2025-07-31 15:05:00,292.7873351297311,2025-07-31 13:05:00,255.33526350753405,329.61500950701105
2025-07-31 15:10:00,292.30240496326616,2025-07-31 13:10:00,254.91236348085695,329.06908336113196
2025-07-31 15:15:00,291.77778032099974,2025-07-31 13:15:00,254.45484652160636,328.47846984852345
2025-07-31 15:20:00,291.2503950273089,2025-07-31 13:20:00,253.99492204135217,327.88474844142524
2025-07-31 15:25:00,290.7561847290485,2025-07-31 13:25:00,253.56392895663237,327.3283748807745
2025-07-31 15:30:00,290.32849305832815,2025-07-31 13:30:00,253.19094572839617,326.84688686132824
2025-07-31 15:35:00,289.9965679375824,2025-07-31 13:35:00,252.90147901313395,326.4732111974484
2025-07-31 15:40:00,289.78421447718955,2025-07-31 13:40:00,252.7162888759235,326.2341472781186
2025-07-31 15:45:00,289.7086652733846,2025-07-31 13:45:00,252.65040359487892,326.1490952675206
2025-07-31 15:50:00,289.7797203024461,2025-07-31 13:50:00,252.71236957629992,326.2290878125166
2025-07-31 15:55:00,289.9991978954339,2025-07-31 13:55:00,252.90377255831316,326.4761719593332
2025-07-31 16:00:00,290.36072549862666,2025-07-31 14:00:00,253.21905513631665,326.88317359521557
2025-07-31 16:05:00,290.8498847706166,2025-07-31 14:05:00,253.6456432998906,327.43386079627214
2025-07-31 16:10:00,291.44471063791264,2025-07-31 14:10:00,254.16438165139692,328.1035056557977
2025-07-31 16:15:00,292.11652888817554,2025-07-31 14:15:00,254.75026385796178,328.85982723251226
2025-07-31 16:20:00,292.8311021213784,2025-07-31 14:20:00,255.37343201759015,329.66428164291654
2025-07-31 16:25:00,293.55004048498745,2025-07-31 14:25:00,256.0004069392904,330.47365024299944
2025-07-31 16:30:00,294.2324216380009,2025-07-31 14:30:00,256.5955008884193,331.24186335624177
2025-07-31 16:35:00,294.8365548458266,2025-07-31 14:35:00,257.12235602628056,331.92198626166976
2025-07-31 16:40:00,295.3218169911645,2025-07-31 14:40:00,257.5455455665494,332.46828614372606
2025-07-31 16:45:00,295.65048431046,2025-07-31 14:45:00,257.8321712040328,332.8382942300602
2025-07-31 16:50:00,295.78948268312166,2025-07-31 14:50:00,257.9533895145685,332.99477623740535
2025-07-31 16:55:00,295.71198162110096,2025-07-31 14:55:00,257.8858020484495,332.9075268579763
2025-07-31 17:00:00,295.39876258652043,2025-07-31 15:00:00,257.6126486188629,332.5549101882174
2025-07-31 17:05:00,294.8393006115511,2025-07-31 15:05:00,257.1247505656977,331.92507739809133
2025-07-31 17:10:00,294.0325092533313,2025-07-31 15:10:00,256.4211604190973,331.01680538867544
2025-07-31 17:15:00,292.9871121063978,2025-07-31 15:15:00,255.50948588965082,329.83991503454723
2025-07-31 17:20:00,291.7216189385358,2025-07-31 15:20:00,254.40586905683992,328.4152443179295
2025-07-31 17:25:00,290.26390043740565,2025-07-31 15:25:00,253.13461551221184,326.7741695856646
2025-07-31 17:30:00,288.6503718290472,2025-07-31 15:30:00,251.72748240582388,324.9576864807917
2025-07-31 17:35:00,286.9248116827261,2025-07-31 15:35:00,250.22264834439233,323.0150801731025
2025-07-31 17:40:00,285.13685728756104,2025-07-31 15:40:00,248.66340123274168,321.0022314797008
2025-07-31 17:45:00,283.34023151506244,2025-07-31 15:45:00,247.0965919483097,318.9796206969623
2025-07-31 17:50:00,281.5907675521721,2025-07-31 15:50:00,245.57091174167232,317.01010387853586
2025-07-31 17:55:00,279.9443066042753,2025-07-31 15:55:00,244.13505885616476,315.1565461050978
2025-07-31 18:00:00,278.4545496163471,2025-07-31 16:00:00,242.83586504743565,313.47940298850256
2025-07-31 18:05:00,277.170946633198,2025-07-31 16:05:00,241.71645492747194,312.03434454939196
2025-07-31 18:10:00,276.13670673464924,2025-07-31 16:10:00,240.81451046013714,310.8700148360127
2025-07-31 18:15:00,275.387007448398,2025-07-31 16:15:00,240.16070941808883,310.0260161116293
2025-07-31 18:20:00,274.9474753965589,2025-07-31 16:20:00,239.77740037834974,309.53119839220375
2025-07-31 18:25:00,274.8329998099662,2025-07-31 16:25:00,239.67756800665626,309.4023237209467
2025-07-31 18:30:00,275.04692809078546,2025-07-31 16:30:00,239.86413152017192,309.6431605463675
2025-07-31 18:35:00,275.5806780277676,2025-07-31 16:35:00,240.32960650646555,310.2440471607929
2025-07-31 18:40:00,276.41378541100215,2025-07-31 16:40:00,241.05614644759387,311.18194530424756
2025-07-31 18:45:00,277.5143891063962,2025-07-31 16:45:00,242.01596574598082,312.4209862530646
2025-07-31 18:50:00,278.84013894014487,2025-07-31 16:50:00,243.1721314762891,313.9134929008039
2025-07-31 18:55:00,280.3394955038207,2025-07-31 16:55:00,244.47969692514394,315.601443056747
2025-07-31 19:00:00,281.953376132351,2025-07-31 17:00:00,245.88713702282752,317.41832245995107
2025-07-31 19:05:00,283.61708802565437,2025-07-31 17:05:00,247.33803418847506,319.2913010547565
2025-07-31 19:10:00,285.2624787770988,2025-07-31 17:10:00,248.77295377236612,321.1436540192035
2025-07-31 19:15:00,286.8202263667046,2025-07-31 17:15:00,250.13144112324142,322.8973398004889
2025-07-31 19:20:00,288.22218564848856,2025-07-31 17:20:00,251.3540679232788,324.4756417505678
2025-07-31 19:25:00,289.40370652113126,2025-07-31 17:25:00,252.38445382853732,325.8057778833219
2025-07-31 19:30:00,290.30584031189676,2025-07-31 17:30:00,253.17119062192387,326.8213847841054
2025-07-31 19:35:00,290.87735557020613,2025-07-31 17:35:00,253.66960015529506,327.4647869559158
2025-07-31 19:40:00,291.07649194601237,2025-07-31 17:40:00,253.8432638794035,327.6889713058826
2025-07-31 19:45:00,290.87239106555836,2025-07-31 17:45:00,253.6652706883054,327.4591980008951
2025-07-31 19:50:00,290.24615570367564,2025-07-31 17:50:00,253.11914060698476,326.75419286578864
2025-07-31 19:55:00,289.19150267519376,2025-07-31 17:55:00,252.1993941677574,325.5668823974051
2025-07-31 20:00:00,287.7149900986897,2025-07-31 18:00:00,250.9117506034386,323.9046496142625
2025-07-31 20:05:00,285.8358154267475,2025-07-31 18:05:00,249.27295171268588,321.7891066824512
2025-07-31 20:10:00,283.5851962966964,2025-07-31 18:10:00,247.31022190959493,319.2553978879101
2025-07-31 20:15:00,281.0053612498759,2025-07-31 18:15:00,245.06038804572916,316.3510634053155
2025-07-31 20:20:00,278.1481908799321,2025-07-31 18:20:00,242.56869437676542,313.1345095259105
2025-07-31 20:25:00,275.0735620356228,2025-07-31 18:25:00,239.88735856761326,309.67314458914336
2025-07-31 20:30:00,271.8474571455748,2025-07-31 18:30:00,237.0739228640561,306.04125049258823
2025-07-31 20:35:00,268.53990806185294,2025-07-31 18:35:00,234.18946095083152,302.31766790595475
2025-07-31 20:40:00,265.2228479137921,2025-07-31 18:40:00,231.29670458689876,298.58337792461407
2025-07-31 20:45:00,261.96794615817305,2025-07-31 18:45:00,228.45815558649926,294.9190648058537
2025-07-31 20:50:00,258.8445004791556,2025-07-31 18:50:00,225.7342473780038,291.4027427056242
2025-07-31 20:55:00,255.9174551009674,2025-07-31 18:55:00,223.18161680534928,288.1075247286189
2025-07-31 21:00:00,253.24560849699404,2025-07-31 19:00:00,220.8515410991205,285.09960519760597
2025-07-31 21:05:00,250.88006466750556,2025-07-31 19:05:00,218.78858726003648,282.4365161281945
2025-07-31 21:10:00,248.86297160645188,2025-07-31 19:10:00,217.02951189553974,280.16570701617763
2025-07-31 21:15:00,247.22657879886742,2025-07-31 19:15:00,215.60243927799883,278.32348378411683
2025-07-31 21:20:00,245.9926329549994,2025-07-31 19:20:00,214.52633437387632,276.934328509086
2025-07-31 21:25:00,245.17211831784968,2025-07-31 19:25:00,213.81077636999072,276.01060706531206
2025-07-31 21:30:00,244.7653353418109,2025-07-31 19:30:00,213.4560272879267,275.5526576992478
2025-07-31 21:35:00,244.7622996642305,2025-07-31 19:35:00,213.45337992090666,275.54924018498247
2025-07-31 21:40:00,245.1434326748313,2025-07-31 19:40:00,213.78576006860004,275.9783132555678
2025-07-31 21:45:00,245.8805059824636,2025-07-31 19:45:00,214.42855019183153,276.80809786764786
2025-07-31 21:50:00,246.93779484716634,2025-07-31 19:50:00,215.35059530267228,277.9983757156847
2025-07-31 21:55:00,248.27339067866984,2025-07-31 19:55:00,216.51534757389126,279.5019668204826
2025-07-31 22:00:00,249.84061979555787,2025-07-31 20:00:00,217.88210361666876,281.26632674415833
2025-07-31 22:05:00,251.58951501195338,2025-07-31 20:05:00,219.4072878283682,283.2352032774399
2025-07-31 22:10:00,253.46828822592096,2025-07-31 20:10:00,221.04573661388943,285.3502942546813
2025-07-31 22:15:00,255.42475565675264,2025-07-31 20:15:00,222.7519413128528,287.55285206179406
2025-07-31 22:20:00,257.4076726160684,2025-07-31 20:20:00,224.48121223263527,289.7851862988842
2025-07-31 22:25:00,259.3679414440547,2025-07-31 20:25:00,226.19073207070377,291.99202365435485
2025-07-31 22:30:00,261.2596639818395,2025-07-31 20:30:00,227.84047375934068,294.1216927604324
2025-07-31 22:35:00,263.04101829582453,2025-07-31 20:35:00,229.39396504324515,296.12711119453024
2025-07-31 22:40:00,264.67494819557095,2025-07-31 20:40:00,230.8188897973153,297.9665617267743
2025-07-31 22:45:00,266.1296624811241,2025-07-31 20:45:00,232.08752341244525,299.6042543641629
2025-07-31 22:50:00,267.37894898699204,2025-07-31 20:50:00,233.1770066683752,301.0106798959441
2025-07-31 22:55:00,268.4023156115371,2025-07-31 20:55:00,234.06946872322212,302.1627686621099
2025-07-31 23:00:00,269.1849765560118,2025-07-31 21:00:00,234.75201511275756,303.04387506153626
2025-07-31 23:05:00,269.71770664099006,2025-07-31 21:05:00,235.21660070204217,303.6436135438957
2025-07-31 23:10:00,269.9965897445146,2025-07-31 21:10:00,235.45981030226167,303.95757540559595
2025-07-31 23:15:00,270.02268895627344,2025-07-31 21:15:00,235.48257101733438,303.9869574549534
2025-07-31 23:20:00,269.8016660392524,2025-07-31 21:20:00,235.28982038235978,303.73813360858423
2025-07-31 23:25:00,269.34337634211573,2025-07-31 21:25:00,234.89015309303073,303.22219885064214
2025-07-31 23:30:00,268.66146244249967,2025-07-31 21:30:00,234.29546662829424,302.45451176333927
2025-07-31 23:35:00,267.77296592754016,2025-07-31 21:35:00,233.52062269021135,301.4542574760575
2025-07-31 23:40:00,266.69797191309266,2025-07-31 21:40:00,232.58313719471903,300.24404747112305
2025-07-31 23:45:00,265.4592955918488,2025-07-31 21:45:00,231.50290691513672,298.84956670499975
2025-07-31 23:50:00,264.0822145309064,2025-07-31 21:50:00,230.30197602305714,297.29927223343964
2025-07-31 23:55:00,262.59424499375353,2025-07-31 21:55:00,229.00434102224068,295.6241413985711
2025-08-01 00:00:00,261.0249554184419,2025-07-31 22:00:00,227.63578808584307,293.85746184579466
2025-08-01 00:05:00,259.40580585296414,2025-07-31 22:05:00,226.22375303051464,292.0346507628571
2025-08-01 00:10:00,257.76999857267657,2025-07-31 22:10:00,224.7971910421872,290.19308670748325
2025-08-01 00:15:00,256.15232278617026,2025-07-31 22:15:00,223.3864412464888,288.3719347798827
2025-08-01 00:20:00,254.58897510699896,2025-07-31 22:20:00,222.0230701449409,286.6119445128703
2025-08-01 00:25:00,253.11733762861357,2025-07-31 22:25:00,220.73967807757364,284.9552000323963
2025-08-01 00:30:00,251.7756969050799,2025-07-31 22:30:00,219.56965415039755,283.4448036908107
2025-08-01 00:35:00,250.60288969292523,2025-07-31 22:35:00,218.54686729239918,282.12447724905064
2025-08-01 00:40:00,249.63786516730266,2025-07-31 22:40:00,217.70528447109345,281.038069027033
2025-08-01 00:45:00,248.91915786257945,2025-07-31 22:45:00,217.07851105223986,280.2289605491197
2025-08-01 00:50:00,248.484270995255,2025-07-31 22:50:00,216.69925300538802,279.73937229953196
2025-08-01 00:55:00,248.36897549115696,2025-07-31 22:55:00,216.59870559643994,279.609574579072
2025-08-01 01:00:00,248.6065358718109,2025-07-31 23:00:00,216.80587829523975,279.87701602114475
2025-08-01 01:05:00,249.2268798567972,2025-07-31 23:05:00,217.34687059875455,280.575388744194
2025-08-01 01:10:00,250.25573364438048,2025-07-31 23:10:00,218.2441179228128,281.73365486532015
2025-08-01 01:15:00,251.71374931371992,2025-07-31 23:15:00,219.5156306231963,283.37506414450826
2025-08-01 01:20:00,253.61565419794007,2025-07-31 23:20:00,221.17425217717658,285.51619636327683
2025-08-01 01:25:00,255.96945434862582,2025-07-31 23:25:00,223.22696453733766,288.16606459853404
2025-08-01 01:30:00,258.7757251365866,2025-07-31 23:30:00,225.6742694755788,291.3253165929657
2025-08-01 01:35:00,262.02702154847225,2025-07-31 23:35:00,228.50967431200073,294.98557087698026
2025-08-01 01:40:00,265.7074388029175,2025-07-31 23:40:00,231.71930873510536,299.12892211782616
2025-08-01 01:45:00,269.79235063329025,2025-07-31 23:45:00,235.28169656226706,303.7276464827548
2025-08-01 01:50:00,274.24834785618543,2025-07-31 23:50:00,239.16770216627532,308.744132480474
2025-08-01 01:55:00,279.0333942881743,2025-07-31 23:55:00,243.34066644789732,314.1310564895765
2025-08-01 02:00:00,284.09721014086915,2025-08-01 00:00:00,247.7567411887278,319.83181437819286
2025-08-01 02:05:00,289.3818859103377,2025-08-01 00:05:00,252.36542441456214,325.7812126102681
2025-08-01 02:10:00,294.82272181363624,2025-08-01 00:10:00,257.11029245489055,331.9064132689551
2025-08-01 02:15:00,300.34928013103456,2025-08-01 00:15:00,261.92991767412144,338.1281187656192
2025-08-01 02:20:00,305.88662999862026,2025-08-01 00:20:00,266.75895403577596,344.3619732062124
2025-08-01 02:25:00,311.35675722428505,2025-08-01 00:25:00,271.52936658099753,350.5201495381673
2025-08-01 02:30:00,316.6801051988954,2025-08-01 00:30:00,276.1717752331244,356.5130842820244
2025-08-01 02:35:00,321.77720763366136,2025-08-01 00:35:00,280.6168786824563,362.2513156394333
2025-08-01 02:40:00,326.57036989977246,2025-08-01 00:40:00,284.79692065629905,367.64737631676013
2025-08-01 02:45:00,330.98535291221083,2025-08-01 00:45:00,288.64715840774664,372.6176892128878
2025-08-01 02:50:00,334.95301237059675,2025-08-01 00:50:00,292.1072922720282,377.0844128487206
2025-08-01 02:55:00,338.4108465771719,2025-08-01 00:55:00,295.122815494404,380.97718387438306
2025-08-01 03:00:00,341.3044079707858,2025-08-01 01:00:00,297.6462452069162,384.2347061502102
2025-08-01 03:05:00,343.58853696344966,2025-08-01 01:05:00,299.63819843798274,386.8061397789856
2025-08-01 03:10:00,345.22838147244113,2025-08-01 01:10:00,301.06828123042726,388.6522488778705
2025-08-01 03:15:00,346.2001715630962,2025-08-01 01:15:00,301.9157641953632,389.7462736581027
2025-08-01 03:20:00,346.4917256206121,2025-08-01 01:20:00,302.17002393671953,390.0745002646167
2025-08-01 03:25:00,346.10267234869235,2025-08-01 01:25:00,301.8307366527936,389.6365106983476
2025-08-01 03:30:00,345.0443810318202,2025-08-01 01:30:00,300.90781731906776,388.445104306683
2025-08-01 03:35:00,343.33960116130055,2025-08-01 01:35:00,299.4211054117081,386.5258920805814
2025-08-01 03:40:00,341.02182090232793,2025-08-01 01:40:00,297.3998054367105,383.91657442769207
2025-08-01 03:45:00,338.1343620263265,2025-08-01 01:45:00,294.881697634526,380.66592226255455
2025-08-01 03:50:00,334.7292365698963,2025-08-01 01:50:00,291.91214089017916,376.8324898526571
2025-08-01 03:55:00,330.86579709924337,2025-08-01 01:55:00,288.54289564995224,372.4830953090551
2025-08-01 04:00:00,326.60921835134513,2025-08-01 02:00:00,284.83079978435205,367.6911112437807
2025-08-01 04:05:00,322.02885251879326,2025-08-01 02:05:00,280.8363342577017,362.5346131774514
2025-08-01 04:10:00,317.19650379206763,2025-08-01 02:10:00,276.622118383398,357.09443704826504
2025-08-01 04:15:00,312.18466961364436,2025-08-01 02:15:00,272.2513760490797,351.4521992457433
2025-08-01 04:20:00,307.06479681870564,2025-08-01 02:20:00,267.786414924168,345.68833340355906
2025-08-01 04:25:00,301.9055998337242,2025-08-01 02:25:00,263.28715978711153,339.88019705606405
2025-08-01 04:30:00,296.7714860115752,2025-08-01 02:30:00,258.8097792847232,334.10029890730056
2025-08-01 04:35:00,291.7211297843912,2025-08-01 02:35:00,254.40544247314787,328.4146936365008
2025-08-01 04:40:00,286.80623279894,2025-08-01 02:40:00,250.11923755128362,322.881586079551
2025-08-01 04:45:00,282.07050163696283,2025-08-01 02:45:00,245.9892803466508,317.55018036391067
2025-08-01 04:50:00,277.54886862192296,2025-08-01 02:50:00,242.04603479312297,312.45980270608203
2025-08-01 04:55:00,273.2669740810428,2025-08-01 02:55:00,238.31186141973348,307.6393185510045
2025-08-01 05:00:00,269.2409213411756,2025-08-01 03:00:00,234.8008036864004,303.10685675056817
2025-08-01 05:05:00,265.4773081297058,2025-08-01 03:05:00,231.5186153681616,298.8698449142138
2025-08-01 05:10:00,261.9735305287197,2025-08-01 03:10:00,228.46302562886098,294.92535159537624
2025-08-01 05:15:00,258.71834832610887,2025-08-01 03:15:00,225.62423205501872,291.2607227541553
2025-08-01 05:20:00,255.69269357953777,2025-08-01 03:20:00,222.98560579184297,287.85449202489895
2025-08-01 05:25:00,252.87069782590393,2025-08-01 03:25:00,220.52458735656137,284.67753713116826
2025-08-01 05:30:00,250.22090748662794,2025-08-01 03:30:00,218.21374657439787,281.694448168372
2025-08-01 05:35:00,247.7076522305202,2025-08-01 03:35:00,216.0219759064637,278.86506808344296
2025-08-01 05:40:00,245.29252682148055,2025-08-01 03:40:00,213.91578274599914,276.1461609138125
2025-08-01 05:45:00,242.93594413384162,2025-08-01 03:45:00,211.86064377880658,273.49316014570894
2025-08-01 05:50:00,240.59871495015074,2025-08-01 03:50:00,209.82238270022958,270.8619472236712
2025-08-01 05:55:00,238.24360944828715,2025-08-01 03:55:00,207.7685319636875,268.21060944622667
2025-08-01 06:00:00,235.83685545902182,2025-08-01 04:00:00,205.6696393877003,265.501126678807
2025-08-01 06:05:00,233.3495302067367,2025-08-01 04:05:00,203.50048187123957,262.7009381518145
2025-08-01 06:10:00,230.75880467803088,2025-08-01 04:10:00,201.24115058816105,259.7843433496655
2025-08-01 06:15:00,228.04900347005082,2025-08-01 04:15:00,198.87797526438538,256.7336951700416
2025-08-01 06:20:00,225.21244761846862,2025-08-01 04:20:00,196.40425919501828,253.54034876531352
2025-08-01 06:25:00,222.25005332645162,2025-08-01 04:25:00,193.82080138653686,250.20533558144734
2025-08-01 06:30:00,219.17166598073027,2025-08-01 04:30:00,191.13618784698693,246.73973938762083
2025-08-01 06:35:00,215.99611565657474,2025-08-01 04:35:00,188.36683999100669,243.1647587627836
2025-08-01 06:40:00,212.75098784254487,2025-08-01 04:40:00,185.5368146924609,239.51144898147433
2025-08-01 06:45:00,209.47211088874906,2025-08-01 04:45:00,182.6773572960702,235.8201449917753
2025-08-01 06:50:00,206.20276952504912,2025-08-01 04:50:00,179.82621573891737,232.1395760074641
2025-08-01 06:55:00,202.99266177226474,2025-08-01 04:55:00,177.02673088899516,228.5256912163623
2025-08-01 07:00:00,199.89662394925023,2025-08-01 05:00:00,174.32672464378504,225.04022441495567
2025-08-01 07:05:00,196.97315585411542,2025-08-01 05:05:00,171.7772137638272,221.7490336824592
2025-08-01 07:10:00,194.28278433416818,2025-08-01 05:10:00,169.4309827676179,218.72025911564992
2025-08-01 07:15:00,191.88630920632343,2025-08-01 05:15:00,167.34105422618575,216.02234811585254
2025-08-01 07:20:00,189.84297988501584,2025-08-01 05:20:00,165.55909862876356,213.72200266760996
2025-08-01 07:25:00,188.20865429566456,2025-08-01 05:25:00,164.13382879996715,211.8821066747287
2025-08-01 07:30:00,187.0339935369638,2025-08-01 05:30:00,163.10942549296644,210.55969354174567
2025-08-01 07:35:00,186.36274610680232,2025-08-01 05:35:00,162.5240410896995,209.80401458460702
2025-08-01 07:40:00,186.2301743548445,2025-08-01 05:40:00,162.408427334737,209.65476755770754
2025-08-01 07:45:00,186.6616730093204,2025-08-01 05:45:00,162.78473057406578,210.1405414148121
2025-08-01 07:50:00,187.67162535177027,2025-08-01 05:50:00,163.66549424294246,211.27752861000872
2025-08-01 07:55:00,189.26253673881646,2025-08-01 05:55:00,165.05290322375984,213.06854963123456
2025-08-01 08:00:00,191.4244779986205,2025-08-01 06:00:00,166.9382984407875,215.50242638546013
2025-08-01 08:05:00,194.13486282291638,2025-08-01 06:05:00,169.30198272723987,218.5537315904209
2025-08-01 08:10:00,197.35857385229832,2025-08-01 06:10:00,172.11333078228694,222.18293071929295
2025-08-01 08:15:00,201.04844206331362,2025-08-01 06:15:00,175.331207237053,226.33692168654062
2025-08-01 08:20:00,205.14607348583647,2025-08-01 06:20:00,178.9046876219304,230.9499655522961
2025-08-01 08:25:00,209.58300653582856,2025-08-01 06:25:00,182.77406765840993,235.94498942792617
2025-08-01 08:30:00,214.2821729887022,2025-08-01 06:30:00,186.87213735113966,241.23523121503308
2025-08-01 08:35:00,219.15962542730944,2025-08-01 06:35:00,191.12568746834478,246.72618433706333
2025-08-01 08:40:00,224.12648542490032,2025-08-01 06:40:00,195.45720852176728,252.31779097059655
2025-08-01 08:45:00,229.09105865110246,2025-08-01 06:45:00,199.78673531756635,257.9068231957363
2025-08-01 08:50:00,233.96105717860317,2025-08-01 06:50:00,204.03378499527773,263.389384831232
2025-08-01 08:55:00,238.64586471406847,2025-08-01 06:55:00,208.1193325003298,268.66346159297683
2025-08-01 09:00:00,243.05877814135363,2025-08-01 07:00:00,211.96776539887892,273.6314445852866
2025-08-01 09:05:00,247.1191585422809,2025-08-01 07:05:00,215.50875974944472,278.20255188356066
2025-08-01 09:10:00,250.75442665449987,2025-08-01 07:10:00,218.67902031055362,282.2950749868522
2025-08-01 09:15:00,253.90184195844768,2025-08-01 07:15:00,221.42383205469918,285.8383816837542
2025-08-01 09:20:00,256.51001060815906,2025-08-01 07:20:00,223.69837521125703,288.77461365529626
2025-08-01 09:25:00,258.54007576755026,2025-08-01 07:25:00,225.468763340173,291.0600265353175
2025-08-01 09:30:00,259.9665534181168,2025-08-01 07:30:00,226.71277222680612,292.6659308485785
2025-08-01 09:35:00,260.77778813501106,2025-08-01 07:35:00,227.42023735712974,293.5792051157289
2025-08-01 09:40:00,260.97601532524584,2025-08-01 07:40:00,227.59310819469695,293.80236592001995
2025-08-01 09:45:00,260.5770292842758,2025-08-01 07:45:00,227.2451586979683,293.35319421104134
2025-08-01 09:50:00,259.6094693387125,2025-08-01 07:50:00,226.40136477651922,292.2639316563132
2025-08-01 09:55:00,258.11374892868236,2025-08-01 07:55:00,225.09697036048541,290.5800750203919
2025-08-01 10:00:00,256.140664375154,2025-08-01 08:00:00,223.3762741282711,288.3588099387544
2025-08-01 10:05:00,253.7497307051201,2025-08-01 08:05:00,221.29117820567373,285.66713741805034
2025-08-01 10:10:00,251.00730097983913,2025-08-01 08:10:00,218.89954806140796,282.57975660777635
2025-08-01 10:15:00,247.98453259551752,2025-08-01 08:15:00,216.26343894968352,279.1767752961216
2025-08-01 10:20:00,244.7552690116135,2025-08-01 08:20:00,213.44724859853304,275.5413251956672
2025-08-01 10:25:00,241.3939076088304,2025-08-01 08:25:00,210.5158578020582,271.7571616141245
2025-08-01 10:30:00,237.97332446746478,2025-08-01 08:30:00,207.53282065202907,267.90632720504334
2025-08-01 10:35:00,234.56292400235503,2025-08-01 08:35:00,204.55866365497462,264.0669562799595
2025-08-01 10:40:00,231.22687631444808,2025-08-01 08:40:00,201.64934855400554,260.3112904487238
2025-08-01 10:45:00,228.02259769064048,2025-08-01 08:45:00,198.8549471964504,256.7039679920285
2025-08-01 10:50:00,224.99952019909492,2025-08-01 08:50:00,196.21856851714224,253.3006386927106
2025-08-01 10:55:00,222.19818509489681,2025-08-01 08:55:00,193.77556791164682,250.14694320723666
2025-08-01 11:00:00,219.64968251213003,2025-08-01 09:00:00,191.55305860047028,247.27788228055718
2025-08-01 11:05:00,217.37544663273036,2025-08-01 09:05:00,189.56973299901452,244.7175861506807
2025-08-01 11:10:00,215.38740208864334,2025-08-01 09:10:00,187.835990392613,242.4794793657364
2025-08-01 11:15:00,213.68844424121176,2025-08-01 09:15:00,186.3543557806858,240.5668214743524
2025-08-01 11:20:00,212.27322349247981,2025-08-01 09:20:00,185.12016386238207,238.9735899900018
2025-08-01 11:25:00,211.1291926715172,2025-08-01 09:25:00,184.12247244583975,237.68565952073877
2025-08-01 11:30:00,210.23786709497216,2025-08-01 09:30:00,183.34516132731994,236.6822203239697
2025-08-01 11:35:00,209.57623950349154,2025-08-01 09:35:00,182.76816623516643,235.93737121784508
2025-08-01 11:40:00,209.1182871177321,2025-08-01 09:40:00,182.36879310982283,235.42181619932296
2025-08-01 11:45:00,208.83650558895502,2025-08-01 09:45:00,182.12305583819537,235.1045913396971
2025-08-01 11:50:00,208.7034049016114,2025-08-01 09:50:00,182.0069808069415,234.95474884632316
2025-08-01 11:55:00,208.69290512799208,2025-08-01 09:55:00,181.99782411830716,234.94292837949925
2025-08-01 12:00:00,208.7815753805366,2025-08-01 10:00:00,182.07515206109096,235.04275184393464
2025-08-01 12:05:00,208.94966702232503,2025-08-01 10:05:00,182.221742157382,235.2319865595742
2025-08-01 12:10:00,209.18190182349284,2025-08-01 10:10:00,182.42427050146333,235.49343255470535
2025-08-01 12:15:00,209.46798710384178,2025-08-01 10:15:00,182.6737610076396,235.81550250476056
2025-08-01 12:20:00,209.80284212397612,2025-08-01 10:20:00,182.9657828424124,236.19247659961388
2025-08-01 12:25:00,210.18653301187013,2025-08-01 10:25:00,183.3003936749556,236.62442928501574
2025-08-01 12:30:00,210.62392634961049,2025-08-01 10:30:00,183.68183757552214,237.11683927643054
2025-08-01 12:35:00,211.12408404294226,2025-08-01 10:35:00,184.11801729062356,237.6799083134485
2025-08-01 12:40:00,211.69943335463154,2025-08-01 10:40:00,184.61977044208405,238.3276267974406
2025-08-01 12:45:00,212.36475590427693,2025-08-01 10:45:00,185.19998784956152,239.07663562471595
2025-08-01 12:50:00,213.13604718174713,2025-08-01 10:50:00,185.87261893002358,239.9449422461187
2025-08-01 12:55:00,214.02930376463874,2025-08-01 10:55:00,186.65161404902832,240.95055533703865
2025-08-01 13:00:00,215.0592983801324,2025-08-01 11:00:00,187.5498562712948,242.11010578285175
2025-08-01 13:05:00,216.23840330754388,2025-08-01 11:05:00,188.57813526843873,243.43752208549438
2025-08-01 13:10:00,217.57552028369062,2025-08-01 11:10:00,189.7442141061506,244.9428256690982
2025-08-01 13:15:00,219.07517008894223,2025-08-01 11:15:00,191.0520352864051,246.63110595142726
2025-08-01 13:20:00,220.73678768364687,2025-08-01 11:20:00,192.50110604694424,248.50172682043754
2025-08-01 13:25:00,222.55425936949686,2025-08-01 11:25:00,194.08609472693058,250.54780557840272
2025-08-01 13:30:00,224.51572735796853,2025-08-01 11:30:00,195.79666033413517,252.75599292838257
2025-08-01 13:35:00,226.60367493364515,2025-08-01 11:35:00,197.6175268145418,255.10656884964587
2025-08-01 13:40:00,228.79529248519128,2025-08-01 11:40:00,199.52880226224454,257.5738546691248
2025-08-01 13:45:00,231.06311171551562,2025-08-01 11:45:00,201.50653200422857,260.12692704444567
2025-08-01 13:50:00,233.37588285207795,2025-08-01 11:50:00,203.52346360178248,262.73060551239496
2025-08-01 13:55:00,235.69965830761666,2025-08-01 11:55:00,205.54999189409887,265.3466724557625
2025-08-01 14:00:00,237.99903629817712,2025-08-01 12:00:00,207.55524353813954,267.9352731473975
2025-08-01 14:05:00,240.23851009722256,2025-08-01 12:05:00,209.50825367207895,270.4564347175726
2025-08-01 14:10:00,242.38386311858952,2025-08-01 12:10:00,211.37918254536748,272.8716367146824
2025-08-01 14:15:00,244.4035470998627,2025-08-01 12:15:00,213.1405174109341,275.145362640681
2025-08-01 14:20:00,246.26998063273436,2025-08-01 12:20:00,214.7682049532382,277.2465618145083
2025-08-01 14:25:00,247.96070792839083,2025-08-01 12:25:00,216.24266182947073,279.14995389048266
2025-08-01 14:30:00,249.45936313783682,2025-08-01 12:30:00,217.54961563825236,280.83711447374486
2025-08-01 14:35:00,250.7563934787065,2025-08-01 12:35:00,218.6807355472351,282.29728920414163
2025-08-01 14:40:00,251.8495044658871,2025-08-01 12:40:00,219.63402057177709,283.5278949893
2025-08-01 14:45:00,252.74380235735654,2025-08-01 12:45:00,220.41392379973402,284.53468036773245
2025-08-01 14:50:00,253.45162201963095,2025-08-01 12:50:00,221.03120227560308,285.3315317226807
2025-08-01 14:55:00,253.99204209113964,2025-08-01 12:55:00,221.50249418207264,285.93992746127776
2025-08-01 15:00:00,254.39010324822033,2025-08-01 13:00:00,221.84963710200213,286.38805795168093
2025-08-01 15:05:00,254.6757585505357,2025-08-01 13:05:00,222.09875263104885,286.70964383976826
2025-08-01 15:10:00,254.88259719455218,2025-08-01 13:10:00,222.27913338300348,286.94249927247915
2025-08-01 15:15:00,255.04639339975867,2025-08-01 13:15:00,222.42197749611856,287.1268982585638
2025-08-01 15:20:00,255.20354071172952,2025-08-01 13:20:00,222.55902321325587,287.30381203356137
2025-08-01 15:25:00,255.3894377892874,2025-08-01 13:25:00,222.7211411520748,287.51309180640203
2025-08-01 15:30:00,255.6368949668621,2025-08-01 13:30:00,222.93694469294473,287.7916748943717
2025-08-01 15:35:00,255.97463090718884,2025-08-01 13:35:00,223.23147893323585,288.17189228025126
2025-08-01 15:40:00,256.42592588376607,2025-08-01 13:40:00,223.62504623597766,288.6799525005782
2025-08-01 15:45:00,257.0074924264771,2025-08-01 13:45:00,224.13222133753897,289.3346702376679
2025-08-01 15:50:00,257.7286155849883,2025-08-01 13:50:00,224.76110158476092,290.1464984427475
2025-08-01 15:55:00,258.59060426683493,2025-08-01 13:55:00,225.51282845546828,291.11691066169107
2025-08-01 16:00:00,259.58658233845074,2025-08-01 14:00:00,226.38140538093901,292.2381658601065
2025-08-01 16:05:00,260.7016340795088,2025-08-01 14:05:00,227.3538245943638,293.49347217336214
2025-08-01 16:10:00,261.91330357703305,2025-08-01 14:10:00,228.4105026446535,294.8575491159965
2025-08-01 16:15:00,263.19243266538234,2025-08-01 14:15:00,229.52601115081583,296.2975709203212
2025-08-01 16:20:00,264.5043072032487,2025-08-01 14:20:00,230.67007645222822,297.7744569955991
2025-08-01 16:25:00,265.81006814613613,2025-08-01 14:25:00,231.80881018291464,299.2444604894764
2025-08-01 16:30:00,267.06833183302587,2025-08-01 14:30:00,232.90612229824774,300.6609923791933
2025-08-01 16:35:00,268.2369543942883,2025-08-01 14:35:00,233.9252597875404,301.9766078120465
2025-08-01 16:40:00,269.27486807822424,2025-08-01 14:40:00,234.83040810575037,303.14507341062307
2025-08-01 16:45:00,270.14391330573034,2025-08-01 14:45:00,235.5882888797494,304.12342976882934
2025-08-01 16:50:00,270.8105892363447,2025-08-01 14:50:00,236.16968654963878,304.8739622094152
2025-08-01 16:55:00,271.24764807051014,2025-08-01 14:55:00,236.55083873486046,305.36599562238615
2025-08-01 17:00:00,271.4354636499564,2025-08-01 15:00:00,236.71462976922155,305.57743521207095
2025-08-01 17:05:00,271.3631133494971,2025-08-01 15:05:00,236.65153420183836,305.4959844725328
2025-08-01 17:10:00,271.02912332024016,2025-08-01 15:10:00,236.36026671210413,305.1199841697192
2025-08-01 17:15:00,270.4418402517929,2025-08-01 15:15:00,235.8481063177037,304.4588308650389
2025-08-01 17:20:00,269.6194077807595,2025-08-01 15:20:00,235.13087580083243,303.5329503564492
2025-08-01 17:25:00,268.58934147171914,2025-08-01 15:25:00,234.23257105574322,302.3733191992588
2025-08-01 17:30:00,267.3877126997669,2025-08-01 15:30:00,233.1846493654532,301.0205459349527
2025-08-01 17:35:00,266.05796766817633,2025-08-01 15:35:00,232.02499948548635,299.5235415613331
2025-08-01 17:40:00,264.6494230255083,2025-08-01 15:40:00,230.79662969504304,297.93782592380956
2025-08-01 17:45:00,263.2154929482831,2025-08-01 15:45:00,229.54612166347997,296.3235317951801
2025-08-01 17:50:00,261.8117140720143,2025-08-01 15:50:00,228.32190802350271,294.74318137653216
2025-08-01 17:55:00,260.493643404184,2025-08-01 15:55:00,227.17243917389254,293.25931980336924
2025-08-01 18:00:00,259.3147102334338,2025-08-01 16:00:00,226.14430996305117,291.93209686145894
2025-08-01 18:05:00,258.3241056814021,2025-08-01 16:05:00,225.28041920010986,290.81689108013325
2025-08-01 18:10:00,257.56479280250153,2025-08-01 16:10:00,224.61823429401468,289.96206953641206
2025-08-01 18:15:00,257.07171617008976,2025-08-01 16:15:00,224.18822986158088,289.4069722375208
2025-08-01 18:20:00,256.8702826727002,2025-08-01 16:20:00,224.0125628536059,289.18020182708733
2025-08-01 18:25:00,256.97517518256416,2025-08-01 16:25:00,224.10403797371043,289.2982880333117
2025-08-01 18:30:00,257.38954824792853,2025-08-01 16:30:00,224.46540625416682,289.7647821930369
2025-08-01 18:35:00,258.10464044344536,2025-08-01 16:35:00,225.0890269927263,290.5698208424007
2025-08-01 18:40:00,259.09982209868303,2025-08-01 16:40:00,225.95690937590857,291.69017944878317
2025-08-01 18:45:00,260.3430804824282,2025-08-01 16:45:00,227.04113560065585,293.08981862305365
2025-08-01 18:50:00,261.79192778683785,2025-08-01 16:50:00,228.3046527131351,294.7209063127093
2025-08-01 18:55:00,263.39470102072505,2025-08-01 16:55:00,229.70240622537662,296.52528119966
2025-08-01 19:00:00,265.0922080689985,2025-08-01 17:00:00,231.18277561801017,298.4363058059906
2025-08-01 19:05:00,266.8196608754555,2025-08-01 17:05:00,232.68926023879504,300.38104283831797
2025-08-01 19:10:00,268.5088260465191,2025-08-01 17:10:00,234.16235481056052,302.28267630095513
2025-08-01 19:15:00,270.09031487607496,2025-08-01 17:15:00,235.5415465261104,304.0630895669808
2025-08-01 19:20:00,271.4959298820011,2025-08-01 17:20:00,236.7673614260933,305.64550706921415
2025-08-01 19:25:00,272.6609830026141,2025-08-01 17:25:00,237.78338606192727,306.95710408640366
2025-08-01 19:30:00,273.52650200489256,2025-08-01 17:30:00,238.5381916699623,307.93149068013423
2025-08-01 19:35:00,274.04124627836586,2025-08-01 17:35:00,238.98709211385636,308.5109810413529
2025-08-01 19:40:00,274.1634607172979,2025-08-01 17:40:00,239.0936734178438,308.64856798114533
2025-08-01 19:45:00,273.8623065869697,2025-08-01 17:45:00,238.8310416028793,308.3095337756964
2025-08-01 19:50:00,273.118920672327,2025-08-01 17:50:00,238.1827463536365,307.47264253785056
2025-08-01 19:55:00,271.92706813801937,2025-08-01 17:55:00,237.14335036755423,306.1308751958557
2025-08-01 20:00:00,270.2933697520797,2025-08-01 18:00:00,235.71862751306014,304.2916852979235
2025-08-01 20:05:00,268.23709985726686,2025-08-01 18:05:00,233.9253866435328,301.9767715717973
2025-08-01 20:10:00,265.7895671803961,2025-08-01 18:10:00,231.79093161078626,299.2213808504124
2025-08-01 20:15:00,262.99310545191014,2025-08-01 18:15:00,229.35218100015854,296.0731717285511
2025-08-01 20:20:00,259.89971450370484,2025-08-01 18:20:00,226.65448305314234,292.59068473385304
2025-08-01 20:25:00,256.56940435805586,2025-08-01 18:25:00,223.75017157319286,288.8414781302512
2025-08-01 20:30:00,253.06830445758794,2025-08-01 18:30:00,220.69691701470563,284.8999993211818
2025-08-01 20:35:00,249.46660740924509,2025-08-01 18:35:00,217.5559332542385,280.84526995146746
2025-08-01 20:40:00,245.83642069975193,2025-08-01 18:40:00,214.39010410510787,276.7584674050676
2025-08-01 20:45:00,242.24960164497466,2025-08-01 18:45:00,211.2620952105305,272.7204874278378
2025-08-01 20:50:00,238.77564911703803,2025-08-01 18:50:00,208.2325154517601,268.80957066972263
2025-08-01 20:55:00,235.4797217387973,2025-08-01 18:55:00,205.3581886464292,265.0990716017494
2025-08-01 21:00:00,232.42084541867496,2025-08-01 19:00:00,202.69059036766714,261.6554405891882
2025-08-01 21:05:00,229.65036446423494,2025-08-01 19:05:00,200.27449718443194,258.5364801815185
2025-08-01 21:10:00,227.2106798929536,2025-08-01 19:10:00,198.14688636203292,255.7899247241225
2025-08-01 21:15:00,225.13430671367695,2025-08-01 19:15:00,196.33611373200893,253.4523790617593
2025-08-01 21:20:00,223.44326950304756,2025-08-01 19:20:00,194.8613865837674,251.54863808877172
2025-08-01 21:25:00,222.1488424851796,2025-08-01 19:25:00,193.73253699212734,250.0913941351983
2025-08-01 21:30:00,221.2516280232454,2025-08-01 19:30:00,192.95009026860617,249.08132533126852
2025-08-01 21:35:00,220.74195535325148,2025-08-01 19:35:00,192.5056126909206,248.50754449511635
2025-08-01 21:40:00,220.60057094838177,2025-08-01 19:40:00,192.38231355895073,248.34837633323318
2025-08-01 21:45:00,220.7995827372327,2025-08-01 19:45:00,192.55586863272072,248.5724204253215
2025-08-01 21:50:00,221.3036133051784,2025-08-01 19:50:00,192.99542582130348,249.13984947880715
2025-08-01 21:55:00,222.07111214794259,2025-08-01 19:55:00,193.66474957867192,250.00388664162446
2025-08-01 22:00:00,223.05577415781775,2025-08-01 20:00:00,194.52345794338288,251.11240240991202
2025-08-01 22:05:00,224.2080109627987,2025-08-01 20:05:00,195.5283056704628,252.40957103662137
2025-08-01 22:10:00,225.476423252411,2025-08-01 20:10:00,196.6344682237742,253.83752805093044
2025-08-01 22:15:00,226.80922571695078,2025-08-01 20:15:00,197.7967844432786,255.33797443064012
2025-08-01 22:20:00,228.15558155191576,2025-08-01 20:20:00,198.97092034551414,256.85367896459877
2025-08-01 22:25:00,229.46681010720667,2025-08-01 20:25:00,200.11442229560862,258.3298378036639
2025-08-01 22:30:00,230.69743904739664,2025-08-01 20:30:00,201.18763457982226,259.7152589648647
2025-08-01 22:35:00,231.80608079732247,2025-08-01 20:35:00,202.15446374006353,260.96334901896404
2025-08-01 22:40:00,232.75612173586512,2025-08-01 20:40:00,202.98297960902437,262.0328889731121
2025-08-01 22:45:00,233.51622113970544,2025-08-01 20:45:00,203.64585043123904,262.88859597325296
2025-08-01 22:50:00,234.0606249033036,2025-08-01 20:50:00,204.1206164533801,263.5014764847497
2025-08-01 22:55:00,234.369306258164,2025-08-01 20:55:00,204.38981264333216,263.8489847117427
2025-08-01 23:00:00,234.42795166789136,2025-08-01 21:00:00,204.4409563894905,263.91500671804386
2025-08-01 23:05:00,234.22781482837397,2025-08-01 21:05:00,204.26642017660035,263.6896960630218
2025-08-01 23:10:00,233.76546475948768,2025-08-01 21:10:00,203.86321190046542,263.16919020752096
2025-08-01 23:15:00,233.04245561866193,2025-08-01 21:15:00,203.23268691751386,262.35523879558116
2025-08-01 23:20:00,232.06494582909002,2025-08-01 21:20:00,202.38021589245758,261.2547748754455
2025-08-01 23:25:00,230.84329263395912,2025-08-01 21:25:00,201.31483121536644,259.8794584555979
2025-08-01 23:30:00,229.39164539141234,2025-08-01 21:30:00,200.04887232055484,258.2452186431385
2025-08-01 23:35:00,227.72755700399546,2025-08-01 21:35:00,198.5976468202693,256.371816197654
2025-08-01 23:40:00,225.87162807374582,2025-08-01 21:40:00,196.97912017789736,254.28244292705983
2025-08-01 23:45:00,223.8471930993806,2025-08-01 21:45:00,195.2136420454352,252.0033684137239
2025-08-01 23:50:00,221.68005241040782,2025-08-01 21:50:00,193.32371248741117,249.5636382304416
2025-08-01 23:55:00,219.3982481172568,2025-08-01 21:55:00,191.3337865904929,246.99482170889755
2025-08-02 00:00:00,217.03187723340397,2025-08-01 22:00:00,189.270111490211,244.3308015557285
2025-08-02 00:05:00,214.61293073383575,2025-08-01 22:05:00,187.16058601635743,241.6075926672742
2025-08-02 00:10:00,212.17514381970733,2025-08-01 22:10:00,185.03463011113223,238.86317356007316
2025-08-02 00:15:00,209.75384023066536,2025-08-01 22:15:00,182.92304905635118,236.13731110031955
2025-08-02 00:20:00,207.38575236548658,2025-08-01 22:20:00,180.85787660346315,233.4713579987331
2025-08-02 00:25:00,205.10879898402547,2025-08-01 22:25:00,178.87218111088956,230.9080025511869
2025-08-02 00:30:00,202.96180380673934,2025-08-01 22:30:00,176.99982013906384,228.49095184283198
2025-08-02 00:35:00,200.98414089489904,2025-08-01 22:35:00,175.27513119205022,226.26453252316068
2025-08-02 00:40:00,199.2152964868728,2025-08-01 22:40:00,173.732549601808,224.27319752873666
2025-08-02 00:45:00,197.69434157441123,2025-08-01 22:45:00,172.4061485702047,222.56093231853342
2025-08-02 00:50:00,196.45931486456112,2025-08-01 22:50:00,171.3291010597354,221.17056022293616
2025-08-02 00:55:00,195.54652141317393,2025-08-01 22:55:00,170.53306814275615,220.14295285725686
2025-08-02 01:00:00,194.98975817104684,2025-08-01 23:00:00,170.04752361236572,219.5161582547323
2025-08-02 01:05:00,194.81948320102902,2025-08-01 23:05:00,169.8990294696154,219.32446558525132
2025-08-02 01:10:00,195.06195060711434,2025-08-01 23:10:00,170.11048150867765,219.59743127321914
2025-08-02 01:15:00,195.73833757085774,2025-08-01 23:15:00,170.70034801893485,220.35889622998005
2025-08-02 01:20:00,196.86389336044488,2025-08-01 23:20:00,171.68192764907604,221.62602782268044
2025-08-02 01:25:00,198.44714244013596,2025-08-01 23:25:00,173.06265445128508,223.40842274841418
2025-08-02 01:30:00,200.48917472570713,2025-08-01 23:30:00,174.8434789240929,225.70730801585216
2025-08-02 01:35:00,202.98305551989895,2025-08-01 23:35:00,177.018353426295,228.51487666059106
2025-08-02 01:40:00,205.9133857831171,2025-08-01 23:40:00,179.57384869589526,231.8137927053761
2025-08-02 01:45:00,209.25604007270968,2025-08-01 23:45:00,182.48892531104167,235.57689613659016
2025-08-02 01:50:00,212.9781047735985,2025-08-01 23:50:00,185.7348798219239,239.76713336534726
2025-08-02 01:55:00,217.03803366722553,2025-08-01 23:55:00,189.2754804200228,244.33773236437062
2025-08-02 02:00:00,221.38603101872232,2025-08-02 00:00:00,193.0673010224494,249.232633941022
2025-08-02 02:05:00,225.96466510757932,2025-08-02 00:05:00,197.06025632246218,254.38718243970968
2025-08-02 02:10:00,230.70970737797202,2025-08-02 00:10:00,201.19833359936445,259.7290704430745
2025-08-02 02:15:00,235.55118441852773,2025-08-02 00:15:00,205.42051013363366,265.1795230729454
2025-08-02 02:20:00,240.41462248031297,2025-08-02 00:20:00,209.66183853162696,270.6546990475544
2025-08-02 02:25:00,245.22245696922232,2025-08-02 00:25:00,213.85467592188613,276.0672774641304
2025-08-02 02:30:00,249.89557305809564,2025-08-02 00:30:00,217.93002749891068,281.32819219385686
2025-08-02 02:35:00,254.35493812221986,2025-08-02 00:35:00,221.81897014467071,286.3484696500359
2025-08-02 02:40:00,258.5232827980529,2025-08-02 00:40:00,225.45411845367275,291.0411212954509
2025-08-02 02:45:00,262.3267845863499,2025-08-02 00:45:00,228.771092976959,295.3230390141731
2025-08-02 02:50:00,265.6967067925211,2025-08-02 00:50:00,231.70994951640378,299.1168402027827
2025-08-02 02:55:00,268.57094610167974,2025-08-02 00:55:00,234.21652874074948,302.3526100040754
2025-08-02 03:00:00,270.89544383165224,2025-08-02 01:00:00,236.2436869173223,304.9694900717341
2025-08-02 03:05:00,272.62541952441956,2025-08-02 01:05:00,237.7523717078671,306.91706732662374
2025-08-02 03:10:00,273.72639021312085,2025-08-02 01:10:00,238.71251105538724,308.1565214302735
2025-08-02 03:15:00,274.17494483517436,2025-08-02 01:15:00,239.10368853773565,308.6614966060169
2025-08-02 03:20:00,273.9592501612708,2025-08-02 01:20:00,238.91558458039088,308.4186712052603
2025-08-02 03:25:00,273.07927257329874,2025-08-02 01:25:00,238.1481698655228,307.4280073813047
2025-08-02 03:30:00,271.5467080947797,2025-08-02 01:30:00,236.8116443126277,305.7026723187983
2025-08-02 03:35:00,269.38462182586636,2025-08-02 01:35:00,234.9261226354199,303.2686323157801
2025-08-02 03:40:00,266.6268061751125,2025-08-02 01:40:00,232.52107466577863,300.1639302919066
2025-08-02 03:45:00,263.3168756340054,2025-08-02 01:45:00,229.63453592075146,296.43766670099285
2025-08-02 03:50:00,259.50712321098814,2025-08-02 01:50:00,226.3121103165205,292.1487121238566
2025-08-02 03:55:00,255.25717055142806,2025-08-02 01:55:00,222.60579295910307,287.36418759630305
2025-08-02 04:00:00,250.63244937269135,2025-08-02 02:00:00,218.57264582759075,282.15775503452187
2025-08-02 04:05:00,245.70255662794602,2025-08-02 02:05:00,214.2733633381836,276.6077655064305
2025-08-02 04:10:00,240.53952885756175,2025-08-02 02:10:00,209.77076743298963,270.79531652578686
2025-08-02 04:15:00,235.21608331146123,2025-08-02 02:15:00,205.12827369028963,264.8022719376031
2025-08-02 04:20:00,229.8038739838491,2025-08-02 02:20:00,200.40837043965394,258.7092985916612
2025-08-02 04:25:00,224.37180962897466,2025-08-02 02:25:00,195.6711519297509,252.59397279322366
2025-08-02 04:30:00,218.98447903401131,2025-08-02 02:30:00,190.9729450334121,246.52900750198438
2025-08-02 04:35:00,213.70072502971567,2025-08-02 02:35:00,186.36506566459298,240.58064697748654
2025-08-02 04:40:00,208.57240453436208,2025-08-02 02:40:00,181.89273743204836,234.80727085764178
2025-08-02 04:45:00,203.6433662044975,2025-08-02 02:45:00,177.59420006451828,229.25824321531275
2025-08-02 04:50:00,198.94867112863636,2025-08-02 02:50:00,173.50002978986691,223.97303522850953
2025-08-02 04:55:00,194.5140750476888,2025-08-02 02:55:00,169.6326877876027,218.98064227294122
2025-08-02 05:00:00,190.3557832783863,2025-08-02 03:00:00,166.00630646142406,214.29930801897066
2025-08-02 05:05:00,186.48048206194048,2025-08-02 03:05:00,162.62671677789547,209.936559723402
2025-08-02 05:10:00,182.88564247125925,2025-08-02 03:10:00,159.4917132991856,205.88955036306353
2025-08-02 05:15:00,179.5600857439569,2025-08-02 03:15:00,156.5915472011583,202.14569507710942
2025-08-02 05:20:00,176.4847918170641,2025-08-02 03:20:00,153.9096313838694,198.6835814016648
2025-08-02 05:25:00,173.63392651542205,2025-08-02 03:25:00,151.4234362665269,195.47412566107553
2025-08-02 05:30:00,170.9760569693579,2025-08-02 03:30:00,149.1055497342688,192.4819412644856
2025-08-02 05:35:00,168.47551996645348,2025-08-02 03:35:00,146.92487045637574,189.66687917301988
2025-08-02 05:40:00,166.0939038254137,2025-08-02 03:40:00,144.84790020533416,186.98569616821865
2025-08-02 05:45:00,163.7916014307071,2025-08-02 03:45:00,142.84009823409806,184.3938032320608
2025-08-02 05:50:00,161.52939007988118,2025-08-02 03:50:00,140.86725903626552,181.8470441122411
2025-08-02 05:55:00,159.269992987202,2025-08-02 03:55:00,138.8968741090221,179.30345323644866
2025-08-02 06:00:00,156.97957762240543,2025-08-02 04:00:00,136.89943863097142,176.72494251668715
2025-08-02 06:05:00,154.6291474992624,2025-08-02 04:05:00,134.84966521921214,174.0788682012046
2025-08-02 06:10:00,152.19578661413834,2025-08-02 04:10:00,132.7275691847755,171.33943184228983
2025-08-02 06:15:00,149.66371939307209,2025-08-02 04:15:00,130.51939289592315,168.4888735666925
2025-08-02 06:20:00,147.02515358292987,2025-08-02 04:20:00,128.2183408503621,165.5184209881698
2025-08-02 06:25:00,144.28087911172952,2025-08-02 04:25:00,125.82510193198313,162.4289633942689
2025-08-02 06:30:00,141.44060218862228,2025-08-02 04:30:00,123.34814077423833,159.2314278704126
2025-08-02 06:35:00,138.52300093605544,2025-08-02 04:35:00,120.80374627608157,155.94684192964309
2025-08-02 06:40:00,135.55549624801046,2025-08-02 04:40:00,118.21583177101571,152.60607554871802
2025-08-02 06:45:00,132.57373935346627,2025-08-02 04:45:00,115.6154881391899,149.24926427576014
2025-08-02 06:50:00,129.62082550933513,2025-08-02 04:50:00,113.04029808128598,145.92492401911824
2025-08-02 06:55:00,126.74625103449392,2025-08-02 04:55:00,110.53342656418161,142.68877689399218
2025-08-02 07:00:00,124.00463849681282,2025-08-02 05:00:00,108.14250907646246,139.6023160596399
2025-08-02 07:05:00,121.45426205753475,2025-08-02 05:05:00,105.91836560428005,136.73114557712356
2025-08-02 07:10:00,119.15541121576018,2025-08-02 05:10:00,103.91357367846489,134.14313834063915
2025-08-02 07:15:00,117.16863692047056,2025-08-02 05:15:00,102.18093883620645,131.9064615802185
2025-08-02 07:20:00,115.55292839063651,2025-08-02 05:20:00,100.771904654336,130.0875243567698
2025-08-02 07:25:00,114.36387222915548,2025-08-02 05:25:00,99.73494734133443,128.74890512381262
2025-08-02 07:30:00,113.65184729625645,2025-08-02 05:30:00,99.11400151461297,127.94731954661286
2025-08-02 07:35:00,113.46030914717727,2025-08-02 05:35:00,98.94696408539762,127.73168915125538
2025-08-02 07:40:00,113.8242167128418,2025-08-02 05:40:00,99.264322191513,128.14137010846974
2025-08-02 07:45:00,114.76865105723189,2025-08-02 05:45:00,100.0879486372524,129.20459825413715
2025-08-02 07:50:00,116.30767179237054,2025-08-02 05:50:00,101.43010459074016,130.93720166069994
2025-08-02 07:55:00,118.44345083862987,2025-08-02 05:55:00,103.29268414982137,133.3416254392275
2025-08-02 08:00:00,121.16571607779991,2025-08-02 06:00:00,105.66672916058967,136.40630541348955
2025-08-02 08:05:00,124.4515290013199,2025-08-02 06:05:00,108.53223530788149,140.1054178001111
2025-08-02 08:10:00,128.26541105751352,2025-08-02 06:10:00,111.85826230072722,144.3990214481441
2025-08-02 08:15:00,132.55982332410122,2025-08-02 06:15:00,115.60335218725972,149.23359784623568
2025-08-02 08:20:00,137.27599347120895,2025-08-02 06:20:00,119.71625053624241,154.54298210353903
2025-08-02 08:25:00,142.34507340727242,2025-08-02 06:25:00,124.13691600198746,160.24966620781228
2025-08-02 08:30:00,147.6896005205008,2025-08-02 06:30:00,128.79779465022088,166.26644406624214
2025-08-02 08:35:00,153.22522542747024,2025-08-02 06:35:00,133.6253267006548,172.49835657546836
2025-08-02 08:40:00,158.86266044798666,2025-08-02 06:40:00,138.54164576149245,178.8448851814934
2025-08-02 08:45:00,164.50979502731036,2025-08-02 06:45:00,143.46642365612107,185.2023333860969
2025-08-02 08:50:00,170.0739183341458,2025-08-02 06:50:00,148.318808716116,191.46632890990637
2025-08-02 08:55:00,175.46398479550612,2025-08-02 06:55:00,153.01940151882297,197.53437419307238
2025-08-02 09:00:00,180.5928559900193,2025-08-02 07:00:00,157.49221000750626,203.30837028067853
2025-08-02 09:05:00,185.37945194796242,2025-08-02 07:05:00,161.66652560651934,208.6970387197849
2025-08-02 09:10:00,189.75074697151325,2025-08-02 07:10:00,165.47866374498415,213.61816841997236
2025-08-02 09:15:00,193.64354900616667,2025-08-02 07:15:00,168.87351561882107,218.0006188394642
2025-08-02 09:20:00,197.006007941255,2025-08-02 07:20:00,171.80586355608287,221.7860180042368
2025-08-02 09:25:00,199.79880625171398,2025-08-02 07:25:00,174.24141935704836,224.93010291229888
2025-08-02 09:30:00,201.99599515062994,2025-08-02 07:30:00,176.1575534898036,227.40366086002905
2025-08-02 09:35:00,203.58545071131266,2025-08-02 07:35:00,177.54369286718008,229.19304293665905
2025-08-02 09:40:00,204.5689364276493,2025-08-02 07:40:00,178.40137540466225,230.30023445365782
2025-08-02 09:45:00,204.9617716373403,2025-08-02 07:45:00,178.74396085746895,230.7424816612415
2025-08-02 09:50:00,204.79211798841249,2025-08-02 07:50:00,178.5960085591402,230.55148846449183
2025-08-02 09:55:00,204.09990887630397,2025-08-02 07:55:00,177.9923438003342,229.77221120180766
2025-08-02 10:00:00,202.93545855470438,2025-08-02 08:00:00,176.97684485610793,228.46129280551017
2025-08-02 10:05:00,201.35779832139207,2025-08-02 08:05:00,175.6009919995639,226.68518970811473
2025-08-02 10:10:00,199.43279617153985,2025-08-02 08:10:00,173.92222768085693,224.51805497995645
2025-08-02 10:15:00,197.23112348083413,2025-08-02 08:15:00,172.00218330328985,222.0394492555772
2025-08-02 10:20:00,194.82613704134585,2025-08-02 08:20:00,169.90483217986542,219.33195636567842
2025-08-02 10:25:00,192.29174731312756,2025-08-02 08:25:00,167.69463046878843,216.47878345097226
2025-08-02 10:30:00,189.70034353120946,2025-08-02 08:30:00,165.43470769167345,213.56142508287562
2025-08-02 10:35:00,187.12084367991446,2025-08-02 08:35:00,163.18516614659188,210.65746795771102
2025-08-02 10:40:00,184.61693221094023,2025-08-02 08:40:00,161.0015440495268,207.8386069496522
2025-08-02 10:45:00,182.2455408927922,2025-08-02 08:45:00,158.93349070688305,205.1689348768152
2025-08-02 10:50:00,180.05561873090363,2025-08-02 08:50:00,157.02369378202957,202.7035576982201
2025-08-02 10:55:00,178.0872257392599,2025-08-02 08:55:00,155.3070889876827,200.48757429727587
2025-08-02 11:00:00,176.37097297662064,2025-08-02 09:00:00,153.81037175023846,198.5554460840691
2025-08-02 11:05:00,174.92781803276443,2025-08-02 09:05:00,152.55181885651973,196.93076675725163
2025-08-02 11:10:00,173.7692118028897,2025-08-02 09:10:00,151.5414164534395,195.62642754016827
2025-08-02 11:15:00,172.8975790767838,2025-08-02 09:15:00,150.7812791623117,194.6451582199816
2025-08-02 11:20:00,172.30710319973105,2025-08-02 09:20:00,150.2663343693776,193.98041050559644
2025-08-02 11:25:00,171.9847737913249,2025-08-02 09:25:00,149.9852359250233,193.61753753170532
2025-08-02 11:30:00,171.91164712231995,2025-08-02 09:30:00,149.9214632987533,193.53521276964346
2025-08-02 11:35:00,172.06426138829994,2025-08-02 09:35:00,150.0545558172591,193.70702331844885
2025-08-02 11:40:00,172.41614407879183,2025-08-02 09:40:00,150.36142721748777,194.10316687541123
2025-08-02 11:45:00,172.9393462533311,2025-08-02 09:45:00,150.81770366484338,194.6921789980102
2025-08-02 11:50:00,173.6059387517999,2025-08-02 09:50:00,151.39902857486126,195.44261751210348
2025-08-02 11:55:00,174.38940825676258,2025-08-02 09:55:00,152.08228009737377,196.3246341751955
2025-08-02 12:00:00,175.26589656534458,2025-08-02 10:00:00,152.84665186616593,197.31136982767183
2025-08-02 12:05:00,176.21523407369676,2025-08-02 10:05:00,153.67455428464072,198.38011787205775
2025-08-02 12:10:00,177.2217282606548,2025-08-02 10:10:00,154.55230215010715,199.51321193453123
2025-08-02 12:15:00,178.27467909281773,2025-08-02 10:15:00,155.47056413050217,200.69860609920715
2025-08-02 12:20:00,179.3686057218188,2025-08-02 10:20:00,156.4245604635407,201.93013012007503
2025-08-02 12:25:00,180.50318167304164,2025-08-02 10:25:00,157.41400643580735,203.20741645755626
2025-08-02 12:30:00,181.68288872181267,2025-08-02 10:30:00,158.44281053358768,204.5355106181997
2025-08-02 12:35:00,182.9164120165277,2025-08-02 10:35:00,159.51854693919137,205.92419019457023
2025-08-02 12:40:00,184.21581038659878,2025-08-02 10:40:00,160.6517319694672,207.3870308120259
2025-08-02 12:45:00,185.5955055920089,2025-08-02 10:45:00,161.85494261612095,208.94026824303202
2025-08-02 12:50:00,187.0711420831296,2025-08-02 10:50:00,163.14182216005574,210.60151474412854
2025-08-02 12:55:00,188.6583744684566,2025-08-02 10:55:00,164.52602274091623,212.3883940076991
2025-08-02 13:00:00,190.37164280425043,2025-08-02 11:00:00,166.02013730630614,214.31716240384753
2025-08-02 13:05:00,192.22299623417493,2025-08-02 11:05:00,167.63467372628446,216.40138465388102
2025-08-02 13:10:00,194.22102310530477,2025-08-02 11:10:00,169.37712176424014,218.6507293730811
2025-08-02 13:15:00,196.36994077933878,2025-08-02 11:15:00,171.25115931546262,221.06994439562524
2025-08-02 13:20:00,198.66889097697774,2025-08-02 11:20:00,173.25603788797582,223.6580634852544
2025-08-02 13:25:00,201.1114771228369,2025-08-02 11:25:00,175.38617912826018,226.40788548603297
2025-08-02 13:30:00,203.6855691226308,2025-08-02 11:30:00,177.63100457048358,229.3057545438187
2025-08-02 13:35:00,206.37338871013034,2025-08-02 11:35:00,179.97501006625006,232.3316561884176
2025-08-02 13:40:00,209.15187563557217,2025-08-02 11:40:00,182.39808513179406,235.4596295822764
2025-08-02 13:45:00,211.99332206722943,2025-08-02 11:45:00,184.8760661996851,238.65848171899665
2025-08-02 13:50:00,214.86624994646215,2025-08-02 11:50:00,187.38150174646856,241.89277513475068
2025-08-02 13:55:00,217.73649480669232,2025-08-02 11:55:00,189.88459747427143,245.12404805327708
2025-08-02 14:00:00,220.5684495276425,2025-08-02 12:00:00,192.35430096945447,248.31221458328022
2025-08-02 14:05:00,223.32641373290167,2025-08-02 12:05:00,194.75947849116034,251.41708384729296
2025-08-02 14:10:00,225.9759889838051,2025-08-02 12:10:00,197.07013169811242,254.39993066725225
2025-08-02 14:15:00,228.48545710005507,2025-08-02 12:15:00,199.25859966050749,257.22504725444605
2025-08-02 14:20:00,230.82707878789608,2025-08-02 12:20:00,201.30069137337108,259.8612051830585
2025-08-02 14:25:00,232.9782524946589,2025-08-02 12:25:00,203.17669637551157,262.28296000893465
2025-08-02 14:30:00,234.9224788409946,2025-08-02 12:30:00,204.87222581581318,264.47173701101116
2025-08-02 14:35:00,236.65008381013013,2025-08-02 12:35:00,206.3788431352942,266.41664534549784
2025-08-02 14:40:00,238.15866405927346,2025-08-02 12:40:00,207.6944524162305,268.11497936989525
2025-08-02 14:45:00,239.4532294319484,2025-08-02 12:45:00,208.8234226649375,269.57237908096073
2025-08-02 14:50:00,240.54603086947824,2025-08-02 12:50:00,209.77643773606232,270.80263638037934
2025-08-02 14:55:00,241.45607562544384,2025-08-02 12:55:00,210.57007355868137,271.82714931143386
2025-08-02 15:00:00,242.20834556080703,2025-08-02 13:00:00,211.22611642368318,272.6740420289304
2025-08-02 15:05:00,242.83274752672253,2025-08-02 13:05:00,211.7706476290067,273.3769831579934
2025-08-02 15:10:00,243.36283712154625,2025-08-02 13:10:00,212.23293048805505,273.97374902138006
2025-08-02 15:15:00,243.83436759677477,2025-08-02 13:15:00,212.64414485322203,274.504590022431
2025-08-02 15:20:00,244.28372414654154,2025-08-02 13:20:00,213.03602168420824,275.0104679947749
2025-08-02 15:25:00,244.74630969837136,2025-08-02 13:25:00,213.43943532134153,275.53123895297443
2025-08-02 15:30:00,245.25495144817035,2025-08-02 13:30:00,213.88301384962148,276.1038591966792
2025-08-02 15:35:00,245.83839747272077,2025-08-02 13:35:00,214.39182801794948,276.7606928225046
2025-08-02 15:40:00,246.51996999941952,2025-08-02 13:40:00,214.98621677669485,277.5279955979746
2025-08-02 15:45:00,247.31643597510305,2025-08-02 13:45:00,215.6808023184015,278.42464346708624
2025-08-02 15:50:00,248.2371472985839,2025-08-02 13:50:00,216.48374028800728,279.46116463870004
2025-08-02 15:55:00,249.28349207092654,2025-08-02 13:55:00,217.39624122677728,280.63912181342045
2025-08-02 16:00:00,250.44868563963695,2025-08-02 14:00:00,218.41238834520414,281.9508769446928
2025-08-02 16:05:00,251.7179159507273,2025-08-02 14:05:00,219.51926428227432,283.37975487368954
2025-08-02 16:10:00,253.0688428692398,2025-08-02 14:10:00,220.69738655510068,284.9006054558756
2025-08-02 16:15:00,254.47243599541332,2025-08-02 14:15:00,221.92143820532004,286.4807467602209
2025-08-02 16:20:00,255.89412085066004,2025-08-02 14:20:00,223.16126736998746,288.0812554259065
2025-08-02 16:25:00,257.29518982215785,2025-08-02 14:25:00,224.38311774432523,289.6585550797853
2025-08-02 16:30:00,258.634422312294,2025-08-02 14:30:00,225.5510414887565,291.1662402731108
2025-08-02 16:35:00,259.86984902801305,2025-08-02 14:35:00,226.6284378380986,292.557062688522
2025-08-02 16:40:00,260.9605881477799,2025-08-02 14:40:00,227.57965439410242,293.7849982656272
2025-08-02 16:45:00,261.8686772206977,2025-08-02 14:45:00,228.3715846960707,294.8073095219197
2025-08-02 16:50:00,262.5608235860267,2025-08-02 14:50:00,228.97519473439,295.5865161453451
2025-08-02 16:55:00,263.0099984890059,2025-08-02 14:55:00,229.36691315404894,296.0921896228205
2025-08-02 17:00:00,263.19680551013863,2025-08-02 15:00:00,229.529824640452,296.3024937946842
2025-08-02 17:05:00,263.11056227207615,2025-08-02 15:05:00,229.4546132591036,296.2054026219349
2025-08-02 17:10:00,262.7500454813635,2025-08-02 15:10:00,229.1402121948816,295.79953894157615
2025-08-02 17:15:00,262.12386249900203,2025-08-02 15:15:00,228.59412779292362,295.0945927744452
2025-08-02 17:20:00,261.2504275275123,2025-08-02 15:20:00,227.83241879173605,294.11129451701277
2025-08-02 17:25:00,260.1575363915056,2025-08-02 15:25:00,226.87932549597014,292.8809362365722
2025-08-02 17:30:00,258.8815501780602,2025-08-02 15:30:00,225.76655784193997,291.44445262743915
2025-08-02 17:35:00,257.46621403897853,2025-08-02 15:35:00,224.5322652935139,289.8510912385925
2025-08-02 17:40:00,255.9611525572527,2025-08-02 15:40:00,223.21972467470184,288.1567185827948
2025-08-02 17:45:00,254.42009659751267,2025-08-02 15:45:00,221.87579383361637,286.4218239549398
2025-08-02 17:50:00,252.8989079809926,2025-08-02 15:50:00,220.5491889923526,284.70929564467644
2025-08-02 17:55:00,251.45347713124494,2025-08-02 15:55:00,219.28865131664097,283.0820541416579
2025-08-02 18:00:00,250.13757473957074,2025-08-02 16:00:00,218.14107338681197,281.6006335769678
2025-08-02 18:05:00,249.00074102990473,2025-08-02 16:05:00,217.14965845865876,280.3208054933746
2025-08-02 18:10:00,248.08629559441323,2025-08-02 16:10:00,216.35218487213552,279.2913383520462
2025-08-02 18:15:00,247.42954668773723,2025-08-02 16:15:00,215.7794444048264,278.5519815864203
2025-08-02 18:20:00,247.05627174703864,2025-08-02 16:20:00,215.45391715720208,278.13175499747797
2025-08-02 18:25:00,246.98153076659005,2025-08-02 16:25:00,215.38873671512732,278.04761287100854
2025-08-02 18:30:00,247.20886169056578,2025-08-02 16:30:00,215.5869884644765,278.303538164479
2025-08-02 18:35:00,247.72989246188803,2025-08-02 16:35:00,216.0413712649899,278.89010575821294
2025-08-02 18:40:00,248.52438844760368,2025-08-02 16:40:00,216.7342388092042,279.7845358460749
2025-08-02 18:45:00,249.5607373130915,2025-08-02 16:45:00,217.63802247367798,280.95123979861773
2025-08-02 18:50:00,250.7968566892149,2025-08-02 16:50:00,218.71602288134378,282.3428419993488
2025-08-02 18:55:00,252.18149374814254,2025-08-02 16:55:00,219.92354324129013,283.9016428851179
2025-08-02 19:00:00,253.65587094085402,2025-08-02 17:00:00,221.20932457074443,285.5614716894519
2025-08-02 19:05:00,255.15561885700444,2025-08-02 17:05:00,222.51723131198193,287.2498624233646
2025-08-02 19:10:00,256.6129264944711,2025-08-02 17:10:00,223.7881265488241,288.8904746122947
2025-08-02 19:15:00,257.95883095446334,2025-08-02 17:15:00,224.96186881399353,290.40567099597473
2025-08-02 19:20:00,259.1255636523176,2025-08-02 17:20:00,225.97935818291543,291.7191588526984
2025-08-02 19:25:00,260.04886816260364,2025-08-02 17:25:00,226.78455763024508,292.7585993899776
2025-08-02 19:30:00,260.6702062986397,2025-08-02 17:30:00,227.3264169173681,293.45809131139504
2025-08-02 19:35:00,260.93877356081424,2025-08-02 17:35:00,227.56063023341352,293.7604397740965
2025-08-02 19:40:00,260.8132526755161,2025-08-02 17:40:00,227.45116542917563,293.6191304931382
2025-08-02 19:45:00,260.26324411922263,2025-08-02 17:45:00,226.9715115548359,292.9999402012109
2025-08-02 19:50:00,259.27032491982754,2025-08-02 17:50:00,226.10560222406892,291.88212862919295
2025-08-02 19:55:00,257.8287011730734,2025-08-02 17:55:00,224.84838466343538,290.2591730980688
2025-08-02 20:00:00,255.94543491152078,2025-08-02 18:00:00,223.2060175612678,288.1390239241612
2025-08-02 20:05:00,253.6402417327098,2025-08-02 18:05:00,221.19569458234977,285.5438765923526
2025-08-02 20:10:00,250.9448712651798,2025-08-02 18:10:00,218.84510408200504,282.5094742952513
2025-08-02 20:15:00,247.90209743092603,2025-08-02 18:15:00,216.1915485297515,279.0839711878138
2025-08-02 20:20:00,244.56435919057586,2025-08-02 18:20:00,213.28075912439226,275.326402161348
2025-08-02 20:25:00,240.99210430181512,2025-08-02 18:25:00,210.16545141159912,271.3048182748776
2025-08-02 20:30:00,237.2518981876513,2025-08-02 18:30:00,206.90367605745223,267.09415775114957
2025-08-02 20:35:00,233.4143673394003,2025-08-02 18:35:00,203.5570253222956,262.77393069464375
2025-08-02 20:40:00,229.5520506913907,2025-08-02 18:40:00,200.18875927816464,258.4258002057048
2025-08-02 20:45:00,225.73723421995413,2025-08-02 18:45:00,196.8619173963751,254.13114460886035
2025-08-02 20:50:00,222.0398423295669,2025-08-02 18:50:00,193.63747965830038,249.96868361114977
2025-08-02 20:55:00,218.5254557101841,2025-08-02 18:55:00,190.57263795970076,246.0122468395732
2025-08-02 21:00:00,215.25351853427145,2025-08-02 19:00:00,187.71923263524715,242.32875553395738
2025-08-02 21:05:00,212.27578924356732,2025-08-02 19:05:00,185.12240141384493,238.9764784690022
2025-08-02 21:10:00,209.635078506987,2025-08-02 19:10:00,182.81947881142722,236.00361116872259
2025-08-02 21:15:00,207.3643061953843,2025-08-02 19:15:00,180.83917373336848,233.44721426465043
2025-08-02 21:20:00,205.4858966140216,2025-08-02 19:20:00,179.20104206616438,231.33253265882007
2025-08-02 21:25:00,204.01151827497173,2025-08-02 19:25:00,177.91525973700627,229.67270256395778
2025-08-02 21:30:00,202.94216205579477,2025-08-02 19:30:00,176.98269087474318,228.46883949319275
2025-08-02 21:35:00,202.26853962774499,2025-08-02 19:35:00,176.39523527290007,227.71048680376583
2025-08-02 21:40:00,201.9717735085946,2025-08-02 19:40:00,176.13643017397118,227.37639254677973
2025-08-02 21:45:00,202.02434096610625,2025-08-02 19:45:00,176.1822734329008,227.43557209769776
2025-08-02 21:50:00,202.39122693155318,2025-08-02 19:50:00,176.5022289549629,227.8486060868052
2025-08-02 21:55:00,203.03123593986803,2025-08-02 19:55:00,177.06037081828106,228.56911735914832
2025-08-02 22:00:00,203.89841033506121,2025-08-02 20:00:00,177.8166200686304,229.54536756610892
2025-08-02 22:05:00,204.9435013221857,2025-08-02 20:05:00,178.7280276008877,230.72191325072365
2025-08-02 22:10:00,206.11544100770016,2025-08-02 20:10:00,179.75005790244833,232.0412630457253
2025-08-02 22:15:00,207.36276706045126,2025-08-02 20:15:00,180.83783147782478,233.44548153268178
2025-08-02 22:20:00,208.63495695621202,2025-08-02 20:20:00,181.94728842247633,234.87769131183808
2025-08-02 22:25:00,209.88363535452595,2025-08-02 20:25:00,183.03624135730317,236.28343224646244
2025-08-02 22:30:00,211.06362600608907,2025-08-02 20:30:00,184.06529278065042,237.6118456823128
2025-08-02 22:35:00,212.13382794661842,2025-08-02 20:35:00,184.99859918330017,238.81666085181357
2025-08-02 22:40:00,213.05790444042097,2025-08-02 20:40:00,185.80447186540113,239.85697047502515
2025-08-02 22:45:00,213.80478169812875,2025-08-02 20:45:00,186.4558118604187,240.69779220760057
2025-08-02 22:50:00,214.34896236198566,2025-08-02 20:50:00,186.9303833207588,241.31042155719743
2025-08-02 22:55:00,214.67066599561383,2025-08-02 20:55:00,187.21093603669982,241.67259004447098
2025-08-02 23:00:00,214.75581477257055,2025-08-02 21:00:00,187.28519295560636,241.76844909149452
2025-08-02 23:05:00,214.59588726165433,2025-08-02 21:05:00,187.14572267037764,241.58840541574017
2025-08-02 23:10:00,214.18766632090933,2025-08-02 21:10:00,186.78971956174513,241.12883721343044
2025-08-02 23:15:00,213.53290872531295,2025-08-02 21:15:00,186.218715685737,240.39172223199978
2025-08-02 23:20:00,212.6379640977014,2025-08-02 21:20:00,185.43824844928844,239.38420876900204
2025-08-02 23:25:00,211.51336929446717,2025-08-02 21:25:00,184.45750688034119,238.11815903841742
2025-08-02 23:30:00,210.17344153269147,2025-08-02 21:30:00,183.28897680036874,236.60969112008786
2025-08-02 23:35:00,208.63588965686512,2025-08-02 21:35:00,181.9481018161531,234.87874133039335
2025-08-02 23:40:00,206.92145815091524,2025-08-02 21:40:00,180.45297286823134,232.94866345703727
2025-08-02 23:45:00,205.05361318086398,2025-08-02 21:45:00,178.82405443360048,230.84587531120346
2025-08-02 23:50:00,203.0582744062994,2025-08-02 21:50:00,177.08395064268856,228.59955680546483
2025-08-02 23:55:00,200.96359080135898,2025-08-02 21:55:00,175.25720977633452,226.24139757685376
2025-08-03 00:00:00,198.79975365708108,2025-08-02 22:00:00,173.37016118805874,223.80538646808515
2025-08-03 00:05:00,196.59883554874995,2025-08-02 22:05:00,171.4507748699988,221.32763023972822
2025-08-03 00:10:00,194.3946404840007,2025-08-02 22:10:00,169.52853076941165,218.846184869488
2025-08-03 00:15:00,192.22254814450213,2025-08-02 22:15:00,167.6342829542771,216.40088020213727
2025-08-03 00:20:00,190.11933391298072,2025-08-02 22:20:00,165.80010266167542,214.03311733899622
2025-08-03 00:25:00,188.12294652384293,2025-08-02 22:25:00,164.05908439036682,211.7856183207796
2025-08-03 00:30:00,186.2722265833159,2025-08-02 22:30:00,162.44510042660102,209.70210924235127
2025-08-03 00:35:00,184.6065519159054,2025-08-02 22:35:00,160.99249155630054,207.82692098978964
2025-08-03 00:40:00,183.16539935505506,2025-08-02 22:40:00,159.73568490953681,206.20449591175387
2025-08-03 00:45:00,181.98781729155587,2025-08-02 22:45:00,158.70873397823345,204.87879402344103
2025-08-03 00:50:00,181.1118086049348,2025-08-02 22:50:00,157.9447804802648,203.89259832122292
2025-08-03 00:55:00,180.57362930123554,2025-08-02 22:55:00,157.47544271241543,203.28672520097098
2025-08-03 01:00:00,180.4070140446944,2025-08-02 23:00:00,157.33014014864688,203.09915257476945
2025-08-03 01:05:00,180.6423453936181,2025-08-02 23:05:00,157.5353689436779,203.36408461077576
2025-08-03 01:10:00,181.30578874483115,2025-08-02 23:10:00,158.11394753154354,204.11097786837027
2025-08-03 01:15:00,182.41841938914615,2025-08-02 23:15:00,159.08425534430071,205.3635585520299
2025-08-03 01:20:00,183.99537157538705,2025-08-02 23:20:00,160.45949072404892,207.13886454205704
2025-08-03 01:25:00,186.04504165727758,2025-08-02 23:25:00,162.2469759997735,209.44634831087933
2025-08-03 01:30:00,188.56837840931274,2025-08-02 23:30:00,164.44753858289772,212.28707797271025
2025-08-03 01:35:00,191.55829302834348,2025-08-02 23:35:00,167.05499643887697,215.65307307335317
2025-08-03 01:40:00,194.99921948298953,2025-08-02 23:40:00,170.05577467478597,219.5268096390367
2025-08-03 01:45:00,198.86685253537752,2025-08-02 23:45:00,173.4286770721672,223.88092524573682
2025-08-03 01:50:00,203.12808608820188,2025-08-02 23:50:00,177.14483232046527,228.67814961134488
2025-08-03 01:55:00,207.74116882448627,2025-08-02 23:55:00,181.1678297480327,233.8714798122679
2025-08-03 02:00:00,212.65608744949847,2025-08-03 00:00:00,185.45405354142022,239.40461173066788
2025-08-03 02:05:00,217.81518032191997,2025-08-03 00:05:00,189.9532178835387,245.21263087001105
2025-08-03 02:10:00,223.15397673819672,2025-08-03 00:10:00,194.60909888043733,251.22295720713672
2025-08-03 02:15:00,228.60224907155248,2025-08-03 00:15:00,199.36045211530933,257.35652967248984
2025-08-03 02:20:00,234.0852574372066,2025-08-03 00:20:00,204.14209810159483,263.52920737308546
2025-08-03 02:25:00,239.5251593524696,2025-08-03 00:25:00,208.88615162554035,269.65335656390386
2025-08-03 02:30:00,244.84255049379783,2025-08-03 00:30:00,213.5233654163694,275.6395852060164
2025-08-03 02:35:00,249.9580973605055,2025-08-03 00:35:00,217.984553966814,281.398580991665
2025-08-03 02:40:00,254.79421848266992,2025-08-03 00:40:00,222.20205968827923,286.8430040195702
2025-08-03 02:45:00,259.2767682306825,2025-08-03 00:45:00,226.11122133486234,291.8893823991272
2025-08-03 02:50:00,263.3366759837137,2025-08-03 00:50:00,229.65180349657768,296.45995759842685
2025-08-03 02:55:00,266.91149389387203,2025-08-03 00:55:00,232.76934638031375,300.4844268908591
2025-08-03 03:00:00,269.9468083846552,2025-08-03 01:00:00,235.4163967555936,303.9015323960988
2025-08-03 03:05:00,272.3974739582969,2025-08-03 01:05:00,237.55358393869838,306.66045007946275
2025-08-03 03:10:00,274.22863271037284,2025-08-03 01:10:00,239.1505088954362,308.7219375041388
2025-08-03 03:15:00,275.4164889871347,2025-08-03 01:15:00,240.1864198077087,310.05920592725664
2025-08-03 03:20:00,275.94881558532495,2025-08-03 01:20:00,240.65065352246535,310.65849017104256
2025-08-03 03:25:00,275.82517576620273,2025-08-03 01:25:00,240.54282916666932,310.51929856243913
2025-08-03 03:30:00,275.05685358612726,2025-08-03 01:30:00,239.87278738968698,309.65433450045947
2025-08-03 03:35:00,273.66649358706434,2025-08-03 01:35:00,238.66027614300424,308.08909082587826
2025-08-03 03:40:00,271.68745932461286,2025-08-03 01:40:00,236.9343912625343,305.86112766297845
2025-08-03 03:45:00,269.16292844089855,2025-08-03 01:45:00,234.73278729581736,303.019053667983
2025-08-03 03:50:00,266.14474937995,2025-08-03 01:50:00,232.10068046135075,299.62123893864157
2025-08-03 03:55:00,262.69209182170783,2025-08-03 01:55:00,229.08967171316016,295.73429569575785
2025-08-03 04:00:00,258.8699284432538,2025-08-03 02:00:00,225.7564227084722,291.431369075765
2025-08-03 04:05:00,254.74739037089958,2025-08-03 02:05:00,222.1612216231589,286.7902857266169
2025-08-03 04:10:00,250.39604187568744,2025-08-03 02:10:00,218.3664785406215,281.891611489283
2025-08-03 04:15:00,245.888121833633,2025-08-03 02:15:00,214.43519185672565,276.81667166355504
2025-08-03 04:20:00,241.29480005809415,2025-08-03 02:20:00,210.429427654485,271.64558801664066
2025-08-03 04:25:00,236.6844957050469,2025-08-03 02:25:00,206.40885321155818,266.45538567238094
2025-08-03 04:30:00,232.1213028405826,2025-08-03 02:30:00,202.42936396224545,261.31822064187753
2025-08-03 04:35:00,227.6635648374526,2025-08-03 02:35:00,198.54184025097422,256.29977490333357
2025-08-03 04:40:00,223.3626347712673,2025-08-03 02:40:00,194.79106629317883,251.4578608771462
2025-08-03 04:45:00,219.26185339511503,2025-08-03 02:45:00,191.21483888292326,246.84127084709013
2025-08-03 04:50:00,215.39577024572134,2025-08-03 02:50:00,187.84328813174383,242.48890009485913
2025-08-03 04:55:00,211.78962619062477,2025-08-03 02:55:00,184.6984262061205,238.42916436046463
2025-08-03 05:00:00,208.45910873694373,2025-08-03 03:00:00,181.79393393607307,234.67972437300097
2025-08-03 05:05:00,205.4103837447816,2025-08-03 03:05:00,179.13518847192654,231.24752155305822
2025-08-03 05:10:00,202.64039973244442,2025-08-03 03:10:00,176.71952866414017,228.1291205943684
2025-08-03 05:15:00,200.13745356004486,2025-08-03 03:15:00,174.53674838714613,225.31134630079978
2025-08-03 05:20:00,197.8819993618897,2025-08-03 03:20:00,172.5698019966544,222.77219426870067
2025-08-03 05:25:00,195.84767611248665,2025-08-03 03:25:00,170.79570045392313,220.48198770325885
2025-08-03 05:30:00,194.00252343408835,2025-08-03 03:30:00,169.18657161253486,218.40474615398674
2025-08-03 05:35:00,192.31035033420721,2025-08-03 03:35:00,167.7108538730122,216.49972641617023
2025-08-03 05:40:00,190.732217456367,2025-08-03 03:40:00,166.33458883055508,214.72309122359218
2025-08-03 05:45:00,189.22799052627144,2025-08-03 03:45:00,165.02277601118945,213.0296580918467
2025-08-03 05:50:00,187.75792057383615,2025-08-03 03:50:00,163.74075095872857,211.37467830546615
2025-08-03 05:55:00,186.28420583165496,2025-08-03 03:55:00,162.45554734203853,209.71559527668884
2025-08-03 06:00:00,184.7724904593308,2025-08-03 04:00:00,161.13720396912674,208.013731783858
2025-08-03 06:05:00,183.19325673593968,2025-08-03 04:05:00,159.7599788964528,206.23585727805428
2025-08-03 06:10:00,181.5230698867672,2025-08-03 04:10:00,158.303435022889,204.355589287895
2025-08-03 06:15:00,179.74563840709806,2025-08-03 04:15:00,156.75336478154196,202.35458711404888
2025-08-03 06:20:00,177.85265736387416,2025-08-03 04:20:00,155.1025255699614,200.22350120392107
2025-08-03 06:25:00,175.84440762686563,2025-08-03 04:25:00,153.35116233028847,197.9626477559288
2025-08-03 06:30:00,173.73009037098115,2025-08-03 04:30:00,151.50729926349774,195.58238529652152
2025-08-03 06:35:00,171.52788307955532,2025-08-03 04:35:00,149.5867886689897,193.10317772773067
2025-08-03 06:40:00,169.26471079740156,2025-08-03 04:40:00,147.6131114579497,190.55533680774147
2025-08-03 06:45:00,166.97573407630648,2025-08-03 04:45:00,145.61693059860872,187.97844568862672
2025-08-03 06:50:00,164.70356304044222,2025-08-03 04:50:00,143.6354057149606,185.4204741245353
2025-08-03 06:55:00,162.49721479886114,2025-08-03 04:55:00,141.71128386247722,182.93660474438508
2025-08-03 07:00:00,160.4108390116059,2025-08-03 05:00:00,139.89178811421164,180.58779831583303
2025-08-03 07:05:00,158.5022436001521,2025-08-03 05:05:00,138.227331855894,178.43913401512947
2025-08-03 07:10:00,156.8312588503059,2025-08-03 05:10:00,136.77009214561073,176.55796776194236
2025-08-03 07:15:00,155.45798390851982,2025-08-03 05:15:00,135.5724805106202,175.01195815468944
2025-08-03 07:20:00,154.44096394014275,2025-08-03 05:20:00,134.68555327552338,173.86701434625286
2025-08-03 07:25:00,153.83534960894792,2025-08-03 05:25:00,134.15740647309747,173.18522401728964
2025-08-03 07:30:00,153.69109229229502,2025-08-03 05:30:00,134.03160191961794,173.02282158011135
2025-08-03 07:35:00,154.05122887758614,2025-08-03 05:35:00,134.34567141262815,173.42825723166357
2025-08-03 07:40:00,154.95030876498427,2025-08-03 05:40:00,135.1297449445704,174.44042609990024
2025-08-03 07:45:00,156.41301297794158,2025-08-03 05:45:00,136.4053464506381,176.0871136618682
2025-08-03 07:50:00,158.45301089133727,2025-08-03 05:50:00,138.18439677923553,178.38370866766058
2025-08-03 07:55:00,161.07209432268976,2025-08-03 05:55:00,140.46845854644377,181.33222831500936
2025-08-03 08:00:00,164.25962150182988,2025-08-03 06:00:00,143.24825123065443,184.92069227978638
2025-08-03 08:05:00,167.9922950297326,2025-08-03 06:05:00,146.5034575339337,189.1228727458269
2025-08-03 08:10:00,172.23428852999274,2025-08-03 06:10:00,150.20283383279664,193.8984369870103
2025-08-03 08:15:00,176.93772661435233,2025-08-03 06:15:00,154.3046287486498,199.19348770429934
2025-08-03 08:20:00,182.04351213734608,2025-08-03 06:20:00,158.75730458365103,204.94149433497088
2025-08-03 08:25:00,187.48248413122445,2025-08-03 06:25:00,163.50054713767642,211.06459663608726
2025-08-03 08:30:00,193.17687932079224,2025-08-03 06:30:00,168.46654027259152,217.47525003308067
2025-08-03 08:35:00,199.04206012843218,2025-08-03 06:35:00,173.58147287845205,224.07817097846234
2025-08-03 08:40:00,204.98846343486954,2025-08-03 06:40:00,178.76723835733964,230.77253083359543
2025-08-03 08:45:00,210.9237162159219,2025-08-03 06:45:00,183.94327963713863,237.4543376166185
2025-08-03 08:50:00,216.75485841359855,2025-08-03 06:50:00,189.0285277027148,244.01893847297825
2025-08-03 08:55:00,222.39060869841808,2025-08-03 06:55:00,193.94337753185596,250.36357043216745
2025-08-03 09:00:00,227.7436065837172,2025-08-03 07:00:00,198.61164340815318,256.38988454193617
2025-08-03 09:05:00,232.73256395410104,2025-08-03 07:05:00,202.96243523536927,262.00636802248187
2025-08-03 09:10:00,237.28426106981252,2025-08-03 07:10:00,206.9318992216845,267.13059133427066
2025-08-03 09:15:00,241.3353261730782,2025-08-03 07:15:00,210.46476984660478,271.69121162863814
2025-08-03 09:20:00,244.83374394582825,2025-08-03 07:20:00,213.51568536338686,275.6296709438731
2025-08-03 09:25:00,247.7400463459469,2025-08-03 07:25:00,216.05022630873913,278.90153682844385
2025-08-03 09:30:00,250.02814893701807,2025-08-03 07:30:00,218.04564485293454,281.477443866823
2025-08-03 09:35:00,251.68580715381196,2025-08-03 07:35:00,219.4912627018178,283.34360733542314
2025-08-03 09:40:00,252.71467903104858,2025-08-03 07:40:00,220.38852580158027,284.50189382157384
2025-08-03 09:45:00,253.1299937561416,2025-08-03 07:45:00,220.75071528878334,284.96944808582947
2025-08-03 09:50:00,252.95983826112663,2025-08-03 07:50:00,220.60232533831757,284.7778899192777
2025-08-03 09:55:00,252.24408680190422,2025-08-03 07:55:00,219.9781296661739,283.97210908203033
2025-08-03 10:00:00,251.03301015283074,2025-08-03 08:00:00,218.92196862976166,282.60869955811364
2025-08-03 10:05:00,249.38561190769659,2025-08-03 08:05:00,217.48529834196796,280.7540865913638
2025-08-03 10:10:00,247.36774821247147,2025-08-03 08:10:00,215.72555091944267,278.4824099124843
2025-08-03 10:15:00,245.05009453326224,2025-08-03 08:15:00,213.70436133268038,275.8732347609429
2025-08-03 10:20:00,242.50602775385846,2025-08-03 08:20:00,211.48572041635796,273.0091675863567
2025-08-03 10:25:00,239.8094944916528,2025-08-03 08:25:00,209.13411586093196,269.9734562347572
2025-08-03 10:30:00,237.03293622966754,2025-08-03 08:30:00,206.7127227526751,266.8476540974635
2025-08-03 10:35:00,234.24533934392406,2025-08-03 08:35:00,204.28170303299115,263.70942486501076
2025-08-03 10:40:00,231.51047284523895,2025-08-03 08:40:00,201.89666866055055,260.63055860679276
2025-08-03 10:45:00,228.88536921748764,2025-08-03 08:45:00,199.60735677405972,257.6752615245787
2025-08-03 10:50:00,226.41909436495118,2025-08-03 08:50:00,197.45655698254765,254.89877118012606
2025-08-03 10:55:00,224.15184135835958,2025-08-03 08:55:00,195.47932103544014,252.34633624986733
2025-08-03 11:00:00,222.1143704473412,2025-08-03 09:00:00,193.70247446616042,250.05258610043546
2025-08-03 11:05:00,220.3278045256643,2025-08-03 09:05:00,192.14443822055978,248.04130052690647
2025-08-03 11:10:00,218.80377584376433,2025-08-03 09:10:00,190.8153566026218,246.32557491927102
2025-08-03 11:15:00,217.54490656043566,2025-08-03 09:15:00,189.71751635608982,244.90836125936798
2025-08-03 11:20:00,216.54559332477177,2025-08-03 09:20:00,188.8460308861266,243.783351389908
2025-08-03 11:25:00,215.79305491406882,2025-08-03 09:25:00,188.18975388797287,242.9361564274335
2025-08-03 11:30:00,215.26859253056,2025-08-03 09:30:00,187.73237843205132,242.34572558297864
2025-08-03 11:35:00,214.94900497419812,2025-08-03 09:35:00,187.45367111405469,241.98593933955433
2025-08-03 11:40:00,214.8080958898438,2025-08-03 09:40:00,187.33078650168483,241.82730628543504
2025-08-03 11:45:00,214.81820792739438,2025-08-03 09:45:00,187.33960505174758,241.83869024557765
2025-08-03 11:50:00,214.95171881779066,2025-08-03 09:50:00,187.45603781467892,241.98899453858184
2025-08-03 11:55:00,215.18243729229005,2025-08-03 09:55:00,187.65724379394797,242.2487334789013
2025-08-03 12:00:00,215.4868421905913,2025-08-03 10:00:00,187.9227105529056,242.59142734372674
2025-08-03 12:05:00,215.84511578954766,2025-08-03 10:05:00,188.2351553646212,242.9947656769022
2025-08-03 12:10:00,216.24193209879743,2025-08-03 10:10:00,188.58121267219389,243.44149473875848
2025-08-03 12:15:00,216.66697208464703,2025-08-03 10:15:00,188.9518834074566,243.91999753641056
2025-08-03 12:20:00,217.11515016835466,2025-08-03 10:20:00,189.3427325165927,244.4245488116789
2025-08-03 12:25:00,217.58654920055693,2025-08-03 10:25:00,189.7538322523488,244.95524183640313
2025-08-03 12:30:00,218.0860741262965,2025-08-03 10:30:00,190.1894601407128,245.51759851441204
2025-08-03 12:35:00,218.62284687020457,2025-08-03 10:35:00,190.65757126972971,246.12188815353858
2025-08-03 12:40:00,219.20937641264962,2025-08-03 10:40:00,191.16907452586887,246.7821931514426
2025-08-03 12:45:00,219.86054778023123,2025-08-03 10:45:00,191.73695090841915,247.51527081827888
2025-08-03 12:50:00,220.59248156124414,2025-08-03 10:50:00,192.37525893073231,248.33926943857497
2025-08-03 12:55:00,221.42132108704854,2025-08-03 10:55:00,193.0980769400323,249.27236290061546
2025-08-03 13:00:00,222.36200745837274,2025-08-03 11:00:00,193.91843483698023,250.3313716418568
2025-08-03 13:05:00,223.42710288005242,2025-08-03 11:05:00,194.84728792427222,251.53043797916015
2025-08-03 13:10:00,224.62572050626972,2025-08-03 11:10:00,195.89258364138158,252.8798213467359
2025-08-03 13:15:00,225.9626139233373,2025-08-03 11:15:00,197.05846751671106,254.38487325132508
2025-08-03 13:20:00,227.43747218287675,2025-08-03 11:20:00,198.34466837703485,256.0452436325241
2025-08-03 13:25:00,229.04445683821012,2025-08-03 11:25:00,199.74609460416417,257.8543596662167
2025-08-03 13:30:00,230.77200637264536,2025-08-03 11:30:00,201.2526635799086,259.7992055932593
2025-08-03 13:35:00,232.60292121978742,2025-08-03 11:35:00,202.84937583096183,261.86041843390296
2025-08-03 13:40:00,234.51472959831466,2025-08-03 11:40:00,204.5166340676983,264.01269983837227
2025-08-03 13:45:00,236.48032155997828,2025-08-03 11:45:00,206.23079612753364,266.2255298873346
2025-08-03 13:50:00,238.46882598014278,2025-08-03 11:50:00,207.964939784682,268.4641543929568
2025-08-03 13:55:00,240.4466940141972,2025-08-03 11:55:00,209.68980761557586,270.6908046357332
2025-08-03 14:00:00,242.37894246278879,2025-08-03 12:00:00,211.37489131827272,272.866097123949
2025-08-03 14:05:00,244.23050279777993,2025-08-03 12:05:00,212.98960817692915,274.9505523041927
2025-08-03 14:10:00,245.96761596375018,2025-08-03 12:10:00,214.5045174464127,276.906164805199
2025-08-03 14:15:00,247.55921029711055,2025-08-03 12:15:00,215.89252201404744,278.69795467578695
2025-08-03 14:20:00,248.97819975093483,2025-08-03 12:20:00,217.13000056121922,280.2954289043269
2025-08-03 14:25:00,250.20264235153707,2025-08-03 12:25:00,218.19781783526932,281.67388558948187
2025-08-03 14:30:00,251.21670420707315,2025-08-03 12:30:00,219.08216534634425,282.81549920471946
2025-08-03 14:35:00,252.01138228126948,2025-08-03 12:35:00,219.77519168707948,283.71013428470053
2025-08-03 14:40:00,252.58494928606012,2025-08-03 12:40:00,220.2753905165219,284.35584627785494
2025-08-03 14:45:00,252.9430957574824,2025-08-03 12:45:00,220.58772446229992,284.7590414930115
2025-08-03 14:50:00,253.09875753437143,2025-08-03 12:50:00,220.7234746674869,284.93428287784263
2025-08-03 14:55:00,253.07163054963252,2025-08-03 12:55:00,220.6998176476455,284.9037437791188
2025-08-03 15:00:00,252.88738866407485,2025-08-03 13:00:00,220.53914317592645,284.69632739332206
2025-08-03 15:05:00,252.5766336207992,2025-08-03 13:05:00,220.26813855468515,284.3464846431284
2025-08-03 15:10:00,252.17361834875769,2025-08-03 13:10:00,219.9166752284498,283.8927768942376
2025-08-03 15:15:00,251.71479542059186,2025-08-03 13:15:00,219.51654291666586,283.3762418338587
2025-08-03 15:20:00,251.23725088107588,2025-08-03 13:20:00,219.10008377993486,282.83863030136934
2025-08-03 15:25:00,250.77708959958912,2025-08-03 13:25:00,218.6987843111162,282.3205885455509
2025-08-03 15:30:00,250.36784132314787,2025-08-03 13:30:00,218.34188527906338,281.85986378616144
2025-08-03 15:35:00,250.03895686042546,2025-08-03 13:35:00,218.05507027418773,281.48961124344504
2025-08-03 15:40:00,249.81446086274954,2025-08-03 13:40:00,217.85929081980126,281.2368774618576
2025-08-03 15:45:00,249.71182194889093,2025-08-03 13:45:00,217.7697810255863,281.1213283157434
2025-08-03 15:50:00,249.74109247015406,2025-08-03 13:50:00,217.79530739016218,281.1542805714827
2025-08-03 15:55:00,249.90435929572573,2025-08-03 13:55:00,217.93768983956323,281.33808359096486
2025-08-03 16:00:00,250.1955343947072,2025-08-03 14:00:00,218.19161909709865,281.66588357239664
2025-08-03 16:05:00,250.60049973050286,2025-08-03 14:05:00,218.54478304348652,282.1217866699441
2025-08-03 16:10:00,251.09760611702143,2025-08-03 14:10:00,218.97830176155796,282.6814205975718
2025-08-03 16:15:00,251.65851056883446,2025-08-03 14:15:00,219.4674577762564,283.312877303631
2025-08-03 16:20:00,252.2493220336043,2025-08-03 14:20:00,219.98269522999882,283.9780028169688
2025-08-03 16:25:00,252.83201186951646,2025-08-03 14:25:00,220.49084993802222,284.63398513846755
2025-08-03 16:30:00,253.36603355161282,2025-08-03 14:30:00,220.95656190898706,285.23517767892747
2025-08-03 16:35:00,253.8100864885709,2025-08-03 14:35:00,221.3438135420512,285.73508493404216
2025-08-03 16:40:00,254.12395175432061,2025-08-03 14:40:00,221.61753053975042,286.0884291198765
2025-08-03 16:45:00,254.27032352552533,2025-08-03 14:45:00,221.74517907603038,286.2532119740796
2025-08-03 16:50:00,254.216559055209,2025-08-03 14:50:00,221.69829192092348,286.19268484647483
2025-08-03 16:55:00,253.93627235842547,2025-08-03 14:55:00,221.45385826893792,285.8771428433207
2025-08-03 17:00:00,253.4107021807354,2025-08-03 15:00:00,220.99551672300754,285.2854648629902
2025-08-03 17:05:00,252.62979328398026,2025-08-03 15:05:00,220.3144982669326,284.40633088913165
2025-08-03 17:10:00,251.59294105602925,2025-08-03 15:10:00,219.41027562791393,283.2390602596763
2025-08-03 17:15:00,250.30936264796233,2025-08-03 15:15:00,218.29088693949566,281.79402948677586
2025-08-03 17:20:00,248.79807274243404,2025-08-03 15:20:00,216.97291460953352,280.09264497723814
2025-08-03 17:25:00,247.08745792048484,2025-08-03 15:25:00,215.48111413213664,278.1668638619116
2025-08-03 17:30:00,245.21445987484762,2025-08-03 15:30:00,213.84770178074524,276.0582744710974
2025-08-03 17:35:00,243.22339383357664,2025-08-03 15:35:00,212.11132417382598,273.8167661359372
2025-08-03 17:40:00,241.16444350395673,2025-08-03 15:40:00,210.31574573895455,271.49883482182685
2025-08-03 17:45:00,239.09188753842972,2025-08-03 15:45:00,208.50830204144123,269.1655865138756
2025-08-03 17:50:00,237.0621238175168,2025-08-03 15:50:00,206.73817679231564,266.8805129881739
2025-08-03 17:55:00,235.1315667276577,2025-08-03 15:55:00,205.0545680971612,264.70712460289496
2025-08-03 18:00:00,233.35449843861892,2025-08-03 16:00:00,203.50481458869217,262.7065313028925
2025-08-03 18:05:00,231.78095781175725,2025-08-03 16:05:00,202.13255437661192,260.9350659884762
2025-08-03 18:10:00,230.45474987670468,2025-08-03 16:10:00,200.97598914330908,259.4420436180689
2025-08-03 18:15:00,229.41165477964478,2025-08-03 16:15:00,200.0663221956141,258.2677448725929
2025-08-03 18:20:00,228.6779079485333,2025-08-03 16:20:00,199.4264330406182,257.44170515128667
2025-08-03 18:25:00,228.2690131489436,2025-08-03 16:25:00,199.06984227020857,256.9813783301337
2025-08-03 18:30:00,228.18893754542435,2025-08-03 16:30:00,199.00000958664646,256.8912305756088
2025-08-03 18:35:00,228.42972343767013,2025-08-03 16:35:00,199.2099952037437,257.16230324385305
2025-08-03 18:40:00,228.9715353740106,2025-08-03 16:40:00,199.68250093380107,257.7722659202398
2025-08-03 18:45:00,229.7831447388809,2025-08-03 16:45:00,200.39029278877496,258.685961959719
2025-08-03 18:50:00,230.82283711714283,2025-08-03 16:50:00,201.29699227853484,259.85642998216036
2025-08-03 18:55:00,232.03971160992873,2025-08-03 16:55:00,202.3582095239236,261.22636662006425
2025-08-03 19:00:00,233.375326290866,2025-08-03 17:00:00,203.52297823343946,262.7299789452346
2025-08-03 19:05:00,234.76563081495524,2025-08-03 17:05:00,204.7354411012638,264.2951601670325
2025-08-03 19:10:00,236.14311643684255,2025-08-03 17:10:00,205.93672480462683,265.84591008643383
2025-08-03 19:15:00,237.43910547327525,2025-08-03 17:15:00,207.06693660826852,267.30491253397986
2025-08-03 19:20:00,238.58609729197974,2025-08-03 17:20:00,208.06721026470976,268.59617644421434
2025-08-03 19:25:00,239.52008592911184,2025-08-03 17:25:00,208.88172717224435,269.64764499004923
2025-08-03 19:30:00,240.1827659765583,2025-08-03 17:30:00,209.45964009481307,270.3936789332264
2025-08-03 19:35:00,240.52354783548063,2025-08-03 17:35:00,209.7568306331537,270.7773253625323
2025-08-03 19:40:00,240.50131107124457,2025-08-03 17:40:00,209.73743829825898,270.75229159100036
2025-08-03 19:45:00,240.08583477022492,2025-08-03 17:45:00,209.3751079032131,270.2845554273106
2025-08-03 19:50:00,239.2588561828913,2025-08-03 17:50:00,208.65391278929752,269.35355697819637
2025-08-03 19:55:00,238.01472309439418,2025-08-03 17:55:00,207.56892374819336,267.9529330761712
2025-08-03 20:00:00,236.3606205592174,2025-08-03 18:00:00,206.1264067537315,266.09077253354974
2025-08-03 20:05:00,234.3163684109323,2025-08-03 18:05:00,204.34364637331086,263.78938818236816
2025-08-03 20:10:00,231.91380161072942,2025-08-03 18:10:00,202.24840537952798,261.08461928128435
2025-08-03 20:15:00,229.1957604133424,2025-08-03 18:15:00,199.87804408964624,258.0246946615251
2025-08-03 20:20:00,226.21473104567403,2025-08-03 18:20:00,197.27833492264952,254.66870242596846
2025-08-03 20:25:00,223.03118935606983,2025-08-03 18:25:00,194.50201792163534,251.08472525762576
2025-08-03 20:30:00,219.71170965935826,2025-08-03 18:30:00,191.60715150710206,247.34771138950504
2025-08-03 20:35:00,216.32690806705628,2025-08-03 18:35:00,188.65531888733318,243.53715924068476
2025-08-03 20:40:00,212.94929383770702,2025-08-03 18:40:00,185.70975425457488,239.73469850301427
2025-08-03 20:45:00,209.65110395087996,2025-08-03 18:45:00,182.83345435083166,236.02165234129853
2025-08-03 20:50:00,206.50219447884638,2025-08-03 18:50:00,180.08733956602785,232.4766635353409
2025-08-03 20:55:00,203.5680584582816,2025-08-03 18:55:00,177.52852535486707,229.17346303356783
2025-08-03 21:00:00,200.90803308935824,2025-08-03 19:00:00,175.20875876315358,226.17885164821516
2025-08-03 21:05:00,198.57375056078558,2025-08-03 19:05:00,173.17306741649733,223.55095602046674
2025-08-03 21:10:00,196.60787603168868,2025-08-03 19:10:00,171.45865893401535,221.3378078618869
2025-08-03 21:15:00,195.04316468992522,2025-08-03 19:15:00,170.09409860361248,219.57628240668726
2025-08-03 21:20:00,193.90185701675,2025-08-03 19:20:00,169.09878200173748,218.2914176109563
2025-08-03 21:25:00,193.1954186621066,2025-08-03 19:25:00,168.48270814268622,217.49612130868033
2025-08-03 21:30:00,192.92461868081753,2025-08-03 19:30:00,168.2465477071618,217.19125928871782
2025-08-03 21:35:00,193.07992807614028,2025-08-03 19:35:00,168.38199060588676,217.3661039683661
2025-08-03 21:40:00,193.64220995440914,2025-08-03 19:40:00,168.87234785269075,217.9991113577366
2025-08-03 21:45:00,194.58366357211943,2025-08-03 19:45:00,169.6933748532325,219.05898385192933
2025-08-03 21:50:00,195.86897738009887,2025-08-03 19:50:00,170.81427695681867,220.5059683085791
2025-08-03 21:55:00,197.4566411169045,2025-08-03 19:55:00,172.1988537125687,222.29333318031868
2025-08-03 22:00:00,199.30036419538544,2025-08-03 20:00:00,173.8067358221902,224.36896531028265
2025-08-03 22:05:00,201.350546911594,2025-08-03 20:05:00,175.59466815829947,226.67702619411412
2025-08-03 22:10:00,203.55575268095237,2025-08-03 20:10:00,177.5177936785955,229.15960939843853
2025-08-03 22:15:00,205.86413290897258,2025-08-03 20:15:00,179.53089603336764,231.75834465612152
2025-08-03 22:20:00,208.2247614462966,2025-08-03 20:20:00,181.58956332290037,234.41590017309022
2025-08-03 22:25:00,210.5888421780936,2025-08-03 20:25:00,183.65124121733186,237.07734211196828
2025-08-03 22:30:00,212.9107611883752,2025-08-03 20:30:00,185.67615053272527,239.69131910079318
2025-08-03 22:35:00,215.14896317850048,2025-08-03 20:35:00,187.62805154196292,242.211048890085
2025-08-03 22:40:00,217.26664069396327,2025-08-03 20:40:00,189.47484503866622,244.59509427265854
2025-08-03 22:45:00,219.23223309133851,2025-08-03 20:45:00,191.18900747847883,246.80792481213757
2025-08-03 22:50:00,221.01974031596345,2025-08-03 20:50:00,192.74786461968336,248.82027008853942
2025-08-03 22:55:00,222.60886367758934,2025-08-03 20:55:00,194.13371429144917,250.60927818111298
2025-08-03 23:00:00,223.9849918446137,2025-08-03 21:00:00,195.33381417962096,252.1584999008831
2025-08-03 23:05:00,225.13905493800831,2025-08-03 21:05:00,196.3402545843115,253.4577245320729
2025-08-03 23:10:00,226.06727275163112,2025-08-03 21:10:00,197.1497388467669,254.50269638280642
2025-08-03 23:15:00,226.77082470554927,2025-08-03 21:15:00,197.7632955208127,255.2947432241654
2025-08-03 23:20:00,227.25546912359673,2025-08-03 21:20:00,198.18594635075644,255.8403476793289
2025-08-03 23:25:00,227.5311379694262,2025-08-03 21:25:00,198.42635284702615,256.1506909843035
2025-08-03 23:30:00,227.61153033424398,2025-08-03 21:30:00,198.49646177317095,256.24119534331874
2025-08-03 23:35:00,227.5137240710689,2025-08-03 21:35:00,198.4111664581621,256.1310867132716
2025-08-03 23:40:00,227.25782018336056,2025-08-03 21:40:00,198.18799667326803,255.84299446248318
2025-08-03 23:45:00,226.86662925706094,2025-08-03 21:45:00,197.84684517433377,255.40259836121677
2025-08-03 23:50:00,226.36540366425842,2025-08-03 21:50:00,197.40973416077767,254.83832710111068
2025-08-03 23:55:00,225.78161378799365,2025-08-03 21:55:00,196.90062012473834,254.1811063728649
2025-08-04 00:00:00,225.14476143864724,2025-08-03 22:00:00,196.3452311344198,253.46414881357916
2025-08-04 00:05:00,224.486219225794,2025-08-03 22:05:00,195.77092675279343,252.72277317431457
2025-08-04 00:10:00,223.83908114579225,2025-08-03 22:10:00,195.20656773736746,251.99423611413874
2025-08-04 00:15:00,223.2380072473379,2025-08-03 22:15:00,194.6823805754421,251.31755732724494
2025-08-04 00:20:00,222.7190440997917,2025-08-03 22:20:00,194.22980091734078,250.73331742924378
2025-08-04 00:25:00,222.3194028798701,2025-08-03 22:25:00,193.88128004927816,250.2834081309284
2025-08-04 00:30:00,222.07717835075286,2025-08-03 22:30:00,193.6700398194276,250.01071586972648
2025-08-04 00:35:00,222.0309946649451,2025-08-03 22:35:00,193.62976374812743,249.95872306057765
2025-08-04 00:40:00,222.21956760614867,2025-08-03 22:40:00,193.79421526585196,250.17101527526665
2025-08-04 00:45:00,222.6811776159706,2025-08-03 22:45:00,194.19677814803185,250.69068798484122
2025-08-04 00:50:00,223.45305318576635,2025-08-03 22:50:00,194.86991878070813,251.5596523926211
2025-08-04 00:55:00,224.57066997568307,2025-08-03 22:55:00,195.84457493319294,252.81784639431987
2025-08-04 01:00:00,226.0669768231579,2025-08-03 23:00:00,197.14948077216587,254.50236323155698
2025-08-04 01:05:00,227.97156547059836,2025-08-03 23:05:00,198.81044279414743,256.64651678538087
2025-08-04 01:10:00,230.30980596893002,2025-08-03 23:10:00,200.8495858244324,259.2788682282661
2025-08-04 01:15:00,233.10197426167628,2025-08-03 23:15:00,203.28459219678746,262.4222438730867
2025-08-04 01:20:00,236.36240171149223,2025-08-03 23:20:00,206.1279600688202,266.0927777245316
2025-08-04 01:25:00,240.0986787540245,2025-08-03 23:25:00,209.38630894094408,270.2990149661439
2025-08-04 01:30:00,244.31094570503615,2025-08-03 23:30:00,213.05976118034536,275.0411135630268
2025-08-04 01:35:00,248.99130326326468,2025-08-03 23:35:00,217.1414279297293,280.310180615972
2025-08-04 01:40:00,254.1233733586273,2025-08-03 23:40:00,221.6170261298971,286.0877779718278
2025-08-04 01:45:00,259.6820376894365,2025-08-03 23:45:00,226.46465050213376,292.3456278731363
2025-08-04 01:50:00,265.63337653184254,2025-08-03 23:50:00,231.65472018487822,299.04554407084316
2025-08-04 01:55:00,271.9348249340918,2025-08-03 23:55:00,237.1501149482976,306.13960766514106
2025-08-04 02:00:00,278.5355564137977,2025-08-04 00:00:00,242.90650981068603,313.57059906534096
2025-08-04 02:05:00,285.3770971129767,2025-08-04 00:05:00,248.8729106334824,321.27268939518154
2025-08-04 02:10:00,292.39416559055485,2025-08-04 00:10:00,254.99238649120332,329.17238591697077
2025-08-04 02:15:00,299.5157254349875,2025-08-04 00:15:00,261.2029876384735,337.1897170449969
2025-08-04 02:20:00,306.66623046969875,2025-08-04 00:20:00,267.4388314342475,345.239634176665
2025-08-04 02:25:00,313.7670348479107,2025-08-04 00:25:00,273.6313320634938,353.23359915330815
2025-08-04 02:30:00,320.7379343828286,2025-08-04 00:30:00,279.71054470718326,361.08131946353365
2025-08-04 02:35:00,327.49879962911996,2025-08-04 00:35:00,285.6065897271492,368.6925867386176
2025-08-04 02:40:00,333.97125762578446,2025-08-04 00:40:00,291.25111928778574,375.979170030067
2025-08-04 02:45:00,340.08037618545086,2025-08-04 00:45:00,296.57878619844644,382.85671195390626
2025-08-04 02:50:00,345.75630352888345,2025-08-04 00:50:00,301.52867381309625,389.2465745633585
2025-08-04 02:55:00,350.9358165563417,2025-08-04 00:55:00,306.0456462535905,395.0775823664483
2025-08-04 03:00:00,355.5637327938702,2025-08-04 01:00:00,310.08157974598885,400.2876118711559
2025-08-04 03:05:00,359.5941446834356,2025-08-04 01:05:00,313.5964390257118,404.8249811282914
2025-08-04 03:10:00,362.9914395685505,2025-08-04 01:10:00,316.55916685107775,408.649598013988
2025-08-04 03:15:00,365.73107481759547,2025-08-04 01:15:00,318.9483599762499,411.73383285037386
2025-08-04 03:20:00,367.80008445243834,2025-08-04 01:20:00,320.75271097414446,414.0630887594679
2025-08-04 03:25:00,369.19730164807197,2025-08-04 01:25:00,321.97120227489114,415.6360521494932
2025-08-04 03:30:00,369.93328948280293,2025-08-04 01:30:00,322.6130457741535,416.46461475461547
2025-08-04 03:35:00,370.0299810724962,2025-08-04 01:35:00,322.6973689998229,416.5734685041872
2025-08-04 03:40:00,369.5200385465904,2025-08-04 01:40:00,322.25265608500996,415.99938386883235
2025-08-04 03:45:00,368.44594851768215,2025-08-04 01:45:00,321.315958941192,414.7901915554657
2025-08-04 03:50:00,366.85887923342716,2025-08-04 01:50:00,319.93190059822984,413.0034959083121
2025-08-04 03:55:00,364.81733142514565,2025-08-04 01:55:00,318.1514986305019,410.705156057179
2025-08-04 04:00:00,362.385620448215,2025-08-04 02:00:00,316.03084145523974,407.96757713688805
2025-08-04 04:05:00,359.63223215803583,2025-08-04 02:05:00,313.6296545176287,404.86785936036006
2025-08-04 04:10:00,356.62809796773035,2025-08-04 02:10:00,311.0097959955592,401.4858561078658
2025-08-04 04:15:00,353.444836698207,2025-08-04 02:15:00,308.23372354451914,397.9021946316878
2025-08-04 04:20:00,350.1530112763946,2025-08-04 02:20:00,305.36297399134315,394.19631347659833
2025-08-04 04:25:00,346.8204474964516,2025-08-04 02:25:00,302.4566971521132,390.4445697697816
2025-08-04 04:30:00,343.5106599496396,2025-08-04 02:30:00,299.57028311017814,386.71846715941683
2025-08-04 04:35:00,340.2814267533395,2025-08-04 02:35:00,296.7541192595825,383.0830512688108
2025-08-04 04:40:00,337.18355026702204,2025-08-04 02:40:00,294.05250954481403,379.5955145314836
2025-08-04 04:45:00,334.25983542205273,2025-08-04 02:45:00,291.5027834781782,376.30404601221403
2025-08-04 04:50:00,331.5443111008194,2025-08-04 02:50:00,289.1346171166926,373.2469548488847
2025-08-04 04:55:00,329.06171300484283,2025-08-04 02:55:00,286.9695820794407,370.45208807418345
2025-08-04 05:00:00,326.82723924950085,2025-08-04 03:00:00,285.0209324055465,367.93655546829433
2025-08-04 05:05:00,324.8465823617616,2025-08-04 03:05:00,283.29363245889806,365.70676558140246
2025-08-04 05:10:00,323.11623384536824,2025-08-04 03:10:00,281.78462253469013,363.75876860800633
2025-08-04 05:15:00,321.6240501286412,2025-08-04 03:15:00,280.4833124136655,362.0788935213423
2025-08-04 05:20:00,320.3500617315616,2025-08-04 03:20:00,279.3722870240948,360.64465901994504
2025-08-04 05:25:00,319.2675010793168,2025-08-04 03:25:00,278.42820278192175,359.42593062268196
2025-08-04 05:30:00,318.34401852803205,2025-08-04 03:30:00,277.622848067817,358.38628964987004
2025-08-04 05:35:00,317.5430513041632,2025-08-04 03:35:00,276.92433705784856,357.4845743519957
2025-08-04 05:40:00,316.82530597573634,2025-08-04 03:40:00,276.2984025635031,356.67654885065974
2025-08-04 05:45:00,316.150312055495,2025-08-04 03:45:00,275.70975090473365,355.91665215861553
2025-08-04 05:50:00,315.47800241997743,2025-08-04 03:50:00,275.1234401687605,355.15977738872635
2025-08-04 05:55:00,314.770275359259,2025-08-04 03:55:00,274.5062424492626,354.3630302830371
2025-08-04 06:00:00,313.99249346140596,2025-08-04 04:00:00,273.82795100010645,353.487416631437
2025-08-04 06:05:00,313.11487592967654,2025-08-04 04:05:00,273.06259445343863,352.4994097187188
2025-08-04 06:10:00,312.1137435409892,2025-08-04 04:10:00,272.18952252852716,351.37235187767953
2025-08-04 06:15:00,310.97257908196167,2025-08-04 04:15:00,271.1943308214743,350.08764831000383
2025-08-04 06:20:00,309.68287074318874,2025-08-04 04:20:00,270.0695963161975,348.6357165652187
2025-08-04 06:25:00,308.24471144923257,2025-08-04 04:25:00,268.8154000507566,347.01666125621796
2025-08-04 06:30:00,306.6671334165675,2025-08-04 04:30:00,267.4396188801135,345.24065069891515
2025-08-04 06:35:00,304.96816423600364,2025-08-04 04:35:00,265.95797438473863,343.3279800488834
2025-08-04 06:40:00,303.1745981636627,2025-08-04 04:40:00,264.3938334170413,341.30881382461973
2025-08-04 06:45:00,301.32148410100905,2025-08-04 04:45:00,262.77776157674964,339.2226094841604
2025-08-04 06:50:00,299.4513396802194,2025-08-04 04:50:00,261.1468378270325,337.1172326557367
2025-08-04 06:55:00,297.6131086948175,2025-08-04 04:55:00,259.543745286034,335.0477834308894
2025-08-04 07:00:00,295.8608866520737,2025-08-04 05:00:00,258.01565980101986,333.0751616130041
2025-08-04 07:05:00,294.25244647103773,2025-08-04 05:05:00,256.6129642326513,331.2644069731946
2025-08-04 07:10:00,292.84760255361033,2025-08-04 05:10:00,255.38782178690875,329.6828575492978
2025-08-04 07:15:00,291.7064572404004,2025-08-04 05:15:00,254.39264677662447,328.3981755356585
2025-08-04 07:20:00,290.88757790850354,2025-08-04 05:20:00,253.6785148969169,327.476295090766
2025-08-04 07:25:00,290.446156387119,2025-08-04 05:25:00,253.29355808028862,326.9793502386148
2025-08-04 07:30:00,290.4322040901965,2025-08-04 05:30:00,253.28139049998782,326.9636429796901
2025-08-04 07:35:00,290.88883671676626,2025-08-04 05:35:00,253.6796126839483,327.4777122357299
2025-08-04 07:40:00,291.8507011521309,2025-08-04 05:40:00,254.51843963988046,328.56056288180275
2025-08-04 07:45:00,293.34259445600054,2025-08-04 05:45:00,255.81949649638653,330.240111026604
2025-08-04 07:50:00,295.37832045607576,2025-08-04 05:50:00,257.59482135607703,332.5318967849297
2025-08-04 07:55:00,297.95982370125967,2025-08-04 05:55:00,259.846110029689,335.43810929691097
2025-08-04 08:00:00,301.0766332797896,2025-08-04 06:00:00,262.56423099856255,338.94696058791186
2025-08-04 08:05:00,304.7056405932278,2025-08-04 06:05:00,265.7290316148083,343.0324353902627
2025-08-04 08:10:00,308.81122585027873,2025-08-04 06:10:00,269.3094484145898,347.65443354785054
2025-08-04 08:15:00,313.3457378201246,2025-08-04 06:15:00,273.2639255035173,352.7593101142777
2025-08-04 08:20:00,318.25032089884087,2025-08-04 06:20:00,277.54113582835504,358.28080645018537
2025-08-04 08:25:00,323.4560728372628,2025-08-04 06:25:00,282.0809908134173,364.14135357362494
2025-08-04 08:30:00,328.8855059884707,2025-08-04 06:30:00,286.8159146916853,370.2537172076602
2025-08-04 08:35:00,334.45427514234314,2025-08-04 06:35:00,291.6723513223429,376.5229429471639
2025-08-04 08:40:00,340.073125969953,2025-08-04 06:40:00,296.5724633987126,382.84854978442854
2025-08-04 08:45:00,345.6500104506829,2025-08-04 06:45:00,301.4359772792132,389.1269116210865
2025-08-04 08:50:00,351.0923094544816,2025-08-04 06:50:00,306.1821212666436,395.25375941346886
2025-08-04 08:55:00,356.3090982330931,2025-08-04 06:55:00,310.7316013077106,401.12673162415615
2025-08-04 09:00:00,361.21338823464004,2025-08-04 07:00:00,315.00855604452494,406.6478980187639
2025-08-04 09:05:00,365.7242783358273,2025-08-04 07:05:00,318.94243287061727,411.7261814866233
2025-08-04 09:10:00,369.76895054679494,2025-08-04 07:10:00,322.4697283539804,416.27960477141164
2025-08-04 09:15:00,373.28444928767476,2025-08-04 07:15:00,325.53553991637335,420.23729355048243
2025-08-04 09:20:00,376.2191895289491,2025-08-04 07:20:00,328.0948810589809,423.5411742736689
2025-08-04 09:25:00,378.5341472825073,2025-08-04 07:25:00,330.11371957107605,426.14731439789705
2025-08-04 09:30:00,380.20369559479906,2025-08-04 07:30:00,331.56970658659594,428.0268635340802
2025-08-04 09:35:00,381.21606045128516,2025-08-04 07:35:00,332.4525741712956,429.1665666966073
2025-08-04 09:40:00,381.5733831501933,2025-08-04 07:40:00,332.7641897179261,429.56883452265754
2025-08-04 09:45:00,381.29138847341056,2025-08-04 07:45:00,332.51826656325096,429.25136970462677
2025-08-04 09:50:00,380.39867092863807,2025-08-04 07:50:00,331.73974153097356,428.2463634536669
2025-08-04 09:55:00,378.9356239083682,2025-08-04 07:55:00,330.46384106800105,426.59928996504834
2025-08-04 10:00:00,376.95304852643096,2025-08-04 08:00:00,328.7348680325171,424.36734026997
2025-08-04 10:05:00,374.5104894953254,2025-08-04 08:05:00,326.604750438586,421.6175487945205
2025-08-04 10:10:00,371.67435447540623,2025-08-04 08:10:00,324.13140136994156,418.4246761549318
2025-08-04 10:15:00,368.5158804130666,2025-08-04 08:15:00,321.3769454552694,414.8689196956422
2025-08-04 10:20:00,365.1090152444173,2025-08-04 08:20:00,318.4058715350595,411.0335287472739
2025-08-04 10:25:00,361.5282857675575,2025-08-04 08:25:00,315.2831732663038,407.0024043134448
2025-08-04 10:30:00,357.84672235415627,2025-08-04 08:30:00,312.0725392958693,402.8577627463113
2025-08-04 10:35:00,354.13390856400395,2025-08-04 08:35:00,308.83465235980054,398.677940035754
2025-08-04 10:40:00,350.4542184171123,2025-08-04 08:40:00,305.62565203584063,394.53540736024354
2025-08-04 10:45:00,346.8652968209794,2025-08-04 08:45:00,302.49580954777525,390.49506037766275
2025-08-04 10:50:00,343.416829052936,2025-08-04 08:50:00,299.48845465019934,386.61283392942994
2025-08-04 10:55:00,340.1496340791629,2025-08-04 08:55:00,296.6391849261889,382.93468131444644
2025-08-04 11:00:00,337.0951040900019,2025-08-04 09:00:00,293.97537701479644,379.4959433274681
2025-08-04 11:05:00,334.2749995365205,2025-08-04 09:05:00,291.5160078656394,376.321117514751
2025-08-04 11:10:00,331.7015953717035,2025-08-04 09:10:00,289.2717822735597,373.4240228099008
2025-08-04 11:15:00,329.3781611469695,2025-08-04 09:15:00,287.2455515633003,370.80834001837815
2025-08-04 11:20:00,327.299745134301,2025-08-04 09:20:00,285.43299741017125,368.4684945688757
2025-08-04 11:25:00,325.4542214989184,2025-08-04 09:25:00,283.82354506298896,366.39083540253057
2025-08-04 11:30:00,323.82355014325344,2025-08-04 09:30:00,282.40146203433466,364.55505328387386
2025-08-04 11:35:00,322.3851913960881,2025-08-04 09:35:00,281.14709182886423,362.93577343383754
2025-08-04 11:40:00,321.1136128160757,2025-08-04 09:40:00,280.038168003132,361.50425186356887
2025-08-04 11:45:00,319.981822876168,2025-08-04 09:45:00,279.05115166783366,360.23010197031164
2025-08-04 11:50:00,318.9628665731587,2025-08-04 09:50:00,278.16253578553716,359.0829782692307
2025-08-04 11:55:00,318.0312208924874,2025-08-04 09:55:00,277.3500621337501,358.03414738398914
2025-08-04 12:00:00,317.1640334388965,2025-08-04 10:00:00,276.59380149537606,357.05788247610616
2025-08-04 12:05:00,316.342155318855,2025-08-04 10:05:00,275.87705441934935,356.13262604644865
2025-08-04 12:10:00,315.55092896501714,2025-08-04 10:10:00,275.18703827004504,355.2418768546268
2025-08-04 12:15:00,314.7807029092436,2025-08-04 10:15:00,274.51533615279266,354.3747694417196
2025-08-04 12:20:00,314.02705780559745,2025-08-04 10:20:00,273.85809402500263,353.5263285831245
2025-08-04 12:25:00,313.29074098771207,2025-08-04 10:25:00,273.2159636246679,352.6973956143541
2025-08-04 12:30:00,312.5773196416833,2025-08-04 10:30:00,272.593800007859,351.894237978968
2025-08-04 12:35:00,311.896575271875,2025-08-04 10:35:00,272.0001334718073,351.12786752846074
2025-08-04 12:40:00,311.2616733243439,2025-08-04 10:40:00,271.4464453964591,350.4131056984152
2025-08-04 12:45:00,310.6881517301537,2025-08-04 10:45:00,270.94628616889236,349.76744482774365
2025-08-04 12:50:00,310.19277999550303,2025-08-04 10:50:00,270.5142802136308,349.20976374172926
2025-08-04 12:55:00,309.79234594321076,2025-08-04 10:55:00,270.16506792883666,348.7589618861956
2025-08-04 13:00:00,309.5024303139286,2025-08-04 11:00:00,269.9122370351611,348.4325797943618
2025-08-04 13:05:00,309.33622968661297,2025-08-04 11:05:00,269.76729606306634,348.2454739507008
2025-08-04 13:10:00,309.30348589978325,2025-08-04 11:10:00,269.73874071781995,348.2086115515728
2025-08-04 13:15:00,309.4095751149814,2025-08-04 11:15:00,269.8312594659616,348.32804498833895
2025-08-04 13:20:00,309.65480247223934,2025-08-04 11:20:00,270.0451184153488,348.60411778246487
2025-08-04 13:25:00,310.03393869386247,2025-08-04 11:25:00,270.37575719455174,349.0309429019305
2025-08-04 13:30:00,310.53602415280676,2025-08-04 11:30:00,270.8136180839445,349.59618218473594
2025-08-04 13:35:00,311.14445347960145,2025-08-04 11:35:00,271.3442198000809,350.28114158793863
2025-08-04 13:40:00,311.8373410445385,2025-08-04 11:40:00,271.9484762270056,351.0611826412951
2025-08-04 13:45:00,312.5881546127212,2025-08-04 11:45:00,272.60324901692843,351.90643580535317
2025-08-04 13:50:00,313.3665919899913,2025-08-04 11:50:00,273.28211209944976,352.78278738454907
2025-08-04 13:55:00,314.13966411096965,2025-08-04 11:55:00,273.9562962257299,353.65309884932935
2025-08-04 14:00:00,314.8729380681238,2025-08-04 12:00:00,274.5957729947309,354.4786062171652
2025-08-04 14:05:00,315.53188579148787,2025-08-04 12:05:00,275.1704310157423,355.2204383732761
2025-08-04 14:10:00,316.08327851963764,2025-08-04 12:10:00,275.65129200474604,355.841186942372
2025-08-04 14:15:00,316.49656440602865,2025-08-04 12:15:00,276.0117121733945,356.3064571744725
2025-08-04 14:20:00,316.74516642228144,2025-08-04 12:20:00,276.2285141102006,356.58632910238333
2025-08-04 14:25:00,316.80764052306256,2025-08-04 12:25:00,276.2829967980473,356.65666138405044
2025-08-04 14:30:00,316.6686393437148,2025-08-04 12:30:00,276.1617760398444,356.5001762169858
2025-08-04 14:35:00,316.3196347133875,2025-08-04 12:35:00,275.8574145509484,356.1072727312788
2025-08-04 14:40:00,315.7593622553803,2025-08-04 12:40:00,275.3688096881805,355.4765275131131
2025-08-04 14:45:00,314.9939632062277,2025-08-04 12:45:00,274.7013171280354,354.6148542622831
2025-08-04 14:50:00,314.03681164820244,2025-08-04 12:50:00,273.866600198846,353.5373092934805
2025-08-04 14:55:00,312.9080290394559,2025-08-04 12:55:00,272.8822065100981,352.2665450025713
2025-08-04 15:00:00,311.63370183568185,2025-08-04 13:00:00,271.7708856524992,350.8319290783514
2025-08-04 15:05:00,310.24483121078475,2025-08-04 13:05:00,270.55967326577206,349.26836211591217
2025-08-04 15:10:00,308.77605614955104,2025-08-04 13:10:00,269.2787774677102,347.61484009605533
2025-08-04 15:15:00,307.2642017099375,2025-08-04 13:15:00,267.96031281638665,345.9128200436318
2025-08-04 15:20:00,305.7467126682051,2025-08-04 13:20:00,266.6369343165316,344.2044566518349
2025-08-04 15:25:00,304.2600386715151,2025-08-04 13:25:00,265.3404291363248,342.5307843144175
2025-08-04 15:30:00,302.8380401594204,2025-08-04 13:30:00,264.1003264364176,340.9299225391793
2025-08-04 15:35:00,301.51048435764056,2025-08-04 13:35:00,262.94258574958695,339.4353827633011
2025-08-04 15:40:00,300.301697938083,2025-08-04 13:40:00,261.8884219865769,338.07455154087864
2025-08-04 15:45:00,299.2294370114489,2025-08-04 13:45:00,260.9533199742933,336.86741839978873
2025-08-04 15:50:00,298.30402675385983,2025-08-04 13:50:00,260.1462841376189,335.82560724795746
2025-08-04 15:55:00,297.5278121100584,2025-08-04 13:55:00,259.4693594662508,334.9517579843521
2025-08-04 16:00:00,296.89494825845753,2025-08-04 14:00:00,258.9174487825414,334.23929060809206
2025-08-04 16:05:00,296.39154542778385,2025-08-04 14:05:00,258.47843903383233,333.6725682505664
2025-08-04 16:10:00,295.9961676833768,2025-08-04 14:10:00,258.1336362761979,333.2274587005791
2025-08-04 16:15:00,295.6806702106325,2025-08-04 14:15:00,257.85849585626323,332.8722770038299
2025-08-04 16:20:00,295.41134500624923,2025-08-04 14:20:00,257.62362155065176,332.5690752626619
2025-08-04 16:25:00,295.15033130918323,2025-08-04 14:25:00,257.3959955807993,332.2752304752781
2025-08-04 16:30:00,294.8572352891604,2025-08-04 14:30:00,257.1403911180162,331.9452679535608
2025-08-04 16:35:00,294.490893845835,2025-08-04 14:35:00,256.8209104651943,331.53284697821016
2025-08-04 16:40:00,294.01121034147474,2025-08-04 14:40:00,256.40258597061955,330.99282743542494
2025-08-04 16:45:00,293.38098604681903,2025-08-04 14:45:00,255.85297720330908,330.2833316275463
2025-08-04 16:50:00,292.56767013968306,2025-08-04 14:50:00,255.1436970994705,329.3677143917665
2025-08-04 16:55:00,291.54495341706064,2025-08-04 14:55:00,254.25180181394305,328.21635727414804
2025-08-04 17:00:00,290.29413632194024,2025-08-04 15:00:00,253.160983755024,326.80820863098023
2025-08-04 17:05:00,288.80521027733806,2025-08-04 15:05:00,251.86251459899552,325.1320009762696
2025-08-04 17:10:00,287.0776023621971,2025-08-04 15:10:00,250.3558947103492,323.18708932522003
2025-08-04 17:15:00,285.1205465404694,2025-08-04 15:15:00,248.64917688487222,320.983869117629
2025-08-04 17:20:00,282.95305950911103,2025-08-04 15:20:00,246.7589452870614,318.543749027971
2025-08-04 17:25:00,280.60351517099264,2025-08-04 15:25:00,244.70994435459184,315.898671914226
2025-08-04 17:30:00,278.1088279710057,2025-08-04 15:30:00,242.53436659848674,313.09019543153806
2025-08-04 17:35:00,275.5132714330208,2025-08-04 15:35:00,240.2708222676453,310.1681619611873
2025-08-04 17:40:00,272.8669732415907,2025-08-04 15:40:00,237.96302693309326,307.1890043991291
2025-08-04 17:45:00,270.2241418629109,2025-08-04 15:45:00,235.65825495181141,304.21374971598857
2025-08-04 17:50:00,267.64109097729147,2025-08-04 15:50:00,233.40561660513984,301.3057948966884
2025-08-04 17:55:00,265.1741369288505,2025-08-04 15:55:00,231.2542244974841,298.5285399250212
2025-08-04 18:00:00,262.87745017801717,2025-08-04 16:00:00,229.2513198415896,295.9429689853659
2025-08-04 18:05:00,260.8009444017713,2025-08-04 16:05:00,227.44043157581905,293.60527404758665
2025-08-04 18:10:00,258.9882861645839,2025-08-04 16:10:00,225.85964062925618,291.5646141883795
2025-08-04 18:15:00,257.4751040751787,2025-08-04 16:15:00,224.54001815527874,289.8610994903679
2025-08-04 18:20:00,256.2874691775421,2025-08-04 16:20:00,223.5043003042849,288.5240802921096
2025-08-04 18:25:00,255.4407082225052,2025-08-04 16:25:00,222.76585329636893,287.57081118939726
2025-08-04 18:30:00,254.93859897146177,2025-08-04 16:30:00,222.32797165825798,287.0055451218506
2025-08-04 18:35:00,254.7729821770599,2025-08-04 16:35:00,222.18353983773153,286.81909654736876
2025-08-04 18:40:00,254.92380895102104,2025-08-04 16:40:00,222.31507351235683,286.9888947680161
2025-08-04 18:45:00,255.35962561315336,2025-08-04 16:45:00,222.69514241874316,287.4795297648079
2025-08-04 18:50:00,256.0384813258,2025-08-04 16:50:00,223.28716188637287,288.2437739971575
2025-08-04 18:55:00,256.90922769410344,2025-08-04 16:55:00,224.04652619870038,289.22404547078315
2025-08-04 19:00:00,257.9131644986784,2025-08-04 17:00:00,224.92204381092043,290.3542604756015
2025-08-04 19:05:00,258.9859726087086,2025-08-04 17:05:00,225.85762301330024,291.562009626466
2025-08-04 19:10:00,260.0598643003779,2025-08-04 17:10:00,226.7941471903089,292.7709786551374
2025-08-04 19:15:00,261.0658730227266,2025-08-04 17:15:00,227.67147168966937,293.90352618979824
2025-08-04 19:20:00,261.936199705169,2025-08-04 17:20:00,228.43047000051024,294.88332518820897
2025-08-04 19:25:00,262.6065306984672,2025-08-04 17:25:00,229.01505519349763,295.63797243629074
2025-08-04 19:30:00,263.01824398685426,2025-08-04 17:30:00,229.37410392398073,296.1014722642656
2025-08-04 19:35:00,263.1204247810919,2025-08-04 17:35:00,229.46321419922717,296.21650566709076
2025-08-04 19:40:00,262.8716192105811,2025-08-04 17:40:00,229.2462347459309,295.9364045812532
2025-08-04 19:45:00,262.24126501997597,2025-08-04 17:45:00,228.69651269839107,295.2267625387208
2025-08-04 19:50:00,261.2107505725493,2025-08-04 17:50:00,227.79781713881223,294.0666268749457
2025-08-04 19:55:00,259.77406756855885,2025-08-04 17:55:00,226.54490832280027,292.44923354811675
2025-08-04 20:00:00,257.93803814614574,2025-08-04 18:00:00,224.94373573050996,290.38226280549327
2025-08-04 20:05:00,255.7221127478629,2025-08-04 18:05:00,223.01126178920072,287.8876116249762
2025-08-04 20:10:00,253.15775084061409,2025-08-04 18:10:00,220.77492180876428,285.0006965401324
2025-08-04 20:15:00,250.28741145684378,2025-08-04 18:15:00,218.2717436484579,281.7693172086098
2025-08-04 20:20:00,247.16319423880563,2025-08-04 18:20:00,215.54716259282898,278.2521265228538
2025-08-04 20:25:00,243.84518347601974,2025-08-04 18:25:00,212.65357721263695,274.5167663555998
2025-08-04 20:30:00,240.3995573240725,2025-08-04 18:30:00,209.6487004440907,270.6377389505092
2025-08-04 20:35:00,236.89653151565807,2025-08-04 18:35:00,206.59376633135363,266.6940919869811
2025-08-04 20:40:00,233.4082111013596,2025-08-04 18:40:00,203.55165656322123,262.7670001064084
2025-08-04 20:45:00,230.00642540621033,2025-08-04 18:45:00,200.5850123725419,258.93732754304216
2025-08-04 20:50:00,226.76061979729093,2025-08-04 18:50:00,197.75439597965575,255.2832547117572
2025-08-04 20:55:00,223.7358739301881,2025-08-04 18:55:00,195.1165623360734,251.8780471835708
2025-08-04 21:00:00,220.99110935096115,2025-08-04 19:00:00,192.7228960021368,248.78803783437706
2025-08-04 21:05:00,218.57754069722355,2025-08-04 19:05:00,190.61806046366462,246.0708832334274
2025-08-04 21:10:00,216.5374140908435,2025-08-04 19:10:00,188.8388979039249,243.77414334725879
2025-08-04 21:15:00,214.90306456508733,2025-08-04 19:15:00,187.41360720056352,241.9342204071794
2025-08-04 21:20:00,213.69631173108104,2025-08-04 19:20:00,186.36121689576112,240.57567856083435
2025-08-04 21:25:00,212.92820004045407,2025-08-04 19:25:00,185.6913586833403,239.71095146430105
2025-08-04 21:30:00,212.59907740720814,2025-08-04 19:30:00,185.4043359736698,239.34043079325406
2025-08-04 21:35:00,212.69899413176006,2025-08-04 19:35:00,185.49147178909354,239.45291534487748
2025-08-04 21:40:00,213.20839345291648,2025-08-04 19:40:00,185.93571098352592,240.0263884495507
2025-08-04 21:45:00,214.09905596695336,2025-08-04 19:45:00,186.71244385558515,241.0290811818088
2025-08-04 21:50:00,215.3352530494876,2025-08-04 19:50:00,187.79051202979858,242.4207708630975
2025-08-04 21:55:00,216.87505934377037,2025-08-04 19:55:00,189.13335305715054,244.15425863880367
2025-08-04 22:00:00,218.67177149384224,2025-08-04 20:00:00,190.7002376701155,246.1769666639472
2025-08-04 22:05:00,220.67537974883817,2025-08-04 20:05:00,192.4475531457954,248.43259481031558
2025-08-04 22:10:00,222.83404054904284,2025-08-04 20:10:00,194.3300875252262,250.86277847883596
2025-08-04 22:15:00,225.09550177912257,2025-08-04 20:15:00,196.30227255446806,253.40869312545885
2025-08-04 22:20:00,227.4084375562186,2025-08-04 20:20:00,198.31934773246078,256.0125569429249
2025-08-04 22:25:00,229.72365619972047,2025-08-04 20:25:00,200.33841376260233,258.6189907726209
2025-08-04 22:30:00,231.9951527228227,2025-08-04 20:30:00,202.31935041420226,261.17620298170004
2025-08-04 22:35:00,234.18098562044045,2025-08-04 20:35:00,204.22558115553323,263.6369765360267
2025-08-04 22:40:00,236.24396641279097,2025-08-04 20:40:00,206.02467449402207,265.95944527663016
2025-08-04 22:45:00,238.1521589585178,2025-08-04 20:45:00,207.68877941942938,268.1076560379401
2025-08-04 22:50:00,239.87919355891972,2025-08-04 20:50:00,209.19489932924336,270.0519222609931
2025-08-04 22:55:00,241.404408050086,2025-08-04 20:55:00,210.52501507292772,271.768982832562
2025-08-04 23:00:00,242.71283412583904,2025-08-04 21:00:00,211.66607302437396,273.2419866877577
2025-08-04 23:05:00,243.79505172303547,2025-08-04 21:05:00,212.60985809359562,274.46032887947337
2025-08-04 23:10:00,244.64693756218165,2025-08-04 21:10:00,213.3527744329255,275.41936748968044
2025-08-04 23:15:00,245.26933538006503,2025-08-04 21:15:00,213.89555785204215,276.12005238292517
2025-08-04 23:20:00,245.6676755085229,2025-08-04 21:20:00,214.24294405855395,276.568496934567
2025-08-04 23:25:00,245.85156988189496,2025-08-04 21:25:00,214.40331547032181,276.775522097047
2025-08-04 23:30:00,245.83440580294456,2025-08-04 21:30:00,214.38834694506193,276.7561990684607
2025-08-04 23:35:00,245.63295783755774,2025-08-04 21:35:00,214.2126673197724,276.5294123702016
2025-08-04 23:40:00,245.26703246441838,2025-08-04 21:40:00,213.89354951526346,276.11745979960034
2025-08-04 23:45:00,244.75915475200415,2025-08-04 21:45:00,213.45063729205737,275.5456996962078
2025-08-04 23:50:00,244.13430080454648,2025-08-04 21:50:00,212.905711920688,274.8422497340006
2025-08-04 23:55:00,243.41967421432824,2025-08-04 21:55:00,212.2824972292396,274.0377352551746
2025-08-05 00:00:00,242.64451970743622,2025-08-04 22:00:00,211.60649708671764,273.1650794756976
2025-08-05 00:05:00,241.83996271917596,2025-08-04 22:05:00,210.9048554992725,272.25932288203614
2025-08-05 00:10:00,241.03886019399755,2025-08-04 22:10:00,210.20622649514445,271.3574552642453
2025-08-05 00:15:00,240.27564544345609,2025-08-04 22:15:00,209.54063882771345,270.49824105969594
2025-08-05 00:20:00,239.58614879490048,2025-08-04 22:20:00,208.93933956602066,269.72201744241414
2025-08-05 00:25:00,239.00737585596926,2025-08-04 22:25:00,208.43460072269755,269.0704446970162
2025-08-05 00:30:00,238.57722667369407,2025-08-04 22:30:00,208.05947433700496,268.58619005279724
2025-08-05 00:35:00,238.33414166519935,2025-08-04 22:35:00,207.84748369652445,268.3125290785256
2025-08-05 00:40:00,238.31666402882112,2025-08-04 22:40:00,207.8322417227275,268.2928530523122
2025-08-05 00:45:00,238.5629129008165,2025-08-04 22:45:00,208.0469915191677,268.5700758503813
2025-08-05 00:50:00,239.1099668629111,2025-08-04 22:50:00,208.52406873803844,269.18593991033714
2025-08-05 00:55:00,239.99316319307164,2025-08-04 22:55:00,209.29429046771298,270.1802273395848
2025-08-05 01:00:00,241.24532397360062,2025-08-04 23:00:00,210.38628033369713,271.5898886809659
2025-08-05 01:05:00,242.89592589439806,2025-08-04 23:05:00,211.8257444970159,273.4481082913697
2025-08-05 01:10:00,244.9702357775928,2025-08-04 23:10:00,213.6347177587423,275.78333113004464
2025-08-05 01:15:00,247.48843820707214,2025-08-04 23:15:00,215.83080277933078,278.618280658738
2025-08-05 01:20:00,250.46478511730294,2025-08-04 23:20:00,218.42642844830613,281.96900146323316
2025-08-05 01:25:00,253.90679952821128,2025-08-04 23:25:00,221.42815547388457,285.8439628316001
2025-08-05 01:30:00,257.81456635363577,2025-08-04 23:30:00,224.836057908099,290.2432603583963
2025-08-05 01:35:00,262.1801429755486,2025-08-04 23:35:00,228.64320911778006,295.1579523791348
2025-08-05 01:40:00,266.98712009171464,2025-08-04 23:40:00,232.83529880665643,300.56956558003714
2025-08-05 01:45:00,272.2103602455428,2025-08-04 23:45:00,237.39040499132082,306.44980063938016
2025-08-05 01:50:00,277.81593668964445,2025-08-04 23:50:00,242.27894068509366,312.7604634011289
2025-08-05 01:55:00,283.76128950780134,2025-08-04 23:55:00,247.46379004955375,319.4536406343962
2025-08-05 02:00:00,289.9956093270157,2025-08-05 00:00:00,252.90064302382606,326.47213200995236
2025-08-05 02:05:00,296.46045143298255,2025-08-05 00:05:00,258.5385308850966,333.75014146099437
2025-08-05 02:10:00,303.0905755237939,2025-08-05 00:10:00,264.3205585847061,341.21422256360466
2025-08-05 02:15:00,309.8149982603539,2025-08-05 00:15:00,270.1848226609334,348.78446348013296
2025-08-05 02:20:00,316.5582384024692,2025-08-05 00:20:00,276.06549710273833,356.37588871226114
2025-08-05 02:25:00,323.24172685349413,2025-08-05 00:25:00,281.8940630276813,363.9000465053175
2025-08-05 02:30:00,329.7853478922445,2025-08-05 00:30:00,287.60065276621094,371.2667439409914
2025-08-05 02:35:00,336.1090721556744,2025-08-05 00:35:00,293.11547396036,378.3858853214975
2025-08-05 02:40:00,342.1346382899622,2025-08-05 00:40:00,298.37027610540065,385.1693653438091
2025-08-05 02:45:00,347.78723712378894,2025-08-05 00:45:00,303.2998192910648,391.53296511333315
2025-08-05 02:50:00,352.99715117200475,2025-08-05 00:50:00,307.8433039870929,397.39819786929394
2025-08-05 02:55:00,357.7013027722431,2025-08-05 00:55:00,311.9457211490034,402.69405185064164
2025-08-05 03:00:00,361.84466589837996,2025-08-05 01:00:00,315.5590834385669,407.35857969166824
2025-08-05 03:05:00,365.38150029949674,2025-08-05 01:05:00,318.6435014971264,411.34028779469213
2025-08-05 03:10:00,368.27637131914156,2025-08-05 01:10:00,321.16807331405226,414.59928442526365
2025-08-05 03:15:00,370.50492483183876,2025-08-05 01:15:00,323.1115600367722,417.10815212252623
2025-08-05 03:20:00,372.0543937323579,2025-08-05 01:20:00,324.46282767215496,418.852517896234
2025-08-05 03:25:00,372.923820201945,2025-08-05 01:25:00,325.22104092142024,419.8313034503005
2025-08-05 03:30:00,373.12398629568355,2025-08-05 01:30:00,325.3956026464599,420.05664703922787
2025-08-05 03:35:00,372.67705385911614,2025-08-05 01:35:00,325.0058398467458,419.5534980923553
2025-08-05 03:40:00,371.6159232830127,2025-08-05 01:40:00,324.0804444393754,418.358895310867
2025-08-05 03:45:00,369.9833287604379,2025-08-05 01:45:00,322.6566842468866,416.5209481235642
2025-08-05 03:50:00,367.8306952173053,2025-08-05 01:50:00,320.77940614424125,414.0975498386951
2025-08-05 03:55:00,365.2167889011042,2025-08-05 01:55:00,318.4998592583233,411.1548584996613
2025-08-05 04:00:00,362.20619930061184,2025-08-05 02:00:00,315.87437107382186,407.7655878560103
2025-08-05 04:05:00,358.8676947550661,2025-08-05 02:05:00,312.96291338566635,404.00715613616944
2025-08-05 04:10:00,355.2724972624317,2025-08-05 02:10:00,309.8275977862512,399.9597438558904
2025-08-05 04:15:00,351.49252405293294,2025-08-05 02:15:00,306.53114216916947,395.7043142115954
2025-08-05 04:20:00,347.5986440270082,2025-08-05 02:20:00,303.1353501959762,391.32065020783773
2025-08-05 04:25:00,343.65899624135966,2025-08-05 02:25:00,299.6996448741263,386.88546163745286
2025-08-05 04:30:00,339.7374155359225,2025-08-05 02:30:00,296.27969557083696,382.4706126791383
2025-08-05 04:35:00,335.8920069939509,2025-08-05 02:35:00,292.9261748219856,378.141517048828
2025-08-05 04:40:00,332.1739063434196,2025-08-05 02:40:00,289.68367729752725,373.95574248064236
2025-08-05 04:45:00,328.62625800371376,2025-08-05 02:45:00,286.5898285719685,369.961860229207
2025-08-05 04:50:00,325.28343615004536,2025-08-05 02:50:00,283.67460582680786,366.19856815720215
2025-08-05 04:55:00,322.17052727009286,2025-08-05 02:55:00,280.9598865962597,362.6941082064144
2025-08-05 05:00:00,319.3030854513751,2025-08-05 03:00:00,278.45923535719436,359.4659909044189
2025-08-05 05:05:00,316.6871640539216,2025-08-05 03:05:00,276.1779311503787,356.521031021133
2025-08-05 05:10:00,314.3196199527699,2025-08-05 03:10:00,274.11323290560864,353.85569007985356
2025-08-05 05:15:00,312.1886791543264,2025-08-05 03:15:00,272.2548727069052,351.4567131185495
2025-08-05 05:20:00,310.2747456509706,2025-08-05 03:20:00,270.5857611819865,349.302039284639
2025-08-05 05:25:00,308.5514288822065,2025-08-05 03:25:00,269.0828835350953,347.36195853330435
2025-08-05 05:30:00,306.98675943502207,2025-08-05 03:30:00,267.7183597403007,345.60048024231025
2025-08-05 05:35:00,305.5445576408728,2025-08-05 03:35:00,266.46063807355927,343.97687395524565
2025-08-05 05:40:00,304.18591571330757,2025-08-05 03:40:00,265.2757876617969,342.44733794689125
2025-08-05 05:45:00,302.8707509984728,2025-08-05 03:45:00,264.12885304842183,340.96674784625907
2025-08-05 05:50:00,301.55938605639193,2025-08-05 03:50:00,262.9852321575373,339.49043546526207
2025-08-05 05:55:00,300.21411036915725,2025-08-05 03:55:00,261.8120382352724,337.97594694327415
2025-08-05 06:00:00,298.8006788710447,2025-08-05 04:00:00,260.5794066944972,336.38472976688416
2025-08-05 06:05:00,297.2897039218954,2025-08-05 04:05:00,259.2617090330756,334.68369982988906
2025-08-05 06:10:00,295.65789991936566,2025-08-05 04:10:00,257.83863824077525,332.8466425966276
2025-08-05 06:15:00,293.8891433866998,2025-08-05 04:15:00,256.2961332852627,330.85540653079187
2025-08-05 06:20:00,291.97531602002914,2025-08-05 04:20:00,254.62711432049002,328.700852183759
2025-08-05 06:25:00,289.9169036685107,2025-08-05 04:25:00,252.83200504792111,326.3835265162589
2025-08-05 06:30:00,287.72333055216933,2025-08-05 04:30:00,250.91902418269382,323.9140391551446
2025-08-05 06:35:00,285.41301499480136,2025-08-05 04:35:00,248.90423405741493,321.31312513654944
2025-08-05 06:40:00,283.0131403690933,2025-08-05 04:40:00,246.81134086697452,318.61138703979094
2025-08-05 06:45:00,280.55914273403414,2025-08-05 04:45:00,244.67124784513302,315.8487181782714
2025-08-05 06:50:00,278.09392459330184,2025-08-05 04:50:00,242.5213695954863,313.07341746202184
2025-08-05 06:55:00,275.6668119668204,2025-08-05 04:55:00,240.40472256985416,310.3410152865732
2025-08-05 07:00:00,273.33227962397905,2025-08-05 05:00:00,238.36881336407473,307.7128384221637
2025-08-05 07:05:00,271.1484764380356,2025-08-05 05:05:00,236.4643527026038,305.2543498827696
2025-08-05 07:10:00,269.1755891401358,2025-08-05 05:10:00,234.74382849394328,303.0333068681687
2025-08-05 07:15:00,267.4740884329655,2025-08-05 05:15:00,233.25997629374112,301.11778626847604
2025-08-05 07:20:00,266.1029057727355,2025-08-05 05:20:00,232.06418930482758,299.57413211626584
2025-08-05 07:25:00,265.11759247465767,2025-08-05 05:25:00,231.20491296184403,298.4648831387805
2025-08-05 07:30:00,264.56851450969884,2025-08-05 05:30:00,230.72607064167735,297.8467404907736
2025-08-05 07:35:00,264.4991369183487,2025-08-05 05:35:00,230.6655675274936,297.76863637666526
2025-08-05 07:40:00,264.9444503870566,2025-08-05 05:40:00,231.05391845061533,298.26996271701637
2025-08-05 07:45:00,265.92958994107823,2025-08-05 05:45:00,231.91304327412027,299.3790160963939
2025-08-05 07:50:00,267.4686912498309,2025-08-05 05:50:00,233.2552694945988,301.111710211363
2025-08-05 07:55:00,269.5640242810723,2025-08-05 05:55:00,235.08257671549003,303.4706005530746
2025-08-05 08:00:00,272.20543682896374,2025-08-05 06:00:00,237.3861113565944,306.4442579406094
2025-08-05 08:05:00,275.3701320271061,2025-08-05 06:05:00,240.14599262666593,310.0070180489327
2025-08-05 08:10:00,279.0227945465001,2025-08-05 06:10:00,243.3314225786832,314.1191234804142
2025-08-05 08:15:00,283.11607010790885,2025-08-05 06:15:00,246.9011042850936,318.72726359170264
2025-08-05 08:20:00,287.5913922676803,2025-08-05 06:20:00,250.80396286482016,323.7655052751634
2025-08-05 08:25:00,292.38013988928367,2025-08-05 06:25:00,254.98015489611618,329.15659602067694
2025-08-05 08:30:00,297.4050981751542,2025-08-05 06:30:00,259.36234255962495,334.81360872047713
2025-08-05 08:35:00,302.58218621899397,2025-08-05 06:35:00,263.8772002097682,340.64188651819256
2025-08-05 08:40:00,307.8224052527804,2025-08-05 06:40:00,268.4471134105431,346.5412361122418
2025-08-05 08:45:00,313.03395383324363,2025-08-05 06:45:00,272.9920235566233,352.4083089968476
2025-08-05 08:50:00,318.1244502200709,2025-08-05 06:50:00,277.4313659746919,358.13910337767703
2025-08-05 08:55:00,323.00319763210314,2025-08-05 06:55:00,281.6860454180018,363.6315143587967
2025-08-05 09:00:00,327.583425890176,2025-08-05 07:00:00,285.6803909680971,368.78785754611397
2025-08-05 09:05:00,331.7844424436945,2025-08-05 07:05:00,289.3440319115035,373.5172906365636
2025-08-05 09:10:00,335.53362789221535,2025-08-05 07:10:00,292.6136380029436,377.73805994241553
2025-08-05 09:15:00,338.76821508444164,2025-08-05 07:15:00,295.4344709897914,381.37950327070877
2025-08-05 09:20:00,341.4367970982985,2025-08-05 07:20:00,297.7616996979515,384.3837475816108
2025-08-05 09:25:00,343.5005175700431,2025-08-05 07:25:00,299.5614380992909,386.70704904071425
2025-08-05 09:30:00,344.93390653571964,2025-08-05 07:30:00,300.8114742359211,388.32073399515184
2025-08-05 09:35:00,345.7253361955151,2025-08-05 07:35:00,301.5016676851767,389.211712065368
2025-08-05 09:40:00,345.8770831618724,2025-08-05 07:40:00,301.63400384522316,389.3825462229874
2025-08-05 09:45:00,345.40499650845175,2025-08-05 07:45:00,301.22230444573876,388.8510790859733
2025-08-05 09:50:00,344.33778389112643,2025-08-05 07:50:00,300.2916049851812,387.6496292457682
2025-08-05 09:55:00,342.7159406139131,2025-08-05 07:55:00,298.8772207859067,385.82378562790586
2025-08-05 10:00:00,340.59035836410055,2025-08-05 08:00:00,297.0235336937982,383.4308412296467
2025-08-05 10:05:00,338.0206610094484,2025-08-05 08:05:00,294.78254075298673,380.53791958872773
2025-08-05 10:10:00,335.0733238801746,2025-08-05 08:10:00,292.2122140610374,377.21985750296335
2025-08-05 10:15:00,331.81964002857467,2025-08-05 08:15:00,289.37472717571717,373.55691547986413
2025-08-05 10:20:00,328.33360188109907,2025-08-05 08:20:00,286.33460773684664,369.63239293652106
2025-08-05 10:25:00,324.68976907298133,2025-08-05 08:25:00,283.15687803816996,365.53022784404016
2025-08-05 10:30:00,320.9611931278265,2025-08-05 08:30:00,279.9052451728272,361.3326603670683
2025-08-05 10:35:00,317.21746702338544,2025-08-05 08:35:00,276.64040009011916,357.1180370980658
2025-08-05 10:40:00,313.52296247940427,2025-08-05 08:40:00,273.41848036176333,352.9588266259036
2025-08-05 10:45:00,309.93531034817465,2025-08-05 08:45:00,270.2897449542192,348.9199087853518
2025-08-05 10:50:00,306.5041701319835,2025-08-05 08:50:00,267.29750114406846,345.05718940072194
2025-08-05 10:55:00,303.2703232806111,2025-08-05 08:55:00,264.47731379692,341.4165795355888
2025-08-05 11:00:00,300.26511278524714,2025-08-05 09:00:00,261.856516646014,338.03336459713853
2025-08-05 11:05:00,297.510238227154,2025-08-05 09:05:00,259.45403355736113,334.93197360543405
2025-08-05 11:10:00,295.01790206210484,2025-08-05 09:10:00,257.28050610211716,332.12614387795173
2025-08-05 11:15:00,292.79128978250225,2025-08-05 09:15:00,255.33871229846946,329.61946158793927
2025-08-05 11:20:00,290.8253540816754,2025-08-05 09:20:00,253.6242504690769,327.40624456326475
2025-08-05 11:25:00,289.10786212734695,2025-08-05 09:25:00,252.12645255190876,325.47272128909935
2025-08-05 11:30:00,287.62065545275226,2025-08-05 09:30:00,250.8294828316183,323.79844927194324
2025-08-05 11:35:00,286.3410647613713,2025-08-05 09:35:00,249.7135717686593,322.3579078027648
2025-08-05 11:40:00,285.24341682570173,2025-08-05 09:40:00,248.75633014217806,321.1221943980482
2025-08-05 11:45:00,284.3005682693764,2025-08-05 09:45:00,247.93408663745012,320.0607515056528
2025-08-05 11:50:00,283.48540130900244,2025-08-05 09:50:00,247.22319225898428,319.1430503855739
2025-08-05 11:55:00,282.7722193397155,2025-08-05 09:55:00,246.6012373988944,318.34016223645847
2025-08-05 12:00:00,282.1379857017404,2025-08-05 10:00:00,246.0481321458753,317.6261527779612
2025-08-05 12:05:00,281.563356713775,2025-08-05 10:05:00,245.5470071774876,316.9792452221843
2025-08-05 12:10:00,281.03346964062786,2025-08-05 10:10:00,245.0849009344313,316.38270735426164
2025-08-05 12:15:00,280.53845762983826,2025-08-05 10:15:00,244.65320868873238,315.825431239261
2025-08-05 12:20:00,280.07367592773556,2025-08-05 10:20:00,244.2478798232359,315.3021878923813
2025-08-05 12:25:00,279.63963657882744,2025-08-05 10:25:00,243.86936088396214,314.8135537646333
2025-08-05 12:30:00,279.24166181093665,2025-08-05 10:30:00,243.5222933026963,314.365520529713
2025-08-05 12:35:00,278.88927869619766,2025-08-05 10:35:00,243.21498549029513,313.9688136036319
2025-08-05 12:40:00,278.59538895054374,2025-08-05 10:40:00,242.95868883178204,313.63795751907884
2025-08-05 12:45:00,278.37525772650656,2025-08-05 10:45:00,242.76671582833615,313.3901375255274
2025-08-05 12:50:00,278.2453728875319,2025-08-05 10:50:00,242.65344528823397,313.24391537963277
2025-08-05 12:55:00,278.22223199146396,2025-08-05 10:55:00,242.6332644740854,313.2178637518393
2025-08-05 13:00:00,278.3211171135232,2025-08-05 11:00:00,242.7195006450823,313.32918694289606
2025-08-05 13:05:00,278.55491801668273,2025-08-05 11:05:00,242.9233947622581,313.5923960290525
2025-08-05 13:10:00,278.93306179742837,2025-08-05 11:10:00,243.2531680492674,314.01810387543276
2025-08-05 13:15:00,279.4606022310322,2025-08-05 11:15:00,243.71322782461743,314.61199993641037
2025-08-05 13:20:00,280.13751464740585,2025-08-05 11:20:00,244.30355257390926,315.3740564388186
2025-08-05 13:25:00,280.95823283013414,2025-08-05 11:25:00,245.01928808671585,316.29800703074807
2025-08-05 13:30:00,281.9114533367794,2025-08-05 11:30:00,245.8505768073745,317.37112648866776
2025-08-05 13:35:00,282.98022037740327,2025-08-05 11:35:00,246.7826318562206,318.5743262722237
2025-08-05 13:40:00,284.1422915938989,2025-08-05 11:40:00,247.79605602003207,319.8825663123993
2025-08-05 13:45:00,285.37077197244406,2025-08-05 11:45:00,248.867394577182,321.2655686593892
2025-08-05 13:50:00,286.6349908064079,2025-08-05 11:50:00,249.9699000832973,322.6888047525464
2025-08-05 13:55:00,287.90158505949785,2025-08-05 11:55:00,251.07447715534363,324.11471505221414
2025-08-05 14:00:00,289.13574270124246,2025-08-05 12:00:00,252.1507667650874,325.50410876569754
2025-08-05 14:05:00,290.30255168078423,2025-08-05 12:05:00,253.16832265807795,326.8176824990495
2025-08-05 14:10:00,291.36839471218195,2025-08-05 12:10:00,254.09782772413217,328.01759048267684
2025-08-05 14:15:00,292.3023271823256,2025-08-05 12:15:00,254.91229564931314,329.06899579667004
2025-08-05 14:20:00,293.0773753739027,2025-08-05 12:20:00,255.58820307590895,329.941531888171
2025-08-05 14:25:00,293.6716949350123,2025-08-05 12:25:00,256.1064998856953,330.61060675679033
2025-08-05 14:30:00,294.0695349079475,2025-08-05 12:30:00,256.45344991438503,331.0584882418389
2025-08-05 14:35:00,294.2619605485179,2025-08-05 12:35:00,256.6212613110729,331.275117760045
2025-08-05 14:40:00,294.24729825556113,2025-08-05 12:40:00,256.6084745543162,331.25861119964276
2025-08-05 14:45:00,294.0312777186518,2025-08-05 12:45:00,256.420086416932,331.01541894784833
2025-08-05 14:50:00,293.6268594644254,2025-08-05 12:50:00,256.0673995718388,330.5601317454406
2025-08-05 14:55:00,293.0537497247311,2025-08-05 12:55:00,255.5675995161474,329.914934533566
2025-08-05 15:00:00,292.337618382123,2025-08-05 13:00:00,254.9430725536344,329.1087260300546
2025-08-05 15:05:00,291.5090490148241,2025-08-05 13:05:00,254.2204901453489,328.1759367078715
2025-08-05 15:10:00,290.6022623307275,2025-08-05 13:10:00,253.42969563633662,327.1550916587955
2025-08-05 15:15:00,289.6536647413826,2025-08-05 13:15:00,252.6024384896753,326.087176602662
2025-08-05 15:20:00,288.70028235372416,2025-08-05 13:20:00,251.7710085951126,325.0138749018469
2025-08-05 15:25:00,287.77814644546,2025-08-05 13:25:00,250.96682826736014,323.9757499568777
2025-08-05 15:30:00,286.9206997028487,2025-08-05 13:30:00,250.219062350944,323.0104509759899
2025-08-05 15:35:00,286.15729256998895,2025-08-05 13:35:00,249.55330690989697,322.1510201906938
2025-08-05 15:40:00,285.5118362037341,2025-08-05 13:40:00,248.9904144907721,321.4243763752939
2025-08-05 15:45:00,285.0016728078265,2025-08-05 13:45:00,248.54550895867914,320.850043088242
2025-08-05 15:50:00,284.63671558896,2025-08-05 13:50:00,248.2272354663952,320.43918044927904
2025-08-05 15:55:00,284.4188997627045,2025-08-05 13:55:00,248.03728168520306,320.193967091228
2025-08-05 16:00:00,284.34197335548447,2025-08-05 14:00:00,247.97019536656325,320.1073646484142
2025-08-05 16:05:00,284.39164232380716,2025-08-05 14:05:00,248.01351089832696,320.1632811294281
2025-08-05 16:10:00,284.5460696646988,2025-08-05 14:10:00,248.1481845711546,320.3371328071777
2025-08-05 16:15:00,284.77671300321754,2025-08-05 14:15:00,248.34932502550808,320.5967871606862
2025-08-05 16:20:00,285.0494705932796,2025-08-05 14:20:00,248.58719266107815,320.90385302335943
2025-08-05 16:25:00,285.3260920523665,2025-08-05 14:25:00,248.828429916496,321.2152687641611
2025-08-05 16:30:00,285.5657983520466,2025-08-05 14:30:00,249.037474037773,321.4851260454296
2025-08-05 16:35:00,285.72704590803954,2025-08-05 14:35:00,249.1780955137025,321.66665580551313
2025-08-05 16:40:00,285.769362613993,2025-08-05 14:40:00,249.21499925224913,321.7142952344145
2025-08-05 16:45:00,285.65517956338823,2025-08-05 14:45:00,249.11542199662316,321.5857498952046
2025-08-05 16:50:00,285.35158133816395,2025-08-05 14:50:00,248.8506587246609,321.24396416922957
2025-08-05 16:55:00,284.8319000014139,2025-08-05 14:55:00,248.39745274496838,320.6589157460196
2025-08-05 17:00:00,284.0770833814084,2025-08-05 15:00:00,247.73918895605289,319.8091560142029
2025-08-05 17:05:00,283.0767766941788,2025-08-05 15:05:00,246.86683711249057,318.683027733842
2025-08-05 17:10:00,281.8300674643898,2025-08-05 15:10:00,245.77960145878853,317.27950365570075
2025-08-05 17:15:00,280.345857012943,2025-08-05 15:15:00,244.48524469792355,315.60860473567993
2025-08-05 17:20:00,278.6428365649963,2025-08-05 15:20:00,243.00006715551888,313.6913732376308
2025-08-05 17:25:00,276.7490619485977,2025-08-05 15:25:00,241.3485358811632,311.5593939363001
2025-08-05 17:30:00,274.70113719076744,2025-08-05 15:30:00,239.56257267530083,309.2538750236642
2025-08-05 17:35:00,272.54303325504395,2025-08-05 15:35:00,237.6805239286894,306.8243182637196
2025-08-05 17:40:00,270.3245833796771,2025-08-05 15:40:00,235.74584843033134,304.3268250697743
2025-08-05 17:45:00,268.0997098883661,2025-08-05 15:45:00,233.80557099680397,301.82210027809083
2025-08-05 17:50:00,265.9244488456197,2025-08-05 15:50:00,231.9085598050418,299.37322833843746
2025-08-05 17:55:00,263.854847703415,2025-08-05 15:55:00,230.1036929628125,297.04330652040096
2025-08-05 18:00:00,261.94481695400583,2025-08-05 16:00:00,228.43798496867475,294.8930263406035
2025-08-05 18:05:00,260.24401941091185,2025-08-05 16:05:00,226.9547459868846,292.97829735108616
2025-08-05 18:10:00,258.79588006395306,2025-08-05 16:10:00,225.6918462730445,291.3480066679055
2025-08-05 18:15:00,257.63579540516633,2025-08-05 16:15:00,224.6801545551937,290.042003060661
2025-08-05 18:20:00,256.78961398239716,2025-08-05 16:20:00,223.94221294831982,289.08938638553354
2025-08-05 18:25:00,256.27244982746134,2025-08-05 16:25:00,223.4912021635853,288.507171762861
2025-08-05 18:30:00,256.08787790544704,2025-08-05 16:30:00,223.33023987222552,288.29938382762634
2025-08-05 18:35:00,256.22754623865654,2025-08-05 16:35:00,223.45204244489452,288.45662006517836
2025-08-05 18:40:00,256.671223397223,2025-08-05 16:40:00,223.83896636749057,288.95610427536155
2025-08-05 18:45:00,257.38728347612266,2025-08-05 16:45:00,224.46343118203612,289.7622325514003
2025-08-05 18:50:00,258.33361383840116,2025-08-05 16:50:00,225.28871111537237,290.82759520180656
2025-08-05 18:55:00,259.4589148236864,2025-08-05 16:55:00,226.27006853466028,292.09443994015123
2025-08-05 19:00:00,260.70434557085633,2025-08-05 17:00:00,227.3561892436319,293.4965247242722
2025-08-05 19:05:00,262.0054570231156,2025-08-05 17:05:00,228.49086822613666,294.96129390056217
2025-08-05 19:10:00,263.29434231995396,2025-08-05 17:10:00,229.61488496939296,296.4122990787151
2025-08-05 19:15:00,264.50192663600905,2025-08-05 17:15:00,230.6680003967077,297.7717769934297
2025-08-05 19:20:00,265.5603135386988,2025-08-05 17:20:00,231.5910030893326,298.9632909939844
2025-08-05 19:25:00,266.4051029968245,2025-08-05 17:25:00,232.32773078557443,299.91434061895586
2025-08-05 19:30:00,266.9775976172149,2025-08-05 17:30:00,232.8269944053251,300.55884533996465
2025-08-05 19:35:00,267.2268182760044,2025-08-05 17:35:00,233.04433585062824,300.8394137251369
2025-08-05 19:40:00,267.11125783974495,2025-08-05 17:40:00,232.94355739847873,300.709317748549
2025-08-05 19:45:00,266.60031186829355,2025-08-05 17:45:00,232.49796939447285,300.1341034512403
2025-08-05 19:50:00,265.6753376299244,2025-08-05 17:50:00,231.69131380335236,299.092783162442
2025-08-05 19:55:00,264.33030681031045,2025-08-05 17:55:00,230.51833342631622,297.5785703082629
2025-08-05 20:00:00,262.57203259896187,2025-08-05 18:00:00,228.9849699395579,295.59913506174587
2025-08-05 20:05:00,260.4199675404894,2025-08-05 18:05:00,227.1081876035086,293.17637676725263
2025-08-05 20:10:00,257.905584222379,2025-08-05 18:10:00,224.915433170315,290.34572672927885
2025-08-05 20:15:00,255.07136577033356,2025-08-05 18:15:00,222.44375551058874,287.15501172925343
2025-08-05 20:20:00,251.96944685158368,2025-08-05 18:20:00,219.73862045361278,283.6629240901461
2025-08-05 20:25:00,248.6599576383764,2025-08-05 18:25:00,216.85246658375635,279.9371573386869
2025-08-05 20:30:00,245.20913299313014,2025-08-05 18:30:00,213.84305629037112,276.0522775581258
2025-08-05 20:35:00,241.68725605712163,2025-08-05 18:35:00,210.7716824035929,272.0874083152994
2025-08-05 20:40:00,238.1665099569623,2025-08-05 18:40:00,207.70129470110237,268.1238121482672
2025-08-05 20:45:00,234.71881262846273,2025-08-05 18:45:00,204.6946116918233,264.2424530477885
2025-08-05 20:50:00,231.41370850845175,2025-08-05 18:50:00,201.81228199327634,260.5216229597781
2025-08-05 20:55:00,228.31638666064794,2025-08-05 18:55:00,199.1111559700957,257.03471062507015
2025-08-05 21:00:00,225.4858882575491,2025-08-05 19:00:00,196.64272250697252,253.84818359297157
2025-08-05 21:05:00,222.9735576701625,2025-08-05 19:05:00,194.45175822819263,251.01984448438526
2025-08-05 21:10:00,220.8217807136815,2025-08-05 19:10:00,192.5752271413918,248.59741053022125
2025-08-05 21:15:00,219.06304193657436,2025-08-05 19:15:00,191.041458514089,246.61745228346288
2025-08-05 21:20:00,217.7193201403448,2025-08-05 19:20:00,189.86961971590782,245.1047131055789
2025-08-05 21:25:00,216.80182848077965,2025-08-05 19:25:00,189.06948956493244,244.07181657692212
2025-08-05 21:30:00,216.31109292926544,2025-08-05 19:30:00,188.64152675259675,243.51935482714694
2025-08-05 21:35:00,216.237351027164,2025-08-05 19:35:00,188.57721759114932,243.43633744611353
2025-08-05 21:40:00,216.56124224962036,2025-08-05 19:40:00,188.8596780691513,243.8009686837382
2025-08-05 21:45:00,217.25475225103315,2025-08-05 19:45:00,189.46447731320802,244.58171046550822
2025-08-05 21:50:00,218.2823660884619,2025-08-05 19:50:00,190.3606432960966,245.73858067180842
2025-08-05 21:55:00,219.602380507013,2025-08-05 19:55:00,191.51180726036148,247.22463048652233
2025-08-05 22:00:00,221.1683224718259,2025-08-05 20:00:00,192.8774407979113,248.98754135625143
2025-08-05 22:05:00,222.9304205630401,2025-08-05 20:05:00,194.41413903059592,250.9712814617806
2025-08-05 22:10:00,224.83707733857577,2025-08-05 20:10:00,196.07690463479844,253.11776327909124
2025-08-05 22:15:00,226.83629436745053,2025-08-05 20:15:00,197.82039059074083,255.3684478576682
2025-08-05 22:20:00,228.8770067796856,2025-08-05 20:20:00,199.60006402262016,257.66584723411967
2025-08-05 22:25:00,230.91029101701145,2025-08-05 20:25:00,201.37325945914162,259.9548840974104
2025-08-05 22:30:00,232.89041707321965,2025-08-05 20:30:00,203.1000964759,262.18407638317973
2025-08-05 22:35:00,234.77572503590318,2025-08-05 20:35:00,204.74424411374557,264.30652406954647
2025-08-05 22:40:00,236.52931438075177,2025-08-05 20:40:00,206.27352200157677,266.2806851729205
2025-08-05 22:45:00,238.11954303862598,2025-08-05 20:45:00,207.66033558494308,268.07093758923924
2025-08-05 22:50:00,239.52034122837517,2025-08-05 20:50:00,208.88194981474578,269.64793240162413
2025-08-05 22:55:00,240.71135229694124,2025-08-05 20:55:00,209.92061197169312,270.98875243577766
2025-08-05 23:00:00,241.67791876165919,2025-08-05 21:00:00,210.76353949400874,272.0768965466423
2025-08-05 23:05:00,242.41093644309242,2025-08-05 21:05:00,211.4027927689549,272.9021154036238
2025-08-05 23:10:00,242.9066027104759,2025-08-05 21:10:00,211.83505558161406,273.4601280695867
2025-08-05 23:15:00,243.16608645404767,2025-08-05 21:15:00,212.06134730291225,273.75225046130976
2025-08-05 23:20:00,243.19514737600161,2025-08-05 21:20:00,212.0866908792032,273.7849667537064
2025-08-05 23:25:00,243.00373071261183,2025-08-05 21:25:00,211.91975939576076,273.56947312487483
2025-08-05 23:30:00,242.6055607182049,2025-08-05 21:30:00,211.5725215604984,273.1212201072582
2025-08-05 23:35:00,242.01775227218803,2025-08-05 21:35:00,211.05990299252252,272.4594753414325
2025-08-05 23:40:00,241.26045523589966,2025-08-05 21:40:00,210.3994760712949,271.60692319908924
2025-08-05 23:45:00,240.3565408419157,2025-08-05 21:45:00,209.61118644164313,270.5893117254422
2025-08-05 23:50:00,239.33133384230297,2025-08-05 21:50:00,208.71711942443454,269.4351510962802
2025-08-05 23:55:00,238.21238867088906,2025-08-05 21:55:00,207.7413048111868,268.17546162525167
2025-08-06 00:00:00,237.0293027889014,2025-08-05 22:00:00,206.70955408571396,266.84356363155536
2025-08-06 00:05:00,235.8135559690333,2025-08-05 22:05:00,205.64932026626983,265.4748965086712
2025-08-06 00:10:00,234.59836079786916,2025-08-05 22:10:00,204.58956753104718,264.1068504225293
2025-08-06 00:15:00,233.41850723272128,2025-08-05 22:15:00,203.56063565862226,262.77859131623705
2025-08-06 00:20:00,232.31018295801618,2025-08-05 22:20:00,202.59408336356404,261.5308586703496
2025-08-06 00:25:00,231.31075135953978,2025-08-05 22:25:00,201.72249467124013,260.4057155500454
2025-08-06 00:30:00,230.45847036455316,2025-08-05 22:30:00,200.9792337226716,259.44623208010404
2025-08-06 00:35:00,229.79213810582453,2025-08-05 22:35:00,200.39813576366782,258.6960865394906
2025-08-06 00:40:00,229.3506550266587,2025-08-05 22:40:00,200.0131252634596,258.1990723866347
2025-08-06 00:45:00,229.17249672859018,2025-08-05 22:45:00,199.85775619340328,257.99850480031614
2025-08-06 00:50:00,229.2950972260497,2025-08-05 22:50:00,199.9646741730048,258.1365263582424
2025-08-06 00:55:00,229.75414786206986,2025-08-05 22:55:00,200.36500506525317,258.6533177682566
2025-08-06 01:00:00,230.58282316395037,2025-08-05 23:00:00,201.08767985743327,259.5862263497925
2025-08-06 01:05:00,231.81095034375852,2025-08-05 23:05:00,202.15871039547937,260.9688310716427
2025-08-06 01:10:00,233.46414455074878,2025-08-05 23:10:00,203.60043525111203,262.8299690338178
2025-08-06 01:15:00,235.56293619902033,2025-08-05 23:15:00,205.43075867791387,265.1927530278445
2025-08-06 01:20:00,238.12192031669017,2025-08-05 23:20:00,207.66240877202503,268.0736138885108
2025-08-06 01:25:00,241.14895996097084,2025-08-05 23:25:00,210.3022427828701,271.481403712089
2025-08-06 01:30:00,244.6444767996639,2025-08-05 23:30:00,213.35062844035508,275.4165972050289
2025-08-06 01:35:00,248.60086139091993,2025-08-05 23:35:00,216.8009296690537,279.87062778692695
2025-08-06 01:40:00,253.0020337638075,2025-08-05 23:40:00,220.63912337738262,284.8253928995932
2025-08-06 01:45:00,257.8231817225874,2025-08-05 23:45:00,224.84357123684492,290.252959394448
2025-08-06 01:50:00,263.03069940856506,2025-08-05 23:50:00,229.38496610278096,296.1154943664983
2025-08-06 01:55:00,268.5823432167307,2025-08-05 23:55:00,234.22646798683564,302.36544068264357
2025-08-06 02:00:00,274.42761522358796,2025-08-06 00:00:00,239.3240384383813,308.9459486382135
2025-08-06 02:05:00,280.50837710127894,2025-08-06 00:05:00,244.6269759294406,315.79156709106394
2025-08-06 02:10:00,286.7596895850055,2025-08-06 00:10:00,250.07864794111762,322.82918851974296
2025-08-06 02:15:00,293.1108648437684,2025-08-06 00:15:00,255.61740871968823,329.97923376459704
2025-08-06 02:20:00,299.48671135910513,2025-08-06 00:20:00,261.17768491591016,337.1570534911121
2025-08-06 02:25:00,305.8089437638165,2025-08-06 00:25:00,266.691205083364,344.2745153624089
2025-08-06 02:30:00,311.9977238499303,2025-08-06 00:30:00,272.0883435674377,351.24173887983784
2025-08-06 02:35:00,317.9732933493216,2025-08-06 00:35:00,277.29954442781167,357.9689335396715
2025-08-06 02:40:00,323.65765540106764,2025-08-06 00:40:00,282.25678781988563,364.36829180049716
2025-08-06 02:45:00,328.9762584810594,2025-08-06 00:45:00,286.89505852350044,370.35588482257486
2025-08-06 02:50:00,333.8596357682657,2025-08-06 00:50:00,291.1537756086607,375.85350803853675
2025-08-06 02:55:00,338.2449530672684,2025-08-06 00:55:00,294.9781423546091,380.7904237782888
2025-08-06 03:00:00,342.07742046638765,2025-08-06 01:00:00,298.3203773348365,385.10495048975423
2025-08-06 03:05:00,345.31152628656133,2025-08-06 01:05:00,301.14079052463313,388.7458518975658
2025-08-06 03:10:00,347.9120567476064,2025-08-06 01:10:00,303.4086725361146,391.673484926026
2025-08-06 03:15:00,349.8548707602851,2025-08-06 01:15:00,305.10297030228554,393.860671946857
2025-08-06 03:20:00,351.12740624651246,2025-08-06 01:20:00,306.21272863098704,395.2932707858914
2025-08-06 03:25:00,351.72890228701704,2025-08-06 01:25:00,306.7372839364033,395.9704248131361
2025-08-06 03:30:00,351.67032955806553,2025-08-06 01:30:00,306.68620357401477,395.9044846296181
2025-08-06 03:35:00,350.97403013148164,2025-08-06 01:35:00,306.07897171581925,395.120602560363
2025-08-06 03:40:00,349.6730761098781,2025-08-06 01:40:00,304.9444300261313,393.65601061683157
2025-08-06 03:45:00,347.8103647675882,2025-08-06 01:45:00,303.3199885481168,391.5590018219476
2025-08-06 03:50:00,345.4374753889406,2025-08-06 01:50:00,301.2506287703014,388.8876432580416
2025-08-06 03:55:00,342.6133197562582,2025-08-06 01:55:00,298.787726738225,385.7082568091591
2025-08-06 04:00:00,339.40262397264326,2025-08-06 02:00:00,295.9877290757967,382.0937100229348
2025-08-06 04:05:00,335.8742840164912,2025-08-06 02:05:00,292.9107188900622,378.12156482179165
2025-08-06 04:10:00,332.09964044114264,2025-08-06 02:10:00,289.6189111637082,373.87213518911034
2025-08-06 04:15:00,328.15071993187763,2025-08-06 02:15:00,286.1751192443729,369.42650754395595
2025-08-06 04:20:00,324.0984916478028,2025-08-06 02:20:00,282.64123422763043,364.86457776038765
2025-08-06 04:25:00,320.0111856774786,2025-08-06 02:25:00,279.07675850839814,360.26315811336116
2025-08-06 04:30:00,315.9527186330582,2025-08-06 02:30:00,275.5374327661677,355.69420483934823
2025-08-06 04:35:00,311.98126805622877,2025-08-06 02:35:00,272.0739927266845,351.22321322675595
2025-08-06 04:40:00,308.1480328336585,2025-08-06 02:40:00,268.7310881396139,346.90782211268925
2025-08-06 04:45:00,304.4962111828471,2025-08-06 02:45:00,265.5463914959586,342.7966633167777
2025-08-06 04:50:00,301.0602217487744,2025-08-06 02:50:00,262.54991875860696,338.9284847650106
2025-08-06 04:55:00,297.8651861399461,2025-08-06 02:55:00,259.76357809009875,335.33156793760566
2025-08-06 05:00:00,294.92668423268776,2025-08-06 03:00:00,257.2009564573196,332.0234523947385
2025-08-06 05:05:00,292.25078585248644,2025-08-06 03:05:00,254.8673472603052,329.01097144285905
2025-08-06 05:10:00,289.8343550502879,2025-08-06 03:10:00,252.76001568684865,326.2905946837797
2025-08-06 05:15:00,287.6656157503446,2025-08-06 03:15:00,250.86869200515727,323.8490648114159
2025-08-06 05:20:00,285.7249606421745,2025-08-06 03:20:00,249.17627698590005,321.6643082486161
2025-08-06 05:25:00,283.9859786921827,2025-08-06 03:25:00,247.6597379790497,319.7065919022957
2025-08-06 05:30:00,282.41667089105624,2025-08-06 03:30:00,246.29116914820355,317.93989183120647
2025-08-06 05:35:00,280.98081893311814,2025-08-06 03:35:00,245.0389850744782,316.3234340819096
2025-08-06 05:40:00,279.63946740601403,2025-08-06 03:40:00,243.86921335099296,314.81336331275304
2025-08-06 05:45:00,278.3524771306847,2025-08-06 03:45:00,242.7468492264066,313.364491517632
2025-08-06 05:50:00,277.08010532845526,2025-08-06 03:50:00,241.63723364396395,311.9320769512626
2025-08-06 05:55:00,275.7845674114679,2025-08-06 03:55:00,240.50741525454694,310.47358236632687
2025-08-06 06:00:00,274.4315356357461,2025-08-06 04:00:00,239.32745736861276,308.95036217164113
2025-08-06 06:05:00,272.99153115276846,2025-08-06 04:05:00,238.0716519426362,307.32922958017673
2025-08-06 06:10:00,271.4411687611363,2025-08-06 04:10:00,236.7196051076043,305.5838579293479
2025-08-06 06:15:00,269.7642170998529,2025-08-06 04:15:00,235.25716174702157,303.6959742286004
2025-08-06 06:20:00,267.95244183591456,2025-08-06 04:20:00,233.67714082764283,301.6563084056815
2025-08-06 06:25:00,266.00620476660566,2025-08-06 04:25:00,231.9798578672309,299.4652677658297
2025-08-06 06:30:00,263.93479818812517,2025-08-06 04:30:00,230.1734165322148,297.13331341829553
2025-08-06 06:35:00,261.7565007696749,2025-08-06 04:35:00,228.27375736460996,294.68102317844125
2025-08-06 06:40:00,259.498348649954,2025-08-06 04:40:00,226.30445815884494,292.138833872062
2025-08-06 06:45:00,257.1956232492018,2025-08-06 04:45:00,224.29628729064112,289.54646472288186
2025-08-06 06:50:00,254.8910651706649,2025-08-06 04:50:00,222.28651817275593,286.95203237617596
2025-08-06 06:55:00,252.63383145657403,2025-08-06 04:55:00,220.31801989420129,284.4108769952578
2025-08-06 07:00:00,250.47822099863507,2025-08-06 05:00:00,218.43814567063365,281.9841273502565
2025-08-06 07:05:00,248.4822000635066,2025-08-06 05:05:00,216.6974469781449,279.7370408797401
2025-08-06 07:10:00,246.70576624345614,2025-08-06 05:10:00,215.14824678017425,277.7371618541495
2025-08-06 07:15:00,245.2091947564466,2025-08-06 05:15:00,213.84311015319508,276.0523470902186
2025-08-06 07:20:00,244.05121543144548,2025-08-06 05:20:00,212.8332544640669,274.7487136319952
2025-08-06 07:25:00,243.28717200031156,2025-08-06 05:25:00,212.16694411722986,273.88856651290826
2025-08-06 07:30:00,242.96721712027158,2025-08-06 05:30:00,211.8879164619888,273.5283667427254
2025-08-06 07:35:00,243.1345969745032,2025-08-06 05:35:00,212.0338858194651,273.71680014002175
2025-08-06 07:40:00,243.82407808094962,2025-08-06 05:40:00,212.6351715271271,274.493006260261
2025-08-06 07:45:00,245.06056619450064,2025-08-06 05:45:00,213.71349350494626,275.88502357932583
2025-08-06 07:50:00,246.85796283275096,2025-08-06 05:50:00,215.28097504936432,277.90850218963607
2025-08-06 07:55:00,249.2182991535575,2025-08-06 05:55:00,217.3393875014347,280.5657287342121
2025-08-06 08:00:00,252.1311797140015,2025-08-06 06:00:00,219.87966515769804,283.8450001999608
2025-08-06 08:05:00,255.5735602114983,2025-08-06 06:05:00,222.88171144167436,287.72037370239184
2025-08-06 08:10:00,259.5098739220524,2025-08-06 06:10:00,226.3145091686912,292.15180882765765
2025-08-06 08:15:00,263.8925114315788,2025-08-06 06:15:00,230.13653891207844,297.0857077059279
2025-08-06 08:20:00,268.6626476745112,2025-08-06 06:20:00,234.2965002506258,302.4558460774092
2025-08-06 08:25:00,273.75139964199224,2025-08-06 06:25:00,238.7343213878192,308.1846766205639
2025-08-06 08:30:00,279.08128764783686,2025-08-06 06:30:00,243.38243349907214,314.1849740205158
2025-08-06 08:35:00,284.56796314189853,2025-08-06 06:35:00,248.16727753078487,320.3617801119941
2025-08-06 08:40:00,290.1221571739922,2025-08-06 06:40:00,253.01100342530907,326.61459742692733
2025-08-06 08:45:00,295.65179586828475,2025-08-06 06:45:00,257.8333149931337,332.83977075958524
2025-08-06 08:50:00,301.0642229934128,2025-08-06 06:50:00,262.55340818158237,338.9329892982717
2025-08-06 08:55:00,306.26846551800395,2025-08-06 06:55:00,267.0919468304102,344.79183714925483
2025-08-06 09:00:00,311.17747546855065,2025-08-06 07:00:00,271.373017761052,350.31831718228807
2025-08-06 09:05:00,315.71028122746606,2025-08-06 07:05:00,275.32600689006705,355.4212729254261
2025-08-06 09:10:00,319.7939832830528,2025-08-06 07:10:00,278.88733969152685,360.0186353464461
2025-08-06 09:15:00,323.3655335890246,2025-08-06 07:15:00,282.0020329486708,364.0394260255786
2025-08-06 09:20:00,326.37324379108236,2025-08-06 07:20:00,284.6250100547551,367.4254550913725
2025-08-06 09:25:00,328.7779757980232,2025-08-06 07:25:00,286.72213929152747,370.1326615454304
2025-08-06 09:30:00,330.5539778774482,2025-08-06 07:30:00,288.2709629752397,372.132054524757
2025-08-06 09:35:00,331.68934066390875,2025-08-06 07:35:00,289.2610951342318,373.41022666798614
2025-08-06 09:40:00,332.186059650979,2025-08-06 07:40:00,289.6942760072931,373.96942446789416
2025-08-06 09:45:00,332.059703478445,2025-08-06 07:45:00,289.58408276209866,373.8271748347513
2025-08-06 09:50:00,331.33870030280076,2025-08-06 07:50:00,288.9553071500616,373.01548170434575
2025-08-06 09:55:00,330.0632670955064,2025-08-06 07:55:00,287.84302176406135,371.5796206601458
2025-08-06 10:00:00,328.28401861633375,2025-08-06 08:00:00,286.2913669458172,369.5765729391166
2025-08-06 10:05:00,326.0603034615815,2025-08-06 08:05:00,284.3520996795169,367.073152183059
2025-08-06 10:10:00,323.45832354687747,2025-08-06 08:10:00,282.0829536221307,364.1438873842855
2025-08-06 10:15:00,320.54910061966103,2025-08-06 08:15:00,279.54586573069633,360.8687336199071
2025-08-06 10:20:00,317.40635814437917,2025-08-06 08:20:00,276.80512908747073,357.33068751415897
2025-08-06 10:25:00,314.1043893332071,2025-08-06 08:25:00,273.92553364280883,353.6133871035928
2025-08-06 10:30:00,310.7159820760204,2025-08-06 08:30:00,270.9705565789913,349.79877575847996
2025-08-06 10:35:00,307.31046870056394,2025-08-06 08:35:00,268.0006615365185,345.9649066359308
2025-08-06 10:40:00,303.9519634812451,2025-08-06 08:40:00,265.0717615730477,342.1839584972259
2025-08-06 10:45:00,300.6978432579873,2025-08-06 08:45:00,262.2338941348179,338.5205252143251
2025-08-06 10:50:00,297.59751711698215,2025-08-06 08:50:00,259.53014811444416,335.03023069735275
2025-08-06 10:55:00,294.6915199316477,2025-08-06 08:55:00,256.9958733421397,331.7587084184026
2025-08-06 11:00:00,292.01095213328824,2025-08-06 09:00:00,254.6581920184559,328.7409707148611
2025-08-06 11:05:00,289.57727494938354,2025-08-06 09:05:00,252.53582014479122,326.0011782721507
2025-08-06 11:10:00,287.4024568840653,2025-08-06 09:10:00,250.63919526672768,323.55280502896295
2025-08-06 11:15:00,285.48945405904146,2025-08-06 09:15:00,248.9708953718511,321.39917893691296
2025-08-06 11:20:00,283.8329945641914,2025-08-06 09:20:00,247.52632290965872,319.53436496911934
2025-08-06 11:25:00,282.42062588728743,2025-08-06 09:25:00,246.29461823866512,317.9443442987962
2025-08-06 11:30:00,281.2339749817088,2025-08-06 09:30:00,245.25975851178137,316.6084328620857
2025-08-06 11:35:00,280.25016324280034,2025-08-06 09:35:00,244.4017916551047,315.5008743144124
2025-08-06 11:40:00,279.4433135411999,2025-08-06 09:40:00,243.69815062815306,314.5925366230095
2025-08-06 11:45:00,278.7860841745993,2025-08-06 09:45:00,243.12499115924535,313.85263896376006
2025-08-06 11:50:00,278.2511647501891,2025-08-06 09:50:00,242.65849628122558,313.2504357602495
2025-08-06 11:55:00,277.81267189529603,2025-08-06 09:55:00,242.27609350891754,312.7567879510972
2025-08-06 12:00:00,277.4473881863748,2025-08-06 10:00:00,241.9575352897545,312.3455577551753
2025-08-06 12:05:00,277.1357952728878,2025-08-06 10:05:00,241.68579997498404,311.9947717449272
2025-08-06 12:10:00,276.8628619962409,2025-08-06 10:10:00,241.44777912588643,311.68750809728044
2025-08-06 12:15:00,276.61855942889326,2025-08-06 10:15:00,241.23472667134075,311.4124764159299
2025-08-06 12:20:00,276.39808719382285,2025-08-06 10:20:00,241.0424562774972,311.1642725179486
2025-08-06 12:25:00,276.20180826677,2025-08-06 10:25:00,240.87128448983157,310.94330503526055
2025-08-06 12:30:00,276.0349024747488,2025-08-06 10:30:00,240.72572855460714,310.7554053291497
2025-08-06 12:35:00,275.90676121040104,2025-08-06 10:35:00,240.61397855871363,310.61114606995903
2025-08-06 12:40:00,275.83015735223273,2025-08-06 10:40:00,240.5471735300657,310.5249067473899
2025-08-06 12:45:00,275.82023410550767,2025-08-06 10:45:00,240.5385196215342,310.5137353247525
2025-08-06 12:50:00,275.8933643488252,2025-08-06 10:50:00,240.60229536490633,310.5960641107147
2025-08-06 12:55:00,276.0659376955868,2025-08-06 10:55:00,240.752793886129,310.79034425370065
2025-08-06 13:00:00,276.35313535274986,2025-08-06 11:00:00,241.0032544787567,311.1136664986818
2025-08-06 13:05:00,276.76775334634533,2025-08-06 11:05:00,241.36483635729923,311.58043639445003
2025-08-06 13:10:00,277.3191322084609,2025-08-06 11:10:00,241.84568525395107,312.20116935340013
2025-08-06 13:15:00,278.01224635979025,2025-08-06 11:15:00,242.45013928333066,312.9814654938689
2025-08-06 13:20:00,278.84699900713525,2025-08-06 11:20:00,243.17811403360122,313.92121584771775
2025-08-06 13:25:00,279.8177590689386,2025-08-06 11:25:00,244.02469872645793,315.0140810389616
2025-08-06 13:30:00,280.91316549715805,2025-08-06 11:30:00,244.9799855692899,316.24727099265823
2025-08-06 13:35:00,282.1162121807191,2025-08-06 11:35:00,246.0291437981553,317.6016405177733
2025-08-06 13:40:00,283.4046137080322,2025-08-06 11:40:00,247.15273865356195,319.0521010764104
2025-08-06 13:45:00,284.751439284734,2025-08-06 11:45:00,248.32728421023182,320.5683344376388
2025-08-06 13:50:00,286.1259896736936,2025-08-06 11:50:00,249.52600814278813,322.1157799216589
2025-08-06 13:55:00,287.49488054220467,2025-08-06 11:55:00,250.71979649592663,323.6568540136732
2025-08-06 14:00:00,288.82328576661246,2025-08-06 12:00:00,251.8782779509686,325.1523500551202
2025-08-06 14:05:00,290.07628637502046,2025-08-06 12:05:00,252.9710002177333,326.5629568604648
2025-08-06 14:10:00,291.22026529397954,2025-08-06 12:10:00,253.96864637134868,327.8508288993337
2025-08-06 14:15:00,292.2242852075152,2025-08-06 12:15:00,254.84423646159576,328.9811374668086
2025-08-06 14:20:00,293.06138672300335,2025-08-06 12:20:00,255.57425962309972,329.9235321365224
2025-08-06 14:25:00,293.7097467833422,2025-08-06 12:25:00,256.1396843084982,330.6534448814089
2025-08-06 14:30:00,294.15364262682533,2025-08-06 12:30:00,256.5267989427956,331.1531752833574
2025-08-06 14:35:00,294.38417454291886,2025-08-06 12:35:00,256.72784222739176,331.4127041993919
2025-08-06 14:40:00,294.3997107115628,2025-08-06 12:40:00,256.7413910774909,331.4301945542018
2025-08-06 14:45:00,294.2060292715172,2025-08-06 12:45:00,256.57248451768817,331.21215127827367
2025-08-06 14:50:00,293.81614577336865,2025-08-06 12:50:00,256.2324732064309,330.7732270574158
2025-08-06 14:55:00,293.2498279564353,2025-08-06 12:55:00,255.73859628053305,330.1356760768389
2025-08-06 15:00:00,292.532813584874,2025-08-06 13:00:00,255.11329924225723,329.32847347432835
2025-08-06 15:05:00,291.6957603900242,2025-08-06 13:05:00,254.3833182204275,328.3861332031686
2025-08-06 15:10:00,290.7729693817545,2025-08-06 13:10:00,253.57856659018867,327.34727075773856
2025-08-06 15:15:00,289.8009333200794,2025-08-06 13:15:00,252.73086911776676,326.25296906750935
2025-08-06 15:20:00,288.81677056224873,2025-08-06 13:20:00,251.87259614296866,325.1450153486947
2025-08-06 15:25:00,287.85661042658865,2025-08-06 13:25:00,251.03525548019863,324.0640833742853
2025-08-06 15:30:00,286.9539992882024,2025-08-06 13:30:00,250.24810239940513,323.0479390836571
2025-08-06 15:35:00,286.1383967799716,2025-08-06 13:35:00,249.5368281864538,322.12974763119786
2025-08-06 15:40:00,285.4338286271565,2025-08-06 13:40:00,248.92238530121648,321.33655677037876
2025-08-06 15:45:00,284.8577568078215,2025-08-06 13:45:00,248.42000206211907,320.68802489954936
2025-08-06 15:50:00,284.4202193706431,2025-08-06 13:50:00,248.03843249468252,320.1954526834345
2025-08-06 15:55:00,284.12328128553617,2025-08-06 13:55:00,247.77947742692794,319.86116483009494
2025-08-06 16:00:00,283.96082507168876,2025-08-06 14:00:00,247.63780189935505,319.67827438352543
2025-08-06 16:05:00,283.91869576402723,2025-08-06 14:05:00,247.60106158793283,319.63084592443846
2025-08-06 16:10:00,283.9751998508111,2025-08-06 14:10:00,247.65033791978587,319.6944572657357
2025-08-06 16:15:00,284.1019426878923,2025-08-06 14:15:00,247.76086836909465,319.83714219925906
2025-08-06 16:20:00,284.2649743287549,2025-08-06 14:20:00,247.903045717583,320.0206804517899
2025-08-06 16:25:00,284.4262000727047,2025-08-06 14:25:00,248.04364817157025,320.2021856562457
2025-08-06 16:30:00,284.54500028353385,2025-08-06 14:30:00,248.1472519805375,320.3359289160234
2025-08-06 16:35:00,284.5799942860049,2025-08-06 14:35:00,248.17776970371077,320.3753245697052
2025-08-06 16:40:00,284.49087621774123,2025-08-06 14:40:00,248.1000512278303,320.2749969619384
2025-08-06 16:45:00,284.24024656408795,2025-08-06 14:45:00,247.88148102010598,319.99284235427734
2025-08-06 16:50:00,283.79536224638576,2025-08-06 14:50:00,247.49350435287573,319.4919991448402
2025-08-06 16:55:00,283.12973042757227,2025-08-06 14:55:00,246.91301723658555,318.7426421475877
2025-08-06 17:00:00,282.22447660524864,2025-08-06 15:00:00,246.123559512392,317.72352276826325
2025-08-06 17:05:00,281.06942602366377,2025-08-06 15:05:00,245.11625793466897,316.4231864396393
2025-08-06 17:10:00,279.66384840960075,2025-08-06 15:10:00,243.89047564354613,314.8408110325305
2025-08-06 17:15:00,278.016829248274,2025-08-06 15:15:00,242.45413594882203,312.9866248318931
2025-08-06 17:20:00,276.14724569927625,2025-08-06 15:20:00,240.82370132663738,310.88187942340744
2025-08-06 17:25:00,274.08334109599355,2025-08-06 15:25:00,239.02380234705856,308.5583706721455
2025-08-06 17:30:00,271.8619083210944,2025-08-06 15:30:00,237.0865255085921,306.0575193805651
2025-08-06 17:35:00,269.5271083685017,2025-08-06 15:35:00,235.05038292452682,303.4290412456423
2025-08-06 17:40:00,267.12896545192257,2025-08-06 15:40:00,232.95899993057958,300.72925267761167
2025-08-06 17:45:00,264.7215936330643,2025-08-06 15:45:00,230.85956855505088,298.0190743681288
2025-08-06 17:50:00,262.361221255752,2025-08-06 15:50:00,228.80112465866483,295.361807231751
2025-08-06 17:55:00,260.1040884095893,2025-08-06 15:55:00,226.8327143454554,292.8207654062333
2025-08-06 18:00:00,258.00429836572977,2025-08-06 16:00:00,225.0015202334498,290.45685743540935
2025-08-06 18:05:00,256.11170666332,2025-08-06 16:05:00,223.35102055991422,288.32620983855793
2025-08-06 18:10:00,254.46993075855315,2025-08-06 16:10:00,221.91925342737,286.4779264071099
2025-08-06 18:15:00,253.11455915770804,2025-08-06 16:15:00,220.7372550164788,284.9520720770374
2025-08-06 18:20:00,252.0716317700423,2025-08-06 16:20:00,219.82773432552793,283.7779621359491
2025-08-06 18:25:00,251.35645313862216,2025-08-06 16:25:00,219.20403820756673,282.9728261785133
2025-08-06 18:30:00,250.97278769921414,2025-08-06 16:30:00,218.86944956825084,282.5409021425848
2025-08-06 18:35:00,250.91247170377483,2025-08-06 16:35:00,218.81684893037698,282.47299941926053
2025-08-06 18:40:00,251.15546052767309,2025-08-06 16:40:00,219.02875568977268,282.746552110547
2025-08-06 18:45:00,251.6703134541797,2025-08-06 16:45:00,219.47775088828064,283.32616479150533
2025-08-06 18:50:00,252.41510123597052,2025-08-06 16:50:00,220.12726868397522,284.1646342275788
2025-08-06 18:55:00,253.33870561233098,2025-08-06 16:55:00,220.9327296398264,285.20441234899204
2025-08-06 19:00:00,254.38246496110494,2025-08-06 17:00:00,221.84297587106985,286.3794588977668
2025-08-06 19:05:00,255.48210712143447,2025-08-06 17:05:00,222.80195662974003,287.6174173667379
2025-08-06 19:10:00,256.56989960770903,2025-08-06 17:10:00,223.75060347268274,288.8420356738999
2025-08-06 19:15:00,257.5769392876087,2025-08-06 17:15:00,224.6288270540265,289.975743843063
2025-08-06 19:20:00,258.4354985636323,2025-08-06 17:20:00,225.3775631934609,290.94229529517224
2025-08-06 19:25:00,259.0813432155199,2025-08-06 17:25:00,225.94079423042356,291.6693762359434
2025-08-06 19:30:00,259.4559384901596,2025-08-06 17:30:00,226.26747292066278,292.0910892344135
2025-08-06 19:35:00,259.50846456362024,2025-08-06 17:35:00,226.31328008920764,292.15022219586973
2025-08-06 19:40:00,259.1975701132398,2025-08-06 17:40:00,226.0421538932069,291.80022250352505
2025-08-06 19:45:00,258.4928028824062,2025-08-06 17:45:00,225.42753739513793,291.0068075240536
2025-08-06 19:50:00,257.3756685369699,2025-08-06 17:50:00,224.45330197495178,289.7491566501576
2025-08-06 19:55:00,255.8402832453856,2025-08-06 17:55:00,223.11431643502547,288.02064596420786
2025-08-06 20:00:00,253.89360062880803,2025-08-06 18:00:00,221.4166449197971,285.8291037348077
2025-08-06 20:05:00,251.55520948677977,2025-08-06 18:05:00,219.3773705154964,283.1965826998072
2025-08-06 20:10:00,248.85671435358455,2025-08-06 18:10:00,217.02405504301225,280.15866270716594
2025-08-06 20:15:00,245.84072587779042,2025-08-06 18:15:00,214.39385858365597,276.7633141013889
2025-08-06 20:20:00,242.5595017058729,2025-08-06 18:20:00,211.5323542149898,273.069367653391
2025-08-06 20:25:00,239.07329035239894,2025-08-06 18:25:00,208.49208372587248,269.1446501176766
2025-08-06 20:30:00,235.44844025902518,2025-08-06 18:30:00,205.33090855633586,265.0638554430726
2025-08-06 20:35:00,231.75534330881712,2025-08-06 18:35:00,202.11021636853198,260.9062296160751
2025-08-06 20:40:00,228.0662864227662,2025-08-06 18:40:00,198.89304745759966,256.7531520246937
2025-08-06 20:45:00,224.45328629739703,2025-08-06 18:45:00,195.74220646013939,252.68569784282232
2025-08-06 20:50:00,220.98598102446465,2025-08-06 18:50:00,192.71842366867074,248.78226445150122
2025-08-06 20:55:00,217.72964813018527,2025-08-06 18:55:00,189.87862659459077,245.11634018114196
2025-08-06 21:00:00,214.7434120072332,2025-08-06 19:00:00,187.27437669760724,241.7544862689128
2025-08-06 21:05:00,212.07869490985752,2025-08-06 19:05:00,184.95051852276518,238.75459301534775
2025-08-06 21:10:00,209.77795516944687,2025-08-06 19:10:00,182.94407931794194,236.16445928885787
2025-08-06 21:15:00,207.873744416902,2025-08-06 19:15:00,181.28344685219858,234.0207311626897
2025-08-06 21:20:00,206.38810305703262,2025-08-06 19:20:00,179.98784221843988,232.34822135026772
2025-08-06 21:25:00,205.33230033718937,2025-08-06 19:25:00,179.06709315132704,231.15961657887465
2025-08-06 21:30:00,204.7069127688641,2025-08-06 19:30:00,178.52170241753075,230.45556587535717
2025-08-06 21:35:00,204.5022228559128,2025-08-06 19:35:00,178.34319554038868,230.2251294475877
2025-08-06 21:40:00,204.698909440874,2025-08-06 19:40:00,178.5147228401512,230.4465558646257
2025-08-06 21:45:00,205.2689919237723,2025-08-06 19:45:00,179.01188287245714,231.08834504221102
2025-08-06 21:50:00,206.17698349336194,2025-08-06 19:50:00,179.8037281432953,232.11054653091261
2025-08-06 21:55:00,207.38120338936238,2025-08-06 19:55:00,180.85390951241104,233.46623683866736
2025-08-06 22:00:00,208.8351954618601,2025-08-06 20:00:00,182.12191329681167,235.10311642086342
2025-08-06 22:05:00,210.48919954920126,2025-08-06 20:05:00,183.5643444364532,236.96516613258345
2025-08-06 22:10:00,212.2916238838215,2025-08-06 20:10:00,185.13621055637515,238.994304838082
2025-08-06 22:15:00,214.19047011614737,2025-08-06 20:15:00,186.79216470779494,241.13199367849282
2025-08-06 22:20:00,216.1346679266518,2025-08-06 20:20:00,188.48766926244363,243.3207385554151
2025-08-06 22:25:00,218.07528278550188,2025-08-06 20:25:00,190.18004918089733,245.50544980621387
2025-08-06 22:30:00,219.9665682358624,2025-08-06 20:30:00,191.82940969241602,247.6346268466922
2025-08-06 22:35:00,221.766842496178,2025-08-06 20:35:00,193.39940076610722,249.66134503505313
2025-08-06 22:40:00,223.4391777892856,2025-08-06 20:40:00,194.8578182640819,251.54403170690773
2025-08-06 22:45:00,224.95189947861704,2025-08-06 20:45:00,196.17703923034352,253.24702809433518
2025-08-06 22:50:00,226.27889995783022,2025-08-06 20:50:00,197.33429562903436,254.74094269749878
2025-08-06 22:55:00,227.39977956829009,2025-08-06 20:55:00,198.31179723637055,256.00280992715284
2025-08-06 23:00:00,228.2998327046582,2025-08-06 21:00:00,199.0967195235436,257.01607446255133
2025-08-06 23:05:00,228.96990203719838,2025-08-06 21:05:00,199.68107652626935,257.7704271373954
2025-08-06 23:10:00,229.4061268420499,2025-08-06 21:10:00,200.06150136754854,258.26152161432907
2025-08-06 23:15:00,229.609613064358,2025-08-06 21:15:00,200.2389585248746,258.49060294761455
2025-08-06 23:20:00,229.5860527030626,2025-08-06 21:20:00,200.21841190165048,258.46407909299177
2025-08-06 23:25:00,229.34531864143582,2025-08-06 21:25:00,200.00847148522683,258.1930647747782
2025-08-06 23:30:00,228.90105823004816,2025-08-06 21:30:00,199.62103891695207,257.6929239484742
2025-08-06 23:35:00,228.27030501507087,2025-08-06 21:35:00,199.07096888648752,256.98283269108015
2025-08-06 23:40:00,227.4731232068037,2025-08-06 21:40:00,198.37575907836134,256.08537894980276
2025-08-06 23:45:00,226.5322941888021,2025-08-06 21:45:00,197.55527678147328,255.02620961935457
2025-08-06 23:50:00,225.47304879950372,2025-08-06 21:50:00,196.63152541608105,253.8337291491555
2025-08-06 23:55:00,224.32284361788797,2025-08-06 21:55:00,195.62844943601704,252.53884768952778
2025-08-07 00:00:00,223.11117445141474,2025-08-06 22:00:00,194.57177167443177,251.1747711195851
2025-08-07 00:05:00,221.86941575658344,2025-08-06 22:05:00,193.48885330497077,249.77682026962475
2025-08-07 00:10:00,220.6306712818755,2025-08-06 22:10:00,192.40856358981657,248.38226277748905
2025-08-07 00:15:00,219.4296187775758,2025-08-06 22:15:00,191.36114445354872,247.03013826551944
2025-08-07 00:20:00,218.3023305027081,2025-08-06 22:20:00,190.37805395004466,245.76105627031285
2025-08-07 00:25:00,217.28605134993535,2025-08-06 22:25:00,189.4917727686696,244.61694645950243
2025-08-07 00:30:00,216.41891784878015,2025-08-06 22:30:00,188.73555918137228,243.64074229035532
2025-08-07 00:35:00,215.73960399422123,2025-08-06 22:35:00,188.1431401753341,242.87598228962142
2025-08-07 00:40:00,215.28688350335923,2025-08-06 22:40:00,187.74832970384193,242.366317249522
2025-08-07 00:45:00,215.0991028546517,2025-08-06 22:45:00,187.58456913203267,242.15491698426962
2025-08-07 00:50:00,215.21356468352158,2025-08-06 22:50:00,187.68438950583092,242.28377616731598
2025-08-07 00:55:00,215.66582689993186,2025-08-06 22:55:00,188.07880032332906,242.7929252898205
2025-08-07 01:00:00,216.48892869899987,2025-08-06 23:00:00,188.79661455072875,243.71955931654443
2025-08-07 01:05:00,217.71256025712466,2025-08-06 23:05:00,189.86372452729753,245.0971029438522
2025-08-07 01:10:00,219.36219814286335,2025-08-06 23:10:00,191.30234797069363,246.954237259959
2025-08-07 01:15:00,221.45823285347308,2025-08-06 23:15:00,193.13026711520627,249.31391754038685
2025-08-07 01:20:00,224.0151183245611,2025-08-06 23:20:00,195.3600870124008,252.19241578037247
2025-08-07 01:25:00,227.0405755481372,2025-08-06 23:25:00,197.99854101885668,255.59842414159561
2025-08-07 01:30:00,230.53488333067776,2025-08-06 23:30:00,201.04587227734874,259.5322564996523
2025-08-07 01:35:00,234.49028875357314,2025-08-06 23:35:00,204.49531958860837,263.98518475043903
2025-08-07 01:40:00,238.89056796953972,2025-08-06 23:40:00,208.33273438873186,268.9389443622121
2025-08-07 01:45:00,243.71076467159028,2025-08-06 23:45:00,212.53635267205308,274.3654399483961
2025-08-07 01:50:00,248.917128852243,2025-08-06 23:50:00,217.07674158400556,280.2266763237414
2025-08-07 01:55:00,254.46727290752975,2025-08-06 23:55:00,221.91693555699106,286.4749342435658
2025-08-07 02:00:00,260.310555279618,2025-08-07 00:00:00,227.01277087911998,293.0532023021026
2025-08-07 02:05:00,266.3886945186419,2025-08-07 00:05:00,232.31342120794653,299.8958682328817
2025-08-07 02:10:00,272.63660897846205,2025-08-07 00:10:00,237.7621298560301,306.9296642239552
2025-08-07 02:15:00,278.98346935973626,2025-08-07 00:15:00,243.2971276973135,314.0748518530117
2025-08-07 02:20:00,285.3539437899146,2025-08-07 00:20:00,248.85271898194625,321.2466237772891
2025-08-07 02:25:00,291.6696078340538,2025-08-07 00:25:00,254.3605109847008,328.3566910998037
2025-08-07 02:30:00,297.8504857058087,2025-08-07 00:30:00,259.75075807101393,335.31501843851
2025-08-07 02:35:00,303.81668323056823,2025-08-07 00:35:00,264.95378577864165,342.0316622884667
2025-08-07 02:40:00,309.4900694875889,2025-08-07 00:40:00,269.90145735150713,348.4186641859915
2025-08-07 02:45:00,314.79596094012436,2025-08-07 00:45:00,274.5286424432913,354.3919466737593
2025-08-07 02:50:00,319.6647609772098,2025-08-07 00:50:00,278.77464693622426,359.87315906909936
2025-08-07 02:55:00,324.0335080201468,2025-08-07 00:55:00,282.58456302057886,364.7914202959839
2025-08-07 03:00:00,327.84728734157454,2025-08-07 01:00:00,285.9105004200393,369.0849082869622
2025-08-07 03:05:00,331.06046520926816,2025-08-07 01:05:00,288.71266266923834,372.7022493612893
2025-08-07 03:10:00,333.6377087161896,2025-08-07 01:10:00,290.96023649162134,375.60366633227744
2025-08-07 03:15:00,335.5547607496601,2025-08-07 01:15:00,292.6320676379616,377.7618509544293
2025-08-07 03:20:00,336.7989464755028,2025-08-07 01:20:00,293.717102583273,379.16253411468426
2025-08-07 03:25:00,337.3693956400697,2025-08-07 01:25:00,294.2145823929369,379.8047360962647
2025-08-07 03:30:00,337.27697319021775,2025-08-07 01:30:00,294.13398221746655,379.70068847182387
2025-08-07 03:35:00,336.5439192074833,2025-08-07 01:35:00,293.4946972847224,378.875428747454
2025-08-07 03:40:00,335.203207715632,2025-08-07 01:40:00,292.32548372598785,377.3660785191153
2025-08-07 03:45:00,333.29764196833185,2025-08-07 01:45:00,290.6636695904747,375.2208249628634
2025-08-07 03:50:00,330.8787114253505,2025-08-07 01:50:00,288.5541580321114,372.4976340380636
2025-08-07 03:55:00,328.0052423850858,2025-08-07 01:55:00,286.0482505472414,369.26273139241033
2025-08-07 04:00:00,324.7418799659642,2025-08-07 02:00:00,283.2023231343026,365.5888934023655
2025-08-07 04:05:00,321.15744375937663,2025-08-07 02:05:00,280.07639228442673,361.5535959951599
2025-08-07 04:10:00,317.32320269097687,2025-08-07 02:10:00,276.7326105149131,357.23707251694054
2025-08-07 04:15:00,313.31111669086476,2025-08-07 02:15:00,273.23373295724963,352.72033423492456
2025-08-07 04:20:00,309.19209314820085,2025-08-07 02:20:00,269.64159683840484,348.08320748361484
2025-08-07 04:25:00,305.0343054897947,2025-08-07 02:25:00,266.0156551394679,343.4024407491301
2025-08-07 04:30:00,300.90161888349377,2025-08-07 02:30:00,262.41160367615464,338.7499323528165
2025-08-07 04:35:00,296.852164757929,2025-08-07 02:35:00,258.8801379597342,334.19112566978555
2025-08-07 04:40:00,292.9371012954207,2025-08-07 02:40:00,255.4658722422456,329.7836137128785
2025-08-07 04:45:00,289.19959153447223,2025-08-07 02:45:00,252.20644833563807,325.5759886978084
2025-08-07 04:50:00,285.6740245402318,2025-08-07 02:50:00,249.13185640669084,321.60696525009246
2025-08-07 04:55:00,282.3854980353798,2025-08-07 02:55:00,246.26398378748806,317.90479795969185
2025-08-07 05:00:00,279.34957376683155,2025-08-07 03:00:00,243.61640163454007,314.487005977
2025-08-07 05:05:00,276.5723092776431,2025-08-07 03:05:00,241.19439263656602,311.3604087811148
2025-08-07 05:10:00,274.0505622334868,2025-08-07 03:10:00,238.9952164128619,308.521468785416
2025-08-07 05:15:00,271.7725561378653,2025-08-07 03:15:00,237.00860286470567,305.9569282101462
2025-08-07 05:20:00,269.7186892713072,2025-08-07 03:20:00,235.21745763859937,303.6447197724188
2025-08-07 05:25:00,267.86256225663584,2025-08-07 03:25:00,233.59875824989606,301.55512350174666
2025-08-07 05:30:00,266.1721938493737,2025-08-07 03:30:00,232.1246143546287,299.6521354562317
2025-08-07 05:35:00,264.6113896396209,2025-08-07 03:35:00,230.763461373048,297.89500858389516
2025-08-07 05:40:00,263.14122428145225,2025-08-07 03:40:00,229.4813531187367,296.2399213913603
2025-08-07 05:45:00,261.7215948551699,2025-08-07 03:45:00,228.24331646157648,294.6417266926956
2025-08-07 05:50:00,260.31280104134726,2025-08-07 03:50:00,227.0147293728597,293.05573054251784
2025-08-07 05:55:00,258.87710693336595,2025-08-07 03:55:00,225.76268295761707,291.4394504980216
2025-08-07 06:00:00,257.3802396741378,2025-08-07 04:00:00,224.4572883923041,289.75430275875
2025-08-07 06:05:00,255.79278152342715,2025-08-07 04:05:00,223.07289092497757,287.9671693323447
2025-08-07 06:10:00,254.09141459012199,2025-08-07 04:10:00,221.58915538687447,286.0517993329975
2025-08-07 06:15:00,252.2599810061123,2025-08-07 04:15:00,219.9919907534983,283.9900025071979
2025-08-07 06:20:00,250.29032609451346,2025-08-07 04:20:00,218.2742854584617,281.7725984581993
2025-08-07 06:25:00,248.18289744251095,2025-08-07 04:25:00,216.43642983556066,279.4000910720537
2025-08-07 06:30:00,245.94707922628194,2025-08-07 04:30:00,214.4866076783187,276.8830448949309
2025-08-07 06:35:00,243.60124804926986,2025-08-07 04:35:00,212.4408449356742,274.2421479948991
2025-08-07 06:40:00,241.1725439907971,2025-08-07 04:40:00,210.3228100470504,271.5079542123419
2025-08-07 06:45:00,238.69635834852994,2025-08-07 04:45:00,208.1633672105571,268.7203064691245
2025-08-07 06:50:00,236.21554749391782,2025-08-07 04:50:00,205.99989079859392,265.9274517403988
2025-08-07 06:55:00,233.77939003990355,2025-08-07 04:55:00,203.87535592009257,263.1848670517213
2025-08-07 07:00:00,231.44231219833387,2025-08-07 05:00:00,201.8372268246165,260.5538245080734
2025-08-07 07:05:00,229.26241319840346,2025-08-07 05:05:00,199.93617094280927,258.0997312349883
2025-08-07 07:10:00,227.29982917272184,2025-08-07 05:10:00,198.2246320569792,255.89028746927104
2025-08-07 07:15:00,225.61497934386168,2025-08-07 05:15:00,196.75530082777144,253.99351214559948
2025-08-07 07:20:00,224.26674291989218,2025-08-07 05:20:00,195.57952489322776,252.47569047647744
2025-08-07 07:25:00,223.31061826963798,2025-08-07 05:25:00,194.74570351427184,251.39930158300368
2025-08-07 07:30:00,222.79691784394754,2025-08-07 05:30:00,194.297713393731,250.82098636789135
2025-08-07 07:35:00,222.76905264909058,2025-08-07 05:35:00,194.27341259237176,250.7896162047536
2025-08-07 07:40:00,223.2619589324064,2025-08-07 05:40:00,194.70326846601873,251.3445217275257
2025-08-07 07:45:00,224.30071695089578,2025-08-07 05:45:00,195.60915311520966,252.51393786360325
2025-08-07 07:50:00,225.89940736459207,2025-08-07 05:50:00,197.00334606371013,254.31371638092122
2025-08-07 07:55:00,228.06024497187474,2025-08-07 05:55:00,198.8877788026059,256.7463506618815
2025-08-07 08:00:00,230.77302232315645,2025-08-07 06:00:00,201.2535495744867,259.8003493330909
2025-08-07 08:05:00,234.01488729995484,2025-08-07 06:05:00,204.0807294036275,263.4499858676574
2025-08-07 08:10:00,237.75046940500573,2025-08-07 06:10:00,207.33847223162437,267.65544076045524
2025-08-07 08:15:00,241.93235932096343,2025-08-07 06:15:00,210.9854331330494,272.36334140716497
2025-08-07 08:20:00,246.50193579003894,2025-08-07 06:20:00,214.97048942427264,277.5076929913274
2025-08-07 08:25:00,251.39052315520675,2025-08-07 06:25:00,219.23375013707516,283.01118162457607
2025-08-07 08:30:00,256.5208524195379,2025-08-07 06:30:00,223.70783018568102,288.786819182421
2025-08-07 08:35:00,261.80878891513896,2025-08-07 06:35:00,228.31935703986392,294.7398882845996
2025-08-07 08:40:00,267.16528055647353,2025-08-07 06:40:00,232.9906697662496,300.7701356055789
2025-08-07 08:45:00,272.49847312204395,2025-08-07 06:45:00,237.64166373244342,306.7741532227491
2025-08-07 08:50:00,277.71593264453077,2025-08-07 06:50:00,242.1917287187714,312.6478805455
2025-08-07 08:55:00,282.7269107635708,2025-08-07 06:55:00,246.5617244970678,318.2891546109064
2025-08-07 09:00:00,287.4445863796263,2025-08-07 07:00:00,250.67593574201405,323.6002336995839
2025-08-07 09:05:00,291.78821673548885,2025-08-07 07:05:00,254.4639479557325,328.4902189867145
2025-08-07 09:10:00,295.68513297265764,2025-08-07 07:10:00,257.86238776134564,332.87730110552707
2025-08-07 09:15:00,299.072519270943,2025-08-07 07:15:00,260.81647446284614,336.6907630724476
2025-08-07 09:20:00,301.89892086593915,2025-08-07 07:20:00,263.28133516358884,339.87267798756
2025-08-07 09:25:00,304.1254343840825,2025-08-07 07:25:00,265.22304283891,342.37924909359884
2025-08-07 09:30:00,305.72654374487666,2025-08-07 07:30:00,266.61934531340603,344.18175082047884
2025-08-07 09:35:00,306.6905759205788,2025-08-07 07:35:00,267.4600627218403,345.2670418718091
2025-08-07 09:40:00,307.0197632131674,2025-08-07 07:40:00,267.747141819914,345.63763533524593
2025-08-07 09:45:00,306.7299113180506,2025-08-07 07:45:00,267.494366507809,345.3113249942532
2025-08-07 09:50:00,305.8496854520497,2025-08-07 07:50:00,266.7267352735485,344.3203816631093
2025-08-07 09:55:00,304.4195394361866,2025-08-07 07:55:00,265.47952726281653,342.7103475664969
2025-08-07 10:00:00,302.49032443047975,2025-08-07 08:00:00,263.79708897829653,340.5384700767641
2025-08-07 10:05:00,300.1216247348373,2025-08-07 08:05:00,261.7313829576141,337.8718281868323
2025-08-07 10:10:00,297.37987705330767,2025-08-07 08:10:00,259.34034761305463,334.7852152098304
2025-08-07 10:15:00,294.33633677796183,2025-08-07 08:15:00,256.6861236594916,331.3588492560279
2025-08-07 10:20:00,291.0649596041507,2025-08-07 08:20:00,253.83320670412712,327.67598839126754
2025-08-07 10:25:00,287.6402693708017,2025-08-07 08:25:00,250.8465878233057,323.8205302877818
2025-08-07 10:30:00,284.1352827052928,2025-08-07 08:30:00,247.78994367771256,319.8746758246379
2025-08-07 10:35:00,280.61955858283306,2025-08-07 08:35:00,244.72393556356275,315.91673331481206
2025-08-07 10:40:00,277.1574355920069,2025-08-07 08:40:00,241.7046721594049,312.0191340486759
2025-08-07 10:45:00,273.80651229600306,2025-08-07 08:45:00,238.78238427287607,308.2467215104758
2025-08-07 10:50:00,270.6164167054629,2025-08-07 08:50:00,236.0003517171855,304.65536607176375
2025-08-07 10:55:00,267.62789957357745,2025-08-07 08:55:00,233.39411258792592,301.29094423841565
2025-08-07 11:00:00,264.87227392770814,2025-08-07 09:00:00,230.99097448735063,298.18870768484845
2025-08-07 11:05:00,262.37121007916375,2025-08-07 09:05:00,228.8098357556009,295.37305247950866
2025-08-07 11:10:00,260.1368818865454,2025-08-07 09:10:00,226.86131302468516,292.85768374566175
2025-08-07 11:15:00,258.1724468465916,2025-08-07 09:15:00,225.1481598982093,290.64615613951247
2025-08-07 11:20:00,256.47283023084395,2025-08-07 09:20:00,223.6659507847194,288.73275661794605
2025-08-07 11:25:00,255.02577228759284,2025-08-07 09:25:00,222.40399414616817,287.1036833606941
2025-08-07 11:30:00,253.81308809371833,2025-08-07 09:30:00,221.34643119503446,285.7384640901412
2025-08-07 11:35:00,252.8120822992654,2025-08-07 09:35:00,220.47346967097823,284.61154876674107
2025-08-07 11:40:00,251.99705595318986,2025-08-07 09:40:00,219.76269792004655,283.6940059478513
2025-08-07 11:45:00,251.34084024471866,2025-08-07 09:45:00,219.19042244656669,282.95524944770915
2025-08-07 11:50:00,250.81629216036495,2025-08-07 09:50:00,218.73297225227643,282.3647221226986
2025-08-07 11:55:00,250.39769000925025,2025-08-07 09:55:00,218.36791585216835,281.89346693005785
2025-08-07 12:00:00,250.0619721291292,2025-08-07 10:00:00,218.07514153067348,281.51552144208534
2025-08-07 12:05:00,249.78976982195883,2025-08-07 10:05:00,217.83775814864327,281.2090807074612
2025-08-07 12:10:00,249.56619527704177,2025-08-07 10:10:00,217.64278227882065,280.9573842817408
2025-08-07 12:15:00,249.3813564158423,2025-08-07 10:15:00,217.4815871939653,280.7492958309049
2025-08-07 12:20:00,249.2305830209392,2025-08-07 10:20:00,217.35010007038312,280.5795577034945
2025-08-07 12:25:00,249.1143613717906,2025-08-07 10:25:00,217.24874498479687,280.4487173446653
2025-08-07 12:30:00,249.0379875472714,2025-08-07 10:30:00,217.18214056490265,280.3627369900716
2025-08-07 12:35:00,249.01096197793225,2025-08-07 10:35:00,217.15857198784795,280.3323120630825
2025-08-07 12:40:00,249.04615920432173,2025-08-07 10:40:00,217.18926693942743,280.37193650280034
2025-08-07 12:45:00,249.15881653615403,2025-08-07 10:45:00,217.28751363953387,280.4987642137274
2025-08-07 12:50:00,249.36539327098197,2025-08-07 10:50:00,217.4676659845745,280.7313247935218
2025-08-07 12:55:00,249.68235757429235,2025-08-07 10:55:00,217.7440856045433,281.08815782321125
2025-08-07 13:00:00,250.124961225571,2025-08-07 11:00:00,218.13007333819496,281.58643349712116
2025-08-07 13:05:00,250.7060626762433,2025-08-07 11:05:00,218.63684284025103,282.24062764149227
2025-08-07 13:10:00,251.43505662496148,2025-08-07 11:10:00,219.27258708072125,283.06131664851785
2025-08-07 13:15:00,252.31696325646985,2025-08-07 11:15:00,220.04168408433807,284.0541521569258
2025-08-07 13:20:00,253.35172303666874,2025-08-07 11:20:00,220.94408193234273,285.21906714423767
2025-08-07 13:25:00,254.53373351033366,2025-08-07 11:25:00,221.97489481100828,286.5497544615078
2025-08-07 13:30:00,255.8516535207107,2025-08-07 11:30:00,223.1242322746058,288.0334464270685
2025-08-07 13:35:00,257.28848802198013,2025-08-07 11:35:00,224.37727320902934,289.65101030696127
2025-08-07 13:40:00,258.8219537289719,2025-08-07 11:40:00,225.7145847092041,291.3773599571769
2025-08-07 13:45:00,260.42511297132523,2025-08-07 11:45:00,227.11267485340196,293.18216940590327
2025-08-07 13:50:00,262.06725053703394,2025-08-07 11:50:00,228.54475738480676,295.03085998909756
2025-08-07 13:55:00,263.7149569528981,2025-08-07 11:55:00,229.98169642348242,296.8858198892216
2025-08-07 14:00:00,265.3333717321498,2025-08-07 12:00:00,231.3930906832158,298.7078037623047
2025-08-07 14:05:00,266.88753225232915,2025-08-07 12:05:00,232.74844980685126,300.4574512817486
2025-08-07 14:10:00,268.3437684555473,2025-08-07 12:10:00,234.01841066261426,302.0968572681979
2025-08-07 14:15:00,269.67108065965175,2025-08-07 12:15:00,235.1759389117156,303.5911228059501
2025-08-07 14:20:00,270.84243769787616,2025-08-07 12:20:00,236.1974610956718,304.9098166665276
2025-08-07 14:25:00,271.83593529896206,2025-08-07 12:25:00,237.06387484152242,306.0282793933461
2025-08-07 14:30:00,272.63576003667305,2025-08-07 12:30:00,237.76138950715094,306.92870849970666
2025-08-07 14:35:00,273.2329120608151,2025-08-07 12:35:00,238.28215646372306,307.60097210710455
2025-08-07 14:40:00,273.6256499441803,2025-08-07 12:40:00,238.62465703976062,308.0431097463635
2025-08-07 14:45:00,273.8196327534522,2025-08-07 12:45:00,238.79382641896012,308.2614922986485
2025-08-07 14:50:00,273.82774751110117,2025-08-07 12:50:00,238.80090317240536,308.27062775499746
2025-08-07 14:55:00,273.66962400114113,2025-08-07 12:55:00,238.66300612824364,308.0926149928824
2025-08-07 15:00:00,273.3708526180439,2025-08-07 13:00:00,238.40245226993605,307.7562632438001
2025-08-07 15:05:00,272.96193436558895,2025-08-07 13:05:00,238.0458410466488,307.2959100198097
2025-08-07 15:10:00,272.4770041985221,2025-08-07 13:10:00,237.62294101944678,306.74998387325303
2025-08-07 15:15:00,271.9523795571994,2025-08-07 13:15:00,237.1654240610192,306.1593703617069
2025-08-07 15:20:00,271.42499426371364,2025-08-07 13:20:00,236.70549958094387,305.5656489548396
2025-08-07 15:25:00,270.9307839654057,2025-08-07 13:25:00,236.2745064961826,305.00927539413533
2025-08-07 15:30:00,270.50309229297096,2025-08-07 13:30:00,235.90152326645133,304.52778737275906
2025-08-07 15:35:00,270.1711671711305,2025-08-07 13:35:00,235.6120565502344,304.1541117076468
2025-08-07 15:40:00,269.9588137121189,2025-08-07 13:40:00,235.42686641422858,303.915047789872
2025-08-07 15:45:00,269.883264509136,2025-08-07 13:45:00,235.36098113390085,303.8299957801994
2025-08-07 15:50:00,269.9543195374611,2025-08-07 13:50:00,235.4229471146797,303.90998832436645
2025-08-07 15:55:00,270.1737971302105,2025-08-07 13:55:00,235.614350096485,304.15707247091467
2025-08-07 16:00:00,270.5353247349324,2025-08-07 14:00:00,235.92963267582198,304.56407410851847
2025-08-07 16:05:00,271.0244840044685,2025-08-07 14:05:00,236.35622083725602,305.11476130681257
2025-08-07 16:10:00,271.61930987440303,2025-08-07 14:10:00,236.87495919106334,305.78440616930845
2025-08-07 16:15:00,272.2911281227573,2025-08-07 14:15:00,237.4608413959637,306.54072774387436
2025-08-07 16:20:00,273.00570135771613,2025-08-07 14:20:00,238.0840095571234,307.3451821562555
2025-08-07 16:25:00,273.72463972020176,2025-08-07 14:25:00,238.71098447784397,308.1545507550736
2025-08-07 16:30:00,274.4070208743174,2025-08-07 14:30:00,239.30607842793404,308.9227638695568
2025-08-07 16:35:00,275.01115408173956,2025-08-07 14:35:00,239.83293356544343,309.60288677453053
2025-08-07 16:40:00,275.4964162250672,2025-08-07 14:40:00,240.25612310395914,310.14918665432367
2025-08-07 16:45:00,275.8250835459672,2025-08-07 14:45:00,240.54274874284178,310.51919474246415
2025-08-07 16:50:00,275.96408191806796,2025-08-07 14:50:00,240.66396705288838,310.67567674917785
2025-08-07 16:55:00,275.88658085628407,2025-08-07 14:55:00,240.59637958697584,310.5884273700154
2025-08-07 17:00:00,275.5733618212068,2025-08-07 15:00:00,240.32322615695608,310.2358106996972
2025-08-07 17:05:00,275.0138998465442,2025-08-07 15:05:00,239.8353281040583,309.6059779099165
2025-08-07 17:10:00,274.2071084883099,2025-08-07 15:10:00,239.13173795744535,308.6977059004844
2025-08-07 17:15:00,273.16171134112824,2025-08-07 15:15:00,238.2200634277824,307.52081554607673
2025-08-07 17:20:00,271.8962181732678,2025-08-07 15:20:00,237.11644659497284,306.0961448294607
2025-08-07 17:25:00,270.4384996730029,2025-08-07 15:25:00,235.84519305109936,304.4550700981699
2025-08-07 17:30:00,268.8249710638185,2025-08-07 15:30:00,234.4380599439911,302.6385869923672
2025-08-07 17:35:00,267.09941092007006,2025-08-07 15:35:00,232.9332258848031,300.6959806875742
2025-08-07 17:40:00,265.3114565217321,2025-08-07 15:40:00,231.37397877038543,298.68313199060054
2025-08-07 17:45:00,263.51483074976875,2025-08-07 15:45:00,229.80716948642024,296.6605212084646
2025-08-07 17:50:00,261.76536678712404,2025-08-07 15:50:00,228.28148927999706,294.6910043903147
2025-08-07 17:55:00,260.1189058399539,2025-08-07 15:55:00,226.84563639512322,292.8374466176947
2025-08-07 18:00:00,258.62914885210023,2025-08-07 16:00:00,225.5464425864591,291.16030350118336
2025-08-07 18:05:00,257.3455458688523,2025-08-07 16:05:00,224.4270324664092,289.71524506196147
2025-08-07 18:10:00,256.31130597006126,2025-08-07 16:10:00,223.5250879988631,288.55091534830945
2025-08-07 18:15:00,255.56160668476548,2025-08-07 16:15:00,222.87128695764804,287.7069166250017
2025-08-07 18:20:00,255.12207463204786,2025-08-07 16:20:00,222.4879779171428,287.21209890458715
2025-08-07 18:25:00,255.00759904513453,2025-08-07 16:25:00,222.38814554516966,287.08322423296914
2025-08-07 18:30:00,255.2215273263417,2025-08-07 16:30:00,222.57470905902366,287.3240610588266
2025-08-07 18:35:00,255.75527726379232,2025-08-07 16:35:00,223.04018404572585,287.92494767377946
2025-08-07 18:40:00,256.5883846454262,2025-08-07 16:40:00,223.7667239854582,288.8628458154321
2025-08-07 18:45:00,257.6889883428072,2025-08-07 16:45:00,224.72654328557797,290.101886766486
2025-08-07 18:50:00,259.01473817484003,2025-08-07 16:50:00,225.88270901438992,291.59439341229364
2025-08-07 18:55:00,260.5140947392238,2025-08-07 16:55:00,227.19027446386218,293.2823435690338
2025-08-07 19:00:00,262.12797536758114,2025-08-07 17:00:00,228.59771456139484,295.09922297204304
2025-08-07 19:05:00,263.7916872622669,2025-08-07 17:05:00,230.048611728248,296.9722015684048
2025-08-07 19:10:00,265.43707801212446,2025-08-07 17:10:00,231.48353131075515,298.82455453106536
2025-08-07 19:15:00,266.9948256018464,2025-08-07 17:15:00,232.84201866173171,300.57824031248146
2025-08-07 19:20:00,268.3967848848519,2025-08-07 17:20:00,234.06464546283442,302.15654226393553
2025-08-07 19:25:00,269.5783057559214,2025-08-07 17:25:00,235.09503136672095,303.4866783949186
2025-08-07 19:30:00,270.48043954725676,2025-08-07 17:30:00,235.88176816060448,304.50228529634364
2025-08-07 19:35:00,271.05195480650525,2025-08-07 17:35:00,236.38017769479464,305.1456874692113
2025-08-07 19:40:00,271.2510911814196,2025-08-07 17:40:00,236.5538414181253,305.369871818174
2025-08-07 19:45:00,271.04699030059453,2025-08-07 17:45:00,236.37584822670362,305.14009851276876
2025-08-07 19:50:00,270.42075493749513,2025-08-07 17:50:00,235.8297181443219,304.43509337629257
2025-08-07 19:55:00,269.3661019102226,2025-08-07 17:55:00,234.9099717061492,303.2477829092705
2025-08-07 20:00:00,267.88958933382105,2025-08-07 18:00:00,233.62232814191978,301.5855501262433
2025-08-07 20:05:00,266.01041466028715,2025-08-07 18:05:00,231.983529249779,299.4700071926401
2025-08-07 20:10:00,263.75979553199994,2025-08-07 18:10:00,230.0207994482263,296.93629840008475
2025-08-07 20:15:00,261.17996048446025,2025-08-07 18:15:00,227.77096558373336,294.03196391668047
2025-08-07 20:20:00,258.3227901150542,2025-08-07 18:20:00,225.27927191523858,290.8154100378809
2025-08-07 20:25:00,255.24816126993835,2025-08-07 18:25:00,222.59793610538304,287.3540451002058
2025-08-07 20:30:00,252.02205638359135,2025-08-07 18:30:00,219.78450040505342,283.72215100781716
2025-08-07 20:35:00,248.7145072961166,2025-08-07 18:35:00,216.90003848855605,279.99856841695873
2025-08-07 20:40:00,245.39744714919226,2025-08-07 18:40:00,214.00728212561435,276.2642784368975
2025-08-07 20:45:00,242.14254539292986,2025-08-07 18:45:00,211.16873312465384,272.59996531741285
2025-08-07 20:50:00,239.0190997148754,2025-08-07 18:50:00,208.44482491699816,269.08364321826747
2025-08-07 20:55:00,236.0920543351127,2025-08-07 18:55:00,205.89219434297055,265.78842523948964
2025-08-07 21:00:00,233.42020773272097,2025-08-07 19:00:00,203.5621186381211,262.7805057102573
2025-08-07 21:05:00,231.0546639030405,2025-08-07 19:05:00,201.49916479886963,260.1174166406297
2025-08-07 21:10:00,229.0375708408939,2025-08-07 19:10:00,199.74008943341977,257.8466075273824
2025-08-07 21:15:00,227.40117803569197,2025-08-07 19:15:00,198.31301681795665,256.0043842980038
2025-08-07 21:20:00,226.1672321891461,2025-08-07 19:20:00,197.2369119114988,254.6152290199583
2025-08-07 21:25:00,225.34671755348427,2025-08-07 19:25:00,196.52135390891078,253.69150757785943
2025-08-07 21:30:00,224.9399345768154,2025-08-07 19:30:00,196.1666048262973,253.2335582110858
2025-08-07 21:35:00,224.93689889901,2025-08-07 19:35:00,196.163957459081,253.23014069656713
2025-08-07 21:40:00,225.31803191114955,2025-08-07 19:40:00,196.4963376081163,253.6592137688848
2025-08-07 21:45:00,226.05510521770785,2025-08-07 19:45:00,197.1391277304112,254.48899837975577
2025-08-07 21:50:00,227.11239408281048,2025-08-07 19:50:00,198.06117284160067,255.6792762282428
2025-08-07 21:55:00,228.44798991472317,2025-08-07 19:55:00,199.2259251131765,257.18286733350135
2025-08-07 22:00:00,230.015219031406,2025-08-07 20:00:00,200.59268115577507,258.94722725694606
2025-08-07 22:05:00,231.76411424782134,2025-08-07 20:05:00,202.1178653674918,260.91610379024996
2025-08-07 22:10:00,233.64288746180785,2025-08-07 20:10:00,203.75631415302954,263.03119476751266
2025-08-07 22:15:00,235.5993548932238,2025-08-07 20:15:00,205.46251885250243,265.23375257528323
2025-08-07 22:20:00,237.58227185041522,2025-08-07 20:20:00,207.1917897704323,267.4660868099818
2025-08-07 22:25:00,239.54254068009044,2025-08-07 20:25:00,208.9013096099737,269.6729241673538
2025-08-07 22:30:00,241.43426321710746,2025-08-07 20:30:00,210.55105129794103,271.80259327256704
2025-08-07 22:35:00,243.2156175317875,2025-08-07 20:35:00,212.10454258245161,273.80801170744724
2025-08-07 22:40:00,244.8495474315622,2025-08-07 20:40:00,213.52946733654642,275.64746223972315
2025-08-07 22:45:00,246.30426171618237,2025-08-07 20:45:00,214.7981009508627,277.2851548760614
2025-08-07 22:50:00,247.5535482228362,2025-08-07 20:50:00,215.88758420747806,278.6915804087274
2025-08-07 22:55:00,248.57691484662607,2025-08-07 20:55:00,216.78004626166634,279.843669174043
2025-08-07 23:00:00,249.35957579166825,2025-08-07 21:00:00,217.4625926516967,280.7247755741082
2025-08-07 23:05:00,249.89230587653915,2025-08-07 21:05:00,217.92717824088768,281.3245140563468
2025-08-07 23:10:00,250.1711889805476,2025-08-07 21:10:00,218.1703878415292,281.63847591859184
2025-08-07 23:15:00,250.19728819245015,2025-08-07 21:15:00,218.1931485567272,281.66785796811104
2025-08-07 23:20:00,249.9762652748174,2025-08-07 21:20:00,218.00039792121916,281.41903412105324
2025-08-07 23:25:00,249.517975577911,2025-08-07 21:25:00,217.60073063209092,280.90309936337036
2025-08-07 23:30:00,248.83606167793445,2025-08-07 21:30:00,217.00604416704007,280.1354122756617
2025-08-07 23:35:00,247.94756516270803,2025-08-07 21:35:00,216.23120022872442,279.1351579880794
2025-08-07 23:40:00,246.8725711494951,2025-08-07 21:40:00,215.29371473430874,277.9249479845348
2025-08-07 23:45:00,245.63389482657178,2025-08-07 21:45:00,214.2134844532618,276.53046721652083
2025-08-07 23:50:00,244.25681376668732,2025-08-07 21:50:00,213.0125535621048,274.98017274615165
2025-08-07 23:55:00,242.76884422866422,2025-08-07 21:55:00,211.71491856052944,273.3050419103035
2025-08-08 00:00:00,241.19955465341533,2025-08-07 22:00:00,210.34636562418657,271.5383623575977
2025-08-08 00:05:00,239.58040508758714,2025-08-07 22:05:00,208.93433056855253,269.71555127426564
2025-08-08 00:10:00,237.94459780856985,2025-08-07 22:10:00,207.50776858133287,267.8739872203218
2025-08-08 00:15:00,236.3269220229955,2025-08-07 22:15:00,206.0970187864472,266.05283529377044
2025-08-08 00:20:00,234.76357434255317,2025-08-07 22:20:00,204.73364768379088,264.29284502532715
2025-08-08 00:25:00,233.29193686370752,2025-08-07 22:25:00,203.45025561602222,262.636100544335
2025-08-08 00:30:00,231.95029614029045,2025-08-07 22:30:00,202.28023168894782,261.1257042028807
2025-08-08 00:35:00,230.7774889296607,2025-08-07 22:35:00,201.25744483227933,259.80537776283734
2025-08-08 00:40:00,229.81246440295766,2025-08-07 22:40:00,200.4158620100313,258.7189695396033
2025-08-08 00:45:00,229.0937570983571,2025-08-07 22:45:00,199.7890885912847,257.9098610618281
2025-08-08 00:50:00,228.6588702308552,2025-08-07 22:50:00,199.40983054427812,257.4202728120406
2025-08-08 00:55:00,228.54357472654618,2025-08-07 22:55:00,199.30928313514605,257.2904750913431
2025-08-08 01:00:00,228.78113510687902,2025-08-07 23:00:00,199.5164558336658,257.55791653305437
2025-08-08 01:05:00,229.4014790926728,2025-08-07 23:05:00,200.05744813788476,258.2562892570126
2025-08-08 01:10:00,230.43033288017693,2025-08-07 23:10:00,200.95469546187402,259.4145553780497
2025-08-08 01:15:00,231.88834854882123,2025-08-07 23:15:00,202.22620816165133,261.0559646564552
2025-08-08 01:20:00,233.79025343385356,2025-08-07 23:20:00,203.88482971633988,263.1970968761381
2025-08-08 01:25:00,236.1440535847312,2025-08-07 23:25:00,205.9375420766683,265.8469651116114
2025-08-08 01:30:00,238.95032437194686,2025-08-07 23:30:00,208.38484701425966,269.00621710520426
2025-08-08 01:35:00,242.20162078221472,2025-08-07 23:35:00,211.2202518492707,272.6664713873975
2025-08-08 01:40:00,245.88203803805746,2025-08-07 23:40:00,214.42988627359406,276.80982262981667
2025-08-08 01:45:00,249.96694986620787,2025-08-07 23:45:00,217.9922740988177,281.40854699224343
2025-08-08 01:50:00,254.42294709228187,2025-08-07 23:50:00,221.87827970559817,286.42503299354127
2025-08-08 01:55:00,259.2079935237886,2025-08-07 23:55:00,226.05124398679973,291.81195700210105
2025-08-08 02:00:00,264.27180937695266,2025-08-08 00:00:00,230.46731872803937,297.5127148912456
2025-08-08 02:05:00,269.5564851469611,2025-08-08 00:05:00,235.07600195434455,303.46211312392865
2025-08-08 02:10:00,274.99732104925465,2025-08-08 00:10:00,239.82086999379652,309.5873137814842
2025-08-08 02:15:00,280.52387936729207,2025-08-08 00:15:00,244.64049521358473,315.8090192788678
2025-08-08 02:20:00,286.0612292350877,2025-08-08 00:20:00,249.46953157542234,322.0428737196973
2025-08-08 02:25:00,291.5313564588729,2025-08-08 00:25:00,254.23994411900475,328.2010500495362
2025-08-08 02:30:00,296.85470443492414,2025-08-08 00:30:00,258.8823527723882,334.1939847950155
2025-08-08 02:35:00,301.95180686821453,2025-08-08 00:35:00,263.32745622043325,339.93221615076317
2025-08-08 02:40:00,306.7449691357536,2025-08-08 00:40:00,267.50749819552135,345.3282768296976
2025-08-08 02:45:00,311.15995214680925,2025-08-08 00:45:00,271.3577359457631,350.29858972426865
2025-08-08 02:50:00,315.1276116073306,2025-08-08 00:50:00,274.8178698119069,354.7653133625055
2025-08-08 02:55:00,318.58544581296456,2025-08-08 00:55:00,277.8333930334619,358.6580843871083
2025-08-08 03:00:00,321.47900720716905,2025-08-08 01:00:00,280.3568227464892,361.91560666360033
2025-08-08 03:05:00,323.7631361988059,2025-08-08 01:05:00,282.3487759766601,364.4870402912196
2025-08-08 03:10:00,325.40298070859234,2025-08-08 01:10:00,283.77885876979786,366.3331493909994
2025-08-08 03:15:00,326.37477079645834,2025-08-08 01:15:00,284.62634173230146,367.42717416809177
2025-08-08 03:20:00,326.66632485705213,2025-08-08 01:20:00,284.880601476342,367.7554007780708
2025-08-08 03:25:00,326.2772715831253,2025-08-08 01:25:00,284.5413141906657,367.3174112095422
2025-08-08 03:30:00,325.2189802674651,2025-08-08 01:30:00,283.6183948579968,366.126004819242
2025-08-08 03:35:00,323.5142003956096,2025-08-08 01:35:00,282.1316829494722,364.20679259163643
2025-08-08 03:40:00,321.19642013732135,2025-08-08 01:40:00,280.11038297507145,361.5974749395176
2025-08-08 03:45:00,318.3089612624555,2025-08-08 01:45:00,277.5922751738772,358.3468227756585
2025-08-08 03:50:00,314.9038358050309,2025-08-08 01:50:00,274.62271842866323,354.51339036464157
2025-08-08 03:55:00,311.0403963368025,2025-08-08 01:55:00,271.25347319055066,350.163995823769
2025-08-08 04:00:00,306.78381758529764,2025-08-08 02:00:00,267.5413773218052,345.3720117544344
2025-08-08 04:05:00,302.2034517554209,2025-08-08 02:05:00,263.5469117974878,340.2155136911167
2025-08-08 04:10:00,297.371103025945,2025-08-08 02:10:00,259.3326959207856,334.7753375588341
2025-08-08 04:15:00,292.359268850033,2025-08-08 02:15:00,254.96195358865734,329.1330997591396
2025-08-08 04:20:00,287.2393960528314,2025-08-08 02:20:00,250.49699246177227,323.3692339144078
2025-08-08 04:25:00,282.08019907103244,2025-08-08 02:25:00,245.9977373274912,317.5610975704956
2025-08-08 04:30:00,276.94608524584686,2025-08-08 02:30:00,241.52035682245474,311.7811994183136
2025-08-08 04:35:00,271.8957290205513,2025-08-08 02:35:00,237.1160200125262,306.0955941496397
2025-08-08 04:40:00,266.9808320343823,2025-08-08 02:40:00,232.82981509003596,300.56248659188185
2025-08-08 04:45:00,262.2451008719038,2025-08-08 02:45:00,228.69985788496595,295.23108087567715
2025-08-08 04:50:00,257.7234678585983,2025-08-08 02:50:00,224.75661233295068,290.140703219801
2025-08-08 04:55:00,253.4415733171081,2025-08-08 02:55:00,221.02243895902916,285.32021906403673
2025-08-08 05:00:00,249.41552057701898,2025-08-08 03:00:00,217.51138122550256,280.7877572633506
2025-08-08 05:05:00,245.65190736539526,2025-08-08 03:05:00,214.22919290712952,276.5507454268229
2025-08-08 05:10:00,242.14812976666343,2025-08-08 03:10:00,211.1736031697948,272.60625211052314
2025-08-08 05:15:00,238.8929475620622,2025-08-08 03:15:00,208.33480959421678,268.9416232670615
2025-08-08 05:20:00,235.8672928150417,2025-08-08 03:20:00,205.6961833306491,265.53539253729923
2025-08-08 05:25:00,233.0452970607083,2025-08-08 03:25:00,203.23516489475742,262.358437642781
2025-08-08 05:30:00,230.3955067199549,2025-08-08 03:30:00,200.9243241113055,259.3753486783215
2025-08-08 05:35:00,227.88225146542058,2025-08-08 03:35:00,198.73255344474344,256.54596859516374
2025-08-08 05:40:00,225.46712605863416,2025-08-08 03:40:00,196.62636028624394,253.82706142806992
2025-08-08 05:45:00,223.1105433686334,2025-08-08 03:45:00,194.57122131699163,251.17406065730748
2025-08-08 05:50:00,220.77331418641674,2025-08-08 03:50:00,192.5329602397003,248.54284773692945
2025-08-08 05:55:00,218.4182086847539,2025-08-08 03:55:00,190.4791095033333,245.89150995971085
2025-08-08 06:00:00,216.01145469501387,2025-08-08 04:00:00,188.38021692693212,243.1820271917568
2025-08-08 06:05:00,213.52412944150808,2025-08-08 04:05:00,186.21105940940686,240.38183866339006
2025-08-08 06:10:00,210.93340391240093,2025-08-08 04:10:00,183.95172812597835,237.4652438607893
2025-08-08 06:15:00,208.2236027054388,2025-08-08 04:15:00,181.58855280309038,234.4145956823113
2025-08-08 06:20:00,205.38704685388754,2025-08-08 04:20:00,179.11483673375028,231.22124927761809
2025-08-08 06:25:00,202.42465256131158,2025-08-08 04:25:00,176.5313789247814,227.88623609312262
2025-08-08 06:30:00,199.34626521619478,2025-08-08 04:30:00,173.8467653857587,224.42063989997672
2025-08-08 06:35:00,196.1707148912998,2025-08-08 04:35:00,171.07741752913358,220.84565927430702
2025-08-08 06:40:00,192.92558707860246,2025-08-08 04:40:00,168.24739223174987,217.19234949449788
2025-08-08 06:45:00,189.64671012305075,2025-08-08 04:45:00,165.38793483382787,213.50104550282208
2025-08-08 06:50:00,186.37736876016686,2025-08-08 04:50:00,162.53679327738672,209.82047651942958
2025-08-08 06:55:00,183.16726100643407,2025-08-08 04:55:00,159.7373084266374,206.2065917272601
2025-08-08 07:00:00,180.0712231847763,2025-08-08 05:00:00,157.0373021826105,202.72112492738086
2025-08-08 07:05:00,177.14775509039802,2025-08-08 05:05:00,154.4877913033124,199.4299341957361
2025-08-08 07:10:00,174.45738356971071,2025-08-08 05:10:00,152.1415603064577,196.40115962809364
2025-08-08 07:15:00,172.06090844269323,2025-08-08 05:15:00,150.05163176574698,193.7032486292276
2025-08-08 07:20:00,170.01757912177823,2025-08-08 05:20:00,148.2696761686672,191.40290318142695
2025-08-08 07:25:00,168.3832535312455,2025-08-08 05:25:00,146.8444063388404,189.56300718721565
2025-08-08 07:30:00,167.2085927715978,2025-08-08 05:30:00,145.82000303101393,188.24059405316657
2025-08-08 07:35:00,166.53734534250714,2025-08-08 05:35:00,145.2346186286808,187.48491509723345
2025-08-08 07:40:00,166.40477358973007,2025-08-08 05:40:00,145.1190048730039,187.33566806941164
2025-08-08 07:45:00,166.83627224512585,2025-08-08 05:45:00,145.49530811313485,187.8214419275518
2025-08-08 07:50:00,167.84622458735998,2025-08-08 05:50:00,146.37607178182338,188.95842912250555
2025-08-08 07:55:00,169.43713597426668,2025-08-08 05:55:00,147.76348076251912,190.74945014357434
2025-08-08 08:00:00,171.59907723522608,2025-08-08 06:00:00,149.64887598055435,193.1833268991006
2025-08-08 08:05:00,174.30946205823287,2025-08-08 06:05:00,152.01256026588254,196.23463210261014
2025-08-08 08:10:00,177.53317308797463,2025-08-08 06:10:00,154.8239083212434,199.86383123188727
2025-08-08 08:15:00,181.22304129981683,2025-08-08 06:15:00,158.0417847767306,204.01782220006586
2025-08-08 08:20:00,185.32067272117249,2025-08-08 06:20:00,161.61526516059013,208.63086606450733
2025-08-08 08:25:00,189.75760577224818,2025-08-08 06:25:00,165.48464519801462,213.62588994135731
2025-08-08 08:30:00,194.45677222332233,2025-08-08 06:30:00,169.58271488917504,218.91613172643838
2025-08-08 08:35:00,199.33422466464546,2025-08-08 06:35:00,173.83626500874865,224.40708485152615
2025-08-08 08:40:00,204.30108465888142,2025-08-08 06:40:00,178.16778605924537,229.9986914812824
2025-08-08 08:45:00,209.26565788778348,2025-08-08 06:45:00,182.49731285739898,235.58772370946173
2025-08-08 08:50:00,214.13565641458604,2025-08-08 06:50:00,186.74436253450153,241.07028534417142
2025-08-08 08:55:00,218.82046395029562,2025-08-08 06:55:00,190.82991003976662,246.34436210619128
2025-08-08 09:00:00,223.2333773769242,2025-08-08 07:00:00,194.67834293774317,251.31234509776192
2025-08-08 09:05:00,227.29375777891033,2025-08-08 07:05:00,198.21933728923239,255.883452397228
2025-08-08 09:10:00,230.92902589071036,2025-08-08 07:10:00,201.38959784997596,259.9759755000479
2025-08-08 09:15:00,234.07644119220376,2025-08-08 07:15:00,204.134409591981,263.5192821941868
2025-08-08 09:20:00,236.6846098443294,2025-08-08 07:20:00,206.40895275064432,266.45551416844677
2025-08-08 09:25:00,238.71467500105777,2025-08-08 07:25:00,208.17934087723808,268.74092704547024
2025-08-08 09:30:00,240.14115265385269,2025-08-08 07:30:00,209.42334976581452,270.3468313612399
2025-08-08 09:35:00,240.95238737077472,2025-08-08 07:35:00,210.13081489616235,271.2601056284215
2025-08-08 09:40:00,241.1506145613335,2025-08-08 07:40:00,210.30368573401216,271.48326643307735
2025-08-08 09:45:00,240.7516285199809,2025-08-08 07:45:00,209.95573623694986,271.0340947236681
2025-08-08 09:50:00,239.78406857408706,2025-08-08 07:50:00,209.11194231521253,269.94483216856787
2025-08-08 09:55:00,238.2883481641312,2025-08-08 07:55:00,207.8075478992435,268.2609755327302
2025-08-08 10:00:00,236.31526361096803,2025-08-08 08:00:00,206.08685166734762,266.0397104515037
2025-08-08 10:05:00,233.9243299405802,2025-08-08 08:05:00,204.00175574444165,263.34803793040123
2025-08-08 10:10:00,231.1819002144132,2025-08-08 08:10:00,201.61012559940315,260.26065711912975
2025-08-08 10:15:00,228.15913183081233,2025-08-08 08:15:00,198.97401648830729,256.85767580828644
2025-08-08 10:20:00,224.92986824641878,2025-08-08 08:20:00,196.15782613672985,253.2222257072809
2025-08-08 10:25:00,221.5685068434774,2025-08-08 08:25:00,193.22643534011704,249.43806212556007
2025-08-08 10:30:00,218.14792370254983,2025-08-08 08:30:00,190.24339819046992,245.58722771697205
2025-08-08 10:35:00,214.73752323743022,2025-08-08 08:35:00,187.26924119340686,241.74785679187713
2025-08-08 10:40:00,211.40147554921387,2025-08-08 08:40:00,184.35992609216797,237.99219096029307
2025-08-08 10:45:00,208.1971969267666,2025-08-08 08:45:00,181.56552473579913,234.3848685051292
2025-08-08 10:50:00,205.17411943548743,2025-08-08 08:50:00,178.92914605672328,230.9815392061112
2025-08-08 10:55:00,202.37278432998147,2025-08-08 08:55:00,176.4861454500873,227.8278437191649
2025-08-08 11:00:00,199.8242817473685,2025-08-08 09:00:00,174.2636361390449,224.9587827926586
2025-08-08 11:05:00,197.5500458685026,2025-08-08 09:05:00,172.28031053805464,222.39848666338298
2025-08-08 11:10:00,195.56200132372368,2025-08-08 09:10:00,170.54656793104974,220.16037987765978
2025-08-08 11:15:00,193.8630434776772,2025-08-08 09:15:00,169.06493332033045,218.24772198783512
2025-08-08 11:20:00,192.44782272797056,2025-08-08 09:20:00,167.8307414011767,216.6544905023872
2025-08-08 11:25:00,191.30379190753897,2025-08-08 09:25:00,166.8330499850975,215.366560033722
2025-08-08 11:30:00,190.41246633012616,2025-08-08 09:30:00,166.0557388658209,214.36312083597602
2025-08-08 11:35:00,189.75083873871452,2025-08-08 09:35:00,165.47874377372756,213.61827172992906
2025-08-08 11:40:00,189.2928863525791,2025-08-08 09:40:00,165.07937064805603,213.10271671098366
2025-08-08 11:45:00,189.0111048244881,2025-08-08 09:45:00,164.8336333770269,212.78549185213015
2025-08-08 11:50:00,188.8780041372696,2025-08-08 09:50:00,164.71755834588217,212.63564935889707
2025-08-08 11:55:00,188.86750436339372,2025-08-08 09:55:00,164.7084016570241,212.62382889178437
2025-08-08 12:00:00,188.956174616308,2025-08-08 10:00:00,164.78572960013037,212.723652356636
2025-08-08 12:05:00,189.12426625806867,2025-08-08 10:05:00,164.9323196963972,212.91288707224433
2025-08-08 12:10:00,189.35650105870718,2025-08-08 10:10:00,165.1348480400169,213.17433306677958
2025-08-08 12:15:00,189.64258633934259,2025-08-08 10:15:00,165.38433854644302,213.4964030171573
2025-08-08 12:20:00,189.97744135856396,2025-08-08 10:20:00,165.67636038041962,213.87337711098283
2025-08-08 12:25:00,190.36113224645374,2025-08-08 10:25:00,166.0109712129591,214.3053297963799
2025-08-08 12:30:00,190.7985255850984,2025-08-08 10:30:00,166.3924151143143,214.79773978881275
2025-08-08 12:35:00,191.29868327839583,2025-08-08 10:35:00,166.82859482938576,215.36080882579208
2025-08-08 12:40:00,191.87403259035952,2025-08-08 10:40:00,167.33034798108557,216.0085273100931
2025-08-08 12:45:00,192.53935513870564,2025-08-08 10:45:00,167.91056538742995,216.75753613590575
2025-08-08 12:50:00,193.31064641699106,2025-08-08 10:50:00,168.58319646860295,217.62584275822627
2025-08-08 12:55:00,194.20390299862723,2025-08-08 10:55:00,169.36219158651286,218.63145584773284
2025-08-08 13:00:00,195.23389761555114,2025-08-08 11:00:00,170.26043381002665,219.7910062951561
2025-08-08 13:05:00,196.41300254302843,2025-08-08 11:05:00,171.28871280722797,221.1184225978728
2025-08-08 13:10:00,197.75011951971487,2025-08-08 11:10:00,172.45479164541047,222.62372618208423
2025-08-08 13:15:00,199.24976932398647,2025-08-08 11:15:00,173.76261282481036,224.31200646331
2025-08-08 13:20:00,200.91138691933895,2025-08-08 11:20:00,175.21168358591444,226.18262733304962
2025-08-08 13:25:00,202.72885860618973,2025-08-08 11:25:00,176.79667226677356,228.22870609214146
2025-08-08 13:30:00,204.6903265927972,2025-08-08 11:30:00,178.50723787235242,230.43689344002263
2025-08-08 13:35:00,206.7782741684863,2025-08-08 11:35:00,180.3281043527699,232.78746936129997
2025-08-08 13:40:00,208.96989172128266,2025-08-08 11:40:00,182.23937980156296,235.2547551821864
2025-08-08 13:45:00,211.23771095066263,2025-08-08 11:45:00,184.21710954272345,237.80782755644412
2025-08-08 13:50:00,213.55048208715974,2025-08-08 11:50:00,186.23404114022046,240.41150602432
2025-08-08 13:55:00,215.87425754236827,2025-08-08 11:55:00,188.2605694322489,243.0275729673158
2025-08-08 14:00:00,218.17363553363512,2025-08-08 12:00:00,190.2658210769056,245.61617365974604
2025-08-08 14:05:00,220.41310933384088,2025-08-08 12:05:00,192.21883121185692,248.13733523122744
2025-08-08 14:10:00,222.55846235474309,2025-08-08 12:10:00,194.08976008474016,250.55253722781399
2025-08-08 14:15:00,224.5781463344795,2025-08-08 12:15:00,195.8510949489666,252.82626315208253
2025-08-08 14:20:00,226.44457986885232,2025-08-08 12:20:00,197.47878249257982,254.92746232759984
2025-08-08 14:25:00,228.13530716443205,2025-08-08 12:25:00,198.95323936874541,256.83085440348776
2025-08-08 14:30:00,229.63396237316192,2025-08-08 12:30:00,200.26019317690256,258.5180149859438
2025-08-08 14:35:00,230.93099271417387,2025-08-08 12:35:00,201.39131308600932,259.97818971650076
2025-08-08 14:40:00,232.02410370137216,2025-08-08 12:40:00,202.34459811056675,261.20879550167905
2025-08-08 14:45:00,232.91840159333034,2025-08-08 12:45:00,203.1245013389499,262.21558088066166
2025-08-08 14:50:00,233.6262212533238,2025-08-08 12:50:00,203.7417798128298,263.0124322330421
2025-08-08 14:55:00,234.16664132728422,2025-08-08 12:55:00,204.21307172143747,263.6208279743993
2025-08-08 15:00:00,234.56470248244761,2025-08-08 13:00:00,204.56021463969492,264.068958462644
2025-08-08 15:05:00,234.8503577861538,2025-08-08 13:05:00,204.80933016995456,264.39054435229707
2025-08-08 15:10:00,235.05719643021698,2025-08-08 13:10:00,204.9897109219499,264.62339978506054
2025-08-08 15:15:00,235.2209926359089,2025-08-08 13:15:00,205.1325550354883,264.8077987716917
2025-08-08 15:20:00,235.37813994665044,2025-08-08 13:20:00,205.26960075155355,264.9847125453053
2025-08-08 15:25:00,235.56403702563819,2025-08-08 13:25:00,205.43171869161947,265.19399231975564
2025-08-08 15:30:00,235.8114942020075,2025-08-08 13:30:00,205.6475222314382,265.4725754063684
2025-08-08 15:35:00,236.1492301437341,2025-08-08 13:35:00,205.94205647295007,265.85279279382377
2025-08-08 15:40:00,236.60052511885004,2025-08-08 13:40:00,206.33562377441754,266.36085301250574
2025-08-08 15:45:00,237.18209166340324,2025-08-08 13:45:00,206.84279887758538,267.01557075166926
2025-08-08 15:50:00,237.90321482025917,2025-08-08 13:50:00,207.4716791233638,267.8273989548854
2025-08-08 15:55:00,238.7652035017681,2025-08-08 13:55:00,208.22340599377665,268.79781117344874
2025-08-08 16:00:00,239.76118157492215,2025-08-08 14:00:00,209.09198292058886,269.9190663735959
2025-08-08 16:05:00,240.8762333137307,2025-08-08 14:05:00,210.0644021320519,271.17437268431917
2025-08-08 16:10:00,242.08790281336826,2025-08-08 14:10:00,211.12108018418456,272.5384496293326
2025-08-08 16:15:00,243.36703190014794,2025-08-08 14:15:00,212.23658868897806,273.9784714318903
2025-08-08 16:20:00,244.67890643937855,2025-08-08 14:20:00,213.3806539915802,275.455357508704
2025-08-08 16:25:00,245.9846673807873,2025-08-08 14:25:00,214.51938772097708,276.92536100091667
2025-08-08 16:30:00,247.24293106915988,2025-08-08 14:30:00,215.61669983760336,278.3418928923029
2025-08-08 16:35:00,248.41155362773057,2025-08-08 14:35:00,216.63583732454856,279.65750832212575
2025-08-08 16:40:00,249.4494673142475,2025-08-08 14:40:00,217.54098564500939,280.82597392360793
2025-08-08 16:45:00,250.3185125428634,2025-08-08 14:45:00,218.29886641997626,281.8043302830636
2025-08-08 16:50:00,250.9851884726953,2025-08-08 14:50:00,218.88026408918327,282.55486272276863
2025-08-08 16:55:00,251.42224730652757,2025-08-08 14:55:00,219.2614162741144,283.04689613536453
2025-08-08 17:00:00,251.61006288382032,2025-08-08 15:00:00,219.42520730659746,283.25833572262496
2025-08-08 17:05:00,251.5377125846389,2025-08-08 15:05:00,219.3621117403287,283.17688498452543
2025-08-08 17:10:00,251.20372255466634,2025-08-08 15:10:00,219.07084424997038,282.80088468090617
2025-08-08 17:15:00,250.61643948663124,2025-08-08 15:15:00,218.5586838559294,282.1397313766899
2025-08-08 17:20:00,249.79400701524537,2025-08-08 15:20:00,217.8414533387507,281.21385086770334
2025-08-08 17:25:00,248.76394070889526,2025-08-08 15:25:00,216.94314859600766,280.05421971354156
2025-08-08 17:30:00,247.56231193445691,2025-08-08 15:30:00,215.89522690354954,278.70144644643665
2025-08-08 17:35:00,246.2325669043211,2025-08-08 15:35:00,214.73557702485132,277.2044420744548
2025-08-08 17:40:00,244.82402226243332,2025-08-08 15:40:00,213.50720723508846,275.6187264378096
2025-08-08 17:45:00,243.39009218434214,2025-08-08 15:45:00,212.2566992027702,274.0044323082053
2025-08-08 17:50:00,241.98631330725158,2025-08-08 15:50:00,211.0324855620763,272.42408188863226
2025-08-08 17:55:00,240.668242639431,2025-08-08 15:55:00,209.8830167124746,270.94022031548025
2025-08-08 18:00:00,239.48930946876413,2025-08-08 16:00:00,208.85488750170592,269.61299737366375
2025-08-08 18:05:00,238.4987049161543,2025-08-08 16:05:00,207.99099673826043,268.4977915916872
2025-08-08 18:10:00,237.7393920381903,2025-08-08 16:10:00,207.32881183298198,267.6429700490204
2025-08-08 18:15:00,237.2463154058418,2025-08-08 16:15:00,206.89880740060337,267.08787275020035
2025-08-08 18:20:00,237.04488190890552,2025-08-08 16:20:00,206.7231403930237,266.86110234027717
2025-08-08 18:25:00,237.14977441821782,2025-08-08 16:25:00,206.81461551264715,266.9791885458805
2025-08-08 18:30:00,237.56414748353586,2025-08-08 16:30:00,207.17598379306312,267.44568270555357
2025-08-08 18:35:00,238.2792396792899,2025-08-08 16:35:00,207.7996045318295,268.25072135518445
2025-08-08 18:40:00,239.27442133394644,2025-08-08 16:40:00,208.66748691450493,269.3710799609126
2025-08-08 18:45:00,240.51767971863552,2025-08-08 16:45:00,209.7517131400754,270.77071913624576
2025-08-08 18:50:00,241.96652702041365,2025-08-08 16:50:00,211.01523025025975,272.4018068229389
2025-08-08 18:55:00,243.56930025714874,2025-08-08 16:55:00,212.41298376498486,274.20618171309576
2025-08-08 19:00:00,245.2668073024129,2025-08-08 17:00:00,213.89335315499406,276.1172063160385
2025-08-08 19:05:00,246.99426011206413,2025-08-08 17:05:00,215.39983777856457,278.0619433519619
2025-08-08 19:10:00,248.6834252820078,2025-08-08 17:10:00,216.87293234935333,279.9635768133382
2025-08-08 19:15:00,250.26491411088887,2025-08-08 17:15:00,218.25212406431478,281.7439900786042
2025-08-08 19:20:00,251.67052911735544,2025-08-08 17:20:00,219.47793896476892,283.326407581446
2025-08-08 19:25:00,252.83558223794887,2025-08-08 17:25:00,220.4939636005859,284.63800459861346
2025-08-08 19:30:00,253.7011012391568,2025-08-08 17:30:00,221.2487692076873,285.6123911911389
2025-08-08 19:35:00,254.21584551387738,2025-08-08 17:35:00,221.6976696526691,286.19188155376173
2025-08-08 19:40:00,254.33805995312548,2025-08-08 17:40:00,221.80425095693218,286.3294684939099
2025-08-08 19:45:00,254.03690582325737,2025-08-08 17:45:00,221.54161914236894,285.99043428897903
2025-08-08 19:50:00,253.29351990804582,2025-08-08 17:50:00,220.89332389263,285.1535430504927
2025-08-08 19:55:00,252.10166737440275,2025-08-08 17:55:00,219.85392790712731,283.81177570924604
2025-08-08 20:00:00,250.46796898729923,2025-08-08 18:00:00,218.42920505161828,281.9725858100036
2025-08-08 20:05:00,248.41169909251434,2025-08-08 18:05:00,216.63596418211526,279.6576720839089
2025-08-08 20:10:00,245.9641664139055,2025-08-08 18:10:00,214.501509147853,276.90228136056726
2025-08-08 20:15:00,243.16770468713224,2025-08-08 18:15:00,212.0627585387189,273.75407224063406
2025-08-08 20:20:00,240.0743137417982,2025-08-08 18:20:00,209.36506059420665,270.2715852491684
2025-08-08 20:25:00,236.74400359273943,2025-08-08 18:25:00,206.46074911128355,266.52237864172787
2025-08-08 20:30:00,233.24290369706463,2025-08-08 18:30:00,203.40749455697633,262.5808998380545
2025-08-08 20:35:00,229.64120664371322,2025-08-08 18:35:00,200.26651079214133,258.52617046270166
2025-08-08 20:40:00,226.01101993682028,2025-08-08 18:40:00,197.10068164527829,254.43936791922908
2025-08-08 20:45:00,222.42420087934218,2025-08-08 18:45:00,193.9726727483456,250.4013879389587
2025-08-08 20:50:00,218.95024835438505,2025-08-08 18:50:00,190.94309299217355,246.49047118419782
2025-08-08 20:55:00,215.6543209747524,2025-08-08 18:55:00,188.06876618562876,242.7799721146576
2025-08-08 21:00:00,212.59544465403064,2025-08-08 19:00:00,185.401167906344,239.33634110142154
2025-08-08 21:05:00,209.82496369974209,2025-08-08 19:05:00,182.98507472324087,236.2173806939224
2025-08-08 21:10:00,207.38527912720184,2025-08-08 19:10:00,180.85746389974398,233.47082523510912
2025-08-08 21:15:00,205.30890594970813,2025-08-08 19:15:00,179.04669127127485,231.13327957475315
2025-08-08 21:20:00,203.61786873750557,2025-08-08 19:20:00,177.5719641216614,229.2295385999945
2025-08-08 21:25:00,202.32344172145054,2025-08-08 19:25:00,176.44311453160233,227.77229464846204
2025-08-08 21:30:00,201.42622725817455,2025-08-08 19:30:00,175.66066780691105,226.76222584302172
2025-08-08 21:35:00,200.91655458942031,2025-08-08 19:35:00,175.21619023030655,226.18844500826515
2025-08-08 21:40:00,200.77517018369505,2025-08-08 19:40:00,175.09289109759058,226.0292768454188
2025-08-08 21:45:00,200.97418197225602,2025-08-08 19:45:00,175.2664461711077,226.2533209371807
2025-08-08 21:50:00,201.47821254119197,2025-08-08 19:50:00,175.70600336055406,226.82074999178116
2025-08-08 21:55:00,202.2457113842256,2025-08-08 19:55:00,176.37532711815746,227.68478715490178
2025-08-08 22:00:00,203.23037339199638,2025-08-08 20:00:00,177.23403548103323,228.79330292082025
2025-08-08 22:05:00,204.38261019880994,2025-08-08 20:05:00,178.23888320971133,230.09047154959273
2025-08-08 22:10:00,205.65102248700845,2025-08-08 20:10:00,179.3450457617898,231.51842856231022
2025-08-08 22:15:00,206.9838249530188,2025-08-08 20:15:00,180.50736198257667,233.01887494367543
2025-08-08 22:20:00,208.33018078714747,2025-08-08 20:20:00,181.6814978840829,234.53457947669256
2025-08-08 22:25:00,209.64140934204022,2025-08-08 20:25:00,182.8249998338301,236.01073831530945
2025-08-08 22:30:00,210.87203828246916,2025-08-08 20:30:00,183.89821211825216,237.39615947677927
2025-08-08 22:35:00,211.98068003343954,2025-08-08 20:35:00,184.86504127940438,238.64424953205457
2025-08-08 22:40:00,212.93072097200036,2025-08-08 20:40:00,185.69355714838105,239.71378948622308
2025-08-08 22:45:00,213.69082037509347,2025-08-08 20:45:00,186.3564279699441,240.56949648552276
2025-08-08 22:50:00,214.23522413897265,2025-08-08 20:50:00,186.83119399233024,241.1823769973358
2025-08-08 22:55:00,214.54390549371598,2025-08-08 20:55:00,187.10039018218023,241.52988522419705
2025-08-08 23:00:00,214.6025509041453,2025-08-08 21:00:00,187.1515339289507,241.5959072312884
2025-08-08 23:05:00,214.40241406434342,2025-08-08 21:05:00,186.97699771581247,241.37059657594614
2025-08-08 23:10:00,213.94006399506057,2025-08-08 21:10:00,186.57378943933168,240.85009071999883
2025-08-08 23:15:00,213.21705485348042,2025-08-08 21:15:00,185.94326445572224,240.03613930720974
2025-08-08 23:20:00,212.2395450642588,2025-08-08 21:20:00,185.09079343097144,238.93567538746842
2025-08-08 23:25:00,211.01789186998582,2025-08-08 21:25:00,184.02540875462847,237.56035896858666
2025-08-08 23:30:00,209.5662446274385,2025-08-08 21:30:00,182.75944985981639,235.9261191561267
2025-08-08 23:35:00,207.90215623892723,2025-08-08 21:35:00,181.30822435857644,234.0527167094102
2025-08-08 23:40:00,206.04622730903213,2025-08-08 21:40:00,179.6896977165137,231.9633434392151
2025-08-08 23:45:00,204.0217923354204,2025-08-08 21:45:00,177.92421958470865,229.6842689267274
2025-08-08 23:50:00,201.85465164624225,2025-08-08 21:50:00,176.03429002650552,227.24453874321392
2025-08-08 23:55:00,199.5728473519723,2025-08-08 21:55:00,174.04436412861148,224.6757222204102
2025-08-09 00:00:00,197.20647646936632,2025-08-08 22:00:00,171.98068902941694,222.01170206864484
2025-08-09 00:05:00,194.78752996868963,2025-08-08 22:05:00,169.87116355459665,219.28849317894262
2025-08-09 00:10:00,192.34974305573905,2025-08-08 22:10:00,167.74520765039864,216.5440740730676
2025-08-09 00:15:00,189.92843946537855,2025-08-08 22:15:00,165.6336265944677,213.8182116118296
2025-08-09 00:20:00,187.56035160072616,2025-08-08 22:20:00,163.56845414203875,211.15225851083576
2025-08-09 00:25:00,185.28339821897086,2025-08-08 22:25:00,161.58275864920859,208.5889030629584
2025-08-09 00:30:00,183.13640304377338,2025-08-08 22:30:00,159.71039767920436,206.17185235695482
2025-08-09 00:35:00,181.15874013112506,2025-08-08 22:35:00,157.98570873148608,203.94543303637386
2025-08-09 00:40:00,179.3898957214562,2025-08-08 22:40:00,156.44312713981134,201.9540980401006
2025-08-09 00:45:00,177.86894081078398,2025-08-08 22:45:00,155.1167261097685,200.24183283191178
2025-08-09 00:50:00,176.63391410020054,2025-08-08 22:50:00,154.03967859865966,198.85146073548896
2025-08-09 00:55:00,175.7211206486786,2025-08-08 22:55:00,153.24364568156292,197.82385336965797
2025-08-09 01:00:00,175.16435740661927,2025-08-08 23:00:00,152.75810115123159,197.19705876720965
2025-08-09 01:05:00,174.9940824369551,2025-08-08 23:05:00,152.60960700878968,197.00536609812684
2025-08-09 01:10:00,175.23654984320933,2025-08-08 23:10:00,152.82105904799923,197.2783317862848
2025-08-09 01:15:00,175.9129368069788,2025-08-08 23:15:00,153.41092555827916,198.03979674307504
2025-08-09 01:20:00,177.03849259452664,2025-08-08 23:20:00,154.39250518664193,199.30692833347965
2025-08-09 01:25:00,178.6217416756619,2025-08-08 23:25:00,155.77323199011042,201.08932326083922
2025-08-09 01:30:00,180.66377396114052,2025-08-08 23:30:00,157.5540564628375,203.388208528173
2025-08-09 01:35:00,183.15765475420866,2025-08-08 23:35:00,159.72893096405966,206.19577717164688
2025-08-09 01:40:00,186.08798501901197,2025-08-08 23:40:00,162.28442623504233,209.4946932182165
2025-08-09 01:45:00,189.4306393090298,2025-08-08 23:45:00,165.19950285055958,213.2577966499093
2025-08-09 01:50:00,193.15270400786937,2025-08-08 23:50:00,168.4454573596547,217.44803387635937
2025-08-09 01:55:00,197.2126329036078,2025-08-08 23:55:00,171.98605795959494,222.0186328777597
2025-08-09 02:00:00,201.56063025395832,2025-08-09 00:00:00,175.77787856102188,226.9135344531206
2025-08-09 02:05:00,206.13926434402208,2025-08-09 00:05:00,179.77083386208704,232.06808295316685
2025-08-09 02:10:00,210.88430661434086,2025-08-09 00:10:00,183.90891113892485,237.40997095644843
2025-08-09 02:15:00,215.72578365424945,2025-08-09 00:15:00,188.13108767262972,242.86042358559084
2025-08-09 02:20:00,220.58922171546484,2025-08-09 00:20:00,192.37241607012606,248.33559955955835
2025-08-09 02:25:00,225.39705620489553,2025-08-09 00:25:00,196.56525346083987,253.74817797672125
2025-08-09 02:30:00,230.07017229418346,2025-08-09 00:30:00,200.640605038226,259.00909270691443
2025-08-09 02:35:00,234.52953735429898,2025-08-09 00:35:00,204.5295476804901,264.0293701585806
2025-08-09 02:40:00,238.69788203423005,2025-08-09 00:40:00,208.164695993066,268.7220218086091
2025-08-09 02:45:00,242.50138382128532,2025-08-09 00:45:00,211.48167051526934,273.00393952593333
2025-08-09 02:50:00,245.87130602806772,2025-08-09 00:50:00,214.42052705524713,276.79774071523104
2025-08-09 02:55:00,248.74554533676712,2025-08-09 00:55:00,216.92710627919237,280.03351051600674
2025-08-09 03:00:00,251.07004306664732,2025-08-09 01:00:00,218.95426445568467,282.65039058356155
2025-08-09 03:05:00,252.80001875926453,2025-08-09 01:05:00,220.46294924609856,284.59796783828216
2025-08-09 03:10:00,253.90098944953536,2025-08-09 01:10:00,221.42308859498746,285.8374219436988
2025-08-09 03:15:00,254.34954407019134,2025-08-09 01:15:00,221.81426607611712,286.3423971178689
2025-08-09 03:20:00,254.1338493970498,2025-08-09 01:20:00,221.62616211943688,286.0995717179702
2025-08-09 03:25:00,253.25387180826866,2025-08-09 01:25:00,220.8587474038632,285.10890789310383
2025-08-09 03:30:00,251.721307331662,2025-08-09 01:30:00,219.52222185263585,283.38357283275025
2025-08-09 03:35:00,249.55922106029175,2025-08-09 01:35:00,217.63670017328545,280.94953282696616
2025-08-09 03:40:00,246.80140541235954,2025-08-09 01:40:00,215.23165220610488,277.8448308062692
2025-08-09 03:45:00,243.49147486794635,2025-08-09 01:45:00,212.34511345819456,274.11856721163355
2025-08-09 03:50:00,239.68172244831848,2025-08-09 01:50:00,209.0226878569194,269.829612638313
2025-08-09 03:55:00,235.43176978648432,2025-08-09 01:55:00,205.3163704975188,265.0450881081993
2025-08-09 04:00:00,230.8070486079852,2025-08-09 02:00:00,201.28322336621366,259.8386555466856
2025-08-09 04:05:00,225.8771558625485,2025-08-09 02:05:00,196.9839408762036,254.28866601781593
2025-08-09 04:10:00,220.71412809112596,2025-08-09 02:10:00,192.48134497010415,248.47621703600342
2025-08-09 04:15:00,215.39068254947045,2025-08-09 02:15:00,187.8388512312806,242.4831724528238
2025-08-09 04:20:00,209.97847321790226,2025-08-09 02:20:00,183.1189479771949,236.39019910242823
2025-08-09 04:25:00,204.54640886588152,2025-08-09 02:25:00,178.3817294697805,230.2748733072033
2025-08-09 04:30:00,199.15907827106415,2025-08-09 02:30:00,173.68352257356898,224.20990801612837
2025-08-09 04:35:00,193.87532426630193,2025-08-09 02:35:00,169.07564320434298,218.26154749110526
2025-08-09 04:40:00,188.74700377341935,2025-08-09 02:40:00,164.6033149739533,212.48817137404234
2025-08-09 04:45:00,183.8179654393948,2025-08-09 02:45:00,160.30477760279535,206.93914372703009
2025-08-09 04:50:00,179.1232703631195,2025-08-09 02:50:00,156.21060732778284,201.65393573976058
2025-08-09 04:55:00,174.68867428173968,2025-08-09 02:55:00,152.34326532514163,196.66154278370564
2025-08-09 05:00:00,170.53038251290482,2025-08-09 03:00:00,148.71688399937082,191.98020853026156
2025-08-09 05:05:00,166.655081297195,2025-08-09 03:05:00,145.3372943164841,187.6174602355215
2025-08-09 05:10:00,163.0602417074797,2025-08-09 03:10:00,142.20229083861656,183.57045087627046
2025-08-09 05:15:00,159.734684979797,2025-08-09 03:15:00,139.3021247402576,179.82659558988814
2025-08-09 05:20:00,156.65939105263448,2025-08-09 03:20:00,136.62020892273347,176.36448191413987
2025-08-09 05:25:00,153.8085257512936,2025-08-09 03:25:00,134.1340138056536,173.15502617388964
2025-08-09 05:30:00,151.15065620420506,2025-08-09 03:30:00,131.81612727250217,170.16284177614648
2025-08-09 05:35:00,148.65011920001675,2025-08-09 03:35:00,129.63544799348944,167.3477796832354
2025-08-09 05:40:00,146.2685030619457,2025-08-09 03:40:00,127.55847774503687,164.6665966817763
2025-08-09 05:45:00,143.9662006657602,2025-08-09 03:45:00,125.55067577251104,162.07470374395353
2025-08-09 05:50:00,141.70398931346176,2025-08-09 03:50:00,123.57783657339434,159.52794462247607
2025-08-09 05:55:00,139.44459222266178,2025-08-09 03:55:00,121.60745164778972,156.98435374879924
2025-08-09 06:00:00,137.1541768598198,2025-08-09 04:00:00,119.61001617144362,154.40584303123816
2025-08-09 06:05:00,134.8037467343646,2025-08-09 04:05:00,117.56024275766795,151.75976871315262
2025-08-09 06:10:00,132.3703858505338,2025-08-09 04:10:00,115.43814672435913,149.02033235569377
2025-08-09 06:15:00,129.8383186284833,2025-08-09 04:15:00,113.22997043464842,146.16977407898838
2025-08-09 06:20:00,127.19975281855102,2025-08-09 04:20:00,110.92891838927046,143.199321500702
2025-08-09 06:25:00,124.4554783469707,2025-08-09 04:25:00,108.53567947056011,140.10986390637336
2025-08-09 06:30:00,121.61520142347358,2025-08-09 04:30:00,106.0587183124753,136.91232838207813
2025-08-09 06:35:00,118.69760017332395,2025-08-09 04:35:00,103.51432381642655,133.62774244402988
2025-08-09 06:40:00,115.73009548353839,2025-08-09 04:40:00,100.92640930984278,130.2869760611453
2025-08-09 06:45:00,112.74833858894613,2025-08-09 04:45:00,98.32606567797504,126.9301647881333
2025-08-09 06:50:00,109.79542474462875,2025-08-09 04:50:00,95.75087561990868,123.60582453128173
2025-08-09 06:55:00,106.92085026905747,2025-08-09 04:55:00,93.24400410216765,120.36967740533377
2025-08-09 07:00:00,104.17923773258747,2025-08-09 05:00:00,90.85308661550468,117.2832165723449
2025-08-09 07:05:00,101.62886129171585,2025-08-09 05:05:00,88.62894314193257,114.4120460880346
2025-08-09 07:10:00,99.33001045124189,2025-08-09 05:10:00,86.62415121725164,111.8240388530144
2025-08-09 07:15:00,97.3432361548982,2025-08-09 05:15:00,84.89151637407394,109.58736209140706
2025-08-09 07:20:00,95.72752762627343,2025-08-09 05:20:00,83.48248219325811,107.76842486931977
2025-08-09 07:25:00,94.53847146575725,2025-08-09 05:25:00,82.44552488109798,106.42980563744881
2025-08-09 07:30:00,93.82644653177502,2025-08-09 05:30:00,81.82457905343186,105.6282200590296
2025-08-09 07:35:00,93.63490838269675,2025-08-09 05:35:00,81.65754162421732,105.41258966367315
2025-08-09 07:40:00,93.99881594764372,2025-08-09 05:40:00,81.97489972970692,105.82227062007968
2025-08-09 07:45:00,94.94325029314257,2025-08-09 05:45:00,82.79852617641325,106.88549876699531
2025-08-09 07:50:00,96.4822710273775,2025-08-09 05:50:00,84.14068212911288,108.6181021725407
2025-08-09 07:55:00,98.61805007418653,2025-08-09 05:55:00,86.00326168867348,111.02252595168711
2025-08-09 08:00:00,101.34031531338348,2025-08-09 06:00:00,88.37730669946524,114.08720592597946
2025-08-09 08:05:00,104.62612823372316,2025-08-09 06:05:00,91.24281284398357,117.78631830902067
2025-08-09 08:10:00,108.44001029346504,2025-08-09 06:10:00,94.56883983992367,122.07992196104824
2025-08-09 08:15:00,112.73442255986612,2025-08-09 06:15:00,98.31392972629342,126.91449835892973
2025-08-09 08:20:00,117.45059270769508,2025-08-09 06:20:00,102.4268280759051,132.22388261704504
2025-08-09 08:25:00,122.51967264384217,2025-08-09 06:25:00,106.84749354172307,137.93056672141242
2025-08-09 08:30:00,127.864199754522,2025-08-09 06:30:00,111.50837218773394,143.9473445769732
2025-08-09 08:35:00,133.399824664145,2025-08-09 06:35:00,116.33590424048198,150.17925708918673
2025-08-09 08:40:00,139.03725968198825,2025-08-09 06:40:00,121.25222329898841,156.52578569220233
2025-08-09 08:45:00,144.6843942641578,2025-08-09 06:45:00,126.17700119609884,162.88323390000966
2025-08-09 08:50:00,150.24851756885266,2025-08-09 06:50:00,131.02938625422703,169.14722942140932
2025-08-09 08:55:00,155.6385840325042,2025-08-09 06:55:00,135.72997905893212,175.21527470715475
2025-08-09 09:00:00,160.7674552241454,2025-08-09 07:00:00,140.20278754511082,180.98927079152764
2025-08-09 09:05:00,165.55405118475238,2025-08-09 07:05:00,144.37710314644698,186.37793923363293
2025-08-09 09:10:00,169.92534620744038,2025-08-09 07:10:00,148.18924128415932,191.29906893284905
2025-08-09 09:15:00,173.8181482400983,2025-08-09 07:15:00,151.58409315625605,195.68151935009442
2025-08-09 09:20:00,177.1806071777577,2025-08-09 07:20:00,154.51644109576,199.46691851776146
2025-08-09 09:25:00,179.973405486432,2025-08-09 07:25:00,156.9519968951691,202.61100342381437
2025-08-09 09:30:00,182.17059438679013,2025-08-09 07:30:00,158.86813102918205,205.0845613731681
2025-08-09 09:35:00,183.76004994562663,2025-08-09 07:35:00,160.25427040494847,206.87394344771968
2025-08-09 09:40:00,184.74353566358874,2025-08-09 07:40:00,161.1119529438482,207.98113496654838
2025-08-09 09:45:00,185.13637087174672,2025-08-09 07:45:00,161.45453839531797,208.4233821724062
2025-08-09 09:50:00,184.96671722401197,2025-08-09 07:50:00,161.30658609802967,208.23238897699966
2025-08-09 09:55:00,184.2745081119324,2025-08-09 07:55:00,160.7029213392489,207.45311171434807
2025-08-09 10:00:00,183.11005779034204,2025-08-09 08:00:00,159.68742239503067,206.14219331806098
2025-08-09 10:05:00,181.5323975563421,2025-08-09 08:05:00,158.31156953788695,204.3660902198914
2025-08-09 10:10:00,179.60739541002903,2025-08-09 08:10:00,156.63280522226646,202.19895549571746
2025-08-09 10:15:00,177.40572271558676,2025-08-09 08:15:00,154.7127608414408,199.72034976713167
2025-08-09 10:20:00,175.00073627694798,2025-08-09 08:20:00,152.6154097187572,197.0128568781892
2025-08-09 10:25:00,172.4663465483894,2025-08-09 08:25:00,150.40520800738344,194.15968396309998
2025-08-09 10:30:00,169.8749427669278,2025-08-09 08:30:00,148.14528523066656,191.24232559551726
2025-08-09 10:35:00,167.29544291492485,2025-08-09 08:35:00,145.89574368496758,188.33836846955566
2025-08-09 10:40:00,164.79153144668786,2025-08-09 08:40:00,143.71212158854547,185.5195074623268
2025-08-09 10:45:00,162.42014012909698,2025-08-09 08:45:00,141.64406824638758,182.84983539011705
2025-08-09 10:50:00,160.23021796595867,2025-08-09 08:50:00,139.7342713204442,180.384458210115
2025-08-09 10:55:00,158.2618249754888,2025-08-09 08:55:00,138.01766652712107,178.16847481049228
2025-08-09 11:00:00,156.54557221120007,2025-08-09 09:00:00,136.52094928823834,176.23634659542859
2025-08-09 11:05:00,155.10241726758736,2025-08-09 09:05:00,135.26239639473195,174.61166726888524
2025-08-09 11:10:00,153.94381103817756,2025-08-09 09:10:00,134.25199399205718,173.30732805232526
2025-08-09 11:15:00,153.0721783112204,2025-08-09 09:15:00,133.49185670018701,172.32605873118027
2025-08-09 11:20:00,152.48170243531825,2025-08-09 09:20:00,132.97691190825634,171.66131101809046
2025-08-09 11:25:00,152.15937302716827,2025-08-09 09:25:00,132.69581346412542,171.29843804448774
2025-08-09 11:30:00,152.0862463580526,2025-08-09 09:30:00,132.6320408377589,171.2161132823012
2025-08-09 11:35:00,152.23886062298115,2025-08-09 09:35:00,132.76513335534773,171.3879238299229
2025-08-09 11:40:00,152.5907433146483,2025-08-09 09:40:00,133.07200475660136,171.7840673882084
2025-08-09 11:45:00,153.11394548886645,2025-08-09 09:45:00,133.5282812036769,172.37307951044582
2025-08-09 11:50:00,153.7805379866597,2025-08-09 09:50:00,134.10960611310568,173.12351802377862
2025-08-09 11:55:00,154.56400749242027,2025-08-09 09:55:00,134.79285763631398,174.00553468776886
2025-08-09 12:00:00,155.44049579930825,2025-08-09 10:00:00,135.5572294036288,174.9922703383381
2025-08-09 12:05:00,156.38983330983265,2025-08-09 10:05:00,136.38513182399797,176.06101838516946
2025-08-09 12:10:00,157.39632749647183,2025-08-09 10:10:00,137.26287968918635,177.19411244728394
2025-08-09 12:15:00,158.4492783287409,2025-08-09 10:15:00,138.18114166967388,178.37950661207935
2025-08-09 12:20:00,159.54320495622682,2025-08-09 10:20:00,139.1351380013911,179.61103063124153
2025-08-09 12:25:00,160.67778090859719,2025-08-09 10:25:00,140.1245839746585,180.8883169700146
2025-08-09 12:30:00,161.85748795692479,2025-08-09 10:30:00,141.1533880720521,182.21641113015886
2025-08-09 12:35:00,163.09101125264567,2025-08-09 10:35:00,142.229124478533,183.6050907076618
2025-08-09 12:40:00,164.39040962247967,2025-08-09 10:40:00,143.36230950860207,185.06793132485052
2025-08-09 12:45:00,165.77010482690824,2025-08-09 10:45:00,144.56552015439982,186.62116875475166
2025-08-09 12:50:00,167.24574131944468,2025-08-09 10:50:00,145.85239969956928,188.28241525744198
2025-08-09 12:55:00,168.8329737041513,2025-08-09 10:55:00,147.2366002798887,190.06929452031412
2025-08-09 13:00:00,170.5462420397387,2025-08-09 11:00:00,148.73071484509862,191.99806291623017
2025-08-09 13:05:00,172.39759547022575,2025-08-09 11:05:00,150.34525126556753,194.08228516689698
2025-08-09 13:10:00,174.39562234068865,2025-08-09 11:10:00,152.0876993029416,196.33162988534622
2025-08-09 13:15:00,176.544540014827,2025-08-09 11:15:00,153.96173685425504,198.7508449080078
2025-08-09 13:20:00,178.84349021220595,2025-08-09 11:20:00,155.9666154265415,201.33896399734425
2025-08-09 13:25:00,181.28607635760602,2025-08-09 11:25:00,158.0967566664255,204.08878599760598
2025-08-09 13:30:00,183.86016835941598,2025-08-09 11:30:00,160.34158211040707,206.98665505766135
2025-08-09 13:35:00,186.5479879425411,2025-08-09 11:35:00,162.68558760235868,210.01255669733567
2025-08-09 13:40:00,189.326474870221,2025-08-09 11:40:00,165.10866266985445,213.140530093714
2025-08-09 13:45:00,192.1679213023953,2025-08-09 11:45:00,167.58664373819644,216.33938223101634
2025-08-09 13:50:00,195.04084918169372,2025-08-09 11:50:00,170.09207928503716,219.5736756468443
2025-08-09 13:55:00,197.91109404140448,2025-08-09 11:55:00,172.59517501238707,222.80494856478597
2025-08-09 14:00:00,200.74304876430034,2025-08-09 12:00:00,175.0648785092669,225.99311509697952
2025-08-09 14:05:00,203.50101296802936,2025-08-09 12:05:00,177.47005602963836,229.09798435926965
2025-08-09 14:10:00,206.15058821796848,2025-08-09 12:10:00,179.78070923574947,232.0808311781433
2025-08-09 14:15:00,208.66005633535343,2025-08-09 12:15:00,181.96917719913432,234.90594776661487
2025-08-09 14:20:00,211.001678023417,2025-08-09 12:20:00,184.01126891219204,237.54210569547786
2025-08-09 14:25:00,213.15285173043824,2025-08-09 12:25:00,185.88727391455788,239.96386052164496
2025-08-09 14:30:00,215.0970780760273,2025-08-09 12:30:00,187.58280335420835,242.1526375228809
2025-08-09 14:35:00,216.82468304577685,2025-08-09 12:35:00,189.08942067422487,244.09754585805888
2025-08-09 14:40:00,218.33326329415303,2025-08-09 12:40:00,190.4050299544921,245.79587988159264
2025-08-09 14:45:00,219.62782866755023,2025-08-09 12:45:00,191.53400020382904,247.2532795934712
2025-08-09 14:50:00,220.7206301048703,2025-08-09 12:50:00,192.48701527477087,248.48353689265366
2025-08-09 14:55:00,221.63067486039637,2025-08-09 12:55:00,193.28065109700663,249.50804982321338
2025-08-09 15:00:00,222.38294479672513,2025-08-09 13:00:00,193.93669396285048,250.3549425417969
2025-08-09 15:05:00,223.00734676249516,2025-08-09 13:05:00,194.48122516804716,251.0578836706961
2025-08-09 15:10:00,223.53743635710597,2025-08-09 13:10:00,194.94350802690983,251.65464953384313
2025-08-09 15:15:00,224.00896683105753,2025-08-09 13:15:00,195.35472239096322,252.18549053345646
2025-08-09 15:20:00,224.4583233818547,2025-08-09 13:20:00,195.746599222848,252.6913685069604
2025-08-09 15:25:00,224.92090893506594,2025-08-09 13:25:00,196.15001286118599,253.2121394667151
2025-08-09 15:30:00,225.42955068345262,2025-08-09 13:30:00,196.5935913882343,253.7847597088299
2025-08-09 15:35:00,226.01299670934526,2025-08-09 13:35:00,197.10240555773282,254.44159333616633
2025-08-09 15:40:00,226.69456923285412,2025-08-09 13:40:00,197.69679431369633,255.20889610804528
2025-08-09 15:45:00,227.49103521159213,2025-08-09 13:45:00,198.39137985806678,256.10554398059554
2025-08-09 15:50:00,228.41174653321804,2025-08-09 13:50:00,199.19431782605488,257.1420651501211
2025-08-09 15:55:00,229.45809130583444,2025-08-09 13:55:00,200.10681876506362,258.3200223251497
2025-08-09 16:00:00,230.62328487630484,2025-08-09 14:00:00,201.12296588502534,259.63177745840346
2025-08-09 16:05:00,231.89251518624755,2025-08-09 14:05:00,202.22984182109468,261.0606553861081
2025-08-09 16:10:00,233.24344210450613,2025-08-09 14:10:00,203.4079640936996,262.5815059680084
2025-08-09 16:15:00,234.647035229071,2025-08-09 14:15:00,204.6320157425161,264.1616472705427
2025-08-09 16:20:00,236.0687200871897,2025-08-09 14:20:00,205.8718449096881,265.7621559394614
2025-08-09 16:25:00,237.4697890558772,2025-08-09 14:25:00,207.09369528157504,267.33945559017644
2025-08-09 16:30:00,238.80902154832964,2025-08-09 14:30:00,208.2616190280263,268.8471407861096
2025-08-09 16:35:00,240.04444826307352,2025-08-09 14:35:00,209.33901537651798,270.237963200423
2025-08-09 16:40:00,241.1351873837078,2025-08-09 14:40:00,210.29023193327828,271.46589877850477
2025-08-09 16:45:00,242.04327645675818,2025-08-09 14:45:00,211.0821622353622,272.4882100349465
2025-08-09 16:50:00,242.73542282084833,2025-08-09 14:50:00,211.6857722726011,273.2674166569773
2025-08-09 16:55:00,243.18459772413746,2025-08-09 14:55:00,212.07749069253032,273.7730901348016
2025-08-09 17:00:00,243.37140474630775,2025-08-09 15:00:00,212.24040217983824,273.98339430783335
2025-08-09 17:05:00,243.28516150965294,2025-08-09 15:05:00,212.16519079971744,273.8863031366688
2025-08-09 17:10:00,242.92464471740752,2025-08-09 15:10:00,211.85078973415875,273.4804394545845
2025-08-09 17:15:00,242.29846173383896,2025-08-09 15:15:00,211.30470533114806,272.77549328609456
2025-08-09 17:20:00,241.42502676249754,2025-08-09 15:20:00,210.54299633008986,271.7921950288291
2025-08-09 17:25:00,240.3321356291098,2025-08-09 15:25:00,209.5899030366079,270.56183675133695
2025-08-09 17:30:00,239.0561494140749,2025-08-09 15:30:00,208.47713538119152,269.1253531404144
2025-08-09 17:35:00,237.6408132735409,2025-08-09 15:35:00,207.2428428314989,267.5319917499328
2025-08-09 17:40:00,236.13575179343187,2025-08-09 15:40:00,205.93030221409686,265.83761909595523
2025-08-09 17:45:00,234.5946958356344,2025-08-09 15:45:00,204.58637137470546,264.10272447028717
2025-08-09 17:50:00,233.07350721570177,2025-08-09 15:50:00,203.25976653046564,262.390196156182
2025-08-09 17:55:00,231.62807636701012,2025-08-09 15:55:00,201.99922885567494,260.7629546543523
2025-08-09 18:00:00,230.31217397660402,2025-08-09 16:00:00,200.85165092695183,259.2815340910898
2025-08-09 18:05:00,229.17534026570084,2025-08-09 16:05:00,199.86023599771968,258.0017060061038
2025-08-09 18:10:00,228.2608948296687,2025-08-09 16:10:00,199.06276241072499,256.97223886416674
2025-08-09 18:15:00,227.60414592185776,2025-08-09 16:15:00,198.49002194242607,256.2328820972632
2025-08-09 18:20:00,227.23087098370638,2025-08-09 16:20:00,198.16449469702314,255.8126555111884
2025-08-09 18:25:00,227.15613000223226,2025-08-09 16:25:00,198.09931425405404,255.7285133835645
2025-08-09 18:30:00,227.38346092627333,2025-08-09 16:30:00,198.2975660034602,255.98443867710847
2025-08-09 18:35:00,227.90449169731798,2025-08-09 16:35:00,198.7519488037315,256.5710062705299
2025-08-09 18:40:00,228.69898768368338,2025-08-09 16:40:00,199.44481634851243,257.4654363591233
2025-08-09 18:45:00,229.73533654933138,2025-08-09 16:45:00,200.34860001312592,258.6321403118465
2025-08-09 18:50:00,230.97145592446722,2025-08-09 16:50:00,201.42660041993048,260.0237425114658
2025-08-09 18:55:00,232.35609298435372,2025-08-09 16:55:00,202.63412078071303,261.58254339831433
2025-08-09 19:00:00,233.83047017488354,2025-08-09 17:00:00,203.91990210826475,263.2423722001923
2025-08-09 19:05:00,235.33021809351018,2025-08-09 17:05:00,205.22780885166173,264.9307629368927
2025-08-09 19:10:00,236.7875257295167,2025-08-09 17:10:00,206.49870408723055,266.571375124179
2025-08-09 19:15:00,238.1334301906891,2025-08-09 17:15:00,207.67244635342914,268.0865715091876
2025-08-09 19:20:00,239.30016288760655,2025-08-09 17:20:00,208.68993572153406,269.4000593648566
2025-08-09 19:25:00,240.22346739911958,2025-08-09 17:25:00,209.49513516993377,270.4394999035172
2025-08-09 19:30:00,240.84480553376508,2025-08-09 17:30:00,210.0369944558441,271.1389918233691
2025-08-09 19:35:00,241.1133727951826,2025-08-09 17:35:00,210.27120777122934,271.44134028521836
2025-08-09 19:40:00,240.98785191145487,2025-08-09 17:40:00,210.161742968361,271.300031006028
2025-08-09 19:45:00,240.43784335549756,2025-08-09 17:45:00,209.6820890943144,270.68084071447913
2025-08-09 19:50:00,239.44492415614118,2025-08-09 17:50:00,208.81617976358118,269.5630291425048
2025-08-09 19:55:00,238.00330040971224,2025-08-09 17:55:00,207.55896220323126,267.9400736117467
2025-08-09 20:00:00,236.120034146717,2025-08-09 18:00:00,205.91659509980556,265.81992443621505
2025-08-09 20:05:00,233.8148409690812,2025-08-09 18:05:00,203.9062721219124,263.2247771057294
2025-08-09 20:10:00,231.1194704997886,2025-08-09 18:10:00,201.55568162003053,260.19037480664383
2025-08-09 20:15:00,228.07669666584638,2025-08-09 18:15:00,198.9021260680487,256.7648716995571
2025-08-09 20:20:00,224.73895842493462,2025-08-09 18:20:00,195.9913366621997,253.00730267245908
2025-08-09 20:25:00,221.16670353639148,2025-08-09 18:25:00,192.87602894959633,248.98571878623363
2025-08-09 20:30:00,217.42649742483286,2025-08-09 18:30:00,189.6142535977214,244.77505826543847
2025-08-09 20:35:00,213.5889665735107,2025-08-09 18:35:00,186.26760285988647,240.45483120547522
2025-08-09 20:40:00,209.72664992912576,2025-08-09 18:40:00,182.8993368189165,236.10670072061683
2025-08-09 20:45:00,205.91183345415115,2025-08-09 18:45:00,179.5724949340415,231.81204511978933
2025-08-09 20:50:00,202.21444156725235,2025-08-09 18:50:00,176.34805719900896,227.64958412600592
2025-08-09 20:55:00,198.70005494422819,2025-08-09 18:55:00,173.28321549723375,223.69314735032998
2025-08-09 21:00:00,195.4281177707032,2025-08-09 19:00:00,170.42981017486244,220.00965604740216
2025-08-09 21:05:00,192.4503884779068,2025-08-09 19:05:00,167.83297895163557,216.65737898009155
2025-08-09 21:10:00,189.8096777411148,2025-08-09 19:10:00,165.53005634903323,213.6845116795736
2025-08-09 21:15:00,187.53890543102307,2025-08-09 19:15:00,163.5497512722922,211.12811477720246
2025-08-09 21:20:00,185.660495849777,2025-08-09 19:20:00,161.91161960518977,209.0134331715034
2025-08-09 21:25:00,184.18611751091038,2025-08-09 19:25:00,160.62583727619148,207.35360307684743
2025-08-09 21:30:00,183.11676129099547,2025-08-09 19:30:00,159.69326841328487,206.14974000525163
2025-08-09 21:35:00,182.4431388628369,2025-08-09 19:35:00,159.10581281134688,205.39138731570225
2025-08-09 21:40:00,182.14637274352734,2025-08-09 19:40:00,158.8470077122792,205.05729305853694
2025-08-09 21:45:00,182.19894020251735,2025-08-09 19:45:00,158.89285097249805,205.11647261111926
2025-08-09 21:50:00,182.56582616724634,2025-08-09 19:50:00,159.21280649393407,205.5295065994185
2025-08-09 21:55:00,183.20583517534067,2025-08-09 19:55:00,159.7709483570599,206.25001787151336
2025-08-09 22:00:00,184.07300957033806,2025-08-09 20:00:00,160.5271976072385,207.22626807825353
2025-08-09 22:05:00,185.11810055825742,2025-08-09 20:05:00,161.438605140189,208.4028137637631
2025-08-09 22:10:00,186.2900402429626,2025-08-09 20:10:00,162.46063544104385,209.72216355785366
2025-08-09 22:15:00,187.53736629724588,2025-08-09 20:15:00,163.5484090177565,211.1263820465351
2025-08-09 22:20:00,188.80955619117267,2025-08-09 20:20:00,164.65786596080866,212.5585918236267
2025-08-09 22:25:00,190.05823459082097,2025-08-09 20:25:00,165.7468188967992,213.9643327597533
2025-08-09 22:30:00,191.23822524182722,2025-08-09 20:30:00,166.7758703196608,215.29274619497676
2025-08-09 22:35:00,192.3084271824598,2025-08-09 20:35:00,167.70917672240057,216.49756136459374
2025-08-09 22:40:00,193.232503674944,2025-08-09 20:40:00,168.51504940335184,217.53787098632114
2025-08-09 22:45:00,193.97938093397508,2025-08-09 20:45:00,169.1663893995234,218.37869272038628
2025-08-09 22:50:00,194.5235615975463,2025-08-09 20:50:00,169.64096085961438,218.99132206966152
2025-08-09 22:55:00,194.8452652301723,2025-08-09 20:55:00,169.92151357468143,219.35349055580684
2025-08-09 23:00:00,194.93041400842407,2025-08-09 21:00:00,169.99577049471736,219.44934960428836
2025-08-09 23:05:00,194.77048649658894,2025-08-09 21:05:00,169.8563002086873,219.2693059274995
2025-08-09 23:10:00,194.3622655565723,2025-08-09 21:10:00,169.50029710068995,218.80973772600976
2025-08-09 23:15:00,193.70750796127544,2025-08-09 21:15:00,168.92929322494305,218.07262274491626
2025-08-09 23:20:00,192.81256333311524,2025-08-09 21:20:00,168.148825988016,217.0651092813009
2025-08-09 23:25:00,191.68796852947662,2025-08-09 21:25:00,167.1680844187161,215.799059550261
2025-08-09 23:30:00,190.34804076834536,2025-08-09 21:30:00,165.99955433930566,214.29059163265694
2025-08-09 23:35:00,188.81048889229527,2025-08-09 21:35:00,164.65867935489487,212.55964184271053
2025-08-09 23:40:00,187.09605738600817,2025-08-09 21:40:00,163.16355040667904,210.62956396897482
2025-08-09 23:45:00,185.2282124170497,2025-08-09 21:45:00,161.53463197300118,208.52677582437124
2025-08-09 23:50:00,183.23287364308004,2025-08-09 21:50:00,159.79452818260808,206.28045731930237
2025-08-09 23:55:00,181.13819003604607,2025-08-09 21:55:00,157.96778731442828,203.92229808833443
2025-08-10 00:00:00,178.97435289277718,2025-08-09 22:00:00,156.08073872703244,201.48628698070175
2025-08-10 00:05:00,176.77343478387562,2025-08-09 22:05:00,154.16135240847504,199.00853075170264
2025-08-10 00:10:00,174.56923971985069,2025-08-09 22:10:00,152.23910830851958,196.52708538227787
2025-08-10 00:15:00,172.39714737943746,2025-08-09 22:15:00,150.34486049258737,194.0817807138974
2025-08-10 00:20:00,170.29393314875858,2025-08-09 22:20:00,148.51068020072046,191.71401785170485
2025-08-10 00:25:00,168.29754575940945,2025-08-09 22:25:00,146.76966192922754,189.46651883325032
2025-08-10 00:30:00,166.44682581966822,2025-08-09 22:30:00,145.155677966147,187.38300975570664
2025-08-10 00:35:00,164.78115115113684,2025-08-09 22:35:00,143.70306909486902,185.50782150188311
2025-08-10 00:40:00,163.33999859073276,2025-08-09 22:40:00,142.4462624484945,183.88539642434975
2025-08-10 00:45:00,162.16241652620533,2025-08-09 22:45:00,141.4193115162944,182.55969453487933
2025-08-10 00:50:00,161.2864078404601,2025-08-09 22:50:00,140.65535801908956,181.57349883364725
2025-08-10 00:55:00,160.74822853652074,2025-08-09 22:55:00,140.1860202510308,180.967625713125
2025-08-10 01:00:00,160.58161328023527,2025-08-09 23:00:00,140.04071768748523,180.78005308721131
2025-08-10 01:05:00,160.81694462842506,2025-08-09 23:05:00,140.24594648187622,181.0449851223914
2025-08-10 01:10:00,161.48038798103585,2025-08-09 23:10:00,140.82452507096082,181.79187838155943
2025-08-10 01:15:00,162.59301862364438,2025-08-09 23:15:00,141.7948328822298,183.04445906329795
2025-08-10 01:20:00,164.1699708090764,2025-08-09 23:20:00,143.17006826127258,184.81976505241448
2025-08-10 01:25:00,166.21964089331783,2025-08-09 23:25:00,144.95755353904732,187.12724882388335
2025-08-10 01:30:00,168.7429776455592,2025-08-09 23:30:00,147.1581161223514,189.96797848594642
2025-08-10 01:35:00,171.73289226487356,2025-08-09 23:35:00,149.76557397857798,193.33397358690863
2025-08-10 01:40:00,175.1738187172295,2025-08-09 23:40:00,152.7663522124898,197.207710150014
2025-08-10 01:45:00,179.04145177202435,2025-08-09 23:45:00,156.13925461197005,201.56182575942373
2025-08-10 01:50:00,183.30268532340182,2025-08-09 23:50:00,159.8554098590063,206.3590501234029
2025-08-10 01:55:00,187.9157680610886,2025-08-09 23:55:00,163.87840728779673,211.55238032590475
2025-08-10 02:00:00,192.830686684758,2025-08-10 00:00:00,168.1646310800132,217.085512242793
2025-08-10 02:05:00,197.98977955863725,2025-08-10 00:05:00,172.66379542340297,222.8935313837773
2025-08-10 02:10:00,203.32857597261227,2025-08-10 00:10:00,177.3196764182943,228.90385771831168
2025-08-10 02:15:00,208.77684830797904,2025-08-10 00:15:00,182.07102965492007,235.0374301859288
2025-08-10 02:20:00,214.2598566724915,2025-08-10 00:20:00,186.85267564020995,241.21010788523915
2025-08-10 02:25:00,219.6997585877995,2025-08-10 00:25:00,191.5967291641947,247.3342570761082
2025-08-10 02:30:00,225.01714973005554,2025-08-10 00:30:00,196.23394295583287,253.32048571926526
2025-08-10 02:35:00,230.13269659526338,2025-08-10 00:35:00,200.6951315049695,259.0794815032254
2025-08-10 02:40:00,234.96881771855664,2025-08-10 00:40:00,204.91263722741917,264.52390453240133
2025-08-10 02:45:00,239.45136746552686,2025-08-10 00:45:00,208.8217988730933,269.57028291078495
2025-08-10 02:50:00,243.51127521934814,2025-08-10 00:50:00,212.36238103549763,274.140858110974
2025-08-10 02:55:00,247.0860931286303,2025-08-10 00:55:00,215.47992391846958,278.1653274024199
2025-08-10 03:00:00,250.12140762012388,2025-08-10 01:00:00,218.126974294369,281.58243290845934
2025-08-10 03:05:00,252.57207319449375,2025-08-10 01:05:00,220.26416147810878,284.34135059264304
2025-08-10 03:10:00,254.40323194510384,2025-08-10 01:10:00,221.86108643356826,286.40283801566886
2025-08-10 03:15:00,255.59108822198004,2025-08-10 01:15:00,222.89699734594046,287.7401064389155
2025-08-10 03:20:00,256.12341482099276,2025-08-10 01:20:00,223.36123106141437,288.3393906836273
2025-08-10 03:25:00,255.99977500178593,2025-08-10 01:25:00,223.2534067055446,288.20019907492866
2025-08-10 03:30:00,255.23145282302582,2025-08-10 01:30:00,222.58336492970932,287.33523501442977
2025-08-10 03:35:00,253.84109282141853,2025-08-10 01:35:00,221.3708536808077,285.76999133698416
2025-08-10 03:40:00,251.86205856117763,2025-08-10 01:40:00,219.64496880226557,283.542028176573
2025-08-10 03:45:00,249.337527675272,2025-08-10 01:45:00,217.44336483363762,280.6999541791106
2025-08-10 03:50:00,246.3193486169454,2025-08-10 01:50:00,214.8112580014576,277.3021394527209
2025-08-10 03:55:00,242.86669105585767,2025-08-10 01:55:00,211.80024925078538,273.41519620663365
2025-08-10 04:00:00,239.04452767887855,2025-08-10 02:00:00,208.4670002473837,269.1122695883013
2025-08-10 04:05:00,234.92198960656265,2025-08-10 02:05:00,204.8717991621038,264.4711862391963
2025-08-10 04:10:00,230.570641110004,2025-08-10 02:10:00,201.07705607839213,259.5725120003465
2025-08-10 04:15:00,226.06272106853814,2025-08-10 02:15:00,197.14576939500958,254.4975721752812
2025-08-10 04:20:00,221.46939929290363,2025-08-10 02:20:00,193.14000519268552,249.3264885282591
2025-08-10 04:25:00,216.85909494181143,2025-08-10 02:25:00,189.11943075146365,244.13628618620035
2025-08-10 04:30:00,212.29590207511387,2025-08-10 02:30:00,185.13994150020332,238.9991211531828
2025-08-10 04:35:00,207.83816407454583,2025-08-10 02:35:00,181.25241779116635,233.980675417523
2025-08-10 04:40:00,203.53723400551726,2025-08-10 02:40:00,177.5016438308914,229.13876138813475
2025-08-10 04:45:00,199.43645263000582,2025-08-10 02:45:00,173.92541642119468,224.5221713588001
2025-08-10 04:50:00,195.5703694810105,2025-08-10 02:50:00,170.55386567036265,220.16980060701758
2025-08-10 04:55:00,191.96422542529598,2025-08-10 02:55:00,167.40900374420042,216.11006487192742
2025-08-10 05:00:00,188.63370797186394,2025-08-10 03:00:00,164.50451147437013,212.36062488474406
2025-08-10 05:05:00,185.58498298059405,2025-08-10 03:05:00,161.8457660110017,208.9284220658058
2025-08-10 05:10:00,182.81499896748403,2025-08-10 03:10:00,159.43010620254137,205.81002110624593
2025-08-10 05:15:00,180.31205279341918,2025-08-10 03:15:00,157.24732592409507,202.99224681080256
2025-08-10 05:20:00,178.05659859844303,2025-08-10 03:20:00,155.28037953637568,200.45309478228234
2025-08-10 05:25:00,176.02227534879836,2025-08-10 03:25:00,153.5062779934337,198.1628882165685
2025-08-10 05:30:00,174.1771226706261,2025-08-10 03:30:00,151.89714915224258,196.08564666755083
2025-08-10 05:35:00,172.4849495672986,2025-08-10 03:35:00,150.4214314097144,194.18062692585448
2025-08-10 05:40:00,170.9068166914642,2025-08-10 03:40:00,149.0451663690065,192.40399173553453
2025-08-10 05:45:00,169.40258976290136,2025-08-10 03:45:00,147.7333535509775,190.7105586055146
2025-08-10 05:50:00,167.93251980895107,2025-08-10 03:50:00,146.45132849719545,189.05557881742848
2025-08-10 05:55:00,166.45880506567698,2025-08-10 03:55:00,145.1661248795523,187.3964957874208
2025-08-10 06:00:00,164.94708969573196,2025-08-10 04:00:00,143.84778150871534,185.69463229726833
2025-08-10 06:05:00,163.3678559714432,2025-08-10 04:05:00,142.47055643525857,183.91675779045406
2025-08-10 06:10:00,161.69766912311235,2025-08-10 04:10:00,141.01401256242877,182.03648980124228
2025-08-10 06:15:00,159.92023764256737,2025-08-10 04:15:00,139.4639423203179,180.03548762641014
2025-08-10 06:20:00,158.02725659962132,2025-08-10 04:20:00,137.81310310897965,177.90440171659515
2025-08-10 06:25:00,156.01900686319016,2025-08-10 04:25:00,136.06173986981022,175.64354826925288
2025-08-10 06:30:00,153.9046896061593,2025-08-10 04:30:00,134.21787680201976,173.26328580855503
2025-08-10 06:35:00,151.70248231507253,2025-08-10 04:35:00,132.29736620780739,170.78407824014587
2025-08-10 06:40:00,149.439310032072,2025-08-10 04:40:00,130.32368899602895,168.2362373192034
2025-08-10 06:45:00,147.15033331196787,2025-08-10 04:45:00,128.32750813755217,165.65934620120424
2025-08-10 06:50:00,144.87816227572003,2025-08-10 04:50:00,126.34598325356951,163.10137463668102
2025-08-10 06:55:00,142.67181403337446,2025-08-10 04:55:00,124.42186140041944,160.61750525567012
2025-08-10 07:00:00,140.58543824776854,2025-08-10 05:00:00,122.6023656535922,158.26869882897483
2025-08-10 07:05:00,138.67684283426422,2025-08-10 05:05:00,120.93790939348634,156.12003452596286
2025-08-10 07:10:00,137.00585808682962,2025-08-10 05:10:00,119.48066968530621,154.23886827549072
2025-08-10 07:15:00,135.63258314295007,2025-08-10 05:15:00,118.28305804848999,152.69285866588095
2025-08-10 07:20:00,134.61556317603032,2025-08-10 05:20:00,117.39613081466406,151.547914859085
2025-08-10 07:25:00,134.00994884476026,2025-08-10 05:25:00,116.86798401217254,150.8661245300371
2025-08-10 07:30:00,133.86569152832917,2025-08-10 05:30:00,116.74217945888644,150.70372209310852
2025-08-10 07:35:00,134.225828112552,2025-08-10 05:35:00,117.05624895096503,151.10915774345804
2025-08-10 07:40:00,135.1249079996063,2025-08-10 05:40:00,117.84032248260745,152.1213266113077
2025-08-10 07:45:00,136.58761221281281,2025-08-10 05:45:00,119.11592398889246,153.76801417355617
2025-08-10 07:50:00,138.62761012671888,2025-08-10 05:50:00,120.89497431793497,156.06460917992314
2025-08-10 07:55:00,141.2466935580663,2025-08-10 05:55:00,123.17903608513879,159.01312882726623
2025-08-10 08:00:00,144.43422073665764,2025-08-10 06:00:00,125.95882876887089,162.6015927914254
2025-08-10 08:05:00,148.16689426438114,2025-08-10 06:05:00,129.21403507199386,166.8037732572642
2025-08-10 08:10:00,152.40888776615816,2025-08-10 06:10:00,132.91341137217964,171.57933750015528
2025-08-10 08:15:00,157.11232584999289,2025-08-10 06:15:00,137.0152062875751,176.87438821685342
2025-08-10 08:20:00,162.21811137359788,2025-08-10 06:20:00,141.46788212310938,182.62239484821308
2025-08-10 08:25:00,167.65708336797184,2025-08-10 06:25:00,146.21112467756694,188.74549714988737
2025-08-10 08:30:00,173.3514785562054,2025-08-10 06:30:00,151.17711781131848,195.15615054537875
2025-08-10 08:35:00,179.2166593656423,2025-08-10 06:35:00,156.2920504187461,201.7590714927834
2025-08-10 08:40:00,185.16306267012408,2025-08-10 06:40:00,161.47781589592827,208.4534313457149
2025-08-10 08:45:00,191.09831545226092,2025-08-10 06:45:00,166.65385717667303,215.13523812995888
2025-08-10 08:50:00,196.92945764787532,2025-08-10 06:50:00,171.73910524045075,221.69983898399698
2025-08-10 08:55:00,202.56520793326087,2025-08-10 06:55:00,176.65395507008552,228.0444709438234
2025-08-10 09:00:00,207.91820581673755,2025-08-10 07:00:00,181.32222094479343,234.07078505154044
2025-08-10 09:05:00,212.90716319070125,2025-08-10 07:05:00,185.67301277513147,239.68726853611633
2025-08-10 09:10:00,217.45886030534626,2025-08-10 07:10:00,189.64247676051662,244.81149184670446
2025-08-10 09:15:00,221.50992540869981,2025-08-10 07:15:00,193.17534738551353,249.3721121411709
2025-08-10 09:20:00,225.0083431821554,2025-08-10 07:20:00,196.22626290291092,253.31057145720013
2025-08-10 09:25:00,227.9146455813736,2025-08-10 07:25:00,198.7608038474779,256.5824373407572
2025-08-10 09:30:00,230.20274817123476,2025-08-10 07:30:00,200.7562223906181,259.1583443777741
2025-08-10 09:35:00,231.8604063883497,2025-08-10 07:35:00,202.20184023978132,261.0245078467357
2025-08-10 09:40:00,232.8892782668215,2025-08-10 07:40:00,203.09910334062099,262.18279433427693
2025-08-10 09:45:00,233.3045929905056,2025-08-10 07:45:00,203.46129282659535,262.6503485969464
2025-08-10 09:50:00,233.13443749717828,2025-08-10 07:50:00,203.31290287760137,262.45879043229456
2025-08-10 09:55:00,232.41868603811375,2025-08-10 07:55:00,202.6887072055954,261.65300959522494
2025-08-10 10:00:00,231.20760938839598,2025-08-10 08:00:00,201.63254616862125,260.2896000705829
2025-08-10 10:05:00,229.56021114242867,2025-08-10 08:05:00,200.19587588010097,258.4349871028951
2025-08-10 10:10:00,227.54234744872153,2025-08-10 08:10:00,198.4361284588995,256.16331042572455
2025-08-10 10:15:00,225.2246937685163,2025-08-10 08:15:00,196.4149388712686,253.5541352730619
2025-08-10 10:20:00,222.6806269899947,2025-08-10 08:20:00,194.19629795571552,250.6900680994688
2025-08-10 10:25:00,219.98409372617988,2025-08-10 08:25:00,191.8446933988862,247.65435674605772
2025-08-10 10:30:00,217.20753546546214,2025-08-10 08:30:00,189.4233002917347,244.52855461019098
2025-08-10 10:35:00,214.41993857903114,2025-08-10 08:35:00,186.99228057145118,241.39032537696426
2025-08-10 10:40:00,211.68507208089338,2025-08-10 08:40:00,184.60724619948792,238.31145911936244
2025-08-10 10:45:00,209.05996845221247,2025-08-10 08:45:00,182.31793431218642,235.35616203610184
2025-08-10 10:50:00,206.59369360112848,2025-08-10 08:50:00,180.16713452194102,232.57967169328438
2025-08-10 10:55:00,204.32644059353035,2025-08-10 08:55:00,178.18989857395573,230.02723676189254
2025-08-10 11:00:00,202.2889696835483,2025-08-10 09:00:00,176.41305200557977,227.73348661362732
2025-08-10 11:05:00,200.50240376178022,2025-08-10 09:05:00,174.8550157598996,225.72220103999567
2025-08-10 11:10:00,198.9783750790562,2025-08-10 09:10:00,173.525934141243,224.00647543143256
2025-08-10 11:15:00,197.71950579643283,2025-08-10 09:15:00,172.4280938953261,222.5892617723235
2025-08-10 11:20:00,196.72019256013326,2025-08-10 09:20:00,171.55660842480853,221.4642519021479
2025-08-10 11:25:00,195.96765414874102,2025-08-10 09:25:00,170.90033142605364,220.6170569388974
2025-08-10 11:30:00,195.44319176595005,2025-08-10 09:30:00,170.44295597075813,220.0266260952507
2025-08-10 11:35:00,195.12360420951848,2025-08-10 09:35:00,170.1642486527007,219.6668398517479
2025-08-10 11:40:00,194.9826951247211,2025-08-10 09:40:00,170.04136403994448,219.50820679712984
2025-08-10 11:45:00,194.99280716229745,2025-08-10 09:45:00,170.0501825900297,219.51959075730144
2025-08-10 11:50:00,195.12631805334084,2025-08-10 09:50:00,170.16661535352537,219.66989505103416
2025-08-10 11:55:00,195.3570365271778,2025-08-10 09:55:00,170.36782133221675,219.9296339906079
2025-08-10 12:00:00,195.66144142526417,2025-08-10 10:00:00,170.633288090987,220.2723278551914
2025-08-10 12:05:00,196.0197150251607,2025-08-10 10:05:00,170.9457329035225,220.6756661894253
2025-08-10 12:10:00,196.4165313348479,2025-08-10 10:10:00,171.29179021147664,221.122395251774
2025-08-10 12:15:00,196.84157132042282,2025-08-10 10:15:00,171.6624609464998,221.60089804911686
2025-08-10 12:20:00,197.2897494053638,2025-08-10 10:20:00,172.0533100567115,222.10544932577372
2025-08-10 12:25:00,197.76114843557787,2025-08-10 10:25:00,172.4644097907337,222.63614234825965
2025-08-10 12:30:00,198.2606733622735,2025-08-10 10:30:00,172.9000376799315,223.1984990273449
2025-08-10 12:35:00,198.79744610585593,2025-08-10 10:35:00,173.36814880866442,223.80278866610482
2025-08-10 12:40:00,199.3839756465884,2025-08-10 10:40:00,173.87965206331003,224.46309366208087
2025-08-10 12:45:00,200.03514701565354,2025-08-10 10:45:00,174.4475284471541,225.19617133058725
2025-08-10 12:50:00,200.76708079669555,2025-08-10 10:50:00,175.08583646949265,226.0201699509161
2025-08-10 12:55:00,201.5959203232503,2025-08-10 10:55:00,175.80865447944703,226.95326341380132
2025-08-10 13:00:00,202.5366066937892,2025-08-10 11:00:00,176.62901237571006,228.01227215415858
2025-08-10 13:05:00,203.60170211634886,2025-08-10 11:05:00,177.5578654637695,229.21133849245263
2025-08-10 13:10:00,204.8003197415233,2025-08-10 11:10:00,178.6031611799694,230.56072185885435
2025-08-10 13:15:00,206.13721315966802,2025-08-10 11:15:00,179.7690450562382,232.06577376465614
2025-08-10 13:20:00,207.61207141806491,2025-08-10 11:20:00,181.0552459155656,233.72614414456885
2025-08-10 13:25:00,209.21905607417716,2025-08-10 11:25:00,182.45667214337416,235.5352601791383
2025-08-10 13:30:00,210.9466056091165,2025-08-10 11:30:00,183.9632411195582,237.48010610674837
2025-08-10 13:35:00,212.77752045558776,2025-08-10 11:35:00,185.55995337002648,239.54131894663695
2025-08-10 13:40:00,214.68932883395667,2025-08-10 11:40:00,187.22721160662485,241.69360035092797
2025-08-10 13:45:00,216.65492079482263,2025-08-10 11:45:00,188.94137366576453,243.90643039899226
2025-08-10 13:50:00,218.64342521653955,2025-08-10 11:50:00,190.67551732426676,246.14505490636222
2025-08-10 13:55:00,220.62129324899354,2025-08-10 11:55:00,192.40038515376492,248.37170514733685
2025-08-10 14:00:00,222.55354169849298,2025-08-10 12:00:00,194.08546885725352,250.54699763657467
2025-08-10 14:05:00,224.40510203275102,2025-08-10 12:05:00,195.70018571527058,252.63145281599304
2025-08-10 14:10:00,226.1422151995681,2025-08-10 12:10:00,197.21509498549267,254.58706531795278
2025-08-10 14:15:00,227.73380953212077,2025-08-10 12:15:00,198.603099552423,256.37885518763136
2025-08-10 14:20:00,229.15279898709707,2025-08-10 12:20:00,199.84057810059943,257.97632941746826
2025-08-10 14:25:00,230.3772415876319,2025-08-10 12:25:00,200.90839537459075,259.35478610254734
2025-08-10 14:30:00,231.39130344222048,2025-08-10 12:30:00,201.7927428848394,260.49639971671826
2025-08-10 14:35:00,232.18598151725683,2025-08-10 12:35:00,202.4857692263072,261.39103479764503
2025-08-10 14:40:00,232.75954852114748,2025-08-10 12:40:00,202.98596805496473,262.0367467897862
2025-08-10 14:45:00,233.1176949928691,2025-08-10 12:45:00,203.2983020010038,262.43994200527976
2025-08-10 14:50:00,233.27335676970074,2025-08-10 12:50:00,203.43405220614073,262.6151833900463
2025-08-10 14:55:00,233.24622978584907,2025-08-10 12:55:00,203.41039518707308,262.58464429232134
2025-08-10 15:00:00,233.06198789957395,2025-08-10 13:00:00,203.24972071472837,262.37722790571684
2025-08-10 15:05:00,232.7512328569878,2025-08-10 13:05:00,202.97871609408836,262.02738515629943
2025-08-10 15:10:00,232.34821758612776,2025-08-10 13:10:00,202.62725276888335,261.5736774087388
2025-08-10 15:15:00,231.88939465444912,2025-08-10 13:15:00,202.22712045403594,261.0571423444052
2025-08-10 15:20:00,231.41185011729954,2025-08-10 13:20:00,201.81066131936865,260.51953081457987
2025-08-10 15:25:00,230.95168883576684,2025-08-10 13:25:00,201.40936185050995,260.0014890587097
2025-08-10 15:30:00,230.54244055841087,2025-08-10 13:30:00,201.0524628176594,259.54076429829047
2025-08-10 15:35:00,230.2135560967657,2025-08-10 13:35:00,200.7656478137232,259.17051175678677
2025-08-10 15:40:00,229.98906009761066,2025-08-10 13:40:00,200.56986835804682,258.9177779735342
2025-08-10 15:45:00,229.88642118542097,2025-08-10 13:45:00,200.48035856528728,258.8022288292988
2025-08-10 15:50:00,229.91569170549462,2025-08-10 13:50:00,200.50588492882582,258.83518108369907
2025-08-10 15:55:00,230.07895853014318,2025-08-10 13:55:00,200.64826737742186,259.018984102142
2025-08-10 16:00:00,230.3701336297541,2025-08-10 14:00:00,200.90219663550621,259.3467840842824
2025-08-10 16:05:00,230.77509896652842,2025-08-10 14:05:00,201.25536058274756,259.80268718293155
2025-08-10 16:10:00,231.2722053521968,2025-08-10 14:10:00,201.68887930007756,260.3623211096022
2025-08-10 16:15:00,231.8331098037167,2025-08-10 14:15:00,202.17803531452034,260.9937778153314
2025-08-10 16:20:00,232.42392126942812,2025-08-10 14:20:00,202.69327276908393,261.6589033297292
2025-08-10 16:25:00,233.00661110489196,2025-08-10 14:25:00,203.20142747671633,262.3148856507232
2025-08-10 16:30:00,233.5406327877985,2025-08-10 14:30:00,203.66713944838773,262.91607819209526
2025-08-10 16:35:00,233.98468572361236,2025-08-10 14:35:00,204.054391080454,263.4159854459218
2025-08-10 16:40:00,234.29855099007852,2025-08-10 14:40:00,204.32810807877803,263.7693296325627
2025-08-10 16:45:00,234.44492276093217,2025-08-10 14:45:00,204.45575661475183,263.93411248637057
2025-08-10 16:50:00,234.39115829243514,2025-08-10 14:50:00,204.40886946123152,263.87358536081393
2025-08-10 16:55:00,234.1108715945793,2025-08-10 14:55:00,204.1644358083108,263.55804335645263
2025-08-10 17:00:00,233.5853014158093,2025-08-10 15:00:00,203.70609426143866,262.96636537490633
2025-08-10 17:05:00,232.8043925211228,2025-08-10 15:05:00,203.02507580716772,262.0872314033766
2025-08-10 17:10:00,231.76754029253289,2025-08-10 15:10:00,202.1208531675919,260.91996077320204
2025-08-10 17:15:00,230.4839618825795,2025-08-10 15:15:00,201.0014644775285,259.47492999817786
2025-08-10 17:20:00,228.9726719781753,2025-08-10 15:20:00,199.6834921485466,257.7735454899056
2025-08-10 17:25:00,227.26205715483417,2025-08-10 15:25:00,198.19169166993586,255.847764373012
2025-08-10 17:30:00,225.38905910985258,2025-08-10 15:30:00,196.55827931911622,253.73917498293588
2025-08-10 17:35:00,223.39799306810698,2025-08-10 15:35:00,194.82190171178306,251.4976666472414
2025-08-10 17:40:00,221.33904274129029,2025-08-10 15:40:00,193.02632327935626,249.17973533628685
2025-08-10 17:45:00,219.2664867753998,2025-08-10 15:45:00,191.21887958152598,246.84648702792643
2025-08-10 17:50:00,217.23672305353372,2025-08-10 15:50:00,189.44875433156912,244.5614135011517
2025-08-10 17:55:00,215.30616596272355,2025-08-10 15:55:00,187.7651456355853,242.38802511480202
2025-08-10 18:00:00,213.5290976743582,2025-08-10 16:00:00,186.21539212770355,240.38743181555768
2025-08-10 18:05:00,211.955557048608,2025-08-10 16:05:00,184.8431319165926,238.61596650239272
2025-08-10 18:10:00,210.62934911196217,2025-08-10 16:10:00,183.6865666819003,237.12294413019174
2025-08-10 18:15:00,209.58625401426835,2025-08-10 16:15:00,182.7768997336525,235.94864538400205
2025-08-10 18:20:00,208.8525071843404,2025-08-10 16:20:00,182.13701057968873,235.12260566402824
2025-08-10 18:25:00,208.4436123837902,2025-08-10 16:25:00,181.78041980844145,234.66227884179392
2025-08-10 18:30:00,208.36353678125232,2025-08-10 16:30:00,181.71058712573517,234.57213108837385
2025-08-10 18:35:00,208.60432267240773,2025-08-10 16:35:00,181.9205727418815,234.8432037553906
2025-08-10 18:40:00,209.14613460988082,2025-08-10 16:40:00,182.3930784729266,235.45316643305242
2025-08-10 18:45:00,209.9577439739408,2025-08-10 16:45:00,183.10087032719386,236.36686247161938
2025-08-10 18:50:00,210.99743635338626,2025-08-10 16:50:00,184.00756981798588,237.53733049539315
2025-08-10 18:55:00,212.21431084662626,2025-08-10 16:55:00,185.06878706377063,238.90726713380826
2025-08-10 19:00:00,213.5499255263276,2025-08-10 17:00:00,186.23355577220866,240.41087945758719
2025-08-10 19:05:00,214.9402300514009,2025-08-10 17:05:00,187.4460186408912,241.976060680493
2025-08-10 19:10:00,216.31771567032166,2025-08-10 17:10:00,188.64730234166714,243.5268105965546
2025-08-10 19:15:00,217.61370471017122,2025-08-10 17:15:00,189.77751414828865,244.98581304794723
2025-08-10 19:20:00,218.7606965269722,2025-08-10 17:20:00,190.77778780306983,246.27707695603877
2025-08-10 19:25:00,219.69468516537643,2025-08-10 17:25:00,191.59230471171384,247.3285455033058
2025-08-10 19:30:00,220.35736521219542,2025-08-10 17:30:00,192.17021763373535,248.0745794457766
2025-08-10 19:35:00,220.69814706975347,2025-08-10 17:35:00,192.46740817088622,248.45822587354658
2025-08-10 19:40:00,220.67591030715425,2025-08-10 17:40:00,192.44801583741895,248.4331921038574
2025-08-10 19:45:00,220.26043400592914,2025-08-10 17:45:00,192.0856854421939,247.96545593993633
2025-08-10 19:50:00,219.43345541821174,2025-08-10 17:50:00,191.36449032794363,247.03445749039005
2025-08-10 19:55:00,218.18932233059908,2025-08-10 17:55:00,190.27950128761077,245.63383358936056
2025-08-10 20:00:00,216.53521979468388,2025-08-10 18:00:00,188.83698429250492,243.77167304590782
2025-08-10 20:05:00,214.49096764768598,2025-08-10 18:05:00,187.05422391320687,241.47028869617534
2025-08-10 20:10:00,212.08840084533202,2025-08-10 18:10:00,184.95898291754807,238.76551979266986
2025-08-10 20:15:00,209.3703596512027,2025-08-10 18:15:00,182.58862163050733,235.70559517657807
2025-08-10 20:20:00,206.38933028048118,2025-08-10 18:20:00,179.98891246084798,232.34960293758428
2025-08-10 20:25:00,203.2057885903031,2025-08-10 18:25:00,177.21259545933333,228.76562576859553
2025-08-10 20:30:00,199.88630889458824,2025-08-10 18:30:00,174.3177290456693,225.0286119015969
2025-08-10 20:35:00,196.50150730150614,2025-08-10 18:35:00,171.36589642522006,221.21805975189835
2025-08-10 20:40:00,193.12389307687593,2025-08-10 18:40:00,168.42033179657716,217.4155990195405
2025-08-10 20:45:00,189.82570318526137,2025-08-10 18:45:00,165.54403188865888,213.70255285243508
2025-08-10 20:50:00,186.6767937152592,2025-08-10 18:50:00,162.79791710562662,210.15756404876436
2025-08-10 20:55:00,183.7426576926849,2025-08-10 18:55:00,160.23910289271333,206.854363544729
2025-08-10 21:00:00,181.0826323266781,2025-08-10 19:00:00,157.91933630354333,203.85975216265973
2025-08-10 21:05:00,178.74834979493676,2025-08-10 19:05:00,155.88364495412375,201.2318565313441
2025-08-10 21:10:00,176.78247526710706,2025-08-10 19:10:00,154.16923647274686,199.01870837419085
2025-08-10 21:15:00,175.21776392536725,2025-08-10 19:15:00,152.80467614236463,197.25718291901782
2025-08-10 21:20:00,174.07645625312324,2025-08-10 19:20:00,151.80935954130172,195.9723181243352
2025-08-10 21:25:00,173.3700178978183,2025-08-10 19:25:00,151.19328568167353,195.1770218213145
2025-08-10 21:30:00,173.09921791564534,2025-08-10 19:30:00,150.95712524537828,194.8721598003569
2025-08-10 21:35:00,173.25452731186013,2025-08-10 19:35:00,151.09256814488117,195.04700448100945
2025-08-10 21:40:00,173.8168091898869,2025-08-10 19:40:00,151.58292539147405,195.6800118701074
2025-08-10 21:45:00,174.75826280760086,2025-08-10 19:45:00,152.403952392019,196.73988436430423
2025-08-10 21:50:00,176.04357661558788,2025-08-10 19:50:00,153.52485449561178,198.18686882096256
2025-08-10 21:55:00,177.63124035226303,2025-08-10 19:55:00,154.90943125124804,199.97423369255526
2025-08-10 22:00:00,179.47496343210366,2025-08-10 20:00:00,156.5173133620553,202.04986582404993
2025-08-10 22:05:00,181.5251461470388,2025-08-10 20:05:00,158.30524569705403,204.3579267064478
2025-08-10 22:10:00,183.7303519169306,2025-08-10 20:10:00,160.22837121781527,206.84050991137275
2025-08-10 22:15:00,186.03873214523423,2025-08-10 20:15:00,162.24147357283456,209.43924516937483
2025-08-10 22:20:00,188.3993606816175,2025-08-10 20:20:00,164.30014086154688,212.09680068528445
2025-08-10 22:25:00,190.76344141460174,2025-08-10 20:25:00,166.36181875701374,214.75824262549907
2025-08-10 22:30:00,193.08536042337917,2025-08-10 20:30:00,168.3867280710954,217.37221961263057
2025-08-10 22:35:00,195.32356241383332,2025-08-10 20:35:00,170.33862908061985,219.89194940229265
2025-08-10 22:40:00,197.44123992901262,2025-08-10 20:40:00,172.1854225770759,222.27599478454707
2025-08-10 22:45:00,199.4068323266562,2025-08-10 20:45:00,173.89958501712252,224.48882532432816
2025-08-10 22:50:00,201.19433955078904,2025-08-10 20:50:00,175.4584421578979,226.501170600176
2025-08-10 22:55:00,202.78346291332153,2025-08-10 20:55:00,176.84429183045435,228.2901786937702
2025-08-10 23:00:00,204.15959107975937,2025-08-10 21:00:00,178.04439171811464,229.83940041288005
2025-08-10 23:05:00,205.3136541740664,2025-08-10 21:05:00,179.05083212360088,231.13862504509697
2025-08-10 23:10:00,206.24187198728634,2025-08-10 21:10:00,179.86031638570495,232.183596895377
2025-08-10 23:15:00,206.9454239405703,2025-08-10 21:15:00,180.47387305919767,232.975643736022
2025-08-10 23:20:00,207.430068359331,2025-08-10 21:20:00,180.89652388976344,233.52124819198843
2025-08-10 23:25:00,207.70573720466138,2025-08-10 21:25:00,181.1369303855979,233.8315914964012
2025-08-10 23:30:00,207.78612956965893,2025-08-10 21:30:00,181.20703931189948,233.92209585561884
2025-08-10 23:35:00,207.68832330655536,2025-08-10 21:35:00,181.121743996953,233.81198722565216
2025-08-10 23:40:00,207.4324194186961,2025-08-10 21:40:00,180.8985742119273,233.52389497469383
2025-08-10 23:45:00,207.04122849310514,2025-08-10 21:45:00,180.55742271361106,233.08349887422526
2025-08-10 23:50:00,206.54000290007514,2025-08-10 21:50:00,180.12031169985656,232.51922761386308
2025-08-10 23:55:00,205.95621302386473,2025-08-10 21:55:00,179.61119766386466,231.86200688567848
2025-08-11 00:00:00,205.31936067400915,2025-08-10 22:00:00,179.05580867310206,231.14504932581954
2025-08-11 00:05:00,204.66081846131888,2025-08-10 22:05:00,178.48150429161782,230.4036736867384
2025-08-11 00:10:00,204.01368038123988,2025-08-10 22:10:00,177.91714527612447,229.67513662647562
2025-08-11 00:15:00,203.41260648224267,2025-08-10 22:15:00,177.3929581137257,228.9984578389707
2025-08-11 00:20:00,202.89364333526595,2025-08-10 22:20:00,176.94037845612104,228.41421794161064
2025-08-11 00:25:00,202.49400211512895,2025-08-10 22:25:00,176.59185758787055,227.96430864305276
2025-08-11 00:30:00,202.25177758490744,2025-08-10 22:30:00,176.380617357057,227.69161638060766
2025-08-11 00:35:00,202.2055939001291,2025-08-10 22:35:00,176.34034128665454,227.63962357261772
2025-08-11 00:40:00,202.39416684230784,2025-08-10 22:40:00,176.5047928052295,227.85191578840457
2025-08-11 00:45:00,202.8557768513644,2025-08-10 22:45:00,176.90735568674194,228.3715884971175
2025-08-11 00:50:00,203.62765242242253,2025-08-10 22:50:00,177.5804963205191,229.24055290631853
2025-08-11 00:55:00,204.7452692100489,2025-08-10 22:55:00,178.55515247100655,230.49874690543885
2025-08-11 01:00:00,206.24157605926652,2025-08-10 23:00:00,179.86005831149936,232.183263744638
2025-08-11 01:05:00,208.14616470587592,2025-08-10 23:05:00,181.52102033275617,234.32741729752627
2025-08-11 01:10:00,210.48440520548218,2025-08-10 23:10:00,183.5601633641527,236.95976874184643
2025-08-11 01:15:00,213.27657349617414,2025-08-10 23:15:00,185.9951697347162,240.10314438435435
2025-08-11 01:20:00,216.53700094795522,2025-08-10 23:20:00,188.8385376084627,243.7736782380115
2025-08-11 01:25:00,220.2732779886823,2025-08-10 23:25:00,192.09688647901234,247.9799154775916
2025-08-11 01:30:00,224.48554494149175,2025-08-10 23:30:00,195.77033871998142,252.7220140764984
2025-08-11 01:35:00,229.16590249721312,2025-08-10 23:35:00,199.8520054671789,257.9910811266211
2025-08-11 01:40:00,234.29797259481714,2025-08-10 23:40:00,204.3276036693014,263.76867848500024
2025-08-11 01:45:00,239.85663692632778,2025-08-10 23:45:00,209.17522804214974,270.0265283870984
2025-08-11 01:50:00,245.80797576612605,2025-08-10 23:50:00,214.36529772262003,276.7264445818695
2025-08-11 01:55:00,252.1094241710398,2025-08-10 23:55:00,219.8606924883631,283.820508179167
2025-08-11 02:00:00,258.71015564795954,2025-08-11 00:00:00,225.61708734832175,291.25149957623034
2025-08-11 02:05:00,265.551696350085,2025-08-11 00:05:00,231.58348817368773,298.953589909388
2025-08-11 02:10:00,272.56876482526684,2025-08-11 00:10:00,237.70296402931882,306.85328642847946
2025-08-11 02:15:00,279.6903246718776,2025-08-11 00:15:00,243.91356517848848,314.8706175589577
2025-08-11 02:20:00,286.8408297043279,2025-08-11 00:20:00,250.1494089722908,322.92053468808047
2025-08-11 02:25:00,293.94163408346145,2025-08-11 00:25:00,256.34190960234076,330.9144996657612
2025-08-11 02:30:00,300.91253361946895,2025-08-11 00:30:00,262.4211222469805,338.7622199772133
2025-08-11 02:35:00,307.67339886355137,2025-08-11 00:35:00,268.31716726502,346.3734872498104
2025-08-11 02:40:00,314.1458568619552,2025-08-11 00:40:00,273.9616968271734,353.66007054321796
2025-08-11 02:45:00,320.25497541662116,2025-08-11 00:45:00,279.28936373347324,360.5376124614278
2025-08-11 02:50:00,325.93090276418445,2025-08-11 00:50:00,284.2392513517254,366.9274750755303
2025-08-11 02:55:00,331.1104157918205,2025-08-11 00:55:00,288.7562237923747,372.7584828788203
2025-08-11 03:00:00,335.7383320294725,2025-08-11 01:00:00,292.7921572848807,377.9685123836669
2025-08-11 03:05:00,339.76874391818336,2025-08-11 01:05:00,296.30701656385844,382.50588163984037
2025-08-11 03:10:00,343.16603880596523,2025-08-11 01:10:00,299.26974439155026,386.33049852853935
2025-08-11 03:15:00,345.9056740537929,2025-08-11 01:15:00,301.6589375156608,389.41473336355483
2025-08-11 03:20:00,347.97468368862206,2025-08-11 01:20:00,303.46328851354343,391.7439892726335
2025-08-11 03:25:00,349.371900885332,2025-08-11 01:25:00,304.68177981522877,393.3169526638705
2025-08-11 03:30:00,350.10788871794784,2025-08-11 01:30:00,305.32362331264653,394.14551526661154
2025-08-11 03:35:00,350.2045803066596,2025-08-11 01:35:00,305.40794653745996,394.2543690150783
2025-08-11 03:40:00,349.6946377825924,2025-08-11 01:40:00,304.96323362425045,393.68028438179334
2025-08-11 03:45:00,348.6205477520577,2025-08-11 01:45:00,304.02653647901406,392.47109206659565
2025-08-11 03:50:00,347.0334784695224,2025-08-11 01:50:00,302.6424781375516,390.68439642137804
2025-08-11 03:55:00,344.99193065947964,2025-08-11 01:55:00,300.86207616828773,388.3860565682621
2025-08-11 04:00:00,342.5602196836827,2025-08-11 02:00:00,298.7414189940143,385.6484776492476
2025-08-11 04:05:00,339.8068313940087,2025-08-11 02:05:00,296.3402320568438,382.54875987328825
2025-08-11 04:10:00,336.80269720288413,2025-08-11 02:10:00,293.72037353406,379.1667566198719
2025-08-11 04:15:00,333.61943593489605,2025-08-11 02:15:00,290.9443010843588,375.58309514542225
2025-08-11 04:20:00,330.3276105117345,2025-08-11 02:20:00,288.0735515300063,371.877213988814
2025-08-11 04:25:00,326.995046732105,2025-08-11 02:25:00,285.1672746910496,368.1254702823501
2025-08-11 04:30:00,323.685259184561,2025-08-11 02:30:00,282.2808606484762,364.3993676711613
2025-08-11 04:35:00,320.4560259875963,2025-08-11 02:35:00,279.4646967973011,360.7639517798071
2025-08-11 04:40:00,317.35814950219446,2025-08-11 02:40:00,276.7630870833311,357.27641504351067
2025-08-11 04:45:00,314.43443465912657,2025-08-11 02:45:00,274.2133610183534,353.98494652638163
2025-08-11 04:50:00,311.71891033745635,2025-08-11 02:50:00,271.84519465648685,350.9278553625605
2025-08-11 04:55:00,309.23631223999377,2025-08-11 02:55:00,269.680159617939,348.1329885861863
2025-08-11 05:00:00,307.00183848352776,2025-08-11 03:00:00,267.7315099430645,345.6174559790318
2025-08-11 05:05:00,305.0211815965942,2025-08-11 03:05:00,266.0042099971187,343.38766609304696
2025-08-11 05:10:00,303.2908330815117,2025-08-11 03:10:00,264.49520007405397,341.43966912112654
2025-08-11 05:15:00,301.7986493624188,2025-08-11 03:15:00,263.1938899509661,339.75979403179906
2025-08-11 05:20:00,300.5246609661494,2025-08-11 03:20:00,262.082864562102,338.3255595313139
2025-08-11 05:25:00,299.44210031572015,2025-08-11 03:25:00,261.1387803215123,337.10683113609474
2025-08-11 05:30:00,298.5186177631143,2025-08-11 03:30:00,260.33342560625545,336.0671901617956
2025-08-11 05:35:00,297.7176505407007,2025-08-11 03:35:00,259.634914597556,335.16547486555953
2025-08-11 05:40:00,296.99990521066104,2025-08-11 03:40:00,259.00898010180407,334.35744936240786
2025-08-11 05:45:00,296.32491129215794,2025-08-11 03:45:00,258.42032844455053,333.59755267232055
2025-08-11 05:50:00,295.6526016544089,2025-08-11 03:50:00,257.83401770663136,332.8406778999192
2025-08-11 05:55:00,294.94487459341605,2025-08-11 03:55:00,257.21681998689405,332.04393079392105
2025-08-11 06:00:00,294.167092697153,2025-08-11 04:00:00,256.53852853912457,331.1683171441109
2025-08-11 06:05:00,293.2894751659106,2025-08-11 04:05:00,255.77317199288146,330.180310231941
2025-08-11 06:10:00,292.2883427769811,2025-08-11 04:10:00,254.90010006775884,329.05325239062915
2025-08-11 06:15:00,291.14717831690814,2025-08-11 04:15:00,253.90490835979423,327.7685488217765
2025-08-11 06:20:00,289.8574699802222,2025-08-11 04:20:00,252.78017385633748,326.31661707934086
2025-08-11 06:25:00,288.41931068507415,2025-08-11 04:25:00,251.52597758985715,324.69756176899836
2025-08-11 06:30:00,286.84173265091334,2025-08-11 04:30:00,250.1501964179097,322.92155121001167
2025-08-11 06:35:00,285.1427634718115,2025-08-11 04:35:00,248.66855192380982,321.0088805616258
2025-08-11 06:40:00,283.3491973986664,2025-08-11 04:40:00,247.10441095541114,318.9897143364568
2025-08-11 06:45:00,281.49608333641766,2025-08-11 04:45:00,245.48833911547266,316.90350999645335
2025-08-11 06:50:00,279.625938916202,2025-08-11 04:50:00,243.85741536625608,314.79813316867586
2025-08-11 06:55:00,277.78770792931357,2025-08-11 04:55:00,242.25432282396116,312.728683942155
2025-08-11 07:00:00,276.03548588881984,2025-08-11 05:00:00,240.72623734090934,310.7560621268028
2025-08-11 07:05:00,274.42704570554054,2025-08-11 05:05:00,239.32354177058434,308.9453074844678
2025-08-11 07:10:00,273.02220178928076,2025-08-11 05:10:00,238.09839932586007,307.3637580618855
2025-08-11 07:15:00,271.88105647388636,2025-08-11 05:15:00,237.10322431367072,306.0790760457869
2025-08-11 07:20:00,271.06217714432967,2025-08-11 05:20:00,236.389092436004,305.1571956035289
2025-08-11 07:25:00,270.6207556217059,2025-08-11 05:25:00,236.004135618295,304.6602507499827
2025-08-11 07:30:00,270.6068033258863,2025-08-11 05:30:00,235.99196803895606,304.64454349229965
2025-08-11 07:35:00,271.0634359514813,2025-08-11 05:35:00,236.39019022206648,305.15861274724205
2025-08-11 07:40:00,272.02530038897436,2025-08-11 05:40:00,237.22901717985476,306.241463395711
2025-08-11 07:45:00,273.5171936918898,2025-08-11 05:45:00,238.5300740355287,307.92101153943804
2025-08-11 07:50:00,275.5529196913195,2025-08-11 05:50:00,240.30539889465626,310.21279729703707
2025-08-11 07:55:00,278.13442293680293,2025-08-11 05:55:00,242.55668756852938,313.1190098093555
2025-08-11 08:00:00,281.2512325153803,2025-08-11 06:00:00,245.2748085374444,316.62786110040986
2025-08-11 08:05:00,284.8802398289572,2025-08-11 06:05:00,248.43960915381103,320.71333590291675
2025-08-11 08:10:00,288.9858250862507,2025-08-11 06:10:00,252.0200259538041,325.33533406077777
2025-08-11 08:15:00,293.5203370522055,2025-08-11 06:15:00,255.97450303933823,330.44021062282434
2025-08-11 08:20:00,298.4249201352402,2025-08-11 06:20:00,260.251713367942,335.96170696359366
2025-08-11 08:25:00,303.6306720690132,2025-08-11 06:25:00,264.7915683489501,341.82225408179954
2025-08-11 08:30:00,309.06010522415295,2025-08-11 06:30:00,269.52649223064697,347.93461772026126
2025-08-11 08:35:00,314.62887437857137,2025-08-11 06:35:00,274.38292886178067,354.20384346037963
2025-08-11 08:40:00,320.24772520533907,2025-08-11 06:40:00,279.28304093741593,360.5294502966961
2025-08-11 08:45:00,325.8246096877325,2025-08-11 06:45:00,284.14655481936734,366.80781213522687
2025-08-11 08:50:00,331.2669086889304,2025-08-11 06:50:00,288.8926988045296,372.9346599246813
2025-08-11 08:55:00,336.4836974698985,2025-08-11 06:55:00,293.44217884765175,378.8076321380216
2025-08-11 09:00:00,341.38798746948277,2025-08-11 07:00:00,297.71913358275447,384.3287985304198
2025-08-11 09:05:00,345.898877572787,2025-08-11 07:05:00,301.65301041069296,389.40708200066246
2025-08-11 09:10:00,349.9435497819138,2025-08-11 07:10:00,305.18030589245075,393.9605052833784
2025-08-11 09:15:00,353.45904852329124,2025-08-11 07:15:00,308.24611745527767,397.9181940630094
2025-08-11 09:20:00,356.393788764442,2025-08-11 07:20:00,310.80545859777743,401.22207478605674
2025-08-11 09:25:00,358.70874651748557,2025-08-11 07:25:00,312.8242971094237,403.8282149097055
2025-08-11 09:30:00,360.3782948300777,2025-08-11 07:30:00,314.28028412520564,405.7077640462268
2025-08-11 09:35:00,361.39065968662476,2025-08-11 07:35:00,315.16315170995847,406.84746720882254
2025-08-11 09:40:00,361.7479823857915,2025-08-11 07:40:00,315.47476725681446,407.2497350351639
2025-08-11 09:45:00,361.4659877090737,2025-08-11 07:45:00,315.2288441021959,406.9322702172063
2025-08-11 09:50:00,360.5732701641675,2025-08-11 07:50:00,314.45031906980194,405.9272639660959
2025-08-11 09:55:00,359.11022314380676,2025-08-11 07:55:00,313.1744186067501,404.280190477375
2025-08-11 10:00:00,357.12764776168603,2025-08-11 08:00:00,311.44544557110623,402.0482407820901
2025-08-11 10:05:00,354.6850887314817,2025-08-11 08:05:00,309.31532797796103,399.29844930765523
2025-08-11 10:10:00,351.8489537097398,2025-08-11 08:10:00,306.8419789077271,396.1055766660145
2025-08-11 10:15:00,348.690479649057,2025-08-11 08:15:00,304.08752299449975,392.5498202085901
2025-08-11 10:20:00,345.2836144826712,2025-08-11 08:20:00,301.1164490762638,388.71442926277007
2025-08-11 10:25:00,341.7028850018937,2025-08-11 08:25:00,297.9937508040916,384.6833048245304
2025-08-11 10:30:00,338.0213215905302,2025-08-11 08:30:00,294.78311683543416,380.538663259691
2025-08-11 10:35:00,334.3085077987847,2025-08-11 08:35:00,291.545229897976,376.3588405473401
2025-08-11 10:40:00,330.62881765263865,2025-08-11 08:40:00,288.33622957466633,372.216307872669
2025-08-11 10:45:00,327.0398960557594,2025-08-11 08:45:00,285.20638708595004,368.1759608892481
2025-08-11 10:50:00,323.5914282886513,2025-08-11 08:50:00,282.1990321891898,364.29373444206817
2025-08-11 10:55:00,320.32423331376117,2025-08-11 08:55:00,279.3497624642052,360.6155818258271
2025-08-11 11:00:00,317.26970332565725,2025-08-11 09:00:00,276.68595455373463,357.1768438400388
2025-08-11 11:05:00,314.44959877143344,2025-08-11 09:05:00,274.22658540393013,354.0020180264859
2025-08-11 11:10:00,311.87619460722027,2025-08-11 09:10:00,271.98235981237707,351.1049233223155
2025-08-11 11:15:00,309.55276038176754,2025-08-11 09:15:00,269.9561291014909,348.4892405299837
2025-08-11 11:20:00,307.4743443694497,2025-08-11 09:20:00,268.14357494866755,346.149395080876
2025-08-11 11:25:00,305.6288207356291,2025-08-11 09:25:00,266.5341226028475,344.0717359162894
2025-08-11 11:30:00,303.9981493788583,2025-08-11 09:30:00,265.1120395732288,342.23595379638766
2025-08-11 11:35:00,302.5597906327543,2025-08-11 09:35:00,263.85766936868396,340.61667394754625
2025-08-11 11:40:00,301.2882120514885,2025-08-11 09:40:00,262.7487455418586,339.1851523758665
2025-08-11 11:45:00,300.15642211285007,2025-08-11 09:45:00,261.76172920766726,337.9110024840382
2025-08-11 11:50:00,299.1374658099726,2025-08-11 09:50:00,260.8731133254857,336.76387878310567
2025-08-11 11:55:00,298.20582012671343,2025-08-11 09:55:00,260.0606396714418,335.7150478949507
2025-08-11 12:00:00,297.33863267376665,2025-08-11 10:00:00,259.30437903362946,334.73878298779294
2025-08-11 12:05:00,296.5167545530649,2025-08-11 10:05:00,258.587631957027,333.8135265573921
2025-08-11 12:10:00,295.72552820206243,2025-08-11 10:10:00,257.89761581019536,332.9227773687623
2025-08-11 12:15:00,294.9553021446224,2025-08-11 10:15:00,257.2259136914897,332.05566995397896
2025-08-11 12:20:00,294.2016570411926,2025-08-11 10:20:00,256.5686715638883,331.20722909562744
2025-08-11 12:25:00,293.4653402221572,2025-08-11 10:25:00,255.92654116255062,330.3782961255624
2025-08-11 12:30:00,292.7519188778647,2025-08-11 10:30:00,255.30437754725588,329.575138492131
2025-08-11 12:35:00,292.0711745071752,2025-08-11 10:35:00,254.71071101043574,328.80876804063166
2025-08-11 12:40:00,291.43627256152337,2025-08-11 10:40:00,254.15702293672646,328.09400621270174
2025-08-11 12:45:00,290.8627509656394,2025-08-11 10:45:00,253.6568637076826,327.44834534012335
2025-08-11 12:50:00,290.36737923014755,2025-08-11 10:50:00,253.2248577516874,326.890664253162
2025-08-11 12:55:00,289.96694517885487,2025-08-11 10:55:00,252.87564546776503,326.4398623987537
2025-08-11 13:00:00,289.67702954897214,2025-08-11 11:00:00,252.6228145735658,326.1134803062438
2025-08-11 13:05:00,289.5108289234484,2025-08-11 11:05:00,252.47787360303366,325.92637446460003
2025-08-11 13:10:00,289.47808513481687,2025-08-11 11:10:00,252.44931825621592,325.8895120634436
2025-08-11 13:15:00,289.58417435134606,2025-08-11 11:15:00,252.54183700551835,326.0089455017082
2025-08-11 13:20:00,289.8294017069027,2025-08-11 11:20:00,252.75569595342182,326.28501829391877
2025-08-11 13:25:00,290.20853793006586,2025-08-11 11:25:00,253.08633473396787,326.71184341511815
2025-08-11 13:30:00,290.71062338764244,2025-08-11 11:30:00,253.52419562216787,327.2770826963839
2025-08-11 13:35:00,291.31905271558844,2025-08-11 11:35:00,254.0547973393083,327.96204210088274
2025-08-11 13:40:00,292.01194028031927,2025-08-11 11:40:00,254.65905376605315,328.742083154007
2025-08-11 13:45:00,292.76275384904665,2025-08-11 11:45:00,255.31382655645098,329.58733631867824
2025-08-11 13:50:00,293.5411912257276,2025-08-11 11:50:00,255.9926896384585,330.46368789721083
2025-08-11 13:55:00,294.3142633460175,2025-08-11 11:55:00,256.6668737641383,331.3339993612162
2025-08-11 14:00:00,295.0475373039068,2025-08-11 12:00:00,257.30635053378035,332.1595067298796
2025-08-11 14:05:00,295.7064850265501,2025-08-11 12:05:00,257.88100855416326,332.90133888517914
2025-08-11 14:10:00,296.2578777562454,2025-08-11 12:10:00,258.36186954451483,333.522087456015
2025-08-11 14:15:00,296.67116364089037,2025-08-11 12:15:00,258.7222897116406,333.9873576861498
2025-08-11 14:20:00,296.91976565872795,2025-08-11 12:20:00,258.93909164982875,334.2672296158447
2025-08-11 14:25:00,296.98223975803415,2025-08-11 12:25:00,258.9935743363892,334.3375618958514
2025-08-11 14:30:00,296.84323857941797,2025-08-11 12:30:00,258.87235357882435,334.1810767296103
2025-08-11 14:35:00,296.4942339490059,2025-08-11 12:35:00,258.5679920898544,333.78817324380793
2025-08-11 14:40:00,295.9339614896576,2025-08-11 12:40:00,258.07938722591683,333.1574280241324
2025-08-11 14:45:00,295.1685624421591,2025-08-11 12:45:00,257.41189466721426,332.29575477516454
2025-08-11 14:50:00,294.2114108837961,2025-08-11 12:50:00,256.5771777377304,331.21820980598176
2025-08-11 14:55:00,293.08262827596513,2025-08-11 12:55:00,255.59278404978096,329.9474455161033
2025-08-11 15:00:00,291.8083010710546,2025-08-11 13:00:00,254.48146319119095,328.5128295906039
2025-08-11 15:05:00,290.41943044642125,2025-08-11 13:05:00,253.27025080469377,326.94926262846167
2025-08-11 15:10:00,288.95065538508305,2025-08-11 13:10:00,251.9893550065408,325.2957406084872
2025-08-11 15:15:00,287.43880094617396,2025-08-11 13:15:00,250.67089035583163,323.5937205568568
2025-08-11 15:20:00,285.9213119014146,2025-08-11 13:20:00,249.3475118533368,321.8853571616521
2025-08-11 15:25:00,284.4346379065091,2025-08-11 13:25:00,248.05100667468628,320.2116848262437
2025-08-11 15:30:00,283.01263939439633,2025-08-11 13:30:00,246.81090397476328,318.6108230509851
2025-08-11 15:35:00,281.6850835913135,2025-08-11 13:35:00,245.6531632867963,317.1162832736401
2025-08-11 15:40:00,280.4762971735636,2025-08-11 13:40:00,244.59899952536261,315.7554520532526
2025-08-11 15:45:00,279.40403624762405,2025-08-11 13:45:00,243.6638975136848,314.54831891294464
2025-08-11 15:50:00,278.47862599006277,2025-08-11 13:50:00,242.85686167703466,313.5065077611447
2025-08-11 15:55:00,277.7024113465109,2025-08-11 13:55:00,242.17993700588417,312.6326584978203
2025-08-11 16:00:00,277.0695474942728,2025-08-11 14:00:00,241.62802632161905,311.9201911208428
2025-08-11 16:05:00,276.5661446639711,2025-08-11 14:05:00,241.18901657323437,311.353468763736
2025-08-11 16:10:00,276.17076691799986,2025-08-11 14:10:00,240.84421381423576,310.90835921198766
2025-08-11 16:15:00,275.8552694460008,2025-08-11 14:15:00,240.5690733949511,310.5531775160775
2025-08-11 16:20:00,275.5859442416785,2025-08-11 14:20:00,240.33419908939277,310.24997577497805
2025-08-11 16:25:00,275.3249305446871,2025-08-11 14:25:00,240.1065731196054,309.9561309876783
2025-08-11 16:30:00,275.0318345249905,2025-08-11 14:30:00,239.85096865710673,309.62616846632824
2025-08-11 16:35:00,274.66549308045524,2025-08-11 14:35:00,239.53148800322978,309.21374748961557
2025-08-11 16:40:00,274.18580957717506,2025-08-11 14:40:00,239.11316350959694,308.6737279480463
2025-08-11 16:45:00,273.55558528227675,2025-08-11 14:45:00,238.5635547420749,307.9642321398946
2025-08-11 16:50:00,272.74226937484025,2025-08-11 14:50:00,237.85427463797424,307.0486149037764
2025-08-11 16:55:00,271.71955265128554,2025-08-11 14:55:00,236.96237935163376,305.89725778510837
2025-08-11 17:00:00,270.46873555756457,2025-08-11 15:00:00,235.87156129393512,304.48910914351603
2025-08-11 17:05:00,268.9798095128699,2025-08-11 15:05:00,234.573092137826,302.8129014887013
2025-08-11 17:10:00,267.2522015991244,2025-08-11 15:10:00,233.0664722503966,300.8679898392227
2025-08-11 17:15:00,265.29514577642186,2025-08-11 15:15:00,231.35975442406954,298.66476963053424
2025-08-11 17:20:00,263.12765874377385,2025-08-11 15:20:00,229.469522825134,296.2246495394243
2025-08-11 17:25:00,260.77811440544184,2025-08-11 15:25:00,227.42052189247815,293.5795724254388
2025-08-11 17:30:00,258.28342720603666,2025-08-11 15:30:00,225.24494413688038,290.77109594340584
2025-08-11 17:35:00,255.68787066750946,2025-08-11 15:35:00,222.981399805566,287.8490624724446
2025-08-11 17:40:00,253.04157247607492,2025-08-11 15:40:00,220.6736044710101,284.86990491038136
2025-08-11 17:45:00,250.3987410981642,2025-08-11 15:45:00,218.36883249039894,281.8946502281066
2025-08-11 17:50:00,247.8156902125045,2025-08-11 15:50:00,216.1161941436923,278.9866954087612
2025-08-11 17:55:00,245.3487361647244,2025-08-11 15:55:00,213.9648020366129,276.209440437838
2025-08-11 18:00:00,243.05204941509373,2025-08-11 16:00:00,211.9618973817672,273.6238694995366
2025-08-11 18:05:00,240.97554363816505,2025-08-11 16:05:00,210.1510091154012,271.2861745609887
2025-08-11 18:10:00,239.16288539991794,2025-08-11 16:10:00,208.57021816791416,269.2455147005885
2025-08-11 18:15:00,237.64970331019063,2025-08-11 16:15:00,207.2505956936558,267.5420000022143
2025-08-11 18:20:00,236.46206841322052,2025-08-11 16:20:00,206.2148778432432,266.2049808047063
2025-08-11 18:25:00,235.61530745721223,2025-08-11 16:25:00,205.47643083448008,265.2517117009004
2025-08-11 18:30:00,235.11319820744674,2025-08-11 16:30:00,205.03854919748363,264.68644563479245
2025-08-11 18:35:00,234.94758141194072,2025-08-11 16:35:00,204.89411737599426,264.4999970590675
2025-08-11 18:40:00,235.09840818730615,2025-08-11 16:40:00,205.0256510518442,264.6697952812958
2025-08-11 18:45:00,235.53422484773859,2025-08-11 16:45:00,205.4057199567481,265.1604302761739
2025-08-11 18:50:00,236.2130805619853,2025-08-11 16:50:00,205.9977394257732,265.92467451032485
2025-08-11 18:55:00,237.0838269292242,2025-08-11 16:55:00,206.75710373717234,266.904945982752
2025-08-11 19:00:00,238.08776373374877,2025-08-11 17:00:00,207.63262134934845,268.0351609875137
2025-08-11 19:05:00,239.16057184504209,2025-08-11 17:05:00,208.5682005528298,269.24291013980013
2025-08-11 19:10:00,240.2344635344585,2025-08-11 17:10:00,209.5047247278738,270.4518791659353
2025-08-11 19:15:00,241.24047225906398,2025-08-11 17:15:00,210.38204922920235,271.5844267031368
2025-08-11 19:20:00,242.11079894072117,2025-08-11 17:20:00,211.14104753935845,272.56422570066354
2025-08-11 19:25:00,242.78112993467386,2025-08-11 17:25:00,211.72563273291658,273.31887294948206
2025-08-11 19:30:00,243.19284322296087,2025-08-11 17:30:00,212.08468146331245,273.78237277734434
2025-08-11 19:35:00,243.2950240172994,2025-08-11 17:35:00,212.17379173864686,273.89740618028304
2025-08-11 19:40:00,243.04621844711494,2025-08-11 17:40:00,211.95681228563518,273.61730509481293
2025-08-11 19:45:00,242.41586425520643,2025-08-11 17:45:00,211.4070902369587,272.90766305081314
2025-08-11 19:50:00,241.38534980633318,2025-08-11 17:50:00,210.50839467611834,271.74752738540957
2025-08-11 19:55:00,239.94866680394964,2025-08-11 17:55:00,209.2554858615077,270.1301340603896
2025-08-11 20:00:00,238.11263738210965,2025-08-11 18:00:00,207.65431326971725,268.06316331841134
2025-08-11 20:05:00,235.89671198451393,2025-08-11 18:05:00,205.7218393290072,265.5685121386678
2025-08-11 20:10:00,233.33235007545883,2025-08-11 18:10:00,203.48549934699554,262.68159705179056
2025-08-11 20:15:00,230.46201069336118,2025-08-11 18:15:00,200.98232118814786,259.450217722151
2025-08-11 20:20:00,227.33779347323875,2025-08-11 18:20:00,198.25774013070125,255.93302703404854
2025-08-11 20:25:00,224.0197827115662,2025-08-11 18:25:00,195.36415475148016,252.19766686804795
2025-08-11 20:30:00,220.5741565580773,2025-08-11 18:30:00,192.35927798158946,248.31863946122172
2025-08-11 20:35:00,217.07113075016494,2025-08-11 18:35:00,189.30434386929025,244.3749924982589
2025-08-11 20:40:00,213.58281033729605,2025-08-11 18:40:00,186.26223410240456,240.44790061929558
2025-08-11 20:45:00,210.18102464103006,2025-08-11 18:45:00,183.29558991075135,236.6182280546722
2025-08-11 20:50:00,206.9352190330443,2025-08-11 18:50:00,180.46497351867941,232.96415522443826
2025-08-11 20:55:00,203.91047316465222,2025-08-11 18:55:00,177.82713987397273,229.55894769480048
2025-08-11 21:00:00,201.1657085878251,2025-08-11 19:00:00,175.43347354212895,226.4689383483084
2025-08-11 21:05:00,198.75213993166795,2025-08-11 19:05:00,173.32863800154675,223.75178374463485
2025-08-11 21:10:00,196.71201332640348,2025-08-11 19:10:00,171.5494754427799,221.45504385972214
2025-08-11 21:15:00,195.07766379956854,2025-08-11 19:15:00,170.12418473847774,219.6151209184283
2025-08-11 21:20:00,193.87091096648842,2025-08-11 19:20:00,169.07179443448305,218.25657907312592
2025-08-11 21:25:00,193.10279927677703,2025-08-11 19:25:00,168.40193622286068,217.39185197762336
2025-08-11 21:30:00,192.77367664161272,2025-08-11 19:30:00,168.1149135115172,217.02133130441666
2025-08-11 21:35:00,192.87359336730964,2025-08-11 19:35:00,168.20204932793948,217.13381585732913
2025-08-11 21:40:00,193.38299268946764,2025-08-11 19:40:00,168.64628852324532,217.70728896312988
2025-08-11 21:45:00,194.27365520228557,2025-08-11 19:45:00,169.42302139424154,218.70998169401574
2025-08-11 21:50:00,195.5098522851353,2025-08-11 19:50:00,170.5010895687301,220.10167137565963
2025-08-11 21:55:00,197.04965857962313,2025-08-11 19:55:00,171.8439305962609,221.83515915159663
2025-08-11 22:00:00,198.84637072991234,2025-08-11 20:00:00,173.41081520941538,223.85786717698485
2025-08-11 22:05:00,200.84997898197975,2025-08-11 20:05:00,175.15813068254135,226.11349532005633
2025-08-11 22:10:00,203.00863978552732,2025-08-11 20:10:00,177.04066506488743,228.5436789923401
2025-08-11 22:15:00,205.27010101464637,2025-08-11 20:15:00,179.01285009329152,231.08959363788148
2025-08-11 22:20:00,207.58303679257534,2025-08-11 20:20:00,181.02992527201064,233.69345745628524
2025-08-11 22:25:00,209.89825543503304,2025-08-11 20:25:00,183.04899130124159,236.29989128480574
2025-08-11 22:30:00,212.16975195789252,2025-08-11 20:30:00,185.0299279526298,238.85710349361156
2025-08-11 22:35:00,214.355584856466,2025-08-11 20:35:00,186.93615869479424,241.31787704901416
2025-08-11 22:40:00,216.4185656475882,2025-08-11 20:40:00,188.7352520322119,243.6403457882348
2025-08-11 22:45:00,218.32675819456898,2025-08-11 20:45:00,190.3993569587128,245.78855655095646
2025-08-11 22:50:00,220.05379279338766,2025-08-11 20:50:00,191.905476867146,247.732822772227
2025-08-11 22:55:00,221.57900728619845,2025-08-11 20:55:00,193.23559261226453,249.44988334564732
2025-08-11 23:00:00,222.88743336097704,2025-08-11 21:00:00,194.37665056286096,250.92288719974596
2025-08-11 23:05:00,223.96965095875962,2025-08-11 21:05:00,195.32043563259379,252.14122939212155
2025-08-11 23:10:00,224.82153679755612,2025-08-11 21:10:00,196.06335197161872,253.10026800193498
2025-08-11 23:15:00,225.44393461612773,2025-08-11 21:15:00,196.60613539133556,253.80095289595445
2025-08-11 23:20:00,225.84227474382692,2025-08-11 21:20:00,196.95352159718573,254.2493974467422
2025-08-11 23:25:00,226.0261691175367,2025-08-11 21:25:00,197.11389300924813,254.4564226096024
2025-08-11 23:30:00,226.0090050383699,2025-08-11 21:30:00,197.09892448379952,254.4370995807725
2025-08-11 23:35:00,225.80755707323283,2025-08-11 21:35:00,196.9232448587278,254.21031288279457
2025-08-11 23:40:00,225.4416316996998,2025-08-11 21:40:00,196.60412705387552,253.79836031175012
2025-08-11 23:45:00,224.93375398718732,2025-08-11 21:45:00,196.16121483058376,253.22660020824694
2025-08-11 23:50:00,224.30890003973096,2025-08-11 21:50:00,195.61628945921552,252.5231502460412
2025-08-11 23:55:00,223.59427344957223,2025-08-11 21:55:00,194.99307476781905,251.71863576728222
2025-08-12 00:00:00,222.8191189426221,2025-08-11 22:00:00,194.31707462524642,250.84597998773984
2025-08-12 00:05:00,222.0145619552721,2025-08-11 22:05:00,193.61543303859506,249.94022339510306
2025-08-12 00:10:00,221.21345943075062,2025-08-11 22:10:00,192.91680403503995,249.03835577805182
2025-08-12 00:15:00,220.4502446786752,2025-08-11 22:15:00,192.2512163662712,248.17914157177557
2025-08-12 00:20:00,219.76074802941633,2025-08-11 22:20:00,191.6499171039651,247.40291795370203
2025-08-12 00:25:00,219.18197509117635,2025-08-11 22:25:00,191.1451782612448,246.7513452090823
2025-08-12 00:30:00,218.75182590928023,2025-08-11 22:30:00,190.77005187588279,246.26709056529006
2025-08-12 00:35:00,218.50874090056203,2025-08-11 22:35:00,190.5580612352074,245.99342959076685
2025-08-12 00:40:00,218.49126326449627,2025-08-11 22:40:00,190.54281926168295,245.9737535649052
2025-08-12 00:45:00,218.73751213635833,2025-08-11 22:45:00,190.75756905800688,246.25097636282416
2025-08-12 00:50:00,219.2845660972707,2025-08-11 22:50:00,191.2346462758466,246.86684042144913
2025-08-12 00:55:00,220.16776242960157,2025-08-11 22:55:00,192.00486800741388,247.86112785314012
2025-08-12 01:00:00,221.41992320848405,2025-08-11 23:00:00,193.09685787196213,249.2707891926676
2025-08-12 01:05:00,223.07052512992334,2025-08-11 23:05:00,194.53632203584064,251.129008803794
2025-08-12 01:10:00,225.1448350135985,2025-08-11 23:10:00,196.34529529798604,253.46423164300978
2025-08-12 01:15:00,227.66303744183222,2025-08-11 23:15:00,198.5413803174882,256.2991811703008
2025-08-12 01:20:00,230.6393843534432,2025-08-11 23:20:00,201.13700598766718,259.6499019763498
2025-08-12 01:25:00,234.08139876234827,2025-08-11 23:25:00,204.13873301149863,263.5248633424615
2025-08-12 01:30:00,237.98916558926658,2025-08-11 23:30:00,207.54663544701577,267.92416087093943
2025-08-12 01:35:00,242.35474220941035,2025-08-11 23:35:00,211.35378665515404,272.83885288968634
2025-08-12 01:40:00,247.16171932264845,2025-08-11 23:40:00,215.54587634147703,278.2504660872924
2025-08-12 01:45:00,252.3849594824646,2025-08-11 23:45:00,220.10098253136346,284.13070115337666
2025-08-12 01:50:00,257.99053592511297,2025-08-11 23:50:00,224.9895182238689,290.4413639134893
2025-08-12 01:55:00,263.9358887435529,2025-08-11 23:55:00,230.17436758857582,297.1345411470752
2025-08-12 02:00:00,270.17020856362956,2025-08-12 00:00:00,235.61122056360014,304.1530325236022
2025-08-12 02:05:00,276.6350506699192,2025-08-12 00:05:00,241.24910842515214,311.4310419750076
2025-08-12 02:10:00,283.26517475854564,2025-08-12 00:10:00,247.03113612285622,318.8951230751581
2025-08-12 02:15:00,289.98959749725964,2025-08-12 00:15:00,252.895400200962,326.4653639941114
2025-08-12 02:20:00,296.73283763649334,2025-08-12 00:20:00,258.77607464025397,334.05678922299546
2025-08-12 02:25:00,303.4163260903265,2025-08-12 00:25:00,264.60464056764596,341.5809470192133
2025-08-12 02:30:00,309.9599471279139,2025-08-12 00:30:00,270.3112303051614,348.94764445357794
2025-08-12 02:35:00,316.2836713925723,2025-08-12 00:35:00,275.82605150038177,356.066785835467
2025-08-12 02:40:00,322.3092375264656,2025-08-12 00:40:00,281.08085364507843,362.85026585733453
2025-08-12 02:45:00,327.96183635968544,2025-08-12 00:45:00,286.01039683021327,369.21386562617533
2025-08-12 02:50:00,333.17175040883853,2025-08-12 00:50:00,290.5538815270588,375.0790983831913
2025-08-12 02:55:00,337.87590200753317,2025-08-12 00:55:00,294.65629868762306,380.3749523628012
2025-08-12 03:00:00,342.0192651340868,2025-08-12 01:00:00,298.26966097755,385.0394802042969
2025-08-12 03:05:00,345.55609953426375,2025-08-12 01:05:00,301.3540790352899,389.0211883062628
2025-08-12 03:10:00,348.4509705541899,2025-08-12 01:10:00,303.8786508524611,392.280184937151
2025-08-12 03:15:00,350.6795240670357,2025-08-12 01:15:00,305.82213757531053,394.78905263458086
2025-08-12 03:20:00,352.22899296735363,2025-08-12 01:20:00,307.1734052105179,396.5334184080622
2025-08-12 03:25:00,353.0984194372648,2025-08-12 01:25:00,307.9316184600658,397.5122039624935
2025-08-12 03:30:00,353.2985855323637,2025-08-12 01:30:00,308.1061801862918,397.7375475529523
2025-08-12 03:35:00,352.85165309375174,2025-08-12 01:35:00,307.7164173847947,397.234398603778
2025-08-12 03:40:00,351.79052251885616,2025-08-12 01:40:00,306.7910219784776,396.0397958236495
2025-08-12 03:45:00,350.15792799707896,2025-08-12 01:45:00,305.36726178668437,394.2018486372446
2025-08-12 03:50:00,348.0052944530121,2025-08-12 01:50:00,303.4899836832243,391.7784503513238
2025-08-12 03:55:00,345.3913881352457,2025-08-12 01:55:00,301.2104367959412,388.83575901052774
2025-08-12 04:00:00,342.38079853694114,2025-08-12 02:00:00,298.58494861334776,385.44648836933976
2025-08-12 04:05:00,339.0422939894651,2025-08-12 02:05:00,295.6734909235089,381.6880566473258
2025-08-12 04:10:00,335.44709649739076,2025-08-12 02:10:00,292.53817532458214,377.64064436767717
2025-08-12 04:15:00,331.6671232866109,2025-08-12 02:15:00,289.2417197063832,373.38521472194
2025-08-12 04:20:00,327.7732432631611,2025-08-12 02:20:00,285.8459277353482,369.0015507209685
2025-08-12 04:25:00,323.83359547647257,2025-08-12 02:25:00,282.41022241259145,364.5663621494129
2025-08-12 04:30:00,319.9120147705906,2025-08-12 02:30:00,278.9902731089142,360.1515131905976
2025-08-12 04:35:00,316.0666062285721,2025-08-12 02:35:00,275.636752360022,355.8224175602345
2025-08-12 04:40:00,312.3485055785852,2025-08-12 02:40:00,272.39425483603833,351.63664299266173
2025-08-12 04:45:00,308.8008572410951,2025-08-12 02:45:00,269.3004061124119,347.6427607437208
2025-08-12 04:50:00,305.4580353853984,2025-08-12 02:50:00,266.38518336548236,343.87946866943247
2025-08-12 04:55:00,302.345126506001,2025-08-12 02:55:00,263.67046413541834,340.3750087192697
2025-08-12 05:00:00,299.4776846867905,2025-08-12 03:00:00,261.16981289592326,337.1468914167195
2025-08-12 05:05:00,296.861763290425,2025-08-12 03:05:00,258.8885086900565,334.20193153465846
2025-08-12 05:10:00,294.4942191888399,2025-08-12 03:10:00,256.82381044490836,331.53659059289106
2025-08-12 05:15:00,292.3632783890075,2025-08-12 03:15:00,254.96545024499375,329.13761363002345
2025-08-12 05:20:00,290.44934488474036,2025-08-12 03:20:00,253.29633871928033,326.98293979508696
2025-08-12 05:25:00,288.7260281184134,2025-08-12 03:25:00,251.79346107451448,325.042859046496
2025-08-12 05:30:00,287.16135867001725,2025-08-12 03:30:00,250.4289372786631,323.2813807541378
2025-08-12 05:35:00,285.7191568770383,2025-08-12 03:35:00,249.17121561294232,321.65777446839064
2025-08-12 05:40:00,284.36051494808055,2025-08-12 03:40:00,247.98636519996563,320.1282384584686
2025-08-12 05:45:00,283.0453502347531,2025-08-12 03:45:00,246.83943058790499,318.6476483595333
2025-08-12 05:50:00,281.733985291697,2025-08-12 03:50:00,245.69580969617007,317.1713359774385
2025-08-12 05:55:00,280.3887096051734,2025-08-12 03:55:00,244.52261577452524,315.65684745625106
2025-08-12 06:00:00,278.9752781058743,2025-08-12 04:00:00,243.28998423271528,314.06563027852525
2025-08-12 06:05:00,277.46430315822823,2025-08-12 04:05:00,241.9722865726046,312.36460034322243
2025-08-12 06:10:00,275.83249915399153,2025-08-12 04:10:00,240.5492157788156,310.5275431080393
2025-08-12 06:15:00,274.06374262226603,2025-08-12 04:15:00,239.0067108241232,308.53630704326224
2025-08-12 06:20:00,272.1499152557025,2025-08-12 04:20:00,237.33769185944394,306.38175269635
2025-08-12 06:25:00,270.09150290430654,2025-08-12 04:25:00,235.5425825869818,304.0644270289877
2025-08-12 06:30:00,267.8979297875711,2025-08-12 04:30:00,233.62960172141086,301.5949396674299
2025-08-12 06:35:00,265.5876142303883,2025-08-12 04:35:00,231.6148115962934,298.9940256490431
2025-08-12 06:40:00,263.1877396038197,2025-08-12 04:40:00,229.52191840510255,296.29228755131584
2025-08-12 06:45:00,260.73374196936,2025-08-12 04:45:00,227.38182538378385,293.5296186904711
2025-08-12 06:50:00,258.2685238276688,2025-08-12 04:50:00,225.23194713330088,290.75431797314207
2025-08-12 06:55:00,255.84141120091368,2025-08-12 04:55:00,223.1153001074301,288.0219157973854
2025-08-12 07:00:00,253.50687885939743,2025-08-12 05:00:00,221.07939090280624,285.3937389344677
2025-08-12 07:05:00,251.32307567430158,2025-08-12 05:05:00,219.17493024207454,282.93525039602775
2025-08-12 07:10:00,249.35018837733932,2025-08-12 05:10:00,217.4544060342316,280.71420738248236
2025-08-12 07:15:00,247.64868766733886,2025-08-12 05:15:00,215.9705538315613,278.7986867796035
2025-08-12 07:20:00,246.2775050094952,2025-08-12 05:20:00,214.77476684472887,277.2550326300798
2025-08-12 07:25:00,245.29219170918137,2025-08-12 05:25:00,213.9154904997953,276.14578365007725
2025-08-12 07:30:00,244.74311374520408,2025-08-12 05:30:00,213.4366481804846,275.5276410031753
2025-08-12 07:35:00,244.67373615306815,2025-08-12 05:35:00,213.3761450656156,275.4495368881823
2025-08-12 07:40:00,245.11904962264538,2025-08-12 05:40:00,213.76449598949546,275.95086322951215
2025-08-12 07:45:00,246.10418917696236,2025-08-12 05:45:00,214.623620813258,277.05991660922217
2025-08-12 07:50:00,247.6432904848018,2025-08-12 05:50:00,215.96584703294008,278.7926107231632
2025-08-12 07:55:00,249.73862351642157,2025-08-12 05:55:00,217.79315425416127,281.1515010653007
2025-08-12 08:00:00,252.38003606550407,2025-08-12 06:00:00,220.09668889630436,284.12515845417647
2025-08-12 08:05:00,255.5447312625227,2025-08-12 06:05:00,222.8565701653959,287.68791856123465
2025-08-12 08:10:00,259.1973937821769,2025-08-12 06:10:00,226.0420001176401,291.80002399300906
2025-08-12 08:15:00,263.29066934229826,2025-08-12 06:15:00,229.61168182292778,296.40816410284816
2025-08-12 08:20:00,267.76599150382395,2025-08-12 06:20:00,233.5145404041842,301.4464057882838
2025-08-12 08:25:00,272.5547391249054,2025-08-12 06:25:00,237.690732435025,306.8374965332098
2025-08-12 08:30:00,277.5796974118281,2025-08-12 06:30:00,242.07292009945138,312.4945092341945
2025-08-12 08:35:00,282.75678545467514,2025-08-12 06:35:00,246.58777774872894,318.32278703079237
2025-08-12 08:40:00,287.99700448931316,2025-08-12 06:40:00,251.15769095024646,324.2221366258003
2025-08-12 08:45:00,293.2085530701222,2025-08-12 06:45:00,255.70260109662823,330.0892095107954
2025-08-12 08:50:00,298.2990494556419,2025-08-12 06:50:00,260.14194351355655,335.8200038901528
2025-08-12 08:55:00,303.1777968684291,2025-08-12 06:55:00,264.3966229575248,341.31241487212236
2025-08-12 09:00:00,307.75802512576587,2025-08-12 07:00:00,268.39096850697814,346.468758058611
2025-08-12 09:05:00,311.95904167757135,2025-08-12 07:05:00,272.0546094488907,351.1981911471321
2025-08-12 09:10:00,315.7082271263453,2025-08-12 07:10:00,275.32421554055156,355.418960453269
2025-08-12 09:15:00,318.94281431882047,2025-08-12 07:15:00,278.1450485276163,359.0604037818424
2025-08-12 09:20:00,321.6113963337162,2025-08-12 07:20:00,280.47227723668243,362.064648093914
2025-08-12 09:25:00,323.6751168060962,2025-08-12 07:25:00,282.2720156385759,364.38794955373277
2025-08-12 09:30:00,325.1085057710309,2025-08-12 07:30:00,283.52205177455915,366.00163450733515
2025-08-12 09:35:00,325.89993543062025,2025-08-12 07:35:00,284.212245223635,366.89261257731926
2025-08-12 09:40:00,326.0516823977375,2025-08-12 07:40:00,284.3445813843443,367.06344673579423
2025-08-12 09:45:00,325.57959574404595,2025-08-12 07:45:00,283.9328819846236,366.5319795984752
2025-08-12 09:50:00,324.51238312596297,2025-08-12 07:50:00,283.0021825234053,365.33052975741714
2025-08-12 09:55:00,322.8905398494651,2025-08-12 07:55:00,281.5877983247547,363.5046861403602
2025-08-12 10:00:00,320.7649575994076,2025-08-12 08:00:00,279.7341112324326,361.1117417418253
2025-08-12 10:05:00,318.1952602442307,2025-08-12 08:05:00,277.49311829116357,358.2188201003156
2025-08-12 10:10:00,315.247923115146,2025-08-12 08:10:00,274.92279159937914,354.9007580147641
2025-08-12 10:15:00,311.9942392644904,2025-08-12 08:15:00,272.0853047148824,351.237815992728
2025-08-12 10:20:00,308.5082011160413,2025-08-12 08:20:00,269.04518527516285,347.31329344828896
2025-08-12 10:25:00,304.8643683088977,2025-08-12 08:25:00,265.8674555773358,343.2111283569048
2025-08-12 10:30:00,301.13579236237285,2025-08-12 08:30:00,262.6158227107982,339.01356087839054
2025-08-12 10:35:00,297.3920662595879,2025-08-12 08:35:00,259.3509776295345,334.79893761125254
2025-08-12 10:40:00,293.69756171481447,2025-08-12 08:40:00,256.1290579004877,330.63972713819834
2025-08-12 10:45:00,290.1099095831009,2025-08-12 08:45:00,253.00032249252152,326.6008092971017
2025-08-12 10:50:00,286.6787693676327,2025-08-12 08:50:00,250.00807868300126,322.7380899132857
2025-08-12 10:55:00,283.444922515473,2025-08-12 08:55:00,247.18789133516626,319.0974800472663
2025-08-12 11:00:00,280.43971202150993,2025-08-12 09:00:00,244.5670941854819,315.7142651103931
2025-08-12 11:05:00,277.684837462105,2025-08-12 09:05:00,242.16461109568507,312.6128741172119
2025-08-12 11:10:00,275.19250129953576,2025-08-12 09:10:00,239.9910836426038,309.80704439252133
2025-08-12 11:15:00,272.9658890175365,2025-08-12 09:15:00,238.04928983686597,307.30036209981074
2025-08-12 11:20:00,270.9999533172996,2025-08-12 09:20:00,236.33482800798794,305.0871450758004
2025-08-12 11:25:00,269.28246136376345,2025-08-12 09:25:00,234.8370300915107,303.15362180252697
2025-08-12 11:30:00,267.79525468797107,2025-08-12 09:30:00,233.54006037017575,301.47934978402253
2025-08-12 11:35:00,266.5156639973798,2025-08-12 09:35:00,232.42414930790548,300.03880831573315
2025-08-12 11:40:00,265.41801606117076,2025-08-12 09:40:00,231.46690768095377,298.80309491040913
2025-08-12 11:45:00,264.47516750535107,2025-08-12 09:45:00,230.64466417666677,297.74165201858295
2025-08-12 11:50:00,263.66000054484323,2025-08-12 09:50:00,229.93376979808417,296.82395089835336
2025-08-12 11:55:00,262.9468185757114,2025-08-12 09:55:00,229.31181493812957,296.0210627494126
2025-08-12 12:00:00,262.312584937353,2025-08-12 10:00:00,228.7587096847762,295.3070532904838
2025-08-12 12:05:00,261.7379559503357,2025-08-12 10:05:00,228.25758471721528,294.6601457357742
2025-08-12 12:10:00,261.2080688746743,2025-08-12 10:10:00,227.7954784719664,294.06360786502114
2025-08-12 12:15:00,260.71305686507674,2025-08-12 10:15:00,227.363786227307,293.5063317513624
2025-08-12 12:20:00,260.2482751636889,2025-08-12 10:20:00,226.95845736243393,292.9830884052875
2025-08-12 12:25:00,259.8142358142975,2025-08-12 10:25:00,226.5799384227387,292.49445427699544
2025-08-12 12:30:00,259.41626104751026,2025-08-12 10:30:00,226.2328708424353,292.0464210433175
2025-08-12 12:35:00,259.06387793191413,2025-08-12 10:35:00,225.92556302928662,291.6497141162714
2025-08-12 12:40:00,258.7699881865335,2025-08-12 10:40:00,225.66926637101184,291.31885803202607
2025-08-12 12:45:00,258.5498569618207,2025-08-12 10:45:00,225.47729336697677,291.07103803771395
2025-08-12 12:50:00,258.4199721240238,2025-08-12 10:50:00,225.36402282790166,290.9248158931452
2025-08-12 12:55:00,258.39683122599973,2025-08-12 10:55:00,225.3438420120472,290.8987642631496
2025-08-12 13:00:00,258.4957163485775,2025-08-12 11:00:00,225.43007818349628,291.01008745479015
2025-08-12 13:05:00,258.72951725184515,2025-08-12 11:05:00,225.6339723007664,291.2732965410683
2025-08-12 13:10:00,259.1076610335734,2025-08-12 11:10:00,225.9637455886326,291.6990043885547
2025-08-12 13:15:00,259.63520146586535,2025-08-12 11:15:00,226.42380536283855,292.29290044805543
2025-08-12 13:20:00,260.31211388241036,2025-08-12 11:20:00,227.01413011227984,293.0549569506567
2025-08-12 13:25:00,261.1328320659399,2025-08-12 11:25:00,227.7298656257852,293.97890754348816
2025-08-12 13:30:00,262.0860525714586,2025-08-12 11:30:00,228.5611543454614,295.0520270001395
2025-08-12 13:35:00,263.15481961436285,2025-08-12 11:35:00,229.49320939629618,296.2552267862627
2025-08-12 13:40:00,264.3168908284393,2025-08-12 11:40:00,230.5066335579979,297.5634668237148
2025-08-12 13:45:00,265.5453712071709,2025-08-12 11:45:00,231.57797211531044,298.9464691709146
2025-08-12 13:50:00,266.8095900424356,2025-08-12 11:50:00,232.6804776225602,300.3697052655363
2025-08-12 13:55:00,268.07618429397127,2025-08-12 11:55:00,233.78505469325106,301.7956155634543
2025-08-12 14:00:00,269.31034193698173,2025-08-12 12:00:00,234.86134430409876,303.1850092783627
2025-08-12 14:05:00,270.4771509170711,2025-08-12 12:05:00,235.87890019756688,304.4985830123312
2025-08-12 14:10:00,271.54299394690526,2025-08-12 12:10:00,236.80840526225754,305.69849099419827
2025-08-12 14:15:00,272.47692641710387,2025-08-12 12:15:00,237.62287318748642,306.74989630825337
2025-08-12 14:20:00,273.2519746097246,2025-08-12 12:20:00,238.29878061499232,307.6224324009292
2025-08-12 14:25:00,273.84629417086325,2025-08-12 12:25:00,238.81707742480407,308.2915072695813
2025-08-12 14:30:00,274.2441341446235,2025-08-12 12:30:00,239.16402745421328,308.73938875555865
2025-08-12 14:35:00,274.43655978349204,2025-08-12 12:35:00,239.33183884941704,308.95601827184885
2025-08-12 14:40:00,274.42189749097787,2025-08-12 12:40:00,239.31905209304634,308.9395117119448
2025-08-12 14:45:00,274.2058769532605,2025-08-12 12:45:00,239.1306639549574,308.6963194592407
2025-08-12 14:50:00,273.8014586996625,2025-08-12 12:50:00,238.7779771104122,308.2410322575404
2025-08-12 14:55:00,273.2283489598283,2025-08-12 12:55:00,238.27817705459879,307.5958350455083
2025-08-12 15:00:00,272.51221761592876,2025-08-12 13:00:00,237.6536500909596,306.789626540543
2025-08-12 15:05:00,271.68364825078186,2025-08-12 13:05:00,236.93106768455078,305.85683722078267
2025-08-12 15:10:00,270.77686156648724,2025-08-12 13:10:00,236.14027317536582,304.8359921714838
2025-08-12 15:15:00,269.8282639769584,2025-08-12 13:15:00,235.3130160285441,303.76807711514317
2025-08-12 15:20:00,268.8748815890872,2025-08-12 13:20:00,234.48158613379584,302.69477541408855
2025-08-12 15:25:00,267.95274568087626,2025-08-12 13:25:00,233.67740580608984,301.6566504691792
2025-08-12 15:30:00,267.0952989398552,2025-08-12 13:30:00,232.92963989106048,300.6913514900817
2025-08-12 15:35:00,266.3318918053734,2025-08-12 13:35:00,232.2638844485989,299.83192070295956
2025-08-12 15:40:00,265.68643543773044,2025-08-12 13:40:00,231.70099202826347,299.1052768859969
2025-08-12 15:45:00,265.1762720449844,2025-08-12 13:45:00,231.2560864989277,298.5309436025043
2025-08-12 15:50:00,264.8113148244285,2025-08-12 13:50:00,230.93781300517043,298.1200809616394
2025-08-12 15:55:00,264.59349899887934,2025-08-12 13:55:00,230.7478592245943,297.87486760438355
2025-08-12 16:00:00,264.51657258973086,2025-08-12 14:00:00,230.68077290427271,297.78826515939875
2025-08-12 16:05:00,264.5662415602016,2025-08-12 14:05:00,230.7240884379097,297.8441816428309
2025-08-12 16:10:00,264.72066889985496,2025-08-12 14:10:00,230.85876210965742,298.01803331918643
2025-08-12 16:15:00,264.95131223958396,2025-08-12 14:15:00,231.05990256506635,298.2776876740574
2025-08-12 16:20:00,265.2240698284837,2025-08-12 14:20:00,231.29777019962282,298.5847535354222
2025-08-12 16:25:00,265.50069128830535,2025-08-12 14:25:00,231.5390074556814,298.896169277051
2025-08-12 16:30:00,265.74039758674616,2025-08-12 14:30:00,231.74805157587764,299.1660265569243
2025-08-12 16:35:00,265.90164514421065,2025-08-12 14:35:00,231.88867305309043,299.3475563186645
2025-08-12 16:40:00,265.94396184967263,2025-08-12 14:40:00,231.92557679120847,299.3951957470126
2025-08-12 16:45:00,265.8297787976892,2025-08-12 14:45:00,231.82599953438017,299.26665040625056
2025-08-12 16:50:00,265.5261805750581,2025-08-12 14:50:00,231.5612362646794,298.9248646831949
2025-08-12 16:55:00,265.0064992359209,2025-08-12 14:55:00,231.1080302829051,298.33981625729757
2025-08-12 17:00:00,264.25168261653664,2025-08-12 15:00:00,230.4497664945314,297.49005652618024
2025-08-12 17:05:00,263.25137592947954,2025-08-12 15:05:00,229.57741465111948,296.3639282460135
2025-08-12 17:10:00,262.0046666995334,2025-08-12 15:10:00,228.49017899728042,294.96040416769534
2025-08-12 17:15:00,260.52045624924165,2025-08-12 15:15:00,227.19582223742276,293.2895052489749
2025-08-12 17:20:00,258.81743579942247,2025-08-12 15:20:00,225.71064469338512,291.37227374881775
2025-08-12 17:25:00,256.9236611851497,2025-08-12 15:25:00,224.0591134208833,289.24029444988025
2025-08-12 17:30:00,254.8757364255151,2025-08-12 15:30:00,222.27315021344742,286.9347755352131
2025-08-12 17:35:00,252.7176324896919,2025-08-12 15:35:00,220.39110146674906,284.5052187751562
2025-08-12 17:40:00,250.4991826147907,2025-08-12 15:40:00,218.45642596879705,282.00772558173514
2025-08-12 17:45:00,248.27430912285462,2025-08-12 15:45:00,216.5161485347246,279.503000789348
2025-08-12 17:50:00,246.09904808100268,2025-08-12 15:50:00,214.61913734374247,277.05412885070155
2025-08-12 17:55:00,244.02944693831196,2025-08-12 15:55:00,212.8142705010893,274.72420703211793
2025-08-12 18:00:00,242.1194161886363,2025-08-12 16:00:00,211.14856250671914,272.5739268520204
2025-08-12 18:05:00,240.4186186462526,2025-08-12 16:05:00,209.66532352554844,270.6591978633027
2025-08-12 18:10:00,238.97047929951717,2025-08-12 16:10:00,208.4024238119031,269.0289071803735
2025-08-12 18:15:00,237.8103946409709,2025-08-12 16:15:00,207.390732094262,267.7229035733997
2025-08-12 18:20:00,236.96421321873058,2025-08-12 16:20:00,206.65279048784936,266.7702868988676
2025-08-12 18:25:00,236.44704906214818,2025-08-12 16:25:00,206.20177970167887,266.1880722743414
2025-08-12 18:30:00,236.26247714131628,2025-08-12 16:30:00,206.04081741135022,265.98028434043783
2025-08-12 18:35:00,236.40214547324462,2025-08-12 16:35:00,206.16261998290196,266.13752057654756
2025-08-12 18:40:00,236.84582263319345,2025-08-12 16:40:00,206.54954390670355,266.637004788287
2025-08-12 18:45:00,237.5618827104134,2025-08-12 16:45:00,207.17400871978424,267.44313306243475
2025-08-12 18:50:00,238.508213074787,2025-08-12 16:50:00,207.99928865494758,268.5084957151997
2025-08-12 18:55:00,239.63351405868684,2025-08-12 16:55:00,208.98064607302732,269.7753404519846
2025-08-12 19:00:00,240.87894480490957,2025-08-12 17:00:00,210.0667667811729,271.1774252350393
2025-08-12 19:05:00,242.18005625959933,2025-08-12 17:05:00,211.20144576579727,272.6421944140655
2025-08-12 19:10:00,243.46894155530947,2025-08-12 17:10:00,212.32546250806968,274.09319959094825
2025-08-12 19:15:00,244.67652587084103,2025-08-12 17:15:00,213.37857793492785,275.4526775050735
2025-08-12 19:20:00,245.73491277464288,2025-08-12 17:20:00,214.30158062852257,276.6441915068802
2025-08-12 19:25:00,246.57970223311284,2025-08-12 17:25:00,215.03830832506463,277.5952411322392
2025-08-12 19:30:00,247.1521968526968,2025-08-12 17:30:00,215.53757194411205,278.2397458523401
2025-08-12 19:35:00,247.40141751222885,2025-08-12 17:35:00,215.7549133900627,278.52031423834836
2025-08-12 19:40:00,247.28585707479925,2025-08-12 17:40:00,215.65413493689275,278.3902182604431
2025-08-12 19:45:00,246.77491110394297,2025-08-12 17:45:00,215.20854693340587,277.8150039638044
2025-08-12 19:50:00,245.84993686507693,2025-08-12 17:50:00,214.40189134185204,276.77368367444666
2025-08-12 19:55:00,244.50490604557635,2025-08-12 17:55:00,213.22891096491475,275.2594708203952
2025-08-12 20:00:00,242.7466318340809,2025-08-12 18:00:00,211.69554747802837,273.2800355737128
2025-08-12 20:05:00,240.59456677556065,2025-08-12 18:05:00,209.81876514193743,270.8572772791658
2025-08-12 20:10:00,238.08018345577725,2025-08-12 18:10:00,207.6260107072848,268.02662723930854
2025-08-12 20:15:00,235.24596500556103,2025-08-12 18:15:00,205.1543330491538,264.83591224134244
2025-08-12 20:20:00,232.14404608607325,2025-08-12 18:20:00,202.4491979915343,261.3438246014044
2025-08-12 20:25:00,228.83455687520464,2025-08-12 18:25:00,199.56304412371742,257.6180578525781
2025-08-12 20:30:00,225.38373222707955,2025-08-12 18:30:00,196.55363382782159,253.733178068776
2025-08-12 20:35:00,221.86185529246052,2025-08-12 18:35:00,193.4822599422551,249.76830882751386
2025-08-12 20:40:00,218.34110919110748,2025-08-12 18:40:00,190.41187223872353,245.80471265913775
2025-08-12 20:45:00,214.89341186386085,2025-08-12 18:45:00,187.40518923053713,241.92335356006961
2025-08-12 20:50:00,211.58830774646742,2025-08-12 18:50:00,184.52285953427292,238.20252347500605
2025-08-12 20:55:00,208.49098589490535,2025-08-12 18:55:00,181.82173350781477,234.7156111360671
2025-08-12 21:00:00,205.66048749311216,2025-08-12 19:00:00,179.3533000458302,231.5290841054384
2025-08-12 21:05:00,203.14815690571047,2025-08-12 19:05:00,177.16233576703715,228.70074499683508
2025-08-12 21:10:00,200.99637995052214,2025-08-12 19:10:00,175.28580468136363,226.27831104412635
2025-08-12 21:15:00,199.23764117122047,2025-08-12 19:15:00,173.75203605214702,224.29835279489743
2025-08-12 21:20:00,197.89391937696084,2025-08-12 19:20:00,172.5801972556838,222.78561361923116
2025-08-12 21:25:00,196.9764277170429,2025-08-12 19:25:00,171.78006710440076,221.7527170901772
2025-08-12 21:30:00,196.48569216494377,2025-08-12 19:30:00,171.35210429155495,221.20025533974353
2025-08-12 21:35:00,196.41195026243895,2025-08-12 19:35:00,171.28779512975575,221.11723795825597
2025-08-12 21:40:00,196.7358414851388,2025-08-12 19:40:00,171.57025560797007,221.48186919615478
2025-08-12 21:45:00,197.42935148736132,2025-08-12 19:45:00,172.17505485273296,222.2626109788364
2025-08-12 21:50:00,198.45696532408573,2025-08-12 19:50:00,173.07122083500727,223.41948118434365
2025-08-12 21:55:00,199.77697974186248,2025-08-12 19:55:00,174.22238479859686,224.90553099818578
2025-08-12 22:00:00,201.34292170772233,2025-08-12 20:00:00,175.58801833705974,226.66844186909358
2025-08-12 22:05:00,203.1050197973815,2025-08-12 20:05:00,177.12471656838824,228.65218197287209
2025-08-12 22:10:00,205.01167657475455,2025-08-12 20:10:00,178.7874821741931,230.7986637922512
2025-08-12 22:15:00,207.01089360270157,2025-08-12 20:15:00,180.53096812932642,233.04934836978376
2025-08-12 22:20:00,209.05160601600087,2025-08-12 20:20:00,182.31064156213387,235.34674774743334
2025-08-12 22:25:00,211.0848902521343,2025-08-12 20:25:00,184.0838369976154,237.63578460938166
2025-08-12 22:30:00,213.0650163095915,2025-08-12 20:30:00,185.810674015463,239.86497689655707
2025-08-12 22:35:00,214.95032427090115,2025-08-12 20:35:00,187.45482165211044,241.9874245813771
2025-08-12 22:40:00,216.70391361559481,2025-08-12 20:40:00,188.98409953980652,243.96158568457676
2025-08-12 22:45:00,218.2941422748974,2025-08-12 20:45:00,190.37091312441854,245.75183810250354
2025-08-12 22:50:00,219.69494046359728,2025-08-12 20:50:00,191.59252735330614,247.32883291370715
2025-08-12 22:55:00,220.88595153157186,2025-08-12 20:55:00,192.63118950973762,248.66965294719475
2025-08-12 23:00:00,221.85251799749432,2025-08-12 21:00:00,193.4741170331037,249.7577970594154
2025-08-12 23:05:00,222.58553567834826,2025-08-12 21:05:00,194.11337030754467,250.58301591574477
2025-08-12 23:10:00,223.0812019452931,2025-08-12 21:10:00,194.54563311982128,251.14102858121382
2025-08-12 23:15:00,223.3406856895608,2025-08-12 21:15:00,194.7719248417264,251.43315097372036
2025-08-12 23:20:00,223.3697466105021,2025-08-12 21:20:00,194.7972684171342,251.46586726497696
2025-08-12 23:25:00,223.17832994814884,2025-08-12 21:25:00,194.63033693459573,251.25037363731235
2025-08-12 23:30:00,222.78015995378112,2025-08-12 21:30:00,194.28309909936755,250.8021206197398
2025-08-12 23:35:00,222.19235150757103,2025-08-12 21:35:00,193.7704805312232,250.1403758536966
2025-08-12 23:40:00,221.43505447121302,2025-08-12 21:40:00,193.11005360993485,249.28782371127494
2025-08-12 23:45:00,220.5311400781209,2025-08-12 21:45:00,192.32176398106083,248.27021223863196
2025-08-12 23:50:00,219.50593307703963,2025-08-12 21:50:00,191.42769696257156,247.11605160781667
2025-08-12 23:55:00,218.3869879067504,2025-08-12 21:55:00,190.45188235030463,245.8563621380543
2025-08-13 00:00:00,217.20390202406202,2025-08-12 22:00:00,189.4201316242207,244.52446414356913
2025-08-13 00:05:00,215.98815520426402,2025-08-12 22:05:00,188.3598978048377,243.15579702076386
2025-08-13 00:10:00,214.77296003413636,2025-08-12 22:10:00,187.30014507051897,241.78775093578884
2025-08-13 00:15:00,213.59310646780972,2025-08-12 22:15:00,186.27121319706606,240.45949182816958
2025-08-13 00:20:00,212.48478219412738,2025-08-12 22:20:00,185.30466090289977,239.21175918343346
2025-08-13 00:25:00,211.4853505944516,2025-08-12 22:25:00,184.43307220952988,238.08661606177907
2025-08-13 00:30:00,210.6330696000427,2025-08-12 22:30:00,183.68981126146517,237.12713259248807
2025-08-13 00:35:00,209.96673734100543,2025-08-12 22:35:00,183.10871330219223,236.37698705152715
2025-08-13 00:40:00,209.5252542615276,2025-08-12 22:40:00,182.72370280171194,235.87997289832006
2025-08-13 00:45:00,209.3470959642962,2025-08-12 22:45:00,182.56833373238564,235.6794053129439
2025-08-13 00:50:00,209.46969645955696,2025-08-12 22:50:00,182.67525171006966,235.81742686839485
2025-08-13 00:55:00,209.9287470980508,2025-08-12 22:55:00,183.07558260447527,236.33421828119384
2025-08-13 01:00:00,210.75742239785177,2025-08-12 23:00:00,183.79825739484184,237.26712686038871
2025-08-13 01:05:00,211.9855495799718,2025-08-12 23:05:00,184.8692879349041,238.6497315848415
2025-08-13 01:10:00,213.63874378707968,2025-08-12 23:10:00,186.31101279063935,240.51086954714904
2025-08-13 01:15:00,215.73753543540064,2025-08-12 23:15:00,188.14133621748428,242.87365354123136
2025-08-13 01:20:00,218.2965195513954,2025-08-12 23:20:00,190.37298631013462,245.75451440001189
2025-08-13 01:25:00,221.32355919503416,2025-08-12 23:25:00,193.0128203204199,249.16230422286745
2025-08-13 01:30:00,224.81907603616773,2025-08-12 23:30:00,196.0612059800332,253.09749771855482
2025-08-13 01:35:00,228.77546062589627,2025-08-12 23:35:00,199.51150720739972,257.5515282987332
2025-08-13 01:40:00,233.17663299854075,2025-08-12 23:40:00,203.34970091551665,262.50629341112585
2025-08-13 01:45:00,237.9977809574016,2025-08-12 23:45:00,207.55414877504955,267.93385990607175
2025-08-13 01:50:00,243.2052986453719,2025-08-12 23:50:00,212.09554364272333,273.7963948803653
2025-08-13 01:55:00,248.75694245384545,2025-08-12 23:55:00,216.93704552704654,280.04634119685727
2025-08-13 02:00:00,254.60221445862078,2025-08-13 00:00:00,222.03461597677656,286.6268491500834
2025-08-13 02:05:00,260.68297633818435,2025-08-13 00:05:00,227.33755346946893,293.4724676050419
2025-08-13 02:10:00,266.93428882078643,2025-08-13 00:10:00,232.78922548016533,300.5100890324551
2025-08-13 02:15:00,273.28546407994406,2025-08-13 00:15:00,238.32798625908015,307.6601342777535
2025-08-13 02:20:00,279.66131058979994,2025-08-13 00:20:00,243.88826245052232,314.8379539980983
2025-08-13 02:25:00,285.9835430004337,2025-08-13 00:25:00,249.401782623141,321.9554158760625
2025-08-13 02:30:00,292.1723230809889,2025-08-13 00:30:00,254.79892110236713,328.92263938723363
2025-08-13 02:35:00,298.147892585715,2025-08-13 00:35:00,260.0101219673935,335.6498340530731
2025-08-13 02:40:00,303.8322546363812,2025-08-13 00:40:00,264.96736535852574,342.0491923126831
2025-08-13 02:45:00,309.1508577164082,2025-08-13 00:45:00,269.60563606217124,348.03678533480047
2025-08-13 02:50:00,314.0342350035309,2025-08-13 00:50:00,273.8643531472586,353.5344085506683
2025-08-13 02:55:00,318.419552302992,2025-08-13 00:55:00,277.6887198936068,358.47132429093637
2025-08-13 03:00:00,322.25201970129734,2025-08-13 01:00:00,281.0309548731244,362.7858510014855
2025-08-13 03:05:00,325.48612552207095,2025-08-13 01:05:00,283.85136806344417,366.42675240997244
2025-08-13 03:10:00,328.08665598304106,2025-08-13 01:10:00,286.1192500748603,369.35438543834823
2025-08-13 03:15:00,330.0294699957718,2025-08-13 01:15:00,287.8135478410766,371.54157245923784
2025-08-13 03:20:00,331.3020054813258,2025-08-13 01:20:00,288.92330616919094,372.9741712975142
2025-08-13 03:25:00,331.9035015233144,2025-08-13 01:25:00,289.44786147590133,373.65132532642957
2025-08-13 03:30:00,331.8449287948004,2025-08-13 01:30:00,289.3967811138944,373.58538514340415
2025-08-13 03:35:00,331.14862936751103,2025-08-13 01:35:00,288.7895492550836,372.80150307335487
2025-08-13 03:40:00,329.847675344325,2025-08-13 01:40:00,287.6550075640156,371.3369111280419
2025-08-13 03:45:00,327.9849640028655,2025-08-13 01:45:00,286.0305660867253,369.23990233409273
2025-08-13 03:50:00,325.61207462535083,2025-08-13 01:50:00,283.96120630989793,366.56854377146215
2025-08-13 03:55:00,322.78791899053306,2025-08-13 01:55:00,281.4983042759593,363.3891573201757
2025-08-13 04:00:00,319.57722320945174,2025-08-13 02:00:00,278.69830661574053,359.77461053680366
2025-08-13 04:05:00,316.0488832504717,2025-08-13 02:05:00,275.6212964275398,355.8024653324769
2025-08-13 04:10:00,312.27423967818567,2025-08-13 02:10:00,272.3294887038566,351.55303570324327
2025-08-13 04:15:00,308.32531916627414,2025-08-13 02:15:00,268.8856967822133,347.1074080551095
2025-08-13 04:20:00,304.2730908838764,2025-08-13 02:20:00,265.35181176693334,342.54547827342924
2025-08-13 04:25:00,300.18578491550784,2025-08-13 02:25:00,261.7873360494066,337.94405862860435
2025-08-13 04:30:00,296.1273178682174,2025-08-13 02:30:00,258.24801030467313,333.37510535136033
2025-08-13 04:35:00,292.15586729124107,2025-08-13 02:35:00,254.78457026506183,328.90411373860275
2025-08-13 04:40:00,288.32263206873176,2025-08-13 02:40:00,251.44166567804447,324.5887226246047
2025-08-13 04:45:00,284.6708104186952,2025-08-13 02:45:00,248.25696903506486,320.47756382956544
2025-08-13 04:50:00,281.23482098393674,2025-08-13 02:50:00,245.26049629711522,316.6093852770263
2025-08-13 04:55:00,278.03978537656207,2025-08-13 02:55:00,242.47415562987464,313.01246845125786
2025-08-13 05:00:00,275.10128346852275,2025-08-13 03:00:00,239.91153399641445,309.70435290751146
2025-08-13 05:05:00,272.42538508831274,2025-08-13 03:05:00,237.57792479939243,306.6918719556222
2025-08-13 05:10:00,270.00895428638813,2025-08-13 03:10:00,235.4705932261748,303.97149519685127
2025-08-13 05:15:00,267.8402149860399,2025-08-13 03:15:00,233.57926954413026,301.52996532403154
2025-08-13 05:20:00,265.8995598782417,2025-08-13 03:20:00,231.88685452519738,299.3452087616505
2025-08-13 05:25:00,264.1605779284268,2025-08-13 03:25:00,230.37031551850131,297.3874924155292
2025-08-13 05:30:00,262.59127012599333,2025-08-13 03:30:00,229.00174668651536,295.6207923429686
2025-08-13 05:35:00,261.1554181697388,2025-08-13 03:35:00,227.74956261425825,294.0043345955671
2025-08-13 05:40:00,259.8140666416849,2025-08-13 03:40:00,226.5797908899447,292.49426382534125
2025-08-13 05:45:00,258.5270763670451,2025-08-13 03:45:00,225.45742676595964,291.0453920309965
2025-08-13 05:50:00,257.25470456277236,2025-08-13 03:50:00,224.34781118173507,289.61297746232674
2025-08-13 05:55:00,255.95916664799438,2025-08-13 03:55:00,223.21799279424482,288.1544828798783
2025-08-13 06:00:00,254.60613487037392,2025-08-13 04:00:00,222.03803490665481,286.63126268305507
2025-08-13 06:05:00,253.16613038874266,2025-08-13 04:05:00,220.78222948185245,285.0101300931064
2025-08-13 06:10:00,251.61576799534635,2025-08-13 04:10:00,219.4301826452821,283.26475844029153
2025-08-13 06:15:00,249.9388163349794,2025-08-13 04:15:00,217.96773928549857,281.3768747405758
2025-08-13 06:20:00,248.12704107180647,2025-08-13 04:20:00,216.3877183667873,279.33720891851857
2025-08-13 06:25:00,246.18080400237653,2025-08-13 04:25:00,214.6904354062698,277.1461682785305
2025-08-13 06:30:00,244.10939742426854,2025-08-13 04:30:00,212.88399407157854,274.8142139314156
2025-08-13 06:35:00,241.93110000522105,2025-08-13 04:35:00,210.98433490345292,272.361923690889
2025-08-13 06:40:00,239.67294788534542,2025-08-13 04:40:00,209.01503569755295,269.81973438433556
2025-08-13 06:45:00,237.37022248486286,2025-08-13 04:45:00,207.0068648295843,267.22736523545905
2025-08-13 06:50:00,235.06566440520515,2025-08-13 04:50:00,204.99709571072165,264.63293288749134
2025-08-13 06:55:00,232.80843069236997,2025-08-13 04:55:00,203.02859743326206,262.09177750798676
2025-08-13 07:00:00,230.65282023320387,2025-08-13 05:00:00,201.14872320862426,259.66502786160396
2025-08-13 07:05:00,228.6567992999529,2025-08-13 05:05:00,199.40802451777284,257.4179413932012
2025-08-13 07:10:00,226.88036547977902,2025-08-13 05:10:00,197.85882431969458,255.4180623674717
2025-08-13 07:15:00,225.38379399093972,2025-08-13 05:15:00,196.55368769111968,253.73324760148085
2025-08-13 07:20:00,224.22581466719544,2025-08-13 05:20:00,195.54383200308757,252.42961414467243
2025-08-13 07:25:00,223.46177123718914,2025-08-13 05:25:00,194.87752165723393,251.56946702685497
2025-08-13 07:30:00,223.1418163553275,2025-08-13 05:30:00,194.59849400040423,251.20926725462127
2025-08-13 07:35:00,223.30919620928066,2025-08-13 05:35:00,194.74446335763767,251.3977006516041
2025-08-13 07:40:00,223.998677317122,2025-08-13 05:40:00,195.3457490665162,252.17390677341376
2025-08-13 07:45:00,225.23516543155296,2025-08-13 05:45:00,196.4240710451027,253.56592409346922
2025-08-13 07:50:00,227.03256206845583,2025-08-13 05:50:00,197.99155258834568,255.58940270226253
2025-08-13 07:55:00,229.3928983892765,2025-08-13 05:55:00,200.0499650404284,258.2466292468544
2025-08-13 08:00:00,232.30577894998487,2025-08-13 06:00:00,202.59024269692227,261.5259007129008
2025-08-13 08:05:00,235.74815944648955,2025-08-13 06:05:00,205.5922889800334,265.40127421421494
2025-08-13 08:10:00,239.68447315786838,2025-08-13 06:10:00,209.02508670776945,269.8327093404092
2025-08-13 08:15:00,244.06711066730148,2025-08-13 06:15:00,212.84711645107532,274.76660821857445
2025-08-13 08:20:00,248.8372469111299,2025-08-13 06:20:00,217.00707779040408,280.1367465910644
2025-08-13 08:25:00,253.9259988755863,2025-08-13 06:25:00,221.44489892495974,285.865577130814
2025-08-13 08:30:00,259.255886884236,2025-08-13 06:30:00,226.093011038659,291.86587453392394
2025-08-13 08:35:00,264.74256237264257,2025-08-13 06:35:00,230.87785506543997,298.04268061903576
2025-08-13 08:40:00,270.29675641034873,2025-08-13 06:40:00,235.72158096485873,304.2954979402875
2025-08-13 08:45:00,275.82639510386787,2025-08-13 06:45:00,240.54389253200887,310.52067127207465
2025-08-13 08:50:00,281.2388222300724,2025-08-13 06:50:00,245.26398572139635,316.613889811973
2025-08-13 08:55:00,286.4430647538272,2025-08-13 06:55:00,249.80252436949482,322.4727376620146
2025-08-13 09:00:00,291.3520747036557,2025-08-13 07:00:00,254.08359529951025,327.9992176942393
2025-08-13 09:05:00,295.88488046452096,2025-08-13 07:05:00,258.0365844302258,333.1021734395724
2025-08-13 09:10:00,299.9685825171906,2025-08-13 07:10:00,261.59791722914156,337.69953585730843
2025-08-13 09:15:00,303.5401328256798,2025-08-13 07:15:00,264.7126104884809,341.72032653927494
2025-08-13 09:20:00,306.5478430257499,2025-08-13 07:20:00,267.3355875928318,345.1063556028312
2025-08-13 09:25:00,308.9525750343376,2025-08-13 07:25:00,269.4327168310404,347.81356205874306
2025-08-13 09:30:00,310.72857711123515,2025-08-13 07:30:00,270.98154051254846,349.8129550352243
2025-08-13 09:35:00,311.86393989959436,2025-08-13 07:35:00,271.9716726731964,351.0911271805909
2025-08-13 09:40:00,312.36065888663404,2025-08-13 07:40:00,272.404853546231,351.6503249804645
2025-08-13 09:45:00,312.23430271416754,2025-08-13 07:45:00,272.29466030109546,351.50807534739766
2025-08-13 09:50:00,311.5132995383907,2025-08-13 07:50:00,271.66588468894275,350.6963822168428
2025-08-13 09:55:00,310.23786632961856,2025-08-13 07:55:00,270.5535993016537,349.26052117097925
2025-08-13 10:00:00,308.4586178516446,2025-08-13 08:00:00,269.0019444844549,347.25747345129946
2025-08-13 10:05:00,306.23490269721134,2025-08-13 08:05:00,267.06267721843284,344.75405269560105
2025-08-13 10:10:00,303.6329227821507,2025-08-13 08:10:00,264.79353116073554,341.824787896426
2025-08-13 10:15:00,300.7236998548548,2025-08-13 08:15:00,262.2564432692319,338.54963413195816
2025-08-13 10:20:00,297.5809573803283,2025-08-13 08:20:00,259.5157066266651,335.01158802706044
2025-08-13 10:25:00,294.2789885685728,2025-08-13 08:25:00,256.6361111814944,331.2942876158374
2025-08-13 10:30:00,290.89058131177575,2025-08-13 08:30:00,253.6811341180167,327.47967627116327
2025-08-13 10:35:00,287.4850679376048,2025-08-13 08:35:00,250.711239076665,323.64580715006133
2025-08-13 10:40:00,284.1265627200558,2025-08-13 08:40:00,247.78233911473757,319.86485901334885
2025-08-13 10:45:00,280.87244249281395,2025-08-13 08:45:00,244.94447167303338,316.2014257259629
2025-08-13 10:50:00,277.7721163525525,2025-08-13 08:50:00,242.24072565330817,312.7111312098278
2025-08-13 10:55:00,274.86611916642926,2025-08-13 08:55:00,239.70645088031586,309.4396089299896
2025-08-13 11:00:00,272.18555136790656,2025-08-13 09:00:00,237.3687695564897,306.42187122626433
2025-08-13 11:05:00,269.75187418436235,2025-08-13 09:05:00,235.24639768313938,303.6820787839598
2025-08-13 11:10:00,267.5770561186182,2025-08-13 09:10:00,233.3497728047044,301.23370554029253
2025-08-13 11:15:00,265.6640532940484,2025-08-13 09:15:00,231.68147291022382,299.0800794487537
2025-08-13 11:20:00,264.0075938009578,2025-08-13 09:20:00,230.23690044956584,297.2152654829409
2025-08-13 11:25:00,262.5952251229283,2025-08-13 09:25:00,229.00519577759067,295.6252448113506
2025-08-13 11:30:00,261.40857421724246,2025-08-13 09:30:00,227.97033605061344,294.2893333745194
2025-08-13 11:35:00,260.42476247812084,2025-08-13 09:35:00,227.11236919375085,293.18177482660616
2025-08-13 11:40:00,259.6179127768355,2025-08-13 09:40:00,226.408728167074,292.2734371355579
2025-08-13 11:45:00,258.9606834108322,2025-08-13 09:45:00,225.83556869868718,291.533539476981
2025-08-13 11:50:00,258.4257639859416,2025-08-13 09:50:00,225.3690738202485,290.9313362729296
2025-08-13 11:55:00,257.98727113098664,2025-08-13 09:55:00,224.98667104788646,290.4376884637076
2025-08-13 12:00:00,257.62198742084274,2025-08-13 10:00:00,224.66811282765718,290.02645826640935
2025-08-13 12:05:00,257.31039450891444,2025-08-13 10:05:00,224.39637751424604,289.67567225791595
2025-08-13 12:10:00,257.0374612314891,2025-08-13 10:10:00,224.15835666446952,289.3684086093928
2025-08-13 12:15:00,256.7931586649531,2025-08-13 10:15:00,223.9453042106317,289.093376928956
2025-08-13 12:20:00,256.57268642797976,2025-08-13 10:20:00,223.75303381512862,288.8451730288324
2025-08-13 12:25:00,256.37640750218367,2025-08-13 10:25:00,223.58186202855896,288.6242055475592
2025-08-13 12:30:00,256.2095017088788,2025-08-13 10:30:00,223.43630609221512,288.43630584000323
2025-08-13 12:35:00,256.08136044598757,2025-08-13 10:35:00,223.3245560975918,288.2920465824523
2025-08-13 12:40:00,256.0047565881785,2025-08-13 10:40:00,223.25775106925713,288.20580726028754
2025-08-13 12:45:00,255.99483334098773,2025-08-13 10:45:00,223.24909716031948,288.1946358371258
2025-08-13 12:50:00,256.0679635853633,2025-08-13 10:50:00,223.31287290461435,288.27696462427923
2025-08-13 12:55:00,256.24053693149403,2025-08-13 10:55:00,223.46337142528685,288.47124476655495
2025-08-13 13:00:00,256.5277345882708,2025-08-13 11:00:00,223.71383201757766,288.7945670111012
2025-08-13 13:05:00,256.9423525815298,2025-08-13 11:05:00,224.07541389582676,289.2613369064906
2025-08-13 13:10:00,257.49373144442524,2025-08-13 11:10:00,224.5562627931587,289.88206986631866
2025-08-13 13:15:00,258.18684559551315,2025-08-13 11:15:00,225.16071682232774,290.66236600651564
2025-08-13 13:20:00,259.02159824199975,2025-08-13 11:20:00,225.8886915718497,291.6021163593981
2025-08-13 13:25:00,259.99235830429313,2025-08-13 11:25:00,226.7352762651338,292.6949815511937
2025-08-13 13:30:00,261.0877647335461,2025-08-13 11:30:00,227.69056310886708,293.92817150605384
2025-08-13 13:35:00,262.2908114170645,2025-08-13 11:35:00,228.73972133769524,295.28254103112084
2025-08-13 13:40:00,263.5792129427964,2025-08-13 11:40:00,229.863316191723,296.7330015879779
2025-08-13 13:45:00,264.9260385206646,2025-08-13 11:45:00,231.03786174941004,298.2492349505194
2025-08-13 13:50:00,266.3005889102987,2025-08-13 11:50:00,232.23658568255456,299.79668043529887
2025-08-13 13:55:00,267.6694797783804,2025-08-13 11:55:00,233.4303740353186,301.33775452682977
2025-08-13 14:00:00,268.9978850019519,2025-08-13 12:00:00,234.58885548963124,302.8332505673353
2025-08-13 14:05:00,270.250885610014,2025-08-13 12:05:00,235.6815777560943,304.24385737229045
2025-08-13 14:10:00,271.3948645300698,2025-08-13 12:10:00,236.67922391066617,305.53172941239404
2025-08-13 14:15:00,272.39888444286953,2025-08-13 12:15:00,237.55481400027142,306.66203797904046
2025-08-13 14:20:00,273.2359859591208,2025-08-13 12:20:00,238.28483716244088,307.60443264961333
2025-08-13 14:25:00,273.88434601818983,2025-08-13 12:25:00,238.85026184673194,308.3343453930703
2025-08-13 14:30:00,274.32824186261007,2025-08-13 12:30:00,239.2373764818466,308.8340757960738
2025-08-13 14:35:00,274.55877377804313,2025-08-13 12:35:00,239.4384197658668,309.0936047113647
2025-08-13 14:40:00,274.5743099473224,2025-08-13 12:40:00,239.45196861651996,309.1110950668899
2025-08-13 14:45:00,274.380628506072,2025-08-13 12:45:00,239.28306205566662,308.8930517896054
2025-08-13 14:50:00,273.9907450087537,2025-08-13 12:50:00,238.94305074513335,308.45412756968227
2025-08-13 14:55:00,273.4244271918544,2025-08-13 12:55:00,238.4491738192652,307.81657658914366
2025-08-13 15:00:00,272.7074128214926,2025-08-13 13:00:00,237.82387678203543,307.00937398798345
2025-08-13 15:05:00,271.8703596251558,2025-08-13 13:05:00,237.09389575890893,306.0670337151497
2025-08-13 15:10:00,270.9475686174256,2025-08-13 13:10:00,236.2891441291406,305.02817127032705
2025-08-13 15:15:00,269.9755325551126,2025-08-13 13:15:00,235.44144665616233,303.9338695793796
2025-08-13 15:20:00,268.99136979828984,2025-08-13 13:20:00,234.58317368224326,302.8259158616997
2025-08-13 15:25:00,268.03120966258643,2025-08-13 13:25:00,233.74583301943545,301.7449838872415
2025-08-13 15:30:00,267.12859852423736,2025-08-13 13:30:00,232.95867993867435,300.7288395966552
2025-08-13 15:35:00,266.31299601502906,2025-08-13 13:35:00,232.24740572487056,299.8106481430955
2025-08-13 15:40:00,265.6084278611096,2025-08-13 13:40:00,231.63296283867012,299.0174572810331
2025-08-13 15:45:00,265.03235604276557,2025-08-13 13:45:00,231.13057960043696,298.36892541131937
2025-08-13 15:50:00,264.59481860691375,2025-08-13 13:50:00,230.7490100341573,297.8763531966979
2025-08-13 15:55:00,264.2978805220082,2025-08-13 13:55:00,230.49005496657833,297.5420653435851
2025-08-13 16:00:00,264.13542430686033,2025-08-13 14:00:00,230.34837943787133,297.3591748955515
2025-08-13 16:05:00,264.09329500053195,2025-08-13 14:05:00,230.31163912761173,297.3117464379654
2025-08-13 16:10:00,264.1497990853068,2025-08-13 14:10:00,230.36091545771274,297.37535777700094
2025-08-13 16:15:00,264.27654192406175,2025-08-13 14:15:00,230.47144590848117,297.51804271240854
2025-08-13 16:20:00,264.4395735632978,2025-08-13 14:20:00,230.61362325555106,297.70158096310826
2025-08-13 16:25:00,264.6007993085372,2025-08-13 14:25:00,230.75422571066292,297.8830861690158
2025-08-13 16:30:00,264.7195995185065,2025-08-13 14:30:00,230.85782951888032,298.0168294278256
2025-08-13 16:35:00,264.75459352224993,2025-08-13 14:35:00,230.8883472431632,298.05622508293976
2025-08-13 16:40:00,264.66547545337954,2025-08-13 14:40:00,230.81062876675364,297.95589747449
2025-08-13 16:45:00,264.41484579873895,2025-08-13 14:45:00,230.59205855816828,297.6737428657174
2025-08-13 16:50:00,263.9699614816924,2025-08-13 14:50:00,230.2040818915098,297.1728996570183
2025-08-13 16:55:00,263.3043296626194,2025-08-13 14:55:00,229.6235947749933,296.4235426594737
2025-08-13 17:00:00,262.39907584046233,2025-08-13 15:00:00,228.83413705094503,295.40442328033674
2025-08-13 17:05:00,261.24402525877906,2025-08-13 15:05:00,227.82683547313619,294.1040869516021
2025-08-13 17:10:00,259.83844764429944,2025-08-13 15:10:00,226.60105318165003,292.5217115440242
2025-08-13 17:15:00,258.19142848345086,2025-08-13 15:15:00,225.16471348734294,290.66752534392515
2025-08-13 17:20:00,256.32184493410665,2025-08-13 15:20:00,223.53427886485613,288.56277993504943
2025-08-13 17:25:00,254.2579403333485,2025-08-13 15:25:00,221.73437988747895,286.2392711866296
2025-08-13 17:30:00,252.036507557822,2025-08-13 15:30:00,219.7971030484654,283.738419894343
2025-08-13 17:35:00,249.70170760268877,2025-08-13 15:35:00,217.76096046218456,281.1099417565601
2025-08-13 17:40:00,247.30356468755178,2025-08-13 15:40:00,215.66957746949495,278.410153190153
2025-08-13 17:45:00,244.89619286763565,2025-08-13 15:45:00,213.57014609304375,275.6999748794792
2025-08-13 17:50:00,242.53582049001145,2025-08-13 15:50:00,211.51170219638564,273.0427077427503
2025-08-13 17:55:00,240.27868764387205,2025-08-13 15:55:00,209.54329188319656,270.50166591725883
2025-08-13 18:00:00,238.1788976014543,2025-08-13 16:00:00,207.71209777244835,268.137757948058
2025-08-13 18:05:00,236.28630589934758,2025-08-13 16:05:00,206.06159809917705,266.00711035154774
2025-08-13 18:10:00,234.64452999403056,2025-08-13 16:10:00,204.629830966153,264.1588269194803
2025-08-13 18:15:00,233.28915839342525,2025-08-13 16:15:00,203.44783255547094,262.63297258967776
2025-08-13 18:20:00,232.24623100636344,2025-08-13 16:20:00,202.53831186504675,261.4588626492694
2025-08-13 18:25:00,231.5310523748512,2025-08-13 16:25:00,201.91461574700523,260.6537266917299
2025-08-13 18:30:00,231.14738693495337,2025-08-13 16:30:00,201.58002710726217,260.2218026552499
2025-08-13 18:35:00,231.08707093912454,2025-08-13 16:35:00,201.5274264690486,260.1538999314872
2025-08-13 18:40:00,231.33005976375105,2025-08-13 16:40:00,201.73933322907942,260.42745262359347
2025-08-13 18:45:00,231.84491268962086,2025-08-13 16:45:00,202.18832842703202,261.0070653038349
2025-08-13 18:50:00,232.58970047227172,2025-08-13 16:50:00,202.83784622347662,261.84553474087664
2025-08-13 18:55:00,233.5133048467408,2025-08-13 16:55:00,203.64330717767837,262.8853128601605
2025-08-13 19:00:00,234.55706419603865,2025-08-13 17:00:00,204.55355340937868,264.0603594095251
2025-08-13 19:05:00,235.6567063565809,2025-08-13 17:05:00,205.5125341682344,265.2983178787357
2025-08-13 19:10:00,236.74449884372459,2025-08-13 17:10:00,206.46118101193505,266.52293618687617
2025-08-13 19:15:00,237.75153852200944,2025-08-13 17:15:00,207.33940459187056,267.65664435422127
2025-08-13 19:20:00,238.61009779804806,2025-08-13 17:20:00,208.08814073131805,268.6231958063475
2025-08-13 19:25:00,239.2559424519803,2025-08-13 17:25:00,208.65137177006383,269.3502767494204
2025-08-13 19:30:00,239.63053772516733,2025-08-13 17:30:00,208.97805045903615,269.77198974625514
2025-08-13 19:35:00,239.68306379886513,2025-08-13 17:35:00,209.02385762778786,269.8311227079784
2025-08-13 19:40:00,239.37216934953173,2025-08-13 17:40:00,208.75273143270022,269.48112301681243
2025-08-13 19:45:00,238.66740211856552,2025-08-13 17:45:00,208.1381149345156,268.6877080371917
2025-08-13 19:50:00,237.55026777211256,2025-08-13 17:50:00,207.16387951344288,267.4300571621512
2025-08-13 19:55:00,236.01488247896344,2025-08-13 17:55:00,205.8248939721519,265.7015464744398
2025-08-13 20:00:00,234.06819986381768,2025-08-13 18:00:00,204.12722245817218,263.51000424665153
2025-08-13 20:05:00,231.72980872195916,2025-08-13 18:05:00,202.0879480540195,260.8774832118421
2025-08-13 20:10:00,229.0313135892716,2025-08-13 18:10:00,199.73463258197808,257.8395632197724
2025-08-13 20:15:00,226.0153251136726,2025-08-13 18:15:00,197.10443612279195,254.44421461421496
2025-08-13 20:20:00,222.73410093995201,2025-08-13 18:20:00,194.24293175255337,250.75026816418725
2025-08-13 20:25:00,219.247889589313,2025-08-13 18:25:00,191.20266126590835,246.8255506316643
2025-08-13 20:30:00,215.62303949317405,2025-08-13 18:30:00,188.04148609396026,242.74475595394736
2025-08-13 20:35:00,211.92994254670106,2025-08-13 18:35:00,184.82079390941368,238.58713013115474
2025-08-13 20:40:00,208.24088565690158,2025-08-13 18:40:00,181.6036249952123,234.43405253555323
2025-08-13 20:45:00,204.62788553420407,2025-08-13 18:45:00,178.45278400008195,230.3665983566896
2025-08-13 20:50:00,201.1605802592035,2025-08-13 18:50:00,175.42900120680963,226.46316496304016
2025-08-13 20:55:00,197.90424736562625,2025-08-13 18:55:00,172.589204133342,222.79724069347134
2025-08-13 21:00:00,194.91801124140164,2025-08-13 19:00:00,169.98495423524872,219.43538677980962
2025-08-13 21:05:00,192.25329414563078,2025-08-13 19:05:00,167.66109606180618,216.4354935280512
2025-08-13 21:10:00,189.95255440655868,2025-08-13 19:10:00,165.65465685815028,213.84535980306825
2025-08-13 21:15:00,188.0483436513941,2025-08-13 19:15:00,163.9940243901223,211.70163167395086
2025-08-13 21:20:00,186.56270229344022,2025-08-13 19:20:00,162.69841975803408,210.02912186368533
2025-08-13 21:25:00,185.50689957196334,2025-08-13 19:25:00,161.7776706894966,208.84051709045315
2025-08-13 21:30:00,184.88151200483657,2025-08-13 19:30:00,161.23227995674546,208.13646638828487
2025-08-13 21:35:00,184.67682209013537,2025-08-13 19:35:00,161.05377307807737,207.90602995854545
2025-08-13 21:40:00,184.8735086755378,2025-08-13 19:40:00,161.22530037822466,208.12745637608018
2025-08-13 21:45:00,185.4435911602906,2025-08-13 19:45:00,161.72246041214788,208.76924555575326
2025-08-13 21:50:00,186.351582728158,2025-08-13 19:50:00,162.51430568148413,209.79144704251595
2025-08-13 21:55:00,187.55580262467885,2025-08-13 19:55:00,163.56448705105367,211.14713735085655
2025-08-13 22:00:00,189.00979469764567,2025-08-13 20:00:00,164.8324908358634,212.78401693358074
2025-08-13 22:05:00,190.66379878501672,2025-08-13 20:05:00,166.27492197553104,214.64606664533443
2025-08-13 22:10:00,192.46622312005715,2025-08-13 20:10:00,167.8467880958194,216.67520535130603
2025-08-13 22:15:00,194.36506935172915,2025-08-13 20:15:00,169.50274224666896,218.8128941909807
2025-08-13 22:20:00,196.30926716277332,2025-08-13 20:20:00,171.19824680178837,221.00163906851063
2025-08-13 22:25:00,198.24988202085558,2025-08-13 20:25:00,172.89062671957242,223.18635031844502
2025-08-13 22:30:00,200.14116747224722,2025-08-13 20:30:00,174.53998723199035,225.31552736008413
2025-08-13 22:35:00,201.94144173076936,2025-08-13 20:35:00,176.1099783041175,227.34224554642603
2025-08-13 22:40:00,203.6137770239058,2025-08-13 20:40:00,177.56839580211735,229.2249322183131
2025-08-13 22:45:00,205.12649871451063,2025-08-13 20:45:00,178.88761676948945,230.92792860717412
2025-08-13 22:50:00,206.4534991936228,2025-08-13 20:50:00,180.0448731680922,232.421843210224
2025-08-13 22:55:00,207.57437880434279,2025-08-13 20:55:00,181.02237477565524,233.6837104401709
2025-08-13 23:00:00,208.47443193951554,2025-08-13 21:00:00,181.80729706178585,234.69697497422368
2025-08-13 23:05:00,209.1445012728583,2025-08-13 21:05:00,182.3916540652115,235.4513276499713
2025-08-13 23:10:00,209.58072607846972,2025-08-13 21:10:00,182.7720789071534,235.9424221277604
2025-08-13 23:15:00,209.78421229994217,2025-08-13 21:15:00,182.94953606375068,236.17150346010516
2025-08-13 23:20:00,209.7606519393334,2025-08-13 21:20:00,182.9289894411254,236.1449796062554
2025-08-13 23:25:00,209.51991787667927,2025-08-13 21:25:00,182.7190490238058,235.87396528688518
2025-08-13 23:30:00,209.0756574655614,2025-08-13 21:30:00,182.33161645576632,235.3738244608849
2025-08-13 23:35:00,208.4449042507093,2025-08-13 21:35:00,181.78154642541094,234.6637332036318
2025-08-13 23:40:00,207.64772244194978,2025-08-13 21:40:00,181.0863366168554,233.76627946180017
2025-08-13 23:45:00,206.70689342502658,2025-08-13 21:45:00,180.2658543209078,232.70711013256602
2025-08-13 23:50:00,205.64764803451675,2025-08-13 21:50:00,179.34210295445908,231.51462966100308
2025-08-13 23:55:00,204.4974428537132,2025-08-13 21:55:00,178.33902697510337,230.21974820228976
2025-08-14 00:00:00,203.2857736862348,2025-08-13 22:00:00,177.28234921264152,228.85567163121544
2025-08-14 00:05:00,202.04401499203976,2025-08-13 22:05:00,176.1994308437354,227.4577207819714
2025-08-14 00:10:00,200.80527051742388,2025-08-13 22:10:00,175.11914112866148,226.06316328993933
2025-08-14 00:15:00,199.6042180135377,2025-08-13 22:15:00,174.07172199275425,224.71103877843527
2025-08-14 00:20:00,198.4769297389903,2025-08-13 22:20:00,173.08863148952952,223.44195678358926
2025-08-14 00:25:00,197.46065058510172,2025-08-13 22:25:00,172.20235030718132,222.29784697152266
2025-08-14 00:30:00,196.59351708491266,2025-08-13 22:30:00,171.44613672072657,221.32164280346322
2025-08-14 00:35:00,195.91420322958857,2025-08-13 22:35:00,170.85371771402112,220.5568828018679
2025-08-14 00:40:00,195.46148273971767,2025-08-13 22:40:00,170.45890724339324,220.04721776288426
2025-08-14 00:45:00,195.27370208972346,2025-08-13 22:45:00,170.2951466704619,219.83581749618335
2025-08-14 00:50:00,195.38816391905064,2025-08-13 22:50:00,170.39496704465896,219.9646766797445
2025-08-14 00:55:00,195.84042613570486,2025-08-13 22:55:00,170.78937786236983,220.47382580252366
2025-08-14 01:00:00,196.66352793523006,2025-08-13 23:00:00,171.50719209016822,221.40045982976233
2025-08-14 01:05:00,197.88715949188776,2025-08-13 23:05:00,172.5743020654576,222.77800345541843
2025-08-14 01:10:00,199.53679737911742,2025-08-13 23:10:00,174.01292551015393,224.63513777320375
2025-08-14 01:15:00,201.63283208959191,2025-08-13 23:15:00,175.84084465454865,226.99481805347935
2025-08-14 01:20:00,204.18971755939893,2025-08-13 23:20:00,178.07066455062605,229.87331629202288
2025-08-14 01:25:00,207.2151747840449,2025-08-13 23:25:00,180.70911855801495,233.27932465445042
2025-08-14 01:30:00,210.70948256712919,2025-08-13 23:30:00,183.75644981698116,237.21315701311923
2025-08-14 01:35:00,214.66488798939312,2025-08-13 23:35:00,187.20589712769012,241.6660852631951
2025-08-14 01:40:00,219.06516720610642,2025-08-13 23:40:00,191.04331192846485,246.6198448758088
2025-08-14 01:45:00,223.88536390654605,2025-08-13 23:45:00,195.24693021038115,252.04634046017924
2025-08-14 01:50:00,229.09172808430074,2025-08-13 23:50:00,199.7873191198063,257.907576832262
2025-08-14 01:55:00,234.64187214297806,2025-08-13 23:55:00,204.6275130957487,264.15583475590347
2025-08-14 02:00:00,240.48515451526546,2025-08-14 00:00:00,209.7233484180513,270.7341028146645
2025-08-14 02:05:00,246.56329375394895,2025-08-14 00:05:00,215.02399874658096,277.5767687450603
2025-08-14 02:10:00,252.81120821514506,2025-08-14 00:10:00,220.4727073958645,284.61056473768286
2025-08-14 02:15:00,259.1580685958053,2025-08-14 00:15:00,226.00770523661242,291.7557523660481
2025-08-14 02:20:00,265.52854302527084,2025-08-14 00:20:00,231.5632965206236,298.9275242895231
2025-08-14 02:25:00,271.8442070705854,2025-08-14 00:25:00,237.07108852440317,306.0375916133609
2025-08-14 02:30:00,278.02508494066257,2025-08-14 00:30:00,242.46133560925315,312.9959189501784
2025-08-14 02:35:00,283.9912824669934,2025-08-14 00:35:00,247.66436331825122,319.7125628019041
2025-08-14 02:40:00,289.66466872222503,2025-08-14 00:40:00,252.6120348895564,326.09956469741473
2025-08-14 02:45:00,294.9705601762928,2025-08-14 00:45:00,257.2392199826769,332.07284718690767
2025-08-14 02:50:00,299.8393602128402,2025-08-14 00:50:00,261.4852244751406,337.5540595816419
2025-08-14 02:55:00,304.20810725692087,2025-08-14 00:55:00,265.2951405604926,342.47232080981405
2025-08-14 03:00:00,308.0218865772786,2025-08-14 01:00:00,268.62107795901994,346.7658087995878
2025-08-14 03:05:00,311.2350644446615,2025-08-14 01:05:00,271.423240207948,350.383149873565
2025-08-14 03:10:00,313.8123079513536,2025-08-14 01:10:00,273.67081403013106,353.284566844295
2025-08-14 03:15:00,315.72935998579914,2025-08-14 01:15:00,275.3426451773216,355.44275146754455
2025-08-14 03:20:00,316.9735457102788,2025-08-14 01:20:00,276.4276801214443,356.84343462626504
2025-08-14 03:25:00,317.54399487657304,2025-08-14 01:25:00,276.92515993261463,357.4856366097901
2025-08-14 03:30:00,317.4515724247316,2025-08-14 01:30:00,276.8445597554092,357.3815889831095
2025-08-14 03:35:00,316.71851844312386,2025-08-14 01:35:00,276.20527482364764,356.55632926000806
2025-08-14 03:40:00,315.3778069501946,2025-08-14 01:40:00,275.03606126397307,355.0469790304559
2025-08-14 03:45:00,313.4722412055511,2025-08-14 01:45:00,273.3742471307767,352.9017254771947
2025-08-14 03:50:00,311.0533106617883,2025-08-14 01:50:00,271.26473557173193,350.1785345515152
2025-08-14 03:55:00,308.1798416225549,2025-08-14 01:55:00,268.7588280877613,346.9436319070229
2025-08-14 04:00:00,304.91647920252456,2025-08-14 02:00:00,265.91290067403,343.26979391595506
2025-08-14 04:05:00,301.33204299344965,2025-08-14 02:05:00,262.78696982198494,339.23449650594927
2025-08-14 04:10:00,297.49780192766696,2025-08-14 02:10:00,259.44318805475365,334.9179730306762
2025-08-14 04:15:00,293.48571592495693,2025-08-14 02:15:00,255.94431049482458,330.4012347457355
2025-08-14 04:20:00,289.36669238447536,2025-08-14 02:20:00,252.35217437788296,325.7641079968826
2025-08-14 04:25:00,285.2089047244247,2025-08-14 02:25:00,248.72623267751192,321.08334126054655
2025-08-14 04:30:00,281.0762181204076,2025-08-14 02:30:00,245.12218121619028,316.43083286680394
2025-08-14 04:35:00,277.0267639925156,2025-08-14 02:35:00,241.59071549774032,311.87202618115305
2025-08-14 04:40:00,273.1117005297598,2025-08-14 02:40:00,238.1764497800359,307.4645142239674
2025-08-14 04:45:00,269.37419076973106,2025-08-14 02:45:00,234.91702587423046,303.2568892099327
2025-08-14 04:50:00,265.8486237758656,2025-08-14 02:50:00,231.8424339456102,299.2878657626389
2025-08-14 04:55:00,262.5600972717332,2025-08-14 02:55:00,228.974561327035,295.5856984730484
2025-08-14 05:00:00,259.52417300264113,2025-08-14 03:00:00,226.32697917361276,292.1679064897444
2025-08-14 05:05:00,256.74690851376323,2025-08-14 03:05:00,223.90497017590954,289.04130929420876
2025-08-14 05:10:00,254.22516147009904,2025-08-14 03:10:00,221.70579395263456,286.202369299064
2025-08-14 05:15:00,251.94715537406896,2025-08-14 03:15:00,219.719180404122,283.6378287233342
2025-08-14 05:20:00,249.89328850771213,2025-08-14 03:20:00,217.92803517819124,281.3256202858334
2025-08-14 05:25:00,248.03716149442883,2025-08-14 03:25:00,216.30933579069844,279.23602401672395
2025-08-14 05:30:00,246.346793084468,2025-08-14 03:30:00,214.8351918930776,277.3330359681708
2025-08-14 05:35:00,244.78598887304113,2025-08-14 03:35:00,213.47403891003697,275.57590909394963
2025-08-14 05:40:00,243.31582351523377,2025-08-14 03:40:00,212.19193065604074,273.9208219018215
2025-08-14 05:45:00,241.89619409161958,2025-08-14 03:45:00,210.9538940012074,272.3226272061606
2025-08-14 05:50:00,240.48740027774411,2025-08-14 03:50:00,209.72530691244452,270.73663105592334
2025-08-14 05:55:00,239.0517061696252,2025-08-14 03:55:00,208.4732604970819,269.1203510112722
2025-08-14 06:00:00,237.5548389094195,2025-08-14 04:00:00,207.1678659309164,267.43520327090005
2025-08-14 06:05:00,235.96738075945282,2025-08-14 04:05:00,205.7834684642387,265.6480698453323
2025-08-14 06:10:00,234.2660138248837,2025-08-14 04:10:00,204.2997329250333,263.7326998445622
2025-08-14 06:15:00,232.43458024085754,2025-08-14 04:15:00,202.7025682916428,261.670903018744
2025-08-14 06:20:00,230.46492533017172,2025-08-14 04:20:00,200.98486299740242,259.4534989707733
2025-08-14 06:25:00,228.35749667818237,2025-08-14 04:25:00,199.14700737451287,257.08099158464256
2025-08-14 06:30:00,226.12167846162453,2025-08-14 04:30:00,197.1971852169841,254.56394540714953
2025-08-14 06:35:00,223.77584728482822,2025-08-14 04:35:00,195.1514224745278,251.92304850736062
2025-08-14 06:40:00,221.34714322557275,2025-08-14 04:40:00,193.03338758522142,249.18885472392222
2025-08-14 06:45:00,218.8709575842287,2025-08-14 04:45:00,190.87394474953317,246.4012069817441
2025-08-14 06:50:00,216.3901467285741,2025-08-14 04:50:00,188.71046833666082,243.6083522518448
2025-08-14 06:55:00,213.9539892758451,2025-08-14 04:55:00,186.58593345928034,240.8657675646142
2025-08-14 07:00:00,211.61691143264284,2025-08-14 05:00:00,184.5478043623805,238.2347250191284
2025-08-14 07:05:00,209.43701243511,2025-08-14 05:05:00,182.64674848266415,235.78063174874245
2025-08-14 07:10:00,207.47442840918023,2025-08-14 05:10:00,180.93520959661768,233.5711879827458
2025-08-14 07:15:00,205.7895785795933,2025-08-14 05:15:00,179.4658783667761,231.67441265825607
2025-08-14 07:20:00,204.44134215522638,2025-08-14 05:20:00,178.29010243188588,230.15659098868662
2025-08-14 07:25:00,203.48521750633068,2025-08-14 05:25:00,177.45628105411467,229.08020209674223
2025-08-14 07:30:00,202.9715170804411,2025-08-14 05:30:00,177.00829093340016,228.5018868814057
2025-08-14 07:35:00,202.94365188414045,2025-08-14 05:35:00,176.9839901307819,228.4705167166427
2025-08-14 07:40:00,203.4365581677418,2025-08-14 05:40:00,177.41384600467788,229.0254222397362
2025-08-14 07:45:00,204.4753161859839,2025-08-14 05:45:00,178.31973065365318,230.1948383755354
2025-08-14 07:50:00,206.07400660012942,2025-08-14 05:50:00,179.7139236025454,231.9946168933591
2025-08-14 07:55:00,208.2348442072975,2025-08-14 05:55:00,181.59835634134123,234.4272511741904
2025-08-14 08:00:00,210.94762155807075,2025-08-14 06:00:00,183.9641271127786,237.48124984482732
2025-08-14 08:05:00,214.18948653679547,2025-08-14 06:05:00,186.79130694359932,241.1308863815625
2025-08-14 08:10:00,217.92506864069017,2025-08-14 06:10:00,190.0490497705879,245.3363412730587
2025-08-14 08:15:00,222.10695855715784,2025-08-14 06:15:00,193.69601067245767,250.04424192034253
2025-08-14 08:20:00,226.67653502674318,2025-08-14 06:20:00,197.68106696412553,255.18859350507896
2025-08-14 08:25:00,231.56512238974975,2025-08-14 06:25:00,201.94432767504327,260.6920821358945
2025-08-14 08:30:00,236.69545165628656,2025-08-14 06:30:00,206.41840772557265,266.46771969622256
2025-08-14 08:35:00,241.98338814987628,2025-08-14 06:35:00,211.02993457800147,272.42078879613683
2025-08-14 08:40:00,247.33987979313963,2025-08-14 06:40:00,215.70124730606923,278.4510361192875
2025-08-14 08:45:00,252.67307235549887,2025-08-14 06:45:00,220.35224126946264,284.4550537328426
2025-08-14 08:50:00,257.8905318821149,2025-08-14 06:50:00,224.90230625939162,290.3287810602421
2025-08-14 08:55:00,262.9015099986815,2025-08-14 06:55:00,229.27230203553097,295.9700551228639
2025-08-14 09:00:00,267.619185615476,2025-08-14 07:00:00,233.38651328112172,301.28113421237344
2025-08-14 09:05:00,271.9628159714574,2025-08-14 07:05:00,237.17452549494382,306.1711194996379
2025-08-14 09:10:00,275.8597322064899,2025-08-14 07:10:00,240.57296529869396,310.55820161604544
2025-08-14 09:15:00,279.2471185076944,2025-08-14 07:15:00,243.52705200274013,314.3716635862522
2025-08-14 09:20:00,282.0735200998002,2025-08-14 07:20:00,245.99191270096222,317.5535784981107
2025-08-14 09:25:00,284.30003362070784,2025-08-14 07:25:00,247.93362037869406,320.06014960726156
2025-08-14 09:30:00,285.9011429787363,2025-08-14 07:30:00,249.3299228507782,321.86265133102796
2025-08-14 09:35:00,286.86517515681214,2025-08-14 07:35:00,250.17064026128256,322.9479423850305
2025-08-14 09:40:00,287.1943624480054,2025-08-14 07:40:00,250.45771935813937,323.3185358468965
2025-08-14 09:45:00,286.90451055374507,2025-08-14 07:45:00,250.20494404678132,322.99222550686795
2025-08-14 09:50:00,286.02428468905555,2025-08-14 07:50:00,249.43731281366442,322.0012821772004
2025-08-14 09:55:00,284.5941386722269,2025-08-14 07:55:00,248.19010480209045,320.39124807950105
2025-08-14 10:00:00,282.66492366639886,2025-08-14 08:00:00,246.50766651746477,318.21937058963175
2025-08-14 10:05:00,280.2962239701117,2025-08-14 08:05:00,244.44196049622,315.5527286989742
2025-08-14 10:10:00,277.55447628822714,2025-08-14 08:10:00,242.05092515135107,312.46611572157275
2025-08-14 10:15:00,274.5109360127085,2025-08-14 08:15:00,239.39670119763733,309.03974976757564
2025-08-14 10:20:00,271.23955883916426,2025-08-14 08:20:00,236.54378424250558,305.3568889031157
2025-08-14 10:25:00,267.8148686056523,2025-08-14 08:25:00,233.55716536154205,301.50143079944655
2025-08-14 10:30:00,264.30988194030033,2025-08-14 08:30:00,230.50052121608576,297.5555763364793
2025-08-14 10:35:00,260.7941578181445,2025-08-14 08:35:00,227.43451310220104,293.5976338269956
2025-08-14 10:40:00,257.33203482831414,2025-08-14 08:40:00,224.4152496989116,289.7000345619805
2025-08-14 10:45:00,253.98111153078332,2025-08-14 08:45:00,221.49296181105112,285.9276220220614
2025-08-14 10:50:00,250.7910159414833,2025-08-14 08:50:00,218.71092925644206,282.3362665847455
2025-08-14 10:55:00,247.80249880865307,2025-08-14 08:55:00,216.10469012635852,278.97184475033373
2025-08-14 11:00:00,245.04687316312584,2025-08-14 09:00:00,213.70155202608157,275.86960819715165
2025-08-14 11:05:00,242.5458093141361,2025-08-14 09:05:00,211.52041329394345,273.05395299131044
2025-08-14 11:10:00,240.31148112235724,2025-08-14 09:10:00,209.5718905637598,270.5385842584086
2025-08-14 11:15:00,238.34704608190276,2025-08-14 09:15:00,207.85873743684732,268.3270566516957
2025-08-14 11:20:00,236.6474294673298,2025-08-14 09:20:00,206.37652832438184,266.4136571314517
2025-08-14 11:25:00,235.20037152266838,2025-08-14 09:25:00,205.1145716846007,264.7845838726121
2025-08-14 11:30:00,233.9876873298738,2025-08-14 09:30:00,204.05700873440878,263.4193646032749
2025-08-14 11:35:00,232.9866815347021,2025-08-14 09:35:00,203.18404720972572,262.29244927906564
2025-08-14 11:40:00,232.17165518877653,2025-08-14 09:40:00,202.47327545892483,261.3749064603447
2025-08-14 11:45:00,231.51543947981685,2025-08-14 09:45:00,201.90099998501898,260.63614995965264
2025-08-14 11:50:00,230.99089139595037,2025-08-14 09:50:00,201.4435497911536,260.04562263519057
2025-08-14 11:55:00,230.57228924568474,2025-08-14 09:55:00,201.07849339178603,259.5743674435057
2025-08-14 12:00:00,230.236571365124,2025-08-14 10:00:00,200.78571906990769,259.19642195503826
2025-08-14 12:05:00,229.9643690577328,2025-08-14 10:05:00,200.5483356876849,258.8899812201655
2025-08-14 12:10:00,229.74079451269,2025-08-14 10:10:00,200.3533598177526,258.6382847943035
2025-08-14 12:15:00,229.55595565018194,2025-08-14 10:15:00,200.1921647317561,258.4301963419944
2025-08-14 12:20:00,229.40518225615273,2025-08-14 10:20:00,200.06067760893598,258.26045821556784
2025-08-14 12:25:00,229.28896060576372,2025-08-14 10:25:00,199.959322522268,258.12961785534213
2025-08-14 12:30:00,229.21258678126225,2025-08-14 10:30:00,199.89271810238927,258.04363750076845
2025-08-14 12:35:00,229.1855612132025,2025-08-14 10:35:00,199.8691495264503,258.0132125752197
2025-08-14 12:40:00,229.2207584385967,2025-08-14 10:40:00,199.8998444771618,258.05283701381705
2025-08-14 12:45:00,229.3334157712201,2025-08-14 10:45:00,199.99809117795814,258.1796647256347
2025-08-14 12:50:00,229.53999250564254,2025-08-14 10:50:00,200.17824352264515,258.41222530497265
2025-08-14 12:55:00,229.8569568097624,2025-08-14 10:55:00,200.4546631433199,258.7690583355734
2025-08-14 13:00:00,230.299560462303,2025-08-14 11:00:00,200.84065087807204,259.26733401090394
2025-08-14 13:05:00,230.8806619115552,2025-08-14 11:05:00,201.3474203788897,259.9215281536763
2025-08-14 13:10:00,231.60965586006807,2025-08-14 11:10:00,201.98316461918088,260.74221716047083
2025-08-14 13:15:00,232.4915624927056,2025-08-14 11:15:00,202.75226162378243,261.7350526701499
2025-08-14 13:20:00,233.5263222723394,2025-08-14 11:20:00,203.65465947129425,262.89996765682565
2025-08-14 13:25:00,234.7083327443636,2025-08-14 11:25:00,204.68547234852898,264.23065497224866
2025-08-14 13:30:00,236.02625275719262,2025-08-14 11:30:00,205.8348098142648,265.7143469405697
2025-08-14 13:35:00,237.46308725803314,2025-08-14 11:35:00,207.08785074831434,267.3319108199797
2025-08-14 13:40:00,238.9965529636444,2025-08-14 11:40:00,208.42516224728516,269.05826046864115
2025-08-14 13:45:00,240.59971220756054,2025-08-14 11:45:00,209.82325239284592,270.8630699191269
2025-08-14 13:50:00,242.24184977168122,2025-08-14 11:50:00,211.2553349228658,272.71176050053344
2025-08-14 13:55:00,243.88955618831486,2025-08-14 11:55:00,212.69227396221254,274.5667204015237
2025-08-14 14:00:00,245.5079709668443,2025-08-14 12:00:00,214.103668221316,276.3887042737937
2025-08-14 14:05:00,247.06213148872268,2025-08-14 12:05:00,215.45902734643317,278.13835179515036
2025-08-14 14:10:00,248.51836769176245,2025-08-14 12:10:00,216.7289882020406,279.7777577813988
2025-08-14 14:15:00,249.84567989600504,2025-08-14 12:15:00,217.88651645126245,281.2720233193065
2025-08-14 14:20:00,251.01703693289906,2025-08-14 12:20:00,218.9080386340584,282.59071717838634
2025-08-14 14:25:00,252.01053453392134,2025-08-14 12:25:00,219.77445237985356,283.7091799051332
2025-08-14 14:30:00,252.81035927263355,2025-08-14 12:30:00,220.47196704635522,284.6096090126209
2025-08-14 14:35:00,253.4075112961033,2025-08-14 12:35:00,220.99273400234105,285.2818726192619
2025-08-14 14:40:00,253.80024917963317,2025-08-14 12:40:00,221.33523457852223,285.72401025870624
2025-08-14 14:45:00,253.99423198892356,2025-08-14 12:45:00,221.50440395773785,285.9423928110121
2025-08-14 14:50:00,254.0023467476037,2025-08-14 12:50:00,221.51148071208235,285.95152826852194
2025-08-14 14:55:00,253.8442232348317,2025-08-14 12:55:00,221.37358366546835,285.7735155032412
2025-08-14 15:00:00,253.54545185327922,2025-08-14 13:00:00,221.11302980850795,285.437163755898
2025-08-14 15:05:00,253.13653359921685,2025-08-14 13:05:00,220.75641858381888,284.97681053009796
2025-08-14 15:10:00,252.65160343422852,2025-08-14 13:10:00,220.33351855842952,284.43088438588126
2025-08-14 15:15:00,252.1269787936351,2025-08-14 13:15:00,219.87600160063792,283.84027087515614
2025-08-14 15:20:00,251.5995934999485,2025-08-14 13:20:00,219.41607712038743,283.2465494680627
2025-08-14 15:25:00,251.10538320008556,2025-08-14 13:25:00,218.98508403427007,282.6901759056079
2025-08-14 15:30:00,250.67769153090595,2025-08-14 13:30:00,218.61210080737754,282.2086878878962
2025-08-14 15:35:00,250.34576640621088,2025-08-14 13:35:00,218.32263408867118,281.8350122195702
2025-08-14 15:40:00,250.13341294827728,2025-08-14 13:40:00,218.13744395360544,281.595948303009
2025-08-14 15:45:00,250.05786374475585,2025-08-14 13:45:00,218.07155867280807,281.5108962927302
2025-08-14 15:50:00,250.128918774105,2025-08-14 13:50:00,218.13352465447994,281.59088883805003
2025-08-14 15:55:00,250.34839636480712,2025-08-14 13:55:00,218.32492763449986,281.8379729822935
2025-08-14 16:00:00,250.7099239703133,2025-08-14 14:00:00,218.64021021452083,282.2449746207802
2025-08-14 16:05:00,251.19908324078702,2025-08-14 14:05:00,219.06679837677254,282.79566182012985
2025-08-14 16:10:00,251.79390910888495,2025-08-14 14:10:00,219.58553672897818,283.4653066805582
2025-08-14 16:15:00,252.46572735896032,2025-08-14 14:15:00,220.1714189353795,284.22162825706164
2025-08-14 16:20:00,253.18030059263998,2025-08-14 14:20:00,220.79458709542365,285.0260826680027
2025-08-14 16:25:00,253.89923895567904,2025-08-14 14:25:00,221.42156201662684,285.8354512674439
2025-08-14 16:30:00,254.5816201092881,2025-08-14 14:30:00,222.01665596627512,286.60366438135674
2025-08-14 16:35:00,255.1857533175155,2025-08-14 14:35:00,222.54351110448675,287.283787287237
2025-08-14 16:40:00,255.6710154608795,2025-08-14 14:40:00,222.96670064303416,287.8300871670711
2025-08-14 16:45:00,255.99968278198588,2025-08-14 14:45:00,223.25332628209685,288.2000952554439
2025-08-14 16:50:00,256.13868115509194,2025-08-14 14:50:00,223.37454459302012,288.35657726328935
2025-08-14 16:55:00,256.06118009203516,2025-08-14 14:55:00,223.3069571259975,288.26932788269386
2025-08-14 17:00:00,255.74796105714003,2025-08-14 15:00:00,223.0338036961366,287.91671121258076
2025-08-14 17:05:00,255.1884990814932,2025-08-14 15:05:00,222.54590564238052,287.28687842169205
2025-08-14 17:10:00,254.38170772330866,2025-08-14 15:10:00,221.8423154958109,286.3786064123159
2025-08-14 17:15:00,253.33631057607494,2025-08-14 15:15:00,220.9306409661026,285.20171605784964
2025-08-14 17:20:00,252.07081740809255,2025-08-14 15:20:00,219.82702413318665,283.7770453410963
2025-08-14 17:25:00,250.61309890960527,2025-08-14 15:25:00,218.5557705908634,282.1359706118068
2025-08-14 17:30:00,248.99957030086296,2025-08-14 15:30:00,217.1486374841407,280.3194875065018
2025-08-14 17:35:00,247.27401015409154,2025-08-14 15:35:00,215.6438034223164,278.37688119830557
2025-08-14 17:40:00,245.48605575764935,2025-08-14 15:40:00,214.084556309552,276.3640325034661
2025-08-14 17:45:00,243.6894299866322,2025-08-14 15:45:00,212.517747026412,274.3414217223954
2025-08-14 17:50:00,241.93996602414265,2025-08-14 15:50:00,210.9920668201241,272.37190490442015
2025-08-14 17:55:00,240.2935050749375,2025-08-14 15:55:00,209.55621393347556,270.51834712950915
2025-08-14 18:00:00,238.80374808783506,2025-08-14 16:00:00,208.2570201254666,268.84120401384354
2025-08-14 18:05:00,237.5201451040065,2025-08-14 16:05:00,207.13761000491033,267.39614557396806
2025-08-14 18:10:00,236.48590520572984,2025-08-14 16:10:00,206.23566553781285,266.2318158608951
2025-08-14 18:15:00,235.7362059202681,2025-08-14 16:15:00,205.58186449645305,265.38781713740053
2025-08-14 18:20:00,235.2966738676653,2025-08-14 16:20:00,205.19855545604793,264.8929994171152
2025-08-14 18:25:00,235.18219828136947,2025-08-14 16:25:00,205.0987230846133,264.76412474619235
2025-08-14 18:30:00,235.3961265618092,2025-08-14 16:30:00,205.28528659779803,265.0049615711859
2025-08-14 18:35:00,235.9298764987339,2025-08-14 16:35:00,205.75076158404158,265.6058481855466
2025-08-14 18:40:00,236.7629838813846,2025-08-14 16:40:00,206.4773015246607,266.543746328344
2025-08-14 18:45:00,237.86358757761667,2025-08-14 16:45:00,207.43712082377849,267.7827872781045
2025-08-14 18:50:00,239.18933741111047,2025-08-14 16:50:00,208.59328655386452,269.2752939255568
2025-08-14 18:55:00,240.68869397467662,2025-08-14 16:55:00,209.9008520026237,270.9632440813765
2025-08-14 19:00:00,242.30257460420694,2025-08-14 17:00:00,211.30829210117935,272.78012348570627
2025-08-14 19:05:00,243.96628649567208,2025-08-14 17:05:00,212.75918926522382,274.6531020784423
2025-08-14 19:10:00,245.6116772485785,2025-08-14 17:10:00,214.19410885038985,276.5054550445352
2025-08-14 19:15:00,247.16942483618112,2025-08-14 17:15:00,215.5525961995182,278.2591408235654
2025-08-14 19:20:00,248.5713841190019,2025-08-14 17:20:00,216.7752230004598,279.83744277481156
2025-08-14 19:25:00,249.7529049910405,2025-08-14 17:25:00,217.8056089051915,281.16757890688564
2025-08-14 19:30:00,250.6550387823575,2025-08-14 17:30:00,218.592345699059,282.18318580829003
2025-08-14 19:35:00,251.22655404018033,2025-08-14 17:35:00,219.09075523200585,282.82658797955264
2025-08-14 19:40:00,251.42569041751244,2025-08-14 17:40:00,219.264418957445,283.0507723312372
2025-08-14 19:45:00,251.22158953640044,2025-08-14 17:45:00,219.0864257657731,282.82099902550897
2025-08-14 19:50:00,250.59535417413062,2025-08-14 17:50:00,218.54029568411485,282.1159938899667
2025-08-14 19:55:00,249.54070114588063,2025-08-14 17:55:00,217.6205492450897,280.92868342184426
2025-08-14 20:00:00,248.06418857105703,2025-08-14 18:00:00,216.3329056822364,279.26645064059346
2025-08-14 20:05:00,246.18501389530218,2025-08-14 18:05:00,214.69410678815873,277.15090770448995
2025-08-14 20:10:00,243.93439476773597,2025-08-14 18:10:00,212.73137698723485,274.6171989127463
2025-08-14 20:15:00,241.35455971840463,2025-08-14 18:15:00,210.4815431211794,271.71286442732503
2025-08-14 20:20:00,238.49738935006056,2025-08-14 18:20:00,207.98984945361076,268.496310549721
2025-08-14 20:25:00,235.4227605078832,2025-08-14 18:25:00,205.30851364631786,265.034945615354
2025-08-14 20:30:00,232.19665561775233,2025-08-14 18:30:00,202.4950779426884,261.4030515187055
2025-08-14 20:35:00,228.88910653324749,2025-08-14 18:35:00,199.610616028781,257.67946893119057
2025-08-14 20:40:00,225.5720463834308,2025-08-14 18:40:00,196.71785966331697,253.94517894787316
2025-08-14 20:45:00,222.3171446300444,2025-08-14 18:45:00,193.87931066486453,250.28086583162627
2025-08-14 20:50:00,219.19369894883081,2025-08-14 18:50:00,191.15540245445385,246.76454372892442
2025-08-14 20:55:00,216.26665357256903,2025-08-14 18:55:00,188.60277188347933,243.4693257540879
2025-08-14 21:00:00,213.59480696883318,2025-08-14 19:00:00,186.2726961774577,240.46140622334232
2025-08-14 21:05:00,211.22926313839938,2025-08-14 19:05:00,184.20974233754927,237.79831715286662
2025-08-14 21:10:00,209.2121700781456,2025-08-14 19:10:00,182.4506669737501,235.52750804175025
2025-08-14 21:15:00,207.57577726990817,2025-08-14 19:15:00,181.02359435563977,233.68528480895438
2025-08-14 21:20:00,206.34183142553584,2025-08-14 19:20:00,179.94748945107744,232.29612953335578
2025-08-14 21:25:00,205.52131678860547,2025-08-14 19:25:00,179.23193144738315,231.37240808982884
2025-08-14 21:30:00,205.1145338133898,2025-08-14 19:30:00,178.87718236603695,230.9144587246912
2025-08-14 21:35:00,205.11149813396344,2025-08-14 19:35:00,178.87453499740704,230.91104120834765
2025-08-14 21:40:00,205.49263114752708,2025-08-14 19:40:00,179.2069151476843,231.34011428226853
2025-08-14 21:45:00,206.22970445298373,2025-08-14 19:45:00,179.84970526901844,232.1698988918993
2025-08-14 21:50:00,207.28699331742027,2025-08-14 19:50:00,180.77175037962704,233.36017673963644
2025-08-14 21:55:00,208.62258914991259,2025-08-14 19:55:00,181.93650265170834,234.86376784554756
2025-08-14 22:00:00,210.1898182678157,2025-08-14 20:00:00,183.30325869537108,236.62812777036604
2025-08-14 22:05:00,211.9387134831562,2025-08-14 20:05:00,184.82844290615046,238.59700430245988
2025-08-14 22:10:00,213.81748669770343,2025-08-14 20:10:00,186.4668916921772,240.71209528035382
2025-08-14 22:15:00,215.77395412749243,2025-08-14 20:15:00,188.17309639023128,242.9146530862928
2025-08-14 22:20:00,217.7568710869381,2025-08-14 20:20:00,189.90236731012706,245.14698732352917
2025-08-14 22:25:00,219.71713991568257,2025-08-14 20:25:00,191.61188714885674,247.35382467985337
2025-08-14 22:30:00,221.60886245122245,2025-08-14 20:30:00,193.2616288355359,249.48349378340365
2025-08-14 22:35:00,223.39021676696413,2025-08-14 20:35:00,194.8151201209723,251.48891221947903
2025-08-14 22:40:00,225.0241466677748,2025-08-14 20:40:00,196.24004487597057,253.32836275292124
2025-08-14 22:45:00,226.4788609523398,2025-08-14 20:45:00,197.50867849023874,254.96605538919738
2025-08-14 22:50:00,227.72814745742247,2025-08-14 20:50:00,198.59816174548388,256.3724809200946
2025-08-14 22:55:00,228.75151408210348,2025-08-14 20:55:00,199.49062380044936,257.5245696864134
2025-08-14 23:00:00,229.53417502656598,2025-08-14 21:00:00,200.17317018997414,258.405676085826
2025-08-14 23:05:00,230.06690511208427,2025-08-14 21:05:00,200.63775577972973,259.0054145687934
2025-08-14 23:10:00,230.3457882160828,2025-08-14 21:10:00,200.8809653803626,259.3193764310273
2025-08-14 23:15:00,230.37188742778685,2025-08-14 21:15:00,200.9037260953875,259.34875848032306
2025-08-14 23:20:00,230.15086451007357,2025-08-14 21:20:00,200.71097545980925,259.0999346331746
2025-08-14 23:25:00,229.69257481326608,2025-08-14 21:25:00,200.31130817076723,258.58399987560307
2025-08-14 23:30:00,229.01066091328414,2025-08-14 21:30:00,199.71662170571167,257.8163127878883
2025-08-14 23:35:00,228.12216439850386,2025-08-14 21:35:00,198.94177776778508,256.81605850080825
2025-08-14 23:40:00,227.04717038463872,2025-08-14 21:40:00,198.00429227280063,255.60584849652946
2025-08-14 23:45:00,225.8084940625898,2025-08-14 21:45:00,196.92406199251627,254.21136772949984
2025-08-14 23:50:00,224.4314130024311,2025-08-14 21:50:00,195.7231311011201,252.66107325882197
2025-08-14 23:55:00,222.94344346464146,2025-08-14 21:55:00,194.42549609974836,250.98594242323662
2025-08-15 00:00:00,221.37415388894323,2025-08-14 22:00:00,193.05694316301359,249.21926287002495
2025-08-15 00:05:00,219.7550043227588,2025-08-14 22:05:00,191.6449081070689,247.39645178629183
2025-08-15 00:10:00,218.119197043265,2025-08-14 22:10:00,190.21834611943365,245.55488773181153
2025-08-15 00:15:00,216.5015212590204,2025-08-14 22:15:00,188.80759632570766,243.73373580675718
2025-08-15 00:20:00,214.93817357736862,2025-08-14 22:20:00,187.4442252219966,241.97374553695235
2025-08-15 00:25:00,213.46653610009898,2025-08-14 22:25:00,186.16083315560235,240.31700105773444
2025-08-15 00:30:00,212.12489537512846,2025-08-14 22:30:00,184.9908092271732,238.80660471453126
2025-08-15 00:35:00,210.95208816546418,2025-08-14 22:35:00,183.96802237134668,237.48627827557482
2025-08-15 00:40:00,209.98706363905313,2025-08-14 22:40:00,183.1264395493533,236.3998700526695
2025-08-15 00:45:00,209.26835633312524,2025-08-14 22:45:00,182.49966612944914,235.59076157340002
2025-08-15 00:50:00,208.8334694668799,2025-08-14 22:50:00,182.1204080835384,235.10117332502713
2025-08-15 00:55:00,208.71817396259777,2025-08-14 22:55:00,182.01986067442976,234.9713756043599
2025-08-15 01:00:00,208.95573434219318,2025-08-14 23:00:00,182.22703337230644,235.238817045241
2025-08-15 01:05:00,209.5760783287868,2025-08-14 23:05:00,182.76802567722294,235.9371897700997
2025-08-15 01:10:00,210.60493211592245,2025-08-14 23:10:00,183.66527300089083,237.09545589072198
2025-08-15 01:15:00,212.06294778495166,2025-08-14 23:15:00,184.9367857010038,238.7368651695608
2025-08-15 01:20:00,213.96485266939544,2025-08-14 23:20:00,186.5954072551791,240.87799738858112
2025-08-15 01:25:00,216.31865281940142,2025-08-14 23:25:00,188.64811961474734,243.52786562307307
2025-08-15 01:30:00,219.12492360730718,2025-08-14 23:30:00,191.09542455294053,246.68711761744282
2025-08-15 01:35:00,222.3762200174929,2025-08-14 23:35:00,193.93082938787995,250.3473718995436
2025-08-15 01:40:00,226.0566372748163,2025-08-14 23:40:00,197.14046381349456,254.49072314362968
2025-08-15 01:45:00,230.1415491010956,2025-08-14 23:45:00,200.70285163708644,259.08944750394994
2025-08-15 01:50:00,234.59754632881308,2025-08-14 23:50:00,204.58885724530018,264.10593350709803
2025-08-15 01:55:00,239.38259275833465,2025-08-14 23:55:00,208.76182152477048,269.4928575134229
2025-08-15 02:00:00,244.44640861335668,2025-08-15 00:00:00,213.17789626763044,275.1936154046591
2025-08-15 02:05:00,249.73108438182595,2025-08-15 00:05:00,217.78657949259335,281.1430136356094
2025-08-15 02:10:00,255.17192028674518,2025-08-15 00:10:00,222.53144753433511,287.26821429612096
2025-08-15 02:15:00,260.69847860261973,2025-08-15 00:15:00,227.35107275223714,293.48991979106967
2025-08-15 02:20:00,266.23582847127636,2025-08-15 00:20:00,232.18010911482563,299.72377423286844
2025-08-15 02:25:00,271.7059556952661,2025-08-15 00:25:00,236.95052165858638,305.88195056293756
2025-08-15 02:30:00,277.02930366956883,2025-08-15 00:30:00,241.59293031044498,311.87488530644845
2025-08-15 02:35:00,282.1264061042005,2025-08-15 00:35:00,246.03803375965975,317.61311666370614
2025-08-15 02:40:00,286.9195683682723,2025-08-15 00:40:00,250.21807573172407,323.0091773387371
2025-08-15 02:45:00,291.33455138271705,2025-08-15 00:45:00,254.06831348492145,327.97949023712357
2025-08-15 02:50:00,295.30221084277014,2025-08-15 00:50:00,257.5284473506569,332.44621387483323
2025-08-15 02:55:00,298.760045049043,2025-08-15 00:55:00,260.54397057276907,336.33898490015537
2025-08-15 03:00:00,301.6536064417258,2025-08-15 01:00:00,263.0674002844693,339.5965071749343
2025-08-15 03:05:00,303.9377354340541,2025-08-15 01:05:00,265.0593535152432,342.167940803332
2025-08-15 03:10:00,305.5775799453121,2025-08-15 01:10:00,266.4894363096643,344.0140499047684
2025-08-15 03:15:00,306.54937003283,2025-08-15 01:15:00,267.3369192718643,345.1080746814689
2025-08-15 03:20:00,306.84092409168113,2025-08-15 01:20:00,267.59117901438515,345.4363012894861
2025-08-15 03:25:00,306.4518708187397,2025-08-15 01:25:00,267.2518917295681,344.9983117220668
2025-08-15 03:30:00,305.3935795019285,2025-08-15 01:30:00,266.3289723958955,343.80690533047084
2025-08-15 03:35:00,303.6887996321703,2025-08-15 01:35:00,264.8422604891999,341.8876931052264
2025-08-15 03:40:00,301.3710193713883,2025-08-15 01:40:00,262.82096051262437,339.27837545030013
2025-08-15 03:45:00,298.483560499203,2025-08-15 01:45:00,260.30285271376783,336.0277232894587
2025-08-15 03:50:00,295.07843503905883,2025-08-15 01:50:00,257.33329596618216,332.1942908753802
2025-08-15 03:55:00,291.2149955707941,2025-08-15 01:55:00,253.9640507280379,327.84489633446674
2025-08-15 04:00:00,286.9584168202687,2025-08-15 02:00:00,250.25195486014667,323.0529122662348
2025-08-15 04:05:00,282.3780509909978,2025-08-15 02:05:00,246.25748933635757,317.89641420359914
2025-08-15 04:10:00,277.54570226159825,2025-08-15 02:10:00,242.043273459722,312.4562380714025
2025-08-15 04:15:00,272.533868084138,2025-08-15 02:15:00,237.6725311262435,306.814000269965
2025-08-15 04:20:00,267.4139952901232,2025-08-15 02:20:00,233.20757000213754,301.0501344288208
2025-08-15 04:25:00,262.2547983052531,2025-08-15 02:25:00,228.70831486517818,295.24199808145113
2025-08-15 04:30:00,257.12068448218395,2025-08-15 02:30:00,224.23093436198747,289.4620999316518
2025-08-15 04:35:00,252.07032825802244,2025-08-15 02:35:00,219.82659755304792,283.7764946642546
2025-08-15 04:40:00,247.155431269895,2025-08-15 02:40:00,215.54039262884976,278.243387104292
2025-08-15 04:45:00,242.41970010859967,2025-08-15 02:45:00,211.41043542481154,272.9119813894193
2025-08-15 04:50:00,237.89806709464628,2025-08-15 02:50:00,207.46718987223124,267.82160373281374
2025-08-15 04:55:00,233.61617255169372,2025-08-15 02:55:00,203.73301649703444,263.0011195754032
2025-08-15 05:00:00,229.59011981074747,2025-08-15 03:00:00,200.22195876276035,258.46865777375206
2025-08-15 05:05:00,225.82650660025183,2025-08-15 03:05:00,196.9397704453711,254.23164593849438
2025-08-15 05:10:00,222.32272900242577,2025-08-15 03:10:00,193.88418070882628,250.28715262321433
2025-08-15 05:15:00,219.06754679769395,2025-08-15 03:15:00,191.04538713313437,246.62252377960564
2025-08-15 05:20:00,216.041892051033,2025-08-15 03:20:00,188.40676086988023,243.21629305024814
2025-08-15 05:25:00,213.21989629549773,2025-08-15 03:25:00,185.94574243294045,240.03933815437688
2025-08-15 05:30:00,210.57010595621406,2025-08-15 03:30:00,183.63490165077025,237.05624919157194
2025-08-15 05:35:00,208.0568507005684,2025-08-15 03:35:00,181.44313098323903,234.2268691071631
2025-08-15 05:40:00,205.6417252920714,2025-08-15 03:40:00,179.33693782324772,231.50796193814355
2025-08-15 05:45:00,203.28514260477073,2025-08-15 03:45:00,177.28179885635015,228.8549611704208
2025-08-15 05:50:00,200.94791342229212,2025-08-15 03:50:00,175.24353777883036,226.22374824974787
2025-08-15 05:55:00,198.59280791835621,2025-08-15 03:55:00,173.18968704048106,223.57241046997032
2025-08-15 06:00:00,196.18605392933028,2025-08-15 04:00:00,171.09079446470264,220.86292770282017
2025-08-15 06:05:00,193.69872867726878,2025-08-15 04:05:00,168.9216369484369,218.0627391760794
2025-08-15 06:10:00,191.10800314765206,2025-08-15 04:10:00,166.662305664564,215.14614437290493
2025-08-15 06:15:00,188.3982019408022,2025-08-15 04:15:00,164.29913034177395,212.09549619455336
2025-08-15 06:20:00,185.56164608930652,2025-08-15 04:20:00,161.82541427248233,208.9021497899227
2025-08-15 06:25:00,182.5992517966968,2025-08-15 04:25:00,159.24195646348397,205.56713660538924
2025-08-15 06:30:00,179.5208644518948,2025-08-15 04:30:00,156.5573429247358,202.10154041259773
2025-08-15 06:35:00,176.34531412751613,2025-08-15 04:35:00,153.78799506856097,198.52655978750929
2025-08-15 06:40:00,173.10018631546194,2025-08-15 04:40:00,150.95796977173814,194.87325000842418
2025-08-15 06:45:00,169.821309358654,2025-08-15 04:45:00,148.0985123727206,191.18194601533415
2025-08-15 06:50:00,166.5519679969329,2025-08-15 04:50:00,145.2473708172935,187.50137703325066
2025-08-15 06:55:00,163.34186024287735,2025-08-15 04:55:00,142.44788596626273,183.88749224071785
2025-08-15 07:00:00,160.24582241891855,2025-08-15 05:00:00,139.74787972022912,180.40202543824816
2025-08-15 07:05:00,157.32235432559014,2025-08-15 05:05:00,137.1983688418466,177.11083470778533
2025-08-15 07:10:00,154.63198280370324,2025-08-15 05:10:00,134.85213784394574,174.08206013879237
2025-08-15 07:15:00,152.2355076779955,2025-08-15 05:15:00,132.76220930437725,171.38414914140083
2025-08-15 07:20:00,150.19217835585135,2025-08-15 05:20:00,130.9802537062255,169.08380369221643
2025-08-15 07:25:00,148.5578527676749,2025-08-15 05:25:00,129.55498387845364,167.2439077006578
2025-08-15 07:30:00,147.3831920079886,2025-08-15 05:30:00,128.5305805705935,165.92149456656526
2025-08-15 07:35:00,146.71194457846735,2025-08-15 05:35:00,127.94519616788486,165.16581561014738
2025-08-15 07:40:00,146.57937282563796,2025-08-15 05:40:00,127.8295824121623,165.01656858226667
2025-08-15 07:45:00,147.01087148008418,2025-08-15 05:45:00,128.20588565146517,165.50234243933784
2025-08-15 07:50:00,148.02082382296314,2025-08-15 05:50:00,129.08664932071605,166.6393296350175
2025-08-15 07:55:00,149.61173520948745,2025-08-15 05:55:00,130.47405830107832,168.43035065565581
2025-08-15 08:00:00,151.77367647029047,2025-08-15 06:00:00,132.35945351897718,170.86422741100603
2025-08-15 08:05:00,154.48406129399024,2025-08-15 06:05:00,134.7231378049097,173.91553261529572
2025-08-15 08:10:00,157.70777232069906,2025-08-15 06:10:00,137.53448585762555,177.54473174115842
2025-08-15 08:15:00,161.3976405358428,2025-08-15 06:15:00,140.752362315992,181.69872271305383
2025-08-15 08:20:00,165.49527195622497,2025-08-15 06:20:00,144.32584269900255,186.31176657639935
2025-08-15 08:25:00,169.9322050067994,2025-08-15 06:25:00,148.1952227359899,191.30679045268502
2025-08-15 08:30:00,174.63137146024152,2025-08-15 06:30:00,152.2932924292154,196.5970322404319
2025-08-15 08:35:00,179.50882389817895,2025-08-15 06:35:00,156.5468425458364,202.0879853617081
2025-08-15 08:40:00,184.47568389529064,2025-08-15 06:40:00,160.878363598841,207.67959199470184
2025-08-15 08:45:00,189.44025711919602,2025-08-15 06:45:00,165.2078903926371,213.26862421725596
2025-08-15 08:50:00,194.3102556515726,2025-08-15 06:50:00,169.45494007460061,218.7511858582408
2025-08-15 08:55:00,198.99506318454212,2025-08-15 06:55:00,173.54048757747614,224.02526261717594
2025-08-15 09:00:00,203.407976613884,2025-08-15 07:00:00,177.3889204778189,228.99324561180114
2025-08-15 09:05:00,207.468357013289,2025-08-15 07:05:00,180.9299148270572,233.56435290836146
2025-08-15 09:10:00,211.10362512638739,2025-08-15 07:10:00,184.10017538893302,237.65687601264304
2025-08-15 09:15:00,214.25104042845135,2025-08-15 07:15:00,186.8449871314357,241.20018270742426
2025-08-15 09:20:00,216.85920907827398,2025-08-15 07:20:00,189.11953028809057,244.1364146790915
2025-08-15 09:25:00,218.8892742375616,2025-08-15 07:25:00,190.8899184169162,246.42182755899614
2025-08-15 09:30:00,220.315751889477,2025-08-15 07:30:00,192.13392730472566,248.02773187377568
2025-08-15 09:35:00,221.12698660636883,2025-08-15 07:35:00,192.84139243504714,248.94100614092332
2025-08-15 09:40:00,221.32521379491044,2025-08-15 07:40:00,193.0142632711378,249.16416694330823
2025-08-15 09:45:00,220.92622775594393,2025-08-15 07:45:00,192.6663137761564,248.7149952365852
2025-08-15 09:50:00,219.95866780803448,2025-08-15 07:50:00,191.82251985266126,247.62573267921582
2025-08-15 09:55:00,218.46294740140638,2025-08-15 07:55:00,190.51812543959431,245.94187604712445
2025-08-15 10:00:00,216.48986284620327,2025-08-15 08:00:00,188.79742920591943,243.72061096360147
2025-08-15 10:05:00,214.09892917668995,2025-08-15 08:05:00,186.7123332837761,241.02893844348353
2025-08-15 10:10:00,211.35649944926897,2025-08-15 08:10:00,184.32070313764405,237.94155763080033
2025-08-15 10:15:00,208.33373106974986,2025-08-15 08:15:00,181.6845940301078,234.5385763245522
2025-08-15 10:20:00,205.10446748131812,2025-08-15 08:20:00,178.86840367500875,230.90312621900054
2025-08-15 10:25:00,201.74310607916433,2025-08-15 08:25:00,175.93701287908274,227.11896263816635
2025-08-15 10:30:00,198.32252293793252,2025-08-15 08:30:00,172.9539757291703,223.2681282292358
2025-08-15 10:35:00,194.91212247261734,2025-08-15 08:35:00,169.97981873193672,219.42875730392072
2025-08-15 10:40:00,191.57607478402406,2025-08-15 08:40:00,167.07050363036907,215.67309147191233
2025-08-15 10:45:00,188.37179616286963,2025-08-15 08:45:00,164.27610227512773,212.06576901820392
2025-08-15 10:50:00,185.34871867115046,2025-08-15 08:50:00,161.63972359566816,208.6624397186906
2025-08-15 10:55:00,182.5473835648838,2025-08-15 08:55:00,159.19672298836878,205.50874423088788
2025-08-15 11:00:00,179.9988809831417,2025-08-15 09:00:00,156.97421367808587,202.63968330536198
2025-08-15 11:05:00,177.72464510367834,2025-08-15 09:05:00,154.99088807657455,200.07938717541379
2025-08-15 11:10:00,175.7366005595984,2025-08-15 09:10:00,153.2571454701792,197.84128039047746
2025-08-15 11:15:00,174.03764271292823,2025-08-15 09:15:00,151.77551085891605,195.92862249995068
2025-08-15 11:20:00,172.62242196319065,2025-08-15 09:20:00,150.5413189397353,194.33539101446792
2025-08-15 11:25:00,171.47839114309681,2025-08-15 09:25:00,149.54362752395065,193.04746054618295
2025-08-15 11:30:00,170.58706556573517,2025-08-15 09:30:00,148.76631640471865,192.04402134849457
2025-08-15 11:35:00,169.92543797441942,2025-08-15 09:35:00,148.18932131270893,191.29917224255558
2025-08-15 11:40:00,169.46748558760913,2025-08-15 09:40:00,147.7899481864489,190.7836172228504
2025-08-15 11:45:00,169.18570406032006,2025-08-15 09:45:00,147.5442109161191,190.46639236489972
2025-08-15 11:50:00,169.0526033730972,2025-08-15 09:50:00,147.42813588497057,190.31654987166172
2025-08-15 11:55:00,169.04210359827243,2025-08-15 09:55:00,147.41897919528498,190.30472940348076
2025-08-15 12:00:00,169.1307738517865,2025-08-15 10:00:00,147.49630713891432,190.40455286900763
2025-08-15 12:05:00,169.29886549275554,2025-08-15 10:05:00,147.64289723449076,190.59378758372475
2025-08-15 12:10:00,169.53110029442672,2025-08-15 10:10:00,147.84542557901105,190.85523357942256
2025-08-15 12:15:00,169.81718557498795,2025-08-15 10:15:00,148.0949160853725,191.17730352971677
2025-08-15 12:20:00,170.15204059509887,2025-08-15 10:20:00,148.38693792012486,191.55427762454374
2025-08-15 12:25:00,170.53573148052538,2025-08-15 10:25:00,148.72154875051618,191.98623030716772
2025-08-15 12:30:00,170.97312482073312,2025-08-15 10:30:00,149.10299265323448,192.47864030136026
2025-08-15 12:35:00,171.47328251300524,2025-08-15 10:35:00,149.5391723674118,193.0417093371853
2025-08-15 12:40:00,172.04863182592717,2025-08-15 10:40:00,150.04092551994725,193.68942782256508
2025-08-15 12:45:00,172.71395437404902,2025-08-15 10:45:00,150.62114292609607,194.43843664812525
2025-08-15 12:50:00,173.48524565185576,2025-08-15 10:50:00,151.29377400685163,195.3067432699069
2025-08-15 12:55:00,174.3785022342298,2025-08-15 10:55:00,152.07276912540502,196.31235636024417
2025-08-15 13:00:00,175.4084968517553,2025-08-15 11:00:00,152.97101134944344,197.47190680834467
2025-08-15 13:05:00,176.58760177821583,2025-08-15 11:05:00,153.99929034575806,198.79932310991674
2025-08-15 13:10:00,177.92471875574245,2025-08-15 11:10:00,155.16536918467327,200.30462669507398
2025-08-15 13:15:00,179.424368559392,2025-08-15 11:15:00,156.47319036353068,201.99290697559948
2025-08-15 13:20:00,181.0859861546869,2025-08-15 11:20:00,157.92226112458457,203.8635278452743
2025-08-15 13:25:00,182.90345784093137,2025-08-15 11:25:00,159.5072498049149,205.90960660368353
2025-08-15 13:30:00,184.86492582873854,2025-08-15 11:30:00,161.21781541154,208.11779395291532
2025-08-15 13:35:00,186.95287340529723,2025-08-15 11:35:00,163.03868189271586,210.46836987517162
2025-08-15 13:40:00,189.1444909564479,2025-08-15 11:40:00,164.94995734007372,212.93565569420534
2025-08-15 13:45:00,191.41231018578304,2025-08-15 11:45:00,166.9276870811951,215.48872806841263
2025-08-15 13:50:00,193.72508132228361,2025-08-15 11:50:00,168.94461867869515,218.0924065362924
2025-08-15 13:55:00,196.04885677773385,2025-08-15 11:55:00,170.97114697093437,220.7084734795603
2025-08-15 14:00:00,198.34823476843778,2025-08-15 12:00:00,172.97639861510015,223.29707417135683
2025-08-15 14:05:00,200.58770856983625,2025-08-15 12:05:00,174.92940875109164,225.81823574418095
2025-08-15 14:10:00,202.7330615896634,2025-08-15 12:10:00,176.8003376230373,228.23343773955722
2025-08-15 14:15:00,204.75274556962995,2025-08-15 12:15:00,178.56167248746445,230.50716366408486
2025-08-15 14:20:00,206.61917910371577,2025-08-15 12:20:00,180.1893600308274,232.60836283927907
2025-08-15 14:25:00,208.309906397876,2025-08-15 12:25:00,181.66381690575508,234.51175491356895
2025-08-15 14:30:00,209.8085616088402,2025-08-15 12:30:00,182.9707707158607,236.19891549854034
2025-08-15 14:35:00,211.10559194969377,2025-08-15 12:35:00,184.10189062482937,237.65909022891898
2025-08-15 14:40:00,212.19870293711975,2025-08-15 12:40:00,185.05517564958538,238.8896960143536
2025-08-15 14:45:00,213.09300082875802,2025-08-15 12:45:00,185.83507887768954,239.89648139297606
2025-08-15 14:50:00,213.8008204892044,2025-08-15 12:50:00,186.45235735196442,240.6933327458664
2025-08-15 14:55:00,214.3412405632348,2025-08-15 12:55:00,186.9236492606331,241.30172848730237
2025-08-15 15:00:00,214.73930171759392,2025-08-15 13:00:00,187.27079217818917,241.74985897464163
2025-08-15 15:05:00,215.0249570220613,2025-08-15 13:05:00,187.51990770911263,242.07144486515162
2025-08-15 15:10:00,215.2317956660301,2025-08-15 13:10:00,187.70028846102568,242.30430029780888
2025-08-15 15:15:00,215.39559187139696,2025-08-15 13:15:00,187.8431325742806,242.48869928407404
2025-08-15 15:20:00,215.55273918046,2025-08-15 13:20:00,187.98017828888206,242.66561305579805
2025-08-15 15:25:00,215.7386362603561,2025-08-15 13:25:00,188.1422962297401,242.87489283127098
2025-08-15 15:30:00,215.98609343823014,2025-08-15 13:30:00,188.3580997708711,243.15347591957772
2025-08-15 15:35:00,216.3238293790148,2025-08-15 13:35:00,188.65263401156153,243.53369330597275
2025-08-15 15:40:00,216.77512435546814,2025-08-15 13:40:00,189.04620131419532,244.04175352616028
2025-08-15 15:45:00,217.35669089800396,2025-08-15 13:45:00,189.55337641560382,244.69647126305273
2025-08-15 15:50:00,218.07781405714218,2025-08-15 13:50:00,190.1822566633726,245.50829946883817
2025-08-15 15:55:00,218.9398027370234,2025-08-15 13:55:00,190.93398353236597,246.4787116855691
2025-08-15 16:00:00,219.9357808106144,2025-08-15 14:00:00,191.80256045955923,247.5999668862082
2025-08-15 16:05:00,221.05083254995162,2025-08-15 14:05:00,192.7749796714833,248.8552731975266
2025-08-15 16:10:00,222.26250204894697,2025-08-15 14:10:00,193.8316577230559,250.21935014181705
2025-08-15 16:15:00,223.5416311359793,2025-08-15 14:15:00,194.94716622806973,251.65937194465914
2025-08-15 16:20:00,224.8535056734194,2025-08-15 14:20:00,196.09123152911042,253.1362580194572
2025-08-15 16:25:00,226.1592666168969,2025-08-15 14:25:00,197.2299652603114,254.60626151399876
2025-08-15 16:30:00,227.41753030269072,2025-08-15 14:30:00,198.3272773746888,256.0227934024819
2025-08-15 16:35:00,228.58615286382172,2025-08-15 14:35:00,199.34641486386678,257.33840883518707
2025-08-15 16:40:00,229.62406655032436,2025-08-15 14:40:00,200.25156318431516,258.5068744366532
2025-08-15 16:45:00,230.49311177837444,2025-08-15 14:45:00,201.00944395878858,259.48523079547186
2025-08-15 16:50:00,231.15978770735708,2025-08-15 14:50:00,201.59084162725497,260.23576323422077
2025-08-15 16:55:00,231.5968465427321,2025-08-15 14:55:00,201.9719938135315,260.7277966485535
2025-08-15 17:00:00,231.7846621194189,2025-08-15 15:00:00,202.1357848454861,260.9392362351318
2025-08-15 17:05:00,231.71231182070767,2025-08-15 15:05:00,202.07268927962738,260.85778549756157
2025-08-15 17:10:00,231.37832179210446,2025-08-15 15:10:00,201.78142179046327,260.4817851954839
2025-08-15 17:15:00,230.79103872303705,2025-08-15 15:15:00,201.26926139552202,259.82063189010546
2025-08-15 17:20:00,229.96860625026747,2025-08-15 15:20:00,200.55203087713664,258.89475137956117
2025-08-15 17:25:00,228.93853994363926,2025-08-15 15:25:00,199.65372613415104,257.7351202250863
2025-08-15 17:30:00,227.73691117150966,2025-08-15 15:30:00,198.60580444370635,256.3823469605805
2025-08-15 17:35:00,226.40716614046585,2025-08-15 15:35:00,197.4461545642163,254.88534258757647
2025-08-15 17:40:00,224.9986214971268,2025-08-15 15:40:00,196.21778477318782,253.29962694929748
2025-08-15 17:45:00,223.5646914207656,2025-08-15 15:45:00,194.9672767423782,251.68533282164074
2025-08-15 17:50:00,222.16091254377383,2025-08-15 15:50:00,193.7430631017705,250.1049824021789
2025-08-15 17:55:00,220.84284187430808,2025-08-15 15:55:00,192.59359425073407,248.6211208271748
2025-08-15 18:00:00,219.66390870454484,2025-08-15 16:00:00,191.56546504075342,247.2938978863756
2025-08-15 18:05:00,218.67330415235003,2025-08-15 16:05:00,190.70157427766986,246.1786921048663
2025-08-15 18:10:00,217.91399127277165,2025-08-15 16:10:00,190.03938937098357,245.32387056038203
2025-08-15 18:15:00,217.420914641601,2025-08-15 16:15:00,189.60938493963212,244.76877326288798
2025-08-15 18:20:00,217.21948114363562,2025-08-15 16:20:00,189.43371793115497,244.54200285180627
2025-08-15 18:25:00,217.32437365392275,2025-08-15 16:25:00,189.52519305162855,244.66008905850705
2025-08-15 18:30:00,217.73874671920322,2025-08-15 16:30:00,189.88656133201178,245.12658321813782
2025-08-15 18:35:00,218.45383891571691,2025-08-15 16:35:00,190.51018207144062,245.9316218686239
2025-08-15 18:40:00,219.44902056911536,2025-08-15 16:40:00,191.3780644530189,247.05198047293572
2025-08-15 18:45:00,220.69227895454145,2025-08-15 16:45:00,192.4622906792321,248.45161964909857
2025-08-15 18:50:00,222.14112625674645,2025-08-15 16:50:00,193.72580778978872,250.08270733627228
2025-08-15 18:55:00,223.74389949109081,2025-08-15 16:55:00,195.12356130242893,251.88708222373768
2025-08-15 19:00:00,225.44140653895514,2025-08-15 17:00:00,196.60393069470567,253.79810682960766
2025-08-15 19:05:00,227.16885934619532,2025-08-15 17:05:00,198.11041531617354,255.74284386281676
2025-08-15 19:10:00,228.85802451854644,2025-08-15 17:10:00,199.58350988906182,257.6444773269033
2025-08-15 19:15:00,230.43951334648082,2025-08-15 17:15:00,200.96270160319767,259.4248905911036
2025-08-15 19:20:00,231.84512835388463,2025-08-15 17:20:00,202.1885165044692,261.00730809500044
2025-08-15 19:25:00,233.01018147319374,2025-08-15 17:25:00,203.20454113916608,262.3189051107221
2025-08-15 19:30:00,233.87570047537343,2025-08-15 17:30:00,203.95934674711498,263.29329170434147
2025-08-15 19:35:00,234.39044474819997,2025-08-15 17:35:00,204.408247190445,263.87278206483205
2025-08-15 19:40:00,234.5126591896654,2025-08-15 17:40:00,204.5148284966418,264.0103690074765
2025-08-15 19:45:00,234.21150505944217,2025-08-15 17:45:00,204.25219668176885,263.6713348021458
2025-08-15 19:50:00,233.4681191443927,2025-08-15 17:50:00,203.60390143217126,262.83444356384194
2025-08-15 19:55:00,232.27626661072313,2025-08-15 17:55:00,202.56450544664546,261.4926762225654
2025-08-15 20:00:00,230.6425682238716,2025-08-15 18:00:00,201.13978259135615,259.65348632360667
2025-08-15 20:05:00,228.58629832746152,2025-08-15 18:05:00,199.34654172043585,257.33857259568236
2025-08-15 20:10:00,226.1387656504299,2025-08-15 18:10:00,197.21208668754903,254.58318187411635
2025-08-15 20:15:00,223.3423039217193,2025-08-15 18:15:00,194.77333607672543,251.43497275200212
2025-08-15 20:20:00,220.2489129768932,2025-08-15 18:20:00,192.07563813265617,247.9524857611083
2025-08-15 20:25:00,216.91860282785854,2025-08-15 18:25:00,189.17132664975406,244.2032791536949
2025-08-15 20:30:00,213.41750293123528,2025-08-15 18:30:00,186.11807209461972,240.26180034895376
2025-08-15 20:35:00,209.81580588039532,2025-08-15 18:35:00,182.97708833197493,236.20707097642827
2025-08-15 20:40:00,206.18561917083318,2025-08-15 18:40:00,179.8112591827841,232.12026842995076
2025-08-15 20:45:00,202.5988001168117,2025-08-15 18:45:00,176.68325028886588,228.08228845357178
2025-08-15 20:50:00,199.12484758874263,2025-08-15 18:50:00,173.65367052997996,224.17137169530753
2025-08-15 20:55:00,195.8289202121188,2025-08-15 18:55:00,170.77934372605912,220.46087262915455
2025-08-15 21:00:00,192.77004388864165,2025-08-15 19:00:00,168.11174544437142,217.01724161281658
2025-08-15 21:05:00,189.9995629366038,2025-08-15 19:05:00,165.6956522632311,213.89828120785123
2025-08-15 21:10:00,187.5598783625455,2025-08-15 19:10:00,163.56804143841032,211.15172574732892
2025-08-15 21:15:00,185.4835051842092,2025-08-15 19:15:00,161.7572688092064,208.8141800860244
2025-08-15 21:20:00,183.79246797302227,2025-08-15 19:20:00,160.28254166047867,206.91043911240914
2025-08-15 21:25:00,182.49804095750036,2025-08-15 19:25:00,159.15369207088452,205.45319516147686
2025-08-15 21:30:00,181.60082649449288,2025-08-15 19:30:00,158.3712453464274,204.4431263563388
2025-08-15 21:35:00,181.0911538245535,2025-08-15 19:35:00,157.92676776878935,203.869345520248
2025-08-15 21:40:00,180.94976941866858,2025-08-15 19:40:00,157.80346863593417,203.71017735722194
2025-08-15 21:45:00,181.14878120797295,2025-08-15 19:45:00,157.9770237100996,203.93422144982074
2025-08-15 21:50:00,181.6528117766296,2025-08-15 19:50:00,158.41658089930237,204.50165050410675
2025-08-15 21:55:00,182.42031061999205,2025-08-15 19:55:00,159.08590465719254,205.3656876675976
2025-08-15 22:00:00,183.40497262810078,2025-08-15 20:00:00,159.94461302036302,206.47420343389652
2025-08-15 22:05:00,184.5572094331272,2025-08-15 20:05:00,160.9494607474826,207.7713720606571
2025-08-15 22:10:00,185.82562172311222,2025-08-15 20:10:00,162.05562330111903,209.19932907538575
2025-08-15 22:15:00,187.15842418812892,2025-08-15 20:15:00,163.21793952103934,210.69977545563233
2025-08-15 22:20:00,188.50478002304328,2025-08-15 20:20:00,164.39207542323075,212.215479989534
2025-08-15 22:25:00,189.81600857701318,2025-08-15 20:25:00,165.53557737217318,213.69163882711194
2025-08-15 22:30:00,191.04663751854721,2025-08-15 20:30:00,166.60878965755896,215.07705998982587
2025-08-15 22:35:00,192.1552792684369,2025-08-15 20:35:00,167.57561881776874,216.32515004388455
2025-08-15 22:40:00,193.10532020808162,2025-08-15 20:40:00,168.40413468769066,217.3946899992733
2025-08-15 22:45:00,193.86541960972022,2025-08-15 20:45:00,169.06700550798524,218.2503969969355
2025-08-15 22:50:00,194.4098233748119,2025-08-15 20:50:00,169.5417715314288,218.86327751011356
2025-08-15 22:55:00,194.71850472848612,2025-08-15 20:55:00,169.8109677203464,219.21078573577122
2025-08-15 23:00:00,194.77715013984442,2025-08-15 21:00:00,169.86211146792704,219.27680774390842
2025-08-15 23:05:00,194.57701329989393,2025-08-15 21:05:00,169.6875752546592,219.05149708839886
2025-08-15 23:10:00,194.1146632298962,2025-08-15 21:10:00,169.28436697755498,218.53099123164674
2025-08-15 23:15:00,193.39165408904387,2025-08-15 21:15:00,168.65384199458026,217.717039819677
2025-08-15 23:20:00,192.4141442992345,2025-08-15 21:20:00,167.8013709693169,216.616575899274
2025-08-15 23:25:00,191.19249110568268,2025-08-15 21:25:00,166.73598629360285,215.2412594812041
2025-08-15 23:30:00,189.74084386258852,2025-08-15 21:30:00,165.47002739831387,213.60701966812854
2025-08-15 23:35:00,188.07675547445686,2025-08-15 21:35:00,164.01880189740498,211.73361722183935
2025-08-15 23:40:00,186.22082654510444,2025-08-15 21:40:00,162.4002752558155,209.64424395225524
2025-08-15 23:45:00,184.1963915702388,2025-08-15 21:45:00,160.63479712291695,207.36516943835593
2025-08-15 23:50:00,182.02925088185873,2025-08-15 21:50:00,158.7448675654098,204.92543925574088
2025-08-15 23:55:00,179.74744658945477,2025-08-15 21:55:00,156.75494166914305,202.35662273503786
2025-08-16 00:00:00,177.38107570436165,2025-08-15 22:00:00,154.6912665677795,199.6926025804725
2025-08-16 00:05:00,174.9621292046242,2025-08-15 22:05:00,152.58174109377833,196.9693936918277
2025-08-16 00:10:00,172.5243422905064,2025-08-15 22:10:00,150.4557851885624,194.22497458463863
2025-08-16 00:15:00,170.10303870072866,2025-08-15 22:15:00,148.3442041331397,191.4991121240567
2025-08-16 00:20:00,167.73495083578825,2025-08-15 22:20:00,146.27903168045955,188.8331590227386
2025-08-16 00:25:00,165.45799745530928,2025-08-15 22:25:00,144.29333618874244,186.2698035762981
2025-08-16 00:30:00,163.31100227831485,2025-08-15 22:30:00,142.42097521717113,183.85275286827152
2025-08-16 00:35:00,161.33333936734783,2025-08-15 22:35:00,140.6962862709191,181.6263335495834
2025-08-16 00:40:00,159.56449495727344,2025-08-15 22:40:00,139.1537046788907,179.63499855285357
2025-08-16 00:45:00,158.04354004672524,2025-08-15 22:45:00,137.82730364895602,177.92273334480436
2025-08-16 00:50:00,156.80851333438014,2025-08-15 22:50:00,136.75025613631087,176.5323612463983
2025-08-16 00:55:00,155.89571988388528,2025-08-15 22:55:00,135.9542232201098,175.50475388172356
2025-08-16 01:00:00,155.33895664170308,2025-08-15 23:00:00,135.46867868967132,174.87795927913695
2025-08-16 01:05:00,155.1686816725764,2025-08-15 23:05:00,135.32018454769818,174.68626661065923
2025-08-16 01:10:00,155.4111490781572,2025-08-15 23:10:00,135.53163658632042,174.95923229805905
2025-08-16 01:15:00,156.08753604307202,2025-08-15 23:15:00,136.1215030975992,175.72069725613872
2025-08-16 01:20:00,157.21309182933086,2025-08-15 23:20:00,137.10308272483783,176.98782884509217
2025-08-16 01:25:00,158.79634091240226,2025-08-15 23:25:00,138.4838095299948,178.77022377463143
2025-08-16 01:30:00,160.8383731966013,2025-08-15 23:30:00,140.26463400160603,181.0691090405247
2025-08-16 01:35:00,163.33225399077918,2025-08-15 23:35:00,142.43950850379593,183.87667768524787
2025-08-16 01:40:00,166.26258425534212,2025-08-15 23:40:00,144.995003774569,187.17559373154688
2025-08-16 01:45:00,169.60523854311663,2025-08-15 23:45:00,147.9100803881299,190.93869716071418
2025-08-16 01:50:00,173.3273032440103,2025-08-15 23:50:00,151.15603489901633,195.12893438947674
2025-08-16 01:55:00,177.3872321389102,2025-08-15 23:55:00,154.6966354982253,199.69953338993307
2025-08-16 02:00:00,181.73522948748106,2025-08-16 00:00:00,158.48845609810024,204.59443496329047
2025-08-16 02:05:00,186.31386357926172,2025-08-16 00:05:00,162.4814114006627,209.74898346526956
2025-08-16 02:10:00,191.0589058504494,2025-08-16 00:10:00,166.61948867825825,215.09087146952933
2025-08-16 02:15:00,195.9003828885267,2025-08-16 00:15:00,170.8416652103661,220.54132409661014
2025-08-16 02:20:00,200.7638209517349,2025-08-16 00:20:00,175.08299360960032,226.0165000728211
2025-08-16 02:25:00,205.5716554414404,2025-08-16 00:25:00,179.2758310005538,231.4290784902934
2025-08-16 02:30:00,210.24477152941125,2025-08-16 00:30:00,183.35118257679133,236.6899932190038
2025-08-16 02:35:00,214.7041365909123,2025-08-16 00:35:00,187.24012522026374,241.71027067222977
2025-08-16 02:40:00,218.87248126957024,2025-08-16 00:40:00,190.87527353172933,246.402922320825
2025-08-16 02:45:00,222.67598305727364,2025-08-16 00:45:00,194.1922480544979,250.68484003887892
2025-08-16 02:50:00,226.04590526310596,2025-08-16 00:50:00,197.13110459364714,254.478641227107
2025-08-16 02:55:00,228.92014457216212,2025-08-16 00:55:00,199.63768381790348,257.71441102828436
2025-08-16 03:00:00,231.2446423021186,2025-08-16 01:00:00,201.6648419944623,260.33129109592505
2025-08-16 03:05:00,232.9746179940066,2025-08-16 01:05:00,203.17352678424027,262.2788683498247
2025-08-16 03:10:00,234.0755886857369,2025-08-16 01:10:00,204.13366613440195,263.51832245688445
2025-08-16 03:15:00,234.52414330537678,2025-08-16 01:15:00,204.5248436146455,264.02329762991064
2025-08-16 03:20:00,234.30844863221128,2025-08-16 01:20:00,204.33673965794435,263.7804722299849
2025-08-16 03:25:00,233.4284710437025,2025-08-16 01:25:00,203.5693249426082,262.78980840542516
2025-08-16 03:30:00,231.89590656763426,2025-08-16 01:30:00,202.23279939185042,261.06447334567775
2025-08-16 03:35:00,229.73382029749777,2025-08-16 01:35:00,200.34727771357595,258.6304333412826
2025-08-16 03:40:00,226.97600464667508,2025-08-16 01:40:00,197.94222974387463,255.52573131733158
2025-08-16 03:45:00,223.66607410506822,2025-08-16 01:45:00,195.05569099841168,251.79946772585527
2025-08-16 03:50:00,219.8563216821918,2025-08-16 01:50:00,191.73326539430352,247.51051314887755
2025-08-16 03:55:00,215.60636902157285,2025-08-16 01:55:00,188.02694803596265,242.72598862013191
2025-08-16 04:00:00,210.98164784216203,2025-08-16 02:00:00,183.99380090386245,237.51955605759184
2025-08-16 04:05:00,206.05175510253386,2025-08-16 02:05:00,179.6945184189179,231.9695665352613
2025-08-16 04:10:00,200.88872732596005,2025-08-16 02:10:00,175.19192250832612,226.1571175476496
2025-08-16 04:15:00,195.56528178316364,2025-08-16 02:15:00,170.5494287685076,220.16407296318553
2025-08-16 04:20:00,190.15307245300795,2025-08-16 02:20:00,165.8295255156537,214.07109961438016
2025-08-16 04:25:00,184.72100810062327,2025-08-16 02:25:00,161.09230700792193,207.9557738187455
2025-08-16 04:30:00,179.33367750712415,2025-08-16 02:30:00,156.39410011286006,201.89080852915464
2025-08-16 04:35:00,174.0499235008675,2025-08-16 02:35:00,151.78622074233078,195.9424480024491
2025-08-16 04:40:00,168.92160300791875,2025-08-16 02:40:00,147.31389251188338,190.1690718853117
2025-08-16 04:45:00,163.99256467375477,2025-08-16 02:45:00,143.01535514060384,184.62004423814247
2025-08-16 04:50:00,159.29786959760258,2025-08-16 02:50:00,138.9211848656987,179.33483625101158
2025-08-16 04:55:00,154.8632735170159,2025-08-16 02:55:00,135.05384286374917,174.34244329584956
2025-08-16 05:00:00,150.70498174843425,2025-08-16 03:00:00,131.42746153819917,169.66110904269053
2025-08-16 05:05:00,146.82968053204533,2025-08-16 03:05:00,128.04787185472023,165.29836074718594
2025-08-16 05:10:00,143.23484094328393,2025-08-16 03:10:00,124.91286837768459,161.2513513890088
2025-08-16 05:15:00,139.90928421447745,2025-08-16 03:15:00,122.01270227834559,157.50749610136134
2025-08-16 05:20:00,136.83399028654065,2025-08-16 03:20:00,119.33078646014623,154.0453824247414
2025-08-16 05:25:00,133.98312498715853,2025-08-16 03:25:00,116.84459134477459,150.83592668669633
2025-08-16 05:30:00,131.3252554401211,2025-08-16 03:30:00,114.52670481166771,147.8437422890107
2025-08-16 05:35:00,128.82471843678147,2025-08-16 03:35:00,112.34602553339509,145.02868019705502
2025-08-16 05:40:00,126.44310229507687,2025-08-16 03:40:00,110.26905528177375,142.34749719150534
2025-08-16 05:45:00,124.14079990084582,2025-08-16 03:45:00,108.26125331095237,139.75560425588287
2025-08-16 05:50:00,121.8785885494222,2025-08-16 03:50:00,106.28841411259857,137.20884513539028
2025-08-16 05:55:00,119.619191456846,2025-08-16 03:55:00,104.31802918544494,134.66525425971378
2025-08-16 06:00:00,117.32877609481203,2025-08-16 04:00:00,102.32059370980349,132.08674354306234
2025-08-16 06:05:00,114.97834597051083,2025-08-16 04:05:00,100.2708202970342,129.44066922627596
2025-08-16 06:10:00,112.54498508644724,2025-08-16 04:10:00,98.14872426352237,126.70123286855502
2025-08-16 06:15:00,110.01291786417144,2025-08-16 04:15:00,95.94054797361518,123.850674591596
2025-08-16 06:20:00,107.37435205398906,2025-08-16 04:20:00,93.63949592801912,120.88022201302809
2025-08-16 06:25:00,104.63007758239318,2025-08-16 04:25:00,91.24625700929522,117.79076441868193
2025-08-16 06:30:00,101.78980065931744,2025-08-16 04:30:00,88.76929585157788,114.59322889486107
2025-08-16 06:35:00,98.87219940853896,2025-08-16 04:35:00,86.22490135498073,111.30864295610488
2025-08-16 06:40:00,95.90469471898416,2025-08-16 04:40:00,83.63698684859818,107.96787657348007
2025-08-16 06:45:00,92.9229378237523,2025-08-16 04:45:00,81.03664321617266,104.61106529974803
2025-08-16 06:50:00,89.97002398093957,2025-08-16 04:50:00,78.4614531594185,101.28672504459037
2025-08-16 06:55:00,87.09544950447108,2025-08-16 04:55:00,75.954581640895,98.05057791763234
2025-08-16 07:00:00,84.35383696668075,2025-08-16 05:00:00,73.5636641530806,94.96411708315708
2025-08-16 07:05:00,81.80346052846255,2025-08-16 05:05:00,71.33952068182249,92.09294660183394
2025-08-16 07:10:00,79.50460968547907,2025-08-16 05:10:00,69.33472875495305,89.50493936398857
2025-08-16 07:15:00,77.5178353915872,2025-08-16 05:15:00,67.60209391391356,87.26826260514144
2025-08-16 07:20:00,75.90212686055543,2025-08-16 05:20:00,66.19305973099861,85.4493253803444
2025-08-16 07:25:00,74.7130707015506,2025-08-16 05:25:00,65.1561024201565,84.11070615017489
2025-08-16 07:30:00,74.00104576790903,2025-08-16 05:30:00,64.53515659278747,83.3091205721392
2025-08-16 07:35:00,73.80950761827472,2025-08-16 05:35:00,64.36811916308801,83.09349017615675
2025-08-16 07:40:00,74.17341518259218,2025-08-16 05:40:00,64.68547726802862,83.50317113185459
2025-08-16 07:45:00,75.11784952807398,2025-08-16 05:45:00,65.50910371472008,84.56639927875102
2025-08-16 07:50:00,76.65687026307691,2025-08-16 05:50:00,66.85125966808948,86.29900268516103
2025-08-16 07:55:00,78.7926493095051,2025-08-16 05:55:00,68.71383922731795,88.70342646387869
2025-08-16 08:00:00,81.5149145483582,2025-08-16 06:00:00,71.08788423780986,91.76810643778394
2025-08-16 08:05:00,84.80072746956398,2025-08-16 06:05:00,73.95339038308349,95.46721882180019
2025-08-16 08:10:00,88.61460952822515,2025-08-16 06:10:00,77.27941737808112,99.76082247261112
2025-08-16 08:15:00,92.90902179568363,2025-08-16 06:15:00,81.02450726537302,104.59539887168302
2025-08-16 08:20:00,97.6251919428384,2025-08-16 06:20:00,85.13740561439676,109.90478312903933
2025-08-16 08:25:00,102.69427187841599,2025-08-16 06:25:00,89.55807107971806,115.61146723276558
2025-08-16 08:30:00,108.03879899119272,2025-08-16 06:30:00,94.21894972755761,121.62824509068699
2025-08-16 08:35:00,113.57442389967001,2025-08-16 06:35:00,99.04648177930649,127.86015760161071
2025-08-16 08:40:00,119.2118589186923,2025-08-16 06:40:00,103.96280083884115,134.20668620595367
2025-08-16 08:45:00,124.85899349897537,2025-08-16 06:45:00,108.88757873430642,140.5641344116372
2025-08-16 08:50:00,130.42311680574926,2025-08-16 06:50:00,113.73996379424769,146.82812993537743
2025-08-16 08:55:00,135.81318326638416,2025-08-16 06:55:00,118.440556596322,152.89617521772675
2025-08-16 09:00:00,140.94205446055395,2025-08-16 07:00:00,122.91336508470583,158.6701713049463
2025-08-16 09:05:00,145.72865041891635,2025-08-16 07:05:00,127.08768068408455,164.05883974452468
2025-08-16 09:10:00,150.09994544417378,2025-08-16 07:10:00,130.89981882403765,168.97996944663342
2025-08-16 09:15:00,153.99274747596166,2025-08-16 07:15:00,134.29467069537563,173.36241986289932
2025-08-16 09:20:00,157.35520641361245,2025-08-16 07:20:00,137.22701863487208,177.14781903055666
2025-08-16 09:25:00,160.14800472284335,2025-08-16 07:25:00,139.66257443476655,180.29190393723619
2025-08-16 09:30:00,162.34519362260056,2025-08-16 07:30:00,141.57870856825548,182.76546188591342
2025-08-16 09:35:00,163.93464918053542,2025-08-16 07:35:00,142.96484794323555,184.55484395944995
2025-08-16 09:40:00,164.91813489806586,2025-08-16 07:40:00,143.82253048175883,185.66203547779267
2025-08-16 09:45:00,165.31097010767974,2025-08-16 07:45:00,144.1651159344983,186.10428268528952
2025-08-16 09:50:00,165.14131645940256,2025-08-16 07:50:00,144.01716363673694,185.91328948927233
2025-08-16 09:55:00,164.44910734642013,2025-08-16 07:55:00,143.4134988771688,185.13401222560432
2025-08-16 10:00:00,163.28465702631823,2025-08-16 08:00:00,142.39799993424865,183.8230938309929
2025-08-16 10:05:00,161.70699679164443,2025-08-16 08:05:00,141.02214707651729,182.0469907320647
2025-08-16 10:10:00,159.78199464431074,2025-08-16 08:10:00,139.3433827600067,179.87985600674176
2025-08-16 10:15:00,157.58032195218345,2025-08-16 08:15:00,137.4233383811999,177.40125028076213
2025-08-16 10:20:00,155.1753355120236,2025-08-16 08:20:00,135.3259872571898,174.6937573901073
2025-08-16 10:25:00,152.64094578459998,2025-08-16 08:25:00,133.11578554680582,171.84058447629576
2025-08-16 10:30:00,150.04954200165486,2025-08-16 08:30:00,130.8558627687952,168.92322610704292
2025-08-16 10:35:00,147.47004215073437,2025-08-16 08:35:00,128.60632122404022,166.01926898229996
2025-08-16 10:40:00,144.96613068130765,2025-08-16 08:40:00,126.42269912658055,163.2004079737317
2025-08-16 10:45:00,142.59473936481675,2025-08-16 08:45:00,124.35464578538193,160.53073590276028
2025-08-16 10:50:00,140.40481720114644,2025-08-16 08:50:00,122.44484885897462,158.06535872215935
2025-08-16 10:55:00,138.43642421130193,2025-08-16 08:55:00,120.72824406619684,155.84937532324062
2025-08-16 11:00:00,136.72017144653537,2025-08-16 09:00:00,119.23152682689742,153.917247107639
2025-08-16 11:05:00,135.27701650517997,2025-08-16 09:05:00,117.97297393535959,152.29256778363688
2025-08-16 11:10:00,134.11841027220066,2025-08-16 09:10:00,116.96257152957192,150.98822856305844
2025-08-16 11:15:00,133.24677754645307,2025-08-16 09:15:00,116.2024342387566,150.00695924327513
2025-08-16 11:20:00,132.6563016710005,2025-08-16 09:20:00,115.68748944721798,149.34221153069146
2025-08-16 11:25:00,132.33397226258774,2025-08-16 09:25:00,115.4063910028579,148.9793385567929
2025-08-16 11:30:00,132.26084559321993,2025-08-16 09:30:00,115.34261837627149,148.89701379432253
2025-08-16 11:35:00,132.4134598584634,2025-08-16 09:35:00,115.47571089413496,149.06882434229874
2025-08-16 11:40:00,132.7653425489563,2025-08-16 09:40:00,115.78258229436454,149.4649678992623
2025-08-16 11:45:00,133.2885447248699,2025-08-16 09:45:00,116.23885874291862,150.0539800234084
2025-08-16 11:50:00,133.95513722181323,2025-08-16 09:50:00,116.82018365160621,150.80441853578438
2025-08-16 11:55:00,134.73860672773588,2025-08-16 09:55:00,117.50343517495588,151.68643519995712
2025-08-16 12:00:00,135.61509503431574,2025-08-16 10:00:00,118.26780694200201,152.67317085017947
2025-08-16 12:05:00,136.56443254497765,2025-08-16 10:05:00,119.09570936249106,153.74191889716565
2025-08-16 12:10:00,137.57092673258447,2025-08-16 10:10:00,119.97345722852332,154.87501296036947
2025-08-16 12:15:00,138.62387756459202,2025-08-16 10:15:00,120.8917192087828,156.0604071248705
2025-08-16 12:20:00,139.71780419201446,2025-08-16 10:20:00,121.84571554044466,157.2919311439612
2025-08-16 12:25:00,140.85238014517256,2025-08-16 10:25:00,122.83516151439902,158.5692174836211
2025-08-16 12:30:00,142.03208719256185,2025-08-16 10:30:00,123.86396561097433,159.89731164270898
2025-08-16 12:35:00,143.26561048839318,2025-08-16 10:35:00,124.93970201755154,161.28599122033626
2025-08-16 12:40:00,144.5650088583275,2025-08-16 10:40:00,126.0728870477081,162.74883183763797
2025-08-16 12:45:00,145.94470406153218,2025-08-16 10:45:00,127.27609769243853,164.30206926616123
2025-08-16 12:50:00,147.42034055478774,2025-08-16 10:50:00,128.5629772382351,165.96331576966114
2025-08-16 12:55:00,149.00757293981403,2025-08-16 10:55:00,129.94717781883332,167.75019503289315
2025-08-16 13:00:00,150.72084127598828,2025-08-16 11:00:00,131.441292384555,169.67896342946986
2025-08-16 13:05:00,152.57219470591355,2025-08-16 11:05:00,133.055828804534,171.76318567950423
2025-08-16 13:10:00,154.57022157615256,2025-08-16 11:10:00,134.7982768417128,174.01253039770143
2025-08-16 13:15:00,156.71913925026354,2025-08-16 11:15:00,136.67231439300238,176.4317454203322
2025-08-16 13:20:00,159.0180894479854,2025-08-16 11:20:00,138.6771929655879,179.0198645100547
2025-08-16 13:25:00,161.4606755930883,2025-08-16 11:25:00,140.80733420521273,181.76968650998185
2025-08-16 13:30:00,164.03476759594818,2025-08-16 11:30:00,143.05215965010993,184.66755557121922
2025-08-16 13:35:00,166.7225871791486,2025-08-16 11:35:00,145.39616514212722,187.6934572109783
2025-08-16 13:40:00,169.50107410504086,2025-08-16 11:40:00,147.81924020806403,190.82143060534415
2025-08-16 13:45:00,172.34252053643095,2025-08-16 11:45:00,150.29722127572208,194.02028274176362
2025-08-16 13:50:00,175.21544841609517,2025-08-16 11:50:00,152.80265682288183,197.2545761580034
2025-08-16 13:55:00,178.08569327761302,2025-08-16 11:55:00,155.30575255180767,200.48584907797948
2025-08-16 14:00:00,180.9176479991943,2025-08-16 12:00:00,157.77545604754104,203.67401560869305
2025-08-16 14:05:00,183.67561220324643,2025-08-16 12:05:00,160.1806335681943,206.77888487134695
2025-08-16 14:10:00,186.32518745307792,2025-08-16 12:10:00,162.49128677421157,209.76173169009948
2025-08-16 14:15:00,188.83465557051602,2025-08-16 12:15:00,164.67975473764278,212.58684827863087
2025-08-16 14:20:00,191.17627725890551,2025-08-16 12:20:00,166.7218464509847,215.22300620786072
2025-08-16 14:25:00,193.32745096666335,2025-08-16 12:25:00,168.59785145399294,217.6447610348571
2025-08-16 14:30:00,195.27167731251126,2025-08-16 12:30:00,170.29338089386917,219.83353803638448
2025-08-16 14:35:00,196.99928228066295,2025-08-16 12:35:00,171.7999982124922,221.7784463697636
2025-08-16 14:40:00,198.50786253025885,2025-08-16 12:40:00,173.11560749382315,223.4767803946705
2025-08-16 14:45:00,199.80242790313702,2025-08-16 12:45:00,174.24457774270743,224.93418010596474
2025-08-16 14:50:00,200.89522933991125,2025-08-16 12:50:00,175.19759281317326,226.16443740453272
2025-08-16 14:55:00,201.8052740958961,2025-08-16 12:55:00,175.99122863580908,227.1889503356089
2025-08-16 15:00:00,202.55754403242418,2025-08-16 13:00:00,176.6472715018268,228.0358430544168
2025-08-16 15:05:00,203.18194599822567,2025-08-16 13:05:00,177.1918027070509,228.73878418335144
2025-08-16 15:10:00,203.71203559254585,2025-08-16 13:10:00,177.6540855656601,229.33555004617128
2025-08-16 15:15:00,204.18356606718973,2025-08-16 13:15:00,178.06529993031722,229.86639104656402
2025-08-16 15:20:00,204.63292261553744,2025-08-16 13:20:00,178.4571767600659,230.3722690173104
2025-08-16 15:25:00,205.0955081703708,2025-08-16 13:25:00,178.86059039981853,230.89303997889124
2025-08-16 15:30:00,205.6041499200636,2025-08-16 13:30:00,179.30416892800588,231.46566022247646
2025-08-16 15:35:00,206.18759594421164,2025-08-16 13:35:00,179.81298309598296,232.12249384784886
2025-08-16 15:40:00,206.8691684694177,2025-08-16 13:40:00,180.40737185342655,232.88979662163848
2025-08-16 15:45:00,207.66563444666457,2025-08-16 13:45:00,181.1019573964966,233.78644449251004
2025-08-16 15:50:00,208.58634576970104,2025-08-16 13:50:00,181.90489536571485,234.8229656636236
2025-08-16 15:55:00,209.63269054123495,2025-08-16 13:55:00,182.81739630377953,236.00092283743354
2025-08-16 16:00:00,210.79788411105625,2025-08-16 14:00:00,183.8335434231752,237.31267796995652
2025-08-16 16:05:00,212.06711442176777,2025-08-16 14:05:00,184.940419359915,238.74155589852674
2025-08-16 16:10:00,213.41804134108293,2025-08-16 14:10:00,186.11854163344134,240.26240648161647
2025-08-16 16:15:00,214.8216344649453,2025-08-16 14:15:00,187.3425932816452,241.84254778335986
2025-08-16 16:20:00,216.2433193227793,2025-08-16 14:20:00,188.58242244856896,243.44305645195817
2025-08-16 16:25:00,217.64438829218076,2025-08-16 14:25:00,189.80427282107854,245.02035610347696
2025-08-16 16:30:00,218.98362078431052,2025-08-16 14:30:00,190.97219656724837,246.5280412990468
2025-08-16 16:35:00,220.21904749941535,2025-08-16 14:35:00,192.04959291605482,247.91886371376657
2025-08-16 16:40:00,221.30978661742236,2025-08-16 14:40:00,193.00080947052393,249.14679928889058
2025-08-16 16:45:00,222.21787569270424,2025-08-16 14:45:00,193.7927397745539,250.16911054784453
2025-08-16 16:50:00,222.9100220571558,2025-08-16 14:50:00,194.39634981210799,250.94831717028214
2025-08-16 16:55:00,223.35919696166735,2025-08-16 14:55:00,194.78806823310325,251.4539906494826
2025-08-16 17:00:00,223.54600398240893,2025-08-16 15:00:00,194.95097971916522,251.66429482090598
2025-08-16 17:05:00,223.4597607448513,2025-08-16 15:05:00,194.8757683382571,251.56720364872504
2025-08-16 17:10:00,223.09924395453305,2025-08-16 15:10:00,194.56136727437905,251.1613399688103
2025-08-16 17:15:00,222.47306097008595,2025-08-16 15:15:00,194.0152828706022,250.45639379933132
2025-08-16 17:20:00,221.59962599709107,2025-08-16 15:20:00,193.25357386810205,249.47309554020444
2025-08-16 17:25:00,220.50673486337664,2025-08-16 15:25:00,192.30048057433518,248.24273726234452
2025-08-16 17:30:00,219.2307486488223,2025-08-16 15:30:00,191.18771291933788,246.80625365196298
2025-08-16 17:35:00,217.81541250875708,2025-08-16 15:35:00,189.9534203700541,245.21289226200906
2025-08-16 17:40:00,216.3103510280181,2025-08-16 15:40:00,188.64087975210265,243.51851960732233
2025-08-16 17:45:00,214.76929507137174,2025-08-16 15:45:00,187.29694891371514,241.78362498295016
2025-08-16 17:50:00,213.24810645283384,2025-08-16 15:50:00,185.97034407069165,240.0710966704152
2025-08-16 17:55:00,211.802675602941,2025-08-16 15:55:00,184.70980639485342,238.4438551672332
2025-08-16 18:00:00,210.48677321143512,2025-08-16 16:00:00,183.5622284651712,236.9624346027326
2025-08-16 18:05:00,209.34993950242333,2025-08-16 16:05:00,182.5708135375885,235.6826065198759
2025-08-16 18:10:00,208.43549406395607,2025-08-16 16:10:00,181.77333994847015,234.6531393751974
2025-08-16 18:15:00,207.77874515740754,2025-08-16 16:15:00,181.20059948127218,233.91378260971507
2025-08-16 18:20:00,207.40547021781322,2025-08-16 16:20:00,180.8750722346109,233.49355602201584
2025-08-16 18:25:00,207.33072923776956,2025-08-16 16:25:00,180.80989179288926,233.40941389600232
2025-08-16 18:30:00,207.55806016114093,2025-08-16 16:30:00,181.00814354171138,233.66533918879236
2025-08-16 18:35:00,208.07909093356804,2025-08-16 16:35:00,181.4625263431883,234.25190678377015
2025-08-16 18:40:00,208.87358691827117,2025-08-16 16:40:00,182.1553938865196,235.1463368704922
2025-08-16 18:45:00,209.90993578527105,2025-08-16 16:45:00,183.05917755231204,236.3130408247373
2025-08-16 18:50:00,211.14605516001401,2025-08-16 16:50:00,184.137177958774,237.70464302391431
2025-08-16 18:55:00,212.53069221881864,2025-08-16 16:55:00,185.34469831861307,239.2634439095449
2025-08-16 19:00:00,214.00506941160353,2025-08-16 17:00:00,186.63047964813137,240.92327271396152
2025-08-16 19:05:00,215.50481732867559,2025-08-16 17:05:00,187.93838639017264,242.61166344891183
2025-08-16 19:10:00,216.96212496625574,2025-08-16 17:10:00,189.2092816271138,244.25227563796975
2025-08-16 19:15:00,218.30802942484942,2025-08-16 17:15:00,190.38302389106354,245.76747202007525
2025-08-16 19:20:00,219.4747621238609,2025-08-16 17:20:00,191.40051326099461,247.08095987810165
2025-08-16 19:25:00,220.39806663383138,2025-08-16 17:25:00,192.20571270804908,248.1204004150256
2025-08-16 19:30:00,221.01940477020543,2025-08-16 17:30:00,192.74757199546687,248.81989233682359
2025-08-16 19:35:00,221.2879720310081,2025-08-16 17:35:00,192.9817853103159,249.12224079798065
2025-08-16 19:40:00,221.16245114646736,2025-08-16 17:40:00,192.87232050673856,248.980931517875
2025-08-16 19:45:00,220.61244259114213,2025-08-16 17:45:00,192.39266663324315,248.3617412270377
2025-08-16 19:50:00,219.61952339240693,2025-08-16 17:50:00,191.52675730305165,247.24392965576266
2025-08-16 19:55:00,218.17789964523837,2025-08-16 17:55:00,190.26953974205674,245.62097412417194
2025-08-16 20:00:00,216.29463338296574,2025-08-16 18:00:00,188.62717263926123,243.5008249494538
2025-08-16 20:05:00,213.98944020402396,2025-08-16 18:05:00,186.61684966022915,240.90567761749793
2025-08-16 20:10:00,211.29406973728317,2025-08-16 18:10:00,184.26625916057267,237.8712753212851
2025-08-16 20:15:00,208.25129590063804,2025-08-16 18:15:00,181.61270360623365,234.44577221115546
2025-08-16 20:20:00,204.91355766255813,2025-08-16 18:20:00,178.70191420285428,230.6882031872455
2025-08-16 20:25:00,201.34130277167299,2025-08-16 18:25:00,175.5866064882085,226.66661929838347
2025-08-16 20:30:00,197.60109665861444,2025-08-16 18:30:00,172.32483113502548,222.45595877589975
2025-08-16 20:35:00,193.76356580989386,2025-08-16 18:35:00,168.97818039945935,218.1357317188653
2025-08-16 20:40:00,189.9012491630642,2025-08-16 18:40:00,165.6099143563574,213.78760123125468
2025-08-16 20:45:00,186.0864326930668,2025-08-16 18:45:00,162.28307247582293,209.49294563603044
2025-08-16 20:50:00,182.38904080105905,2025-08-16 18:50:00,159.05863473633497,205.33048463649547
2025-08-16 20:55:00,178.87465418064977,2025-08-16 18:55:00,155.99379303684017,201.37404786376334
2025-08-16 21:00:00,175.60271700474323,2025-08-16 19:00:00,153.14038771239188,197.69055655815438
2025-08-16 21:05:00,172.62498771487802,2025-08-16 19:05:00,150.5435564917213,194.33827949414362
2025-08-16 21:10:00,169.98427697736878,2025-08-16 19:10:00,148.24063388849348,191.36541219281824
2025-08-16 21:15:00,167.7135046666905,2025-08-16 19:15:00,146.26032881124092,188.8090152897868
2025-08-16 21:20:00,165.83509508540038,2025-08-16 19:20:00,144.62219714410008,186.69433368403816
2025-08-16 21:25:00,164.36071674766447,2025-08-16 19:25:00,143.33641481608785,185.0345035906551
2025-08-16 21:30:00,163.29136052612913,2025-08-16 19:30:00,142.4038459517681,183.83064051723503
2025-08-16 21:35:00,162.61773809805047,2025-08-16 19:35:00,141.8163903498998,183.07228782777563
2025-08-16 21:40:00,162.320971979075,2025-08-16 19:40:00,141.55758525112347,182.73819357098645
2025-08-16 21:45:00,162.37353943756426,2025-08-16 19:45:00,141.60342851090562,182.79737312300503
2025-08-16 21:50:00,162.74042540250494,2025-08-16 19:50:00,141.92338403252623,183.21040711154257
2025-08-16 21:55:00,163.38043441081075,2025-08-16 19:55:00,142.4815258958365,183.9309183838755
2025-08-16 22:00:00,164.2476088047508,2025-08-16 20:00:00,143.237775145093,184.90716858942534
2025-08-16 22:05:00,165.29269979429648,2025-08-16 20:05:00,144.1491826794618,186.0837142767658
2025-08-16 22:10:00,166.46463947830358,2025-08-16 20:10:00,145.1712129797079,187.40306407007049
2025-08-16 22:15:00,167.7119655331198,2025-08-16 20:15:00,146.2589865568853,188.80728255935188
2025-08-16 22:20:00,168.98415542739852,2025-08-16 20:20:00,147.36844350024435,190.23949233683967
2025-08-16 22:25:00,170.23283382641844,2025-08-16 20:25:00,148.4573964356869,191.64523327225885
2025-08-16 22:30:00,171.41282447801842,2025-08-16 20:30:00,149.4864478590663,192.9736467081507
2025-08-16 22:35:00,172.4830264174024,2025-08-16 20:35:00,150.41975426071718,194.17846187636206
2025-08-16 22:40:00,173.40710291115676,2025-08-16 20:40:00,151.2256269427761,195.21877149951936
2025-08-16 22:45:00,174.15398016947475,2025-08-16 20:45:00,151.87696693832584,196.05959323278174
2025-08-16 22:50:00,174.69816083329354,2025-08-16 20:50:00,152.3515383986327,196.6722225823357
2025-08-16 22:55:00,175.01986446618898,2025-08-16 20:55:00,152.6320911139347,197.03439106878434
2025-08-16 23:00:00,175.10501324381062,2025-08-16 21:00:00,152.7063480334211,197.13025011655645
2025-08-16 23:05:00,174.9450857311565,2025-08-16 21:05:00,152.56687774667682,196.95020643884558
2025-08-16 23:10:00,174.53686479247128,2025-08-16 21:10:00,152.2108746398406,196.49063823885473
2025-08-16 23:15:00,173.8821071966209,2025-08-16 21:15:00,151.63987076361096,195.7535232571381
2025-08-16 23:20:00,172.9871625691837,2025-08-16 21:20:00,150.85940352731444,194.7460097943367
2025-08-16 23:25:00,171.86256776630535,2025-08-16 21:25:00,149.87866195867755,193.4799600641527
2025-08-16 23:30:00,170.5226400034468,2025-08-16 21:30:00,148.7101318777608,191.9714921446041
2025-08-16 23:35:00,168.98508812744703,2025-08-16 21:35:00,147.36925689339387,190.24054235471434
2025-08-16 23:40:00,167.2706566220461,2025-08-16 21:40:00,145.87412794595085,188.31046448197623
2025-08-16 23:45:00,165.40281165203788,2025-08-16 21:45:00,144.24520951135753,186.2076763361909
2025-08-16 23:50:00,163.4074728791542,2025-08-16 21:50:00,142.5051057219115,183.9613578323446
2025-08-16 23:55:00,161.3127892715711,2025-08-16 21:55:00,140.67836485325282,181.60319860075842
2025-08-17 00:00:00,159.1489521287794,2025-08-16 22:00:00,138.79131626627313,179.16718749366296
2025-08-17 00:05:00,156.94803401883644,2025-08-16 22:05:00,136.87192994680754,176.68943126349146
2025-08-17 00:10:00,154.74383895452394,2025-08-16 22:10:00,134.94968584660128,174.20798589374297
2025-08-17 00:15:00,152.57174661497822,2025-08-16 22:15:00,133.0554380314256,171.7626812263391
2025-08-17 00:20:00,150.46853238351179,2025-08-16 22:20:00,131.22125773887188,169.39491836325996
2025-08-17 00:25:00,148.47214499492873,2025-08-16 22:25:00,129.48023946804705,167.14741934566786
2025-08-17 00:30:00,146.62142505459417,2025-08-16 22:30:00,127.86625550444907,165.0639102674562
2025-08-17 00:35:00,144.95575038585088,2025-08-16 22:35:00,126.4136466329863,163.18872201339414
2025-08-17 00:40:00,143.51459782581853,2025-08-16 22:40:00,125.15683998693595,161.56629693627926
2025-08-17 00:45:00,142.33701576370095,2025-08-16 22:45:00,124.12988905683746,160.2405950495218
2025-08-17 00:50:00,141.46100707513108,2025-08-16 22:50:00,123.36593555716928,159.2543993451098
2025-08-17 00:55:00,140.92282777115912,2025-08-16 22:55:00,122.8965977890821,158.6485262245508
2025-08-17 01:00:00,140.75621251514497,2025-08-16 23:00:00,122.75129522577313,158.46095359894258
2025-08-17 01:05:00,140.99154386472577,2025-08-16 23:05:00,122.9565240213772,158.72588563568866
2025-08-17 01:10:00,141.65498721593343,2025-08-16 23:10:00,123.53510260923815,159.47277889327708
2025-08-17 01:15:00,142.76761785972957,2025-08-16 23:15:00,124.50541042154282,160.7253595763526
2025-08-17 01:20:00,144.3445700439694,2025-08-16 23:20:00,125.88064579954595,162.50066556412696
2025-08-17 01:25:00,146.39424012951844,2025-08-16 23:25:00,127.66813107846102,164.80814933706793
2025-08-17 01:30:00,148.91757688073776,2025-08-16 23:30:00,129.86869366087376,167.64887899798038
2025-08-17 01:35:00,151.90749150107087,2025-08-16 23:35:00,132.4761515179888,171.0148741000895
2025-08-17 01:40:00,155.34841795186685,2025-08-16 23:40:00,135.47692975054022,174.8886106614387
2025-08-17 01:45:00,159.21605100721865,2025-08-16 23:45:00,138.84983215050616,179.24272627147542
2025-08-17 01:50:00,163.47728456027608,2025-08-16 23:50:00,142.56598739900747,184.03995063734584
2025-08-17 01:55:00,168.0903672962917,2025-08-16 23:55:00,146.5889848263405,189.2332808379663
2025-08-17 02:00:00,173.00528592127728,2025-08-17 00:00:00,150.8752086197048,194.7664127563363
2025-08-17 02:05:00,178.16437879299076,2025-08-17 00:05:00,155.37437296120584,200.57443189488242
2025-08-17 02:10:00,183.50317520930574,2025-08-17 00:10:00,160.0302539581378,206.58475823205112
2025-08-17 02:15:00,188.95144754310226,2025-08-17 00:15:00,164.7816071933942,212.71833069790046
2025-08-17 02:20:00,194.43445590921831,2025-08-17 00:20:00,169.56325318008254,218.8910083990161
2025-08-17 02:25:00,199.87435782316345,2025-08-17 00:25:00,174.30730670287875,225.0151575883509
2025-08-17 02:30:00,205.19174896546028,2025-08-17 00:30:00,178.94452049455248,231.00138623155385
2025-08-17 02:35:00,210.30729583176156,2025-08-17 00:35:00,183.4057090446427,236.76038201674496
2025-08-17 02:40:00,215.14341695405395,2025-08-17 00:40:00,187.62321476621955,242.20480504479414
2025-08-17 02:45:00,219.62596670145442,2025-08-17 00:45:00,191.53237641226883,247.25118342366216
2025-08-17 02:50:00,223.6858744518354,2025-08-17 00:50:00,195.07295857167298,251.82175861997817
2025-08-17 02:55:00,227.26069236435973,2025-08-17 00:55:00,198.19050145747235,255.84622791507402
2025-08-17 03:00:00,230.2960068559652,2025-08-17 01:00:00,200.83755183346938,259.26333342123945
2025-08-17 03:05:00,232.7466724298765,2025-08-17 01:05:00,202.9747390168092,262.0222511049069
2025-08-17 03:10:00,234.5778311807897,2025-08-17 01:10:00,204.57166397253306,264.08373852827395
2025-08-17 03:15:00,235.76568745871862,2025-08-17 01:15:00,205.6075748858233,265.4210069527057
2025-08-17 03:20:00,236.29801405666063,2025-08-17 01:20:00,206.07180860036348,266.02029119621216
2025-08-17 03:25:00,236.17437423742547,2025-08-17 01:25:00,205.96398424446897,265.8810995874816
2025-08-17 03:30:00,235.40605205926371,2025-08-17 01:30:00,205.29394246915552,265.01613552765633
2025-08-17 03:35:00,234.01569205703254,2025-08-17 01:35:00,204.0814312197098,263.45089184950837
2025-08-17 03:40:00,232.03665779530706,2025-08-17 01:40:00,202.35554633987303,261.22292868742585
2025-08-17 03:45:00,229.51212691055147,2025-08-17 01:45:00,200.15394237224797,258.3808546912581
2025-08-17 03:50:00,226.49394785084573,2025-08-17 01:50:00,197.52183553886525,254.98303996331586
2025-08-17 03:55:00,223.04129029282458,2025-08-17 01:55:00,194.51082679086736,251.09609672068092
2025-08-17 04:00:00,219.2191269130712,2025-08-17 02:00:00,191.17757778504628,246.79317009922534
2025-08-17 04:05:00,215.09658884160515,2025-08-17 02:05:00,187.58237670050752,242.1520867510771
2025-08-17 04:10:00,210.74524034528224,2025-08-17 02:10:00,183.78763361700143,237.25341251249267
2025-08-17 04:15:00,206.237320303652,2025-08-17 02:15:00,179.85634693347555,232.17847268724233
2025-08-17 04:20:00,201.64399852729295,2025-08-17 02:20:00,175.85058273051962,227.00738903940453
2025-08-17 04:25:00,197.03369417658024,2025-08-17 02:25:00,171.8300082896287,221.81718669777302
2025-08-17 04:30:00,192.47050130997508,2025-08-17 02:30:00,167.85051903844894,216.6800216648595
2025-08-17 04:35:00,188.01276330944478,2025-08-17 02:35:00,163.96299532944488,211.6615759292422
2025-08-17 04:40:00,183.71183324208818,2025-08-17 02:40:00,160.21222137062804,206.8196619017362
2025-08-17 04:45:00,179.61105186477928,2025-08-17 02:45:00,156.6359939593638,202.20307187037804
2025-08-17 04:50:00,175.74496871777535,2025-08-17 02:50:00,153.2644432102684,197.85070112083739
2025-08-17 04:55:00,172.1388246628202,2025-08-17 02:55:00,150.1195812847684,193.7909653866021
2025-08-17 05:00:00,168.80830720653907,2025-08-17 03:00:00,147.2150890124535,190.04152539621128
2025-08-17 05:05:00,165.7595822140781,2025-08-17 03:05:00,144.55634354804636,186.6093225759321
2025-08-17 05:10:00,162.9895982022092,2025-08-17 03:10:00,142.14068374066835,183.4909216177695
2025-08-17 05:15:00,160.48665202971927,2025-08-17 03:15:00,139.9579034635955,180.67314732409912
2025-08-17 05:20:00,158.23119783217038,2025-08-17 03:20:00,137.9909570736325,178.13399529268253
2025-08-17 05:25:00,156.19687458496605,2025-08-17 03:25:00,136.2168555328187,175.843788729716
2025-08-17 05:30:00,154.35172190713524,2025-08-17 03:30:00,134.60772669192534,173.76654718108276
2025-08-17 05:35:00,152.6595488036998,2025-08-17 03:35:00,133.132008949303,171.86152743926488
2025-08-17 05:40:00,151.08141592829955,2025-08-17 03:40:00,131.75574390897373,170.0848922494337
2025-08-17 05:45:00,149.5771889970299,2025-08-17 03:45:00,130.4439310885842,168.39145911636646
2025-08-17 05:50:00,148.10711904505808,2025-08-17 03:50:00,129.1619060365275,166.73647933050768
2025-08-17 05:55:00,146.63340430107496,2025-08-17 03:55:00,127.87670241826602,165.07739629970177
2025-08-17 06:00:00,145.12168892919448,2025-08-17 04:00:00,126.55835904574117,163.3755328073704
2025-08-17 06:05:00,143.54245520667087,2025-08-17 04:05:00,125.18113397382376,161.59765830254332
2025-08-17 06:10:00,141.87226835774928,2025-08-17 04:10:00,123.72459010047879,159.71739031266648
2025-08-17 06:15:00,140.09483687805252,2025-08-17 04:15:00,122.17451985910765,157.71638813878926
2025-08-17 06:20:00,138.20185583551864,2025-08-17 04:20:00,120.52368064812883,155.58530222943827
2025-08-17 06:25:00,136.1936060993476,2025-08-17 04:25:00,118.77231740918626,153.32444878238883
2025-08-17 06:30:00,134.0792888420579,2025-08-17 04:30:00,116.92845434117008,150.9441863213996
2025-08-17 06:35:00,131.87708155042858,2025-08-17 04:35:00,115.00794374648457,148.46497875237964
2025-08-17 06:40:00,129.61390926842404,2025-08-17 04:40:00,113.0342665355747,145.91713783255844
2025-08-17 06:45:00,127.32493254636655,2025-08-17 04:45:00,111.03808567539443,143.34024671236023
2025-08-17 06:50:00,125.05276151360994,2025-08-17 04:50:00,109.05656079445642,140.78227515176735
2025-08-17 06:55:00,122.84641326941198,2025-08-17 04:55:00,107.1324389396909,138.29840576867107
2025-08-17 07:00:00,120.76003748359499,2025-08-17 05:00:00,105.3129431926796,135.94959934173818
2025-08-17 07:05:00,118.85144207090279,2025-08-17 05:05:00,103.64848693328197,133.80093503964048
2025-08-17 07:10:00,117.18045732106285,2025-08-17 05:10:00,102.19124722300418,131.91976878646042
2025-08-17 07:15:00,115.80718237892744,2025-08-17 05:15:00,100.993635587709,130.3737591788142
2025-08-17 07:20:00,114.79016241059665,2025-08-17 05:20:00,100.10670835265252,129.22881537042974
2025-08-17 07:25:00,114.18454808073378,2025-08-17 05:25:00,99.57856155138819,128.547025042966
2025-08-17 07:30:00,114.04029076279993,2025-08-17 05:30:00,99.45275699679156,128.38462260434565
2025-08-17 07:35:00,114.40042734877231,2025-08-17 05:35:00,99.76682649039591,128.7900582566648
2025-08-17 07:40:00,115.29950723514818,2025-08-17 05:40:00,100.55090002144667,129.80222712375067
2025-08-17 07:45:00,116.76221144998114,2025-08-17 05:45:00,101.82650152915008,131.44891468783018
2025-08-17 07:50:00,118.80220936235327,2025-08-17 05:50:00,103.60555185685486,133.74550969247025
2025-08-17 07:55:00,121.42129279373195,2025-08-17 05:55:00,105.88961362408594,136.69402933984853
2025-08-17 08:00:00,124.60881997212641,2025-08-17 06:00:00,108.66940630764636,140.28249330378608
2025-08-17 08:05:00,128.3414935005536,2025-08-17 06:05:00,111.92461261138301,144.48467377041706
2025-08-17 08:10:00,132.58348700180073,2025-08-17 06:10:00,115.62398891110668,149.2602380127116
2025-08-17 08:15:00,137.28692508627566,2025-08-17 06:15:00,119.72578382706043,154.55528873013048
2025-08-17 08:20:00,142.3927106050158,2025-08-17 06:20:00,124.17845965835215,160.30329535601336
2025-08-17 08:25:00,147.83168260373537,2025-08-17 06:25:00,128.92170221659947,166.4263976625799
2025-08-17 08:30:00,153.52607778808834,2025-08-17 06:30:00,133.8876953469668,172.83705105370257
2025-08-17 08:35:00,159.39125860106856,2025-08-17 06:35:00,139.0026279574845,179.4399720050962
2025-08-17 08:40:00,165.33766190569125,2025-08-17 06:40:00,144.18839343478956,186.13433185818636
2025-08-17 08:45:00,171.27291468675034,2025-08-17 06:45:00,149.3644347145944,192.816138641217
2025-08-17 08:50:00,177.10405688457848,2025-08-17 06:50:00,154.4496827803027,199.38073949774733
2025-08-17 08:55:00,182.73980716619005,2025-08-17 06:55:00,159.36453260664624,205.72537145332504
2025-08-17 09:00:00,188.09280505404251,2025-08-17 07:00:00,164.0327984851702,211.75168556596827
2025-08-17 09:05:00,193.08176242576036,2025-08-17 07:05:00,168.38359031354966,217.3681690480158
2025-08-17 09:10:00,197.63345954227484,2025-08-17 07:10:00,172.35305430056516,222.49239236070855
2025-08-17 09:15:00,201.68452464434006,2025-08-17 07:15:00,175.88592492443854,227.05301265372464
2025-08-17 09:20:00,205.1829424180939,2025-08-17 07:20:00,178.936840442096,230.9914719700896
2025-08-17 09:25:00,208.08924481664192,2025-08-17 07:25:00,181.47138138607855,234.26333785289222
2025-08-17 09:30:00,210.3773474067903,2025-08-17 07:30:00,183.46679992946923,236.83924489023246
2025-08-17 09:35:00,212.03500562343248,2025-08-17 07:35:00,184.91241777822017,238.70540835866183
2025-08-17 09:40:00,213.06387750257966,2025-08-17 07:40:00,185.80968087964882,239.8636948469634
2025-08-17 09:45:00,213.47919222645254,2025-08-17 07:45:00,186.1718703657878,240.33124910984537
2025-08-17 09:50:00,213.30903673294256,2025-08-17 07:50:00,186.02348041663453,240.1396909449879
2025-08-17 09:55:00,212.5932852735633,2025-08-17 07:55:00,185.3992847443541,239.333910107564
2025-08-17 10:00:00,211.3822086240971,2025-08-17 08:00:00,184.34312370759935,237.97050058320514
2025-08-17 10:05:00,209.7348103778613,2025-08-17 08:05:00,182.90645341884493,236.1158876152151
2025-08-17 10:10:00,207.7169466852578,2025-08-17 08:10:00,181.1467059986059,233.844210939287
2025-08-17 10:15:00,205.39929300317937,2025-08-17 08:15:00,179.12551640934143,231.23503578451553
2025-08-17 10:20:00,202.85522622647267,2025-08-17 08:20:00,176.90687549537108,228.3709686129656
2025-08-17 10:25:00,200.15869296354973,2025-08-17 08:25:00,174.55527093931957,225.3352572605586
2025-08-17 10:30:00,197.38213470014713,2025-08-17 08:30:00,172.13387782982664,222.2094551216693
2025-08-17 10:35:00,194.59453781502899,2025-08-17 08:35:00,169.70285811068803,219.07122588992056
2025-08-17 10:40:00,191.85967131575168,2025-08-17 08:40:00,167.317823737731,215.99235963103587
2025-08-17 10:45:00,189.2345676883191,2025-08-17 08:45:00,165.02851185151815,213.03706254918058
2025-08-17 10:50:00,186.76829283604155,2025-08-17 08:50:00,162.87771206023186,210.26057220501946
2025-08-17 10:55:00,184.50103982868194,2025-08-17 08:55:00,160.90047611245458,207.70813727389614
2025-08-17 11:00:00,182.46356891853824,2025-08-17 09:00:00,159.12362954393768,205.41438712544897
2025-08-17 11:05:00,180.67700299675084,2025-08-17 09:05:00,157.56559329824063,203.40310155179554
2025-08-17 11:10:00,179.1529743141474,2025-08-17 09:10:00,156.2365116796892,201.68737594336815
2025-08-17 11:15:00,177.89410503219298,2025-08-17 09:15:00,155.13867143435567,200.27016228501222
2025-08-17 11:20:00,176.8947917955711,2025-08-17 09:20:00,154.267185963557,199.14515241447376
2025-08-17 11:25:00,176.1422533843703,2025-08-17 09:25:00,153.61090896496907,198.29795745143878
2025-08-17 11:30:00,175.61779100257257,2025-08-17 09:30:00,153.15353351053977,197.70752660891026
2025-08-17 11:35:00,175.29820344439082,2025-08-17 09:35:00,152.87482619095604,197.34774036343714
2025-08-17 11:40:00,175.1572943611155,2025-08-17 09:40:00,152.7519415795272,197.1891073105326
2025-08-17 11:45:00,175.1674063980821,2025-08-17 09:45:00,152.76076012908064,197.20049127001775
2025-08-17 11:50:00,175.30091728965644,2025-08-17 09:50:00,152.87719289303934,197.35079556434818
2025-08-17 11:55:00,175.53163576287685,2025-08-17 09:55:00,153.07839887119303,197.6105345032278
2025-08-17 12:00:00,175.8360406601534,2025-08-17 10:00:00,153.34386562925704,197.95322836689965
2025-08-17 12:05:00,176.19431426077745,2025-08-17 10:05:00,153.65631044242699,198.35656670195257
2025-08-17 12:10:00,176.59113057063632,2025-08-17 10:10:00,154.00236775053088,198.80329576449455
2025-08-17 12:15:00,177.0161705572367,2025-08-17 10:15:00,154.37303848644834,199.28179856299187
2025-08-17 12:20:00,177.46434864039458,2025-08-17 10:20:00,154.763887595105,199.7863498376413
2025-08-17 12:25:00,177.93574767165708,2025-08-17 10:25:00,155.17498733004155,200.31704286130756
2025-08-17 12:30:00,178.4352725966201,2025-08-17 10:30:00,155.61061521772834,200.87939953844224
2025-08-17 12:35:00,178.97204534123472,2025-08-17 10:35:00,156.07872634736142,201.4836891783642
2025-08-17 12:40:00,179.5585748821241,2025-08-17 10:40:00,156.5902296021439,202.1439941745169
2025-08-17 12:45:00,180.20974625265745,2025-08-17 10:45:00,157.15810598726836,202.87707184467615
2025-08-17 12:50:00,180.94168003210115,2025-08-17 10:50:00,157.79641400821302,203.70107046320567
2025-08-17 12:55:00,181.770519559061,2025-08-17 10:55:00,158.51923201852065,204.63416392654693
2025-08-17 13:00:00,182.71120592864398,2025-08-17 11:00:00,159.33958991395008,205.69317266582803
2025-08-17 13:05:00,183.77630135157986,2025-08-17 11:05:00,160.26844300233762,206.89223900454562
2025-08-17 13:10:00,184.97491897798997,2025-08-17 11:10:00,161.31373871961512,208.2416223723384
2025-08-17 13:15:00,186.31181239487012,2025-08-17 11:15:00,162.47962259478112,209.7466742767166
2025-08-17 13:20:00,187.78667065397258,2025-08-17 11:20:00,163.7658234547238,211.40704465742363
2025-08-17 13:25:00,189.3936553093128,2025-08-17 11:25:00,165.16724968185912,213.21616069112397
2025-08-17 13:30:00,191.1212048456394,2025-08-17 11:30:00,166.67381865925296,215.16100662029578
2025-08-17 13:35:00,192.9521196901385,2025-08-17 11:35:00,168.27053090800132,217.2222194579641
2025-08-17 13:40:00,194.863928068898,2025-08-17 11:40:00,169.93778914494035,219.37450086269487
2025-08-17 13:45:00,196.82952003091572,2025-08-17 11:45:00,171.65195120508446,221.5873309120558
2025-08-17 13:50:00,198.81802445322725,2025-08-17 11:50:00,173.38609486410525,223.82595542009514
2025-08-17 13:55:00,200.79589248521063,2025-08-17 11:55:00,175.11096269319296,226.05260566053997
2025-08-17 14:00:00,202.72814093320926,2025-08-17 12:00:00,176.79604639537274,228.22789814808823
2025-08-17 14:05:00,204.57970126830455,2025-08-17 12:05:00,178.41076325411996,230.31235332844915
2025-08-17 14:10:00,206.31681443434897,2025-08-17 12:10:00,179.92567252366823,232.267965829539
2025-08-17 14:15:00,207.90840876820982,2025-08-17 12:15:00,181.3136770917394,234.05975570069035
2025-08-17 14:20:00,209.32739822160258,2025-08-17 12:20:00,182.55115563853485,235.65722992874453
2025-08-17 14:25:00,210.55184082376553,2025-08-17 12:25:00,183.61897291394604,237.03568661565654
2025-08-17 14:30:00,211.5659026776924,2025-08-17 12:30:00,184.50332042361762,238.17730022908248
2025-08-17 14:35:00,212.36058075232847,2025-08-17 12:35:00,185.19634676473635,239.07193530955863
2025-08-17 14:40:00,212.9341477570499,2025-08-17 12:40:00,185.6965455941184,239.71764730263507
2025-08-17 14:45:00,213.2922942276996,2025-08-17 12:45:00,186.00887953922265,240.12084251692193
2025-08-17 14:50:00,213.4479560053917,2025-08-17 12:50:00,186.14462974510997,240.29608390265713
2025-08-17 14:55:00,213.42082902148812,2025-08-17 12:55:00,186.12097272599704,240.2655448048737
2025-08-17 15:00:00,213.2365871361394,2025-08-17 13:00:00,185.96029825446024,240.05812841931217
2025-08-17 15:05:00,212.92583209292843,2025-08-17 13:05:00,185.68929363327533,239.70828566919133
2025-08-17 15:10:00,212.52281682122637,2025-08-17 13:10:00,185.33783030733602,239.25457792068272
2025-08-17 15:15:00,212.0639938899818,2025-08-17 13:15:00,184.93769799286713,238.7380428568378
2025-08-17 15:20:00,211.58644935237143,2025-08-17 13:20:00,184.521238857798,238.2004313264937
2025-08-17 15:25:00,211.126288069353,2025-08-17 13:25:00,184.11993938764363,237.68238956895092
2025-08-17 15:30:00,210.7170397933261,2025-08-17 13:30:00,183.76304035595214,237.221664810028
2025-08-17 15:35:00,210.38815533167042,2025-08-17 13:35:00,183.47622535200676,236.85141226851246
2025-08-17 15:40:00,210.1636593314537,2025-08-17 13:40:00,183.28044589540448,236.59867848406464
2025-08-17 15:45:00,210.06102042042662,2025-08-17 13:45:00,183.19093610365886,236.48312934113812
2025-08-17 15:50:00,210.09029094193716,2025-08-17 13:50:00,183.2164624684505,236.51608159715596
2025-08-17 15:55:00,210.25355776499185,2025-08-17 13:55:00,183.35884491565656,236.69988461380458
2025-08-17 16:00:00,210.54473286627584,2025-08-17 14:00:00,183.61277417519995,237.02768459782848
2025-08-17 16:05:00,210.94969820156484,2025-08-17 14:05:00,183.96593812114597,237.4835876948055
2025-08-17 16:10:00,211.44680458852295,2025-08-17 14:10:00,184.39945683960073,238.0432216229281
2025-08-17 16:15:00,212.00770903915526,2025-08-17 14:15:00,184.88861285326945,238.67467832765806
2025-08-17 16:20:00,212.59852050540093,2025-08-17 14:20:00,185.40385030829896,239.3398038426573
2025-08-17 16:25:00,213.18121034069907,2025-08-17 14:25:00,185.91200501578686,239.99578616346477
2025-08-17 16:30:00,213.71523202262384,2025-08-17 14:30:00,186.37771698660205,240.59697870373154
2025-08-17 16:35:00,214.1592849598021,2025-08-17 14:35:00,186.76496861985822,241.09688595909415
2025-08-17 16:40:00,214.47315022440335,2025-08-17 14:40:00,187.03868561655588,241.45023014363554
2025-08-17 16:45:00,214.61952199635138,2025-08-17 14:45:00,187.1663341534841,241.61501299867544
2025-08-17 16:50:00,214.56575752687777,2025-08-17 14:50:00,187.1194469991121,241.5544858720194
2025-08-17 16:55:00,214.28547082953122,2025-08-17 14:55:00,186.87501334663554,241.23894386823144
2025-08-17 17:00:00,213.75990065065974,2025-08-17 15:00:00,186.41667179967487,240.64726588657092
2025-08-17 17:05:00,212.97899175631235,2025-08-17 15:05:00,185.7356533456997,239.76813191542297
2025-08-17 17:10:00,211.94213952859536,2025-08-17 15:10:00,184.8314307068851,238.60086128623107
2025-08-17 17:15:00,210.65856111996004,2025-08-17 15:15:00,183.71204201797116,237.15583051269076
2025-08-17 17:20:00,209.1472712144291,2025-08-17 15:20:00,182.3940696880067,235.45444600315003
2025-08-17 17:25:00,207.4366563903249,2025-08-17 15:25:00,180.90226920873047,233.52866488539743
2025-08-17 17:30:00,205.56365834475793,2025-08-17 15:30:00,179.26885685740032,231.42007549466226
2025-08-17 17:35:00,203.5725923024225,2025-08-17 15:35:00,177.53247924955278,229.17856715830376
2025-08-17 17:40:00,201.51364197589308,2025-08-17 15:40:00,175.73690081737652,226.86063584767263
2025-08-17 17:45:00,199.44108600953714,2025-08-17 15:45:00,173.9294571191403,224.5273875387882
2025-08-17 17:50:00,197.41132228802383,2025-08-17 15:50:00,172.15933186949113,222.2423140124106
2025-08-17 17:55:00,195.48076519784252,2025-08-17 15:55:00,170.47572317405567,220.0689256267689
2025-08-17 18:00:00,193.7036969100093,2025-08-17 16:00:00,168.92596966663803,218.0683323281236
2025-08-17 18:05:00,192.13015628417844,2025-08-17 16:05:00,167.55370945545673,216.29686701486784
2025-08-17 18:10:00,190.8039483484609,2025-08-17 16:10:00,166.39714422157397,214.80384464371193
2025-08-17 18:15:00,189.76085324961957,2025-08-17 16:15:00,165.48747727232546,213.62954589623038
2025-08-17 18:20:00,189.02710641926805,2025-08-17 16:20:00,164.8475881179923,212.80350617577975
2025-08-17 18:25:00,188.61821161970093,2025-08-17 16:25:00,164.49099734760233,212.34317935465216
2025-08-17 18:30:00,188.53813601559023,2025-08-17 16:30:00,164.42116466352442,212.2530315994614
2025-08-17 18:35:00,188.77892190835755,2025-08-17 16:35:00,164.6311502810765,212.52410426829283
2025-08-17 18:40:00,189.32073384438715,2025-08-17 16:40:00,165.10365601086275,213.13406694432962
2025-08-17 18:45:00,190.13234321040534,2025-08-17 16:45:00,165.8114478668377,214.04776298510106
2025-08-17 18:50:00,191.17203558768165,2025-08-17 16:50:00,166.71814735573804,215.21823100643283
2025-08-17 18:55:00,192.3889100817669,2025-08-17 16:55:00,167.77936460225996,216.58816764579953
2025-08-17 19:00:00,193.72452476127242,2025-08-17 17:00:00,168.9441333105272,218.09177996935802
2025-08-17 19:05:00,195.1148292858574,2025-08-17 17:05:00,170.1565961787839,219.65696119171406
2025-08-17 19:10:00,196.49231490699532,2025-08-17 17:10:00,171.35787988149337,221.20771111027173
2025-08-17 19:15:00,197.78830394447402,2025-08-17 17:15:00,172.48809168604728,222.6667135589953
2025-08-17 19:20:00,198.93529576314214,2025-08-17 17:20:00,173.48836534245677,223.9579774691888
2025-08-17 19:25:00,199.8692844010153,2025-08-17 17:25:00,174.30288225063765,225.009446015858
2025-08-17 19:30:00,200.53196444846984,2025-08-17 17:30:00,174.88079517321341,225.75547995904427
2025-08-17 19:35:00,200.87274630555285,2025-08-17 17:35:00,175.17798570994998,226.13912638627946
2025-08-17 19:40:00,200.85050954126703,2025-08-17 17:40:00,175.15859337501186,226.11409261469151
2025-08-17 19:45:00,200.43503324194089,2025-08-17 17:45:00,174.79626298144285,225.64635645290826
2025-08-17 19:50:00,199.60805465359275,2025-08-17 17:50:00,174.07506786664257,224.71535800265193
2025-08-17 19:55:00,198.36392156444302,2025-08-17 17:55:00,172.99007882496926,223.31473409989204
2025-08-17 20:00:00,196.70981903031318,2025-08-17 18:00:00,171.5475618314204,221.45257355844922
2025-08-17 20:05:00,194.66556688332926,2025-08-17 18:05:00,169.76480145213452,219.1511892087325
2025-08-17 20:10:00,192.26300008302812,2025-08-17 18:10:00,167.66956045826595,216.44642030753803
2025-08-17 20:15:00,189.54495888564287,2025-08-17 18:15:00,165.29919916838574,213.38649568778078
2025-08-17 20:20:00,186.56392951668226,2025-08-17 18:20:00,162.6994900002621,210.03050345076937
2025-08-17 20:25:00,183.38038782474752,2025-08-17 18:25:00,159.9231729972155,206.446526279803
2025-08-17 20:30:00,180.06090813106812,2025-08-17 18:30:00,157.02830658532653,202.70951241509584
2025-08-17 20:35:00,176.67610653558341,2025-08-17 18:35:00,154.07647396278202,198.8989602626925
2025-08-17 20:40:00,173.2984923108979,2025-08-17 18:40:00,151.1309093340909,195.09649953027238
2025-08-17 20:45:00,170.00030242084352,2025-08-17 18:45:00,148.2546094275332,191.38345336492338
2025-08-17 20:50:00,166.85139295040221,2025-08-17 18:50:00,145.508494644118,187.8384645607583
2025-08-17 20:55:00,163.91725692888448,2025-08-17 18:55:00,142.94968043212614,184.53526405791243
2025-08-17 21:00:00,161.25723156074466,2025-08-17 19:00:00,140.62991384109597,181.54065267344183
2025-08-17 21:05:00,158.92294903176912,2025-08-17 19:05:00,138.59422249408837,178.91275704523989
2025-08-17 21:10:00,156.9570745016789,2025-08-17 19:10:00,136.87981401074015,176.69960888554178
2025-08-17 21:15:00,155.39236316111015,2025-08-17 19:15:00,135.51525368137916,174.93808343168712
2025-08-17 21:20:00,154.25105548763474,2025-08-17 19:20:00,134.51993707924237,173.6532186356182
2025-08-17 21:25:00,153.5446171330745,2025-08-17 19:25:00,133.90386322026364,172.85792233343588
2025-08-17 21:30:00,153.27381715228879,2025-08-17 19:30:00,133.66770278517816,172.55306031404
2025-08-17 21:35:00,153.42912654731845,2025-08-17 19:35:00,133.80314568364753,172.72790499335835
2025-08-17 21:40:00,153.99140842532773,2025-08-17 19:40:00,134.29350293022515,173.36091238243662
2025-08-17 21:45:00,154.93286204444343,2025-08-17 19:45:00,135.11452993199254,174.42078487821152
2025-08-17 21:50:00,156.21817585026417,2025-08-17 19:50:00,136.23543203369613,175.8677693324311
2025-08-17 21:55:00,157.80583958827273,2025-08-17 19:55:00,137.62000879049523,177.6551342055249
2025-08-17 22:00:00,159.6495626672944,2025-08-17 20:00:00,139.22789090058828,179.7307663360976
2025-08-17 22:05:00,161.69974538329274,2025-08-17 20:05:00,141.01582323651422,182.03882721969242
2025-08-17 22:10:00,163.90495114998646,2025-08-17 20:10:00,142.93894875448646,184.521410421017
2025-08-17 22:15:00,166.21333138166088,2025-08-17 20:15:00,144.9520511124454,187.12014568281384
2025-08-17 22:20:00,168.57395991616582,2025-08-17 20:20:00,147.01071839951962,189.77770119660886
2025-08-17 22:25:00,170.9380406510129,2025-08-17 20:25:00,149.07239629661106,192.43914313892066
2025-08-17 22:30:00,173.2599596585278,2025-08-17 20:30:00,151.09730560959167,195.05312012463085
2025-08-17 22:35:00,175.49816164893855,2025-08-17 20:35:00,153.04920661907826,197.57284991424405
2025-08-17 22:40:00,177.61583916519268,2025-08-17 20:40:00,154.89600011647167,199.95689529770848
2025-08-17 22:45:00,179.58143156156132,2025-08-17 20:45:00,156.61016255540645,202.16972583605428
2025-08-17 22:50:00,181.36893878715026,2025-08-17 20:50:00,158.16901969745166,204.1820711135414
2025-08-17 22:55:00,182.95806214810042,2025-08-17 20:55:00,159.5548693686282,205.97107920535421
2025-08-17 23:00:00,184.33419031566896,2025-08-17 21:00:00,160.75496925727455,207.520300925737
2025-08-17 23:05:00,185.48825340946559,2025-08-17 21:05:00,161.76140966231569,208.81952555737934
2025-08-17 23:10:00,186.41647122330798,2025-08-17 21:10:00,162.57089392496258,209.86449740836008
2025-08-17 23:15:00,187.12002317662746,2025-08-17 21:15:00,163.18445059848628,210.65654424904506
2025-08-17 23:20:00,187.60466759496268,2025-08-17 21:20:00,163.60710142868098,211.20214870453253
2025-08-17 23:25:00,187.88033643990963,2025-08-17 21:25:00,163.84750792418106,211.5124920085136
2025-08-17 23:30:00,187.96072880528675,2025-08-17 21:30:00,163.91761685081366,211.60299636815856
2025-08-17 23:35:00,187.86292254178431,2025-08-17 21:35:00,163.83232153551933,211.49288773774285
2025-08-17 23:40:00,187.60701865369623,2025-08-17 21:40:00,163.60915175029407,211.20479548652693
2025-08-17 23:45:00,187.21582772803893,2025-08-17 21:45:00,163.26800025192,210.76439938598367
2025-08-17 23:50:00,186.71460213546445,2025-08-17 21:50:00,162.83088923856275,210.20012812613427
2025-08-17 23:55:00,186.13081225906794,2025-08-17 21:55:00,162.32177520240853,209.54290739774018
2025-08-18 00:00:00,185.4939599088664,2025-08-17 22:00:00,161.76638621134424,208.82594983749178
2025-08-18 00:05:00,184.8354176969815,2025-08-17 22:05:00,161.19208183056233,208.0845741993173
2025-08-18 00:10:00,184.18827961721524,2025-08-17 22:10:00,160.62772281534174,207.3560371394066
2025-08-18 00:15:00,183.5872057191853,2025-08-17 22:15:00,160.1035356537865,206.67935835299062
2025-08-18 00:20:00,183.0682425708013,2025-08-17 22:20:00,159.65095599495453,206.09511845404626
2025-08-18 00:25:00,182.66860134944247,2025-08-17 22:25:00,159.30243512563854,205.64520915411285
2025-08-18 00:30:00,182.42637682032932,2025-08-17 22:30:00,159.09119489579155,205.37251689291554
2025-08-18 00:35:00,182.3801931355427,2025-08-17 22:35:00,159.0509188253819,205.3205240849163
2025-08-18 00:40:00,182.56876607768004,2025-08-17 22:40:00,159.21537034392074,205.53281630065652
2025-08-18 00:45:00,183.0303760865512,2025-08-17 22:45:00,159.6179332252715,206.05248900916072
2025-08-18 00:50:00,183.80225165782792,2025-08-17 22:50:00,160.2910738592393,206.92145341860788
2025-08-18 00:55:00,184.9198684460176,2025-08-17 22:55:00,161.26573001021802,208.17964741836235
2025-08-18 01:00:00,186.41617529564041,2025-08-17 23:00:00,162.57063585106417,209.86416425801767
2025-08-18 01:05:00,188.3207639404968,2025-08-17 23:05:00,164.23159787079217,212.0083178089324
2025-08-18 01:10:00,190.6590044416857,2025-08-17 23:10:00,166.27074090356894,214.64066925503428
2025-08-18 01:15:00,193.45117273274084,2025-08-17 23:15:00,168.70574727444918,217.78404489795108
2025-08-18 01:20:00,196.71160018257729,2025-08-17 23:20:00,171.54911514649976,221.454578749419
2025-08-18 01:25:00,200.44787722525842,2025-08-17 23:25:00,174.8074640187535,225.6608159911989
2025-08-18 01:30:00,204.66014417602867,2025-08-17 23:30:00,178.48091625794422,230.40291458781
2025-08-18 01:35:00,209.34050173226728,2025-08-17 23:35:00,182.5625830055928,235.67198163851506
2025-08-18 01:40:00,214.4725718304875,2025-08-17 23:40:00,187.03818120825267,241.44957899758788
2025-08-18 01:45:00,220.03123615733705,2025-08-17 23:45:00,191.88580557703614,247.70742889443864
2025-08-18 01:50:00,225.98257500278643,2025-08-17 23:50:00,197.0758752624347,254.40734509557163
2025-08-18 01:55:00,232.28402340655418,2025-08-17 23:55:00,202.57127002717834,261.50140869157906
2025-08-18 02:00:00,238.8847548838595,2025-08-18 00:00:00,208.32766488747325,268.93240008907645
2025-08-18 02:05:00,245.7262955855087,2025-08-18 00:05:00,214.29406571242384,276.6344904216979
2025-08-18 02:10:00,252.74336405677138,2025-08-18 00:10:00,220.41354156463714,284.5341869363773
2025-08-18 02:15:00,259.86492390646947,2025-08-18 00:15:00,226.62414271649922,292.55151807033116
2025-08-18 02:20:00,267.01542894107587,2025-08-18 00:20:00,232.85998651218182,300.60143520188126
2025-08-18 02:25:00,274.1162333193055,2025-08-18 00:25:00,239.0524871414435,308.5954001785443
2025-08-18 02:30:00,281.08713285571923,2025-08-18 00:30:00,245.13169978643748,316.4431204904538
2025-08-18 02:35:00,287.8479980996155,2025-08-18 00:35:00,251.02774480431464,324.0543877628413
2025-08-18 02:40:00,294.32045609921454,2025-08-18 00:40:00,256.6722743675104,331.3409710575944
2025-08-18 02:45:00,300.42957465246616,2025-08-18 00:45:00,261.99994127257685,338.218512974212
2025-08-18 02:50:00,306.10550200027274,2025-08-18 00:50:00,266.94982889104114,344.6083755885884
2025-08-18 02:55:00,311.2850150292379,2025-08-18 00:55:00,271.46680133284957,350.4393833933747
2025-08-18 03:00:00,315.9129312656305,2025-08-18 01:00:00,275.5027348242573,355.64941289680354
2025-08-18 03:05:00,319.9433431535819,2025-08-18 01:05:00,279.0175941025727,360.186782152122
2025-08-18 03:10:00,323.3406380419783,2025-08-18 01:10:00,281.9803219308004,364.01139904151285
2025-08-18 03:15:00,326.0802732881861,2025-08-18 01:15:00,284.3695150534983,367.0956338747047
2025-08-18 03:20:00,328.1492829244694,2025-08-18 01:20:00,286.17386605264903,369.4248897854203
2025-08-18 03:25:00,329.54650012008153,2025-08-18 01:25:00,287.39235735337695,370.9978531754214
2025-08-18 03:30:00,330.28248795294166,2025-08-18 01:30:00,288.03420085100777,371.82641577843754
2025-08-18 03:35:00,330.37917954333653,2025-08-18 01:35:00,288.11852407728907,371.93526952879915
2025-08-18 03:40:00,329.86923701775385,2025-08-18 01:40:00,287.67381116275794,371.36118489380806
2025-08-18 03:45:00,328.7951469871408,2025-08-18 01:45:00,286.7371140174532,370.15199257852214
2025-08-18 03:50:00,327.2080777060895,2025-08-18 01:50:00,285.35305567728494,368.3652969349752
2025-08-18 03:55:00,325.16652989634315,2025-08-18 01:55:00,283.5726537082795,366.066957082193
2025-08-18 04:00:00,322.7348189181098,2025-08-18 02:00:00,281.4519965318813,363.3293781604355
2025-08-18 04:05:00,319.9814306309439,2025-08-18 02:05:00,279.0508095968981,360.2296603872998
2025-08-18 04:10:00,316.97729643732816,2025-08-18 02:10:00,276.43095107194176,356.8476571310789
2025-08-18 04:15:00,313.7940351699679,2025-08-18 02:15:00,273.65487862278815,353.26399565733607
2025-08-18 04:20:00,310.50220974625597,2025-08-18 02:20:00,270.7841290679556,349.5581145001082
2025-08-18 04:25:00,307.1696459671275,2025-08-18 02:25:00,267.8778522294359,345.80637079420836
2025-08-18 04:30:00,303.859858418831,2025-08-18 02:30:00,264.99143818620627,342.0802681821724
2025-08-18 04:35:00,300.6306252225238,2025-08-18 02:35:00,262.1752743356045,338.4448522915584
2025-08-18 04:40:00,297.53274873926193,2025-08-18 02:40:00,259.4736646235007,334.9573155576711
2025-08-18 04:45:00,294.60903389432656,2025-08-18 02:45:00,256.9239385568945,331.6658470384397
2025-08-18 04:50:00,291.8935095742287,2025-08-18 02:50:00,254.55577219639912,328.60875587638867
2025-08-18 04:55:00,289.4109114757785,2025-08-18 02:55:00,252.39073715699,325.8138890989027
2025-08-18 05:00:00,287.1764377198757,2025-08-18 03:00:00,250.4420874826067,323.29835649238225
2025-08-18 05:05:00,285.19578083275405,2025-08-18 03:05:00,248.71478753649689,321.06856660618564
2025-08-18 05:10:00,283.46543231755317,2025-08-18 03:10:00,247.20577761332885,319.1205696341319
2025-08-18 05:15:00,281.9732485988014,2025-08-18 03:15:00,245.90446749053848,317.4406945451885
2025-08-18 05:20:00,280.6992602013098,2025-08-18 03:20:00,244.79344210060856,316.0064600433275
2025-08-18 05:25:00,279.6166995508257,2025-08-18 03:25:00,243.84935785997098,314.7877316480465
2025-08-18 05:30:00,278.69321699959136,2025-08-18 03:30:00,243.04400314591018,313.74809067529134
2025-08-18 05:35:00,277.89224977564174,2025-08-18 03:35:00,242.34549213587127,312.8463753773261
2025-08-18 05:40:00,277.1745044471219,2025-08-18 03:40:00,241.71955764144474,312.0383498758854
2025-08-18 05:45:00,276.49951052668837,2025-08-18 03:45:00,241.13090598250767,311.27845318362483
2025-08-18 05:50:00,275.8272008908804,2025-08-18 03:50:00,240.5445952462813,310.5215784134088
2025-08-18 05:55:00,275.11947382929895,2025-08-18 03:55:00,239.9273975260307,309.72483130674794
2025-08-18 06:00:00,274.34169193335117,2025-08-18 04:00:00,239.24910607853613,308.84921765729274
2025-08-18 06:05:00,273.4640744008177,2025-08-18 04:05:00,238.48374953116712,307.8612107436694
2025-08-18 06:10:00,272.46294201184935,2025-08-18 04:10:00,237.6106776060106,306.7341529023138
2025-08-18 06:15:00,271.3217775517352,2025-08-18 04:15:00,236.61548589801006,305.44944933341475
2025-08-18 06:20:00,270.03206921603635,2025-08-18 04:20:00,235.49075139541415,303.99751759209033
2025-08-18 06:25:00,268.5939099196726,2025-08-18 04:25:00,234.23655512787363,302.37846228037927
2025-08-18 06:30:00,267.0163318867146,2025-08-18 04:30:00,232.86077395697515,300.6024517227467
2025-08-18 06:35:00,265.31736270709774,2025-08-18 04:35:00,231.3791294624261,298.689781073781
2025-08-18 06:40:00,263.52379663446914,2025-08-18 04:40:00,229.81498849447786,296.67061484919344
2025-08-18 06:45:00,261.6706825711971,2025-08-18 04:45:00,228.19891665364696,294.584410508038
2025-08-18 06:50:00,259.8005381520886,2025-08-18 04:50:00,226.56799290539593,292.4790336815069
2025-08-18 06:55:00,257.96230716515436,2025-08-18 04:55:00,224.96490036306105,290.4095844549345
2025-08-18 07:00:00,256.2100851233201,2025-08-18 05:00:00,223.43681487884015,288.43696263807317
2025-08-18 07:05:00,254.60164494122688,2025-08-18 05:05:00,222.03411930954957,286.62620799707344
2025-08-18 07:10:00,253.1968010251783,2025-08-18 05:10:00,220.80897686500947,285.0446585747289
2025-08-18 07:15:00,252.0556557107476,2025-08-18 05:15:00,219.81380185366055,283.7599765597152
2025-08-18 07:20:00,251.23677637875176,2025-08-18 05:20:00,219.09966997386667,282.8380961147113
2025-08-18 07:25:00,250.79535485750517,2025-08-18 05:25:00,218.71471315735872,282.34115126271547
2025-08-18 07:30:00,250.78140256056915,2025-08-18 05:30:00,218.70254557704612,282.32544400377554
2025-08-18 07:35:00,251.23803518728192,2025-08-18 05:35:00,219.10076776113132,282.8395132599763
2025-08-18 07:40:00,252.19989962377363,2025-08-18 05:40:00,219.93959471804635,283.92236390731796
2025-08-18 07:45:00,253.69179292778037,2025-08-18 05:45:00,221.240651574672,285.6019120522735
2025-08-18 07:50:00,255.72751892586845,2025-08-18 05:50:00,223.01597643262954,287.8936978083622
2025-08-18 07:55:00,258.3090221724044,2025-08-18 05:55:00,225.2672651074206,290.7999103218656
2025-08-18 08:00:00,261.4258317510438,2025-08-18 06:00:00,227.98538607638966,294.30876161298977
2025-08-18 08:05:00,265.0548390656612,2025-08-18 06:05:00,231.15018669366373,298.39423641666804
2025-08-18 08:10:00,269.16042432080144,2025-08-18 06:10:00,234.73060349177894,303.0162345721049
2025-08-18 08:15:00,273.69493628855014,2025-08-18 06:15:00,238.68508057887755,308.12111113617107
2025-08-18 08:20:00,278.59951936975654,2025-08-18 06:20:00,242.96229090588687,313.6426074748821
2025-08-18 08:25:00,283.80527130551843,2025-08-18 06:25:00,247.5021458886294,319.50315459532703
2025-08-18 08:30:00,289.23470445974567,2025-08-18 06:30:00,252.2370697695305,325.6155182327615
2025-08-18 08:35:00,294.8034736154942,2025-08-18 06:35:00,257.09350640182424,331.8847439743773
2025-08-18 08:40:00,300.4223244401147,2025-08-18 06:40:00,261.9936184755869,338.2103508082765
2025-08-18 08:45:00,305.99920892378714,2025-08-18 06:45:00,266.8571323586537,344.4887126482471
2025-08-18 08:50:00,311.44150792558213,2025-08-18 06:50:00,271.6032763443367,350.6155604383737
2025-08-18 08:55:00,316.6582967054463,2025-08-18 06:55:00,276.1527563864961,356.4885326504712
2025-08-18 09:00:00,321.56258670523056,2025-08-18 07:00:00,280.42971112177327,362.0096990430946
2025-08-18 09:05:00,326.07347680802593,2025-08-18 07:05:00,284.363587949268,367.08798251276437
2025-08-18 09:10:00,330.1181490185353,2025-08-18 07:10:00,287.8908834322314,371.6414057970368
2025-08-18 09:15:00,333.63364775795714,2025-08-18 07:15:00,290.9566949933529,375.5990945744662
2025-08-18 09:20:00,336.56838800083807,2025-08-18 07:20:00,293.5160361373616,378.90297529946133
2025-08-18 09:25:00,338.8833457529828,2025-08-18 07:25:00,295.534874648224,381.5091154220982
2025-08-18 09:30:00,340.5528940662032,2025-08-18 07:30:00,296.9908616645538,383.3886645593268
2025-08-18 09:35:00,341.5652589235051,2025-08-18 07:35:00,297.8737292499649,384.5283677227723
2025-08-18 09:40:00,341.9225816207851,2025-08-18 07:40:00,298.1853447951755,384.9306355469896
2025-08-18 09:45:00,341.64058694542655,2025-08-18 07:45:00,297.9394216417424,384.6131707305622
2025-08-18 09:50:00,340.7478693999043,2025-08-18 07:50:00,297.16089660881113,383.6081644787583
2025-08-18 09:55:00,339.28482238117124,2025-08-18 07:55:00,295.8849961471788,381.9610909918698
2025-08-18 10:00:00,337.3022469977008,2025-08-18 08:00:00,294.15602311035786,379.72914129506546
2025-08-18 10:05:00,334.8596879659437,2025-08-18 08:05:00,292.02590551585854,376.9793498188825
2025-08-18 10:10:00,332.0235529445148,2025-08-18 08:10:00,289.5525564458975,373.78647717759407
2025-08-18 10:15:00,328.8650788840545,2025-08-18 08:15:00,286.7981005328642,370.23072072042027
2025-08-18 10:20:00,325.458213718347,2025-08-18 08:20:00,283.8270266152198,366.39532977536373
2025-08-18 10:25:00,321.8774842364852,2025-08-18 08:25:00,280.704328342102,362.3642053359035
2025-08-18 10:30:00,318.1959208270085,2025-08-18 08:30:00,277.49369437509,358.21956377318816
2025-08-18 10:35:00,314.4831070336087,2025-08-18 08:35:00,274.2558074361891,354.03974105897487
2025-08-18 10:40:00,310.80341688777247,2025-08-18 08:40:00,271.04680711314967,349.8972083846526
2025-08-18 10:45:00,307.2144952915467,2025-08-18 08:45:00,267.9169646250033,345.8568614019673
2025-08-18 10:50:00,303.76602752324607,2025-08-18 08:50:00,264.9096097272031,341.9746349534449
2025-08-18 10:55:00,300.49883254975236,2025-08-18 08:55:00,262.06034000343624,338.2964823387759
2025-08-18 11:00:00,297.44430256091914,2025-08-18 09:00:00,259.39653209232966,334.8577443521666
2025-08-18 11:05:00,294.6241980074592,2025-08-18 09:05:00,256.9371629431913,331.68291853947363
2025-08-18 11:10:00,292.0507938422289,2025-08-18 09:10:00,254.6929373507513,328.7858238341582
2025-08-18 11:15:00,289.72735961933785,2025-08-18 09:15:00,252.66670664209903,326.17014104471025
2025-08-18 11:20:00,287.64894360431845,2025-08-18 09:20:00,250.8541524869198,323.83029559256124
2025-08-18 11:25:00,285.8034199716897,2025-08-18 09:25:00,249.2447001421391,321.75263642931634
2025-08-18 11:30:00,284.1727486148535,2025-08-18 09:30:00,247.82261711246338,319.91685430934103
2025-08-18 11:35:00,282.7343898677083,2025-08-18 09:35:00,246.56824690701046,318.2975744593274
2025-08-18 11:40:00,281.462811287937,2025-08-18 09:40:00,245.4593230814885,316.8660528893301
2025-08-18 11:45:00,280.33102134820905,2025-08-18 09:45:00,244.47230674634696,315.5919029962753
2025-08-18 11:50:00,279.3120650464193,2025-08-18 09:50:00,243.58369086511405,314.44477929656733
2025-08-18 11:55:00,278.38041936241103,2025-08-18 09:55:00,242.77121721041684,313.39594840756905
2025-08-18 12:00:00,277.5132319102089,2025-08-18 10:00:00,242.01495657325384,312.4196835012495
2025-08-18 12:05:00,276.69135378855907,2025-08-18 10:05:00,241.29820949582458,311.49442706978135
2025-08-18 12:10:00,275.90012743745007,2025-08-18 10:10:00,240.60819334890004,310.6036778810316
2025-08-18 12:15:00,275.1299013788463,2025-08-18 10:15:00,239.93649122917952,309.73657046493815
2025-08-18 12:20:00,274.3762562767365,2025-08-18 10:20:00,239.2792491027293,308.8881296080727
2025-08-18 12:25:00,273.6399394581345,2025-08-18 10:25:00,238.6371187017696,308.05919663849556
2025-08-18 12:30:00,272.92651811300027,2025-08-18 10:30:00,238.0149550857408,307.25603900411653
2025-08-18 12:35:00,272.24577374447017,2025-08-18 10:35:00,237.4212885508038,306.48966855504824
2025-08-18 12:40:00,271.61087179686467,2025-08-18 10:40:00,236.86760047539076,305.77490672491894
2025-08-18 12:45:00,271.0373502014075,2025-08-18 10:45:00,236.3674412467191,305.129245852821
2025-08-18 12:50:00,270.54197846511886,2025-08-18 10:50:00,235.93543529002906,304.57156476496266
2025-08-18 12:55:00,270.1415444134585,2025-08-18 10:55:00,235.58622300578602,304.1207629101404
2025-08-18 13:00:00,269.85162878484,2025-08-18 11:00:00,235.3333921126893,303.79438081905374
2025-08-18 13:05:00,269.6854281587789,2025-08-18 11:05:00,235.18845114168855,303.60727497680506
2025-08-18 13:10:00,269.6526843698269,2025-08-18 11:10:00,235.15989579459134,303.57041257528783
2025-08-18 13:15:00,269.75877358718486,2025-08-18 11:15:00,235.2524145446165,303.6898460144854
2025-08-18 13:20:00,270.00400094230685,2025-08-18 11:20:00,235.46627349214094,303.96591880620673
2025-08-18 13:25:00,270.3831371650907,2025-08-18 11:25:00,235.7969122723562,304.39274392697905
2025-08-18 13:30:00,270.8852226236121,2025-08-18 11:30:00,236.23477316138016,304.95798320930845
2025-08-18 13:35:00,271.4936519502582,2025-08-18 11:35:00,236.76537487738696,305.64294261234386
2025-08-18 13:40:00,272.1865395159604,2025-08-18 11:40:00,237.36963130497895,306.4229836665617
2025-08-18 13:45:00,272.9373530838798,2025-08-18 11:45:00,238.02440409467215,307.26823683032336
2025-08-18 13:50:00,273.7157904612756,2025-08-18 11:50:00,238.7032671773031,308.1445884096608
2025-08-18 13:55:00,274.48886258087106,2025-08-18 11:55:00,239.37745130237724,309.01489987288426
2025-08-18 14:00:00,275.222136538754,2025-08-18 12:00:00,240.0169280720138,309.8404072415405
2025-08-18 14:05:00,275.88108426244384,2025-08-18 12:05:00,240.5915860933093,310.5822393980182
2025-08-18 14:10:00,276.43247699178687,2025-08-18 12:10:00,241.0724470833537,311.2029879684575
2025-08-18 14:15:00,276.84576287665726,2025-08-18 12:15:00,241.43286725067605,311.66825819884605
2025-08-18 14:20:00,277.0943648937729,2025-08-18 12:20:00,241.64966918823455,311.94813012772823
2025-08-18 14:25:00,277.15683899437084,2025-08-18 12:25:00,241.70415187592155,312.01846240918917
2025-08-18 14:30:00,277.01783781436046,2025-08-18 12:30:00,241.58293111714084,311.8619772413785
2025-08-18 14:35:00,276.6688331847339,2025-08-18 12:35:00,241.27856962885596,311.46907375646043
2025-08-18 14:40:00,276.10856072491094,2025-08-18 12:40:00,240.78996476450442,310.8383285362506
2025-08-18 14:45:00,275.3431616783745,2025-08-18 12:45:00,240.12247220664085,309.97665528836575
2025-08-18 14:50:00,274.3860101179367,2025-08-18 12:50:00,239.28775527534754,308.8991103168472
2025-08-18 14:55:00,273.2572275111472,2025-08-18 12:55:00,238.30336158830642,307.6283460281412
2025-08-18 15:00:00,271.9829003068735,2025-08-18 13:00:00,237.19204073027174,306.19373010335875
2025-08-18 15:05:00,270.5940296800784,2025-08-18 13:05:00,235.98082834188935,304.63016313878285
2025-08-18 15:10:00,269.12525462149966,2025-08-18 13:10:00,234.69993254614286,302.97664112191495
2025-08-18 15:15:00,267.6134001819071,2025-08-18 13:15:00,233.3814678948376,301.27462106951504
2025-08-18 15:20:00,266.09591113657945,2025-08-18 13:20:00,232.05808939184723,299.5662576736707
2025-08-18 15:25:00,264.6092371431451,2025-08-18 13:25:00,230.76158421447965,297.8925853399184
2025-08-18 15:30:00,263.18723862937225,2025-08-18 13:30:00,229.52148151310894,296.29172356279093
2025-08-18 15:35:00,261.8596828273148,2025-08-18 13:35:00,228.3637408260362,294.79718378660027
2025-08-18 15:40:00,260.6508964085744,2025-08-18 13:40:00,227.30957706373871,293.4363525650977
2025-08-18 15:45:00,259.5786354819963,2025-08-18 13:45:00,226.374475051504,292.22921942407083
2025-08-18 15:50:00,258.65322522618754,2025-08-18 13:50:00,225.5674392163822,291.18740827424386
2025-08-18 15:55:00,257.87701058122923,2025-08-18 13:55:00,224.89051454400519,290.31355900933613
2025-08-18 16:00:00,257.2441467304564,2025-08-18 14:00:00,224.3386038610179,289.60109163400824
2025-08-18 16:05:00,256.74074389848,2025-08-18 14:05:00,223.89959411117275,289.034369275016
2025-08-18 16:10:00,256.34536615406614,2025-08-18 14:10:00,223.5547913535323,288.589259725021
2025-08-18 16:15:00,256.0298686808522,2025-08-18 14:15:00,223.27965093318812,288.23407802774307
2025-08-18 16:20:00,255.76054347773956,2025-08-18 14:20:00,223.0447766286848,287.93087628800555
2025-08-18 16:25:00,255.49952978018396,2025-08-18 14:25:00,222.81715065840535,287.6370315000706
2025-08-18 16:30:00,255.2064337607773,2025-08-18 14:30:00,222.56154619615955,287.30706897904696
2025-08-18 16:35:00,254.8400923161172,2025-08-18 14:35:00,222.24206554217372,286.8946480021937
2025-08-18 16:40:00,254.3604088126532,2025-08-18 14:40:00,221.82374104838055,286.3546284604175
2025-08-18 16:45:00,253.73018451783054,2025-08-18 14:45:00,221.2741322809245,285.645132652351
2025-08-18 16:50:00,252.9168686091069,2025-08-18 14:50:00,220.56485217570136,284.72951541478375
2025-08-18 16:55:00,251.89415188644128,2025-08-18 14:55:00,219.67295689013622,283.5781582971166
2025-08-18 17:00:00,250.64333479193465,2025-08-18 15:00:00,218.58213883175242,282.17000965463984
2025-08-18 17:05:00,249.15440874786873,2025-08-18 15:05:00,217.2836696761916,280.49380200053287
2025-08-18 17:10:00,247.42680083396093,2025-08-18 15:10:00,215.77704978862067,278.54889035087155
2025-08-18 17:15:00,245.46974501112314,2025-08-18 15:15:00,214.0703319621757,276.3456701420309
2025-08-18 17:20:00,243.3022579810925,2025-08-18 15:20:00,212.18010036552272,273.90555005386756
2025-08-18 17:25:00,240.95271364215188,2025-08-18 15:25:00,210.1310994323361,271.2604729391969
2025-08-18 17:30:00,238.4580264427883,2025-08-18 15:30:00,207.95552167677462,268.4519964572108
2025-08-18 17:35:00,235.86246990209978,2025-08-18 15:35:00,205.6919773435754,265.5299629838163
2025-08-18 17:40:00,233.21617171141662,2025-08-18 15:40:00,203.38418200967476,262.55080542259896
2025-08-18 17:45:00,230.57334033358498,2025-08-18 15:45:00,201.07941002913256,259.5755507404133
2025-08-18 17:50:00,227.9902894472679,2025-08-18 15:50:00,198.82677168185262,256.66759592032776
2025-08-18 17:55:00,225.5233354004163,2025-08-18 15:55:00,196.67537957558295,253.89034095044985
2025-08-18 18:00:00,223.2266486498604,2025-08-18 16:00:00,194.67247491993038,251.30477001110688
2025-08-18 18:05:00,221.15014287243042,2025-08-18 16:05:00,192.86158665312718,248.9670750719946
2025-08-18 18:10:00,219.3374846353702,2025-08-18 16:10:00,191.28079570667524,246.92641521293058
2025-08-18 18:15:00,217.82430254532522,2025-08-18 16:15:00,189.96117323213986,245.22290051419876
2025-08-18 18:20:00,216.63666764855742,2025-08-18 16:20:00,188.92545538190365,243.8858813169185
2025-08-18 18:25:00,215.78990669374522,2025-08-18 16:25:00,188.18700837418365,242.93261221445914
2025-08-18 18:30:00,215.28779744192636,2025-08-18 16:30:00,187.74912673539646,242.36734614603955
2025-08-18 18:35:00,215.12218064775882,2025-08-18 16:35:00,187.60469491507436,242.18089757182145
2025-08-18 18:40:00,215.27300742197738,2025-08-18 16:40:00,187.73622858992414,242.35069579275861
2025-08-18 18:45:00,215.70882408414676,2025-08-18 16:45:00,188.1162974963428,242.84133078959215
2025-08-18 18:50:00,216.38767979576772,2025-08-18 16:50:00,188.70831696307803,243.6055750207871
2025-08-18 18:55:00,217.25842616578305,2025-08-18 16:55:00,189.46768127689845,244.58584649633988
2025-08-18 19:00:00,218.26236296801136,2025-08-18 17:00:00,190.34319888707205,245.71606149851647
2025-08-18 19:05:00,219.33517108045908,2025-08-18 17:05:00,191.27877809156013,246.92381065210253
2025-08-18 19:10:00,220.40906277083613,2025-08-18 17:10:00,192.21530226744184,248.13277967931913
2025-08-18 19:15:00,221.41507149418868,2025-08-18 17:15:00,193.09262676767776,249.26532721511012
2025-08-18 19:20:00,222.285398175081,2025-08-18 17:20:00,193.85162507716686,250.2451262117758
2025-08-18 19:25:00,222.95572916948947,2025-08-18 17:25:00,194.43621027112243,250.99977346110742
2025-08-18 19:30:00,223.3674424590971,2025-08-18 17:30:00,194.79525900266998,251.46327329045644
2025-08-18 19:35:00,223.4696232524444,2025-08-18 17:35:00,194.88436927713994,251.57830669227923
2025-08-18 19:40:00,223.22081768086767,2025-08-18 17:40:00,194.66738982291412,251.2982056052417
2025-08-18 19:45:00,222.59046349028372,2025-08-18 17:45:00,194.1176677753928,250.5885635627331
2025-08-18 19:50:00,221.55994904179906,2025-08-18 17:50:00,193.2189722148913,249.428427897767
2025-08-18 19:55:00,220.12326603890057,2025-08-18 17:55:00,191.96606339983157,247.8110345721673
2025-08-18 20:00:00,218.2872366175166,2025-08-18 18:00:00,190.3648908084388,245.74406383070243
2025-08-18 20:05:00,216.0713112198101,2025-08-18 18:05:00,188.43241686763216,243.2494126508342
2025-08-18 20:10:00,213.5069493107574,2025-08-18 18:10:00,186.19607688562257,240.3624975639596
2025-08-18 20:15:00,210.63660992721225,2025-08-18 18:15:00,183.69289872551255,237.13111823269048
2025-08-18 20:20:00,207.51239270928977,2025-08-18 18:20:00,180.9683176699845,233.61392754706472
2025-08-18 20:25:00,204.19438194590782,2025-08-18 18:25:00,178.07473228927267,229.8785673791397
2025-08-18 20:30:00,200.74875579460135,2025-08-18 18:30:00,175.0698555212852,225.99953997477039
2025-08-18 20:35:00,197.24572998458473,2025-08-18 18:35:00,172.01492140715092,222.05589300943865
2025-08-18 20:40:00,193.75740957259143,2025-08-18 18:40:00,168.9728116410288,218.12880113146105
2025-08-18 20:45:00,190.35562387508548,2025-08-18 18:45:00,166.00616744829426,214.29912856544172
2025-08-18 20:50:00,187.10981826871074,2025-08-18 18:50:00,163.17555105762727,210.6450557370215
2025-08-18 20:55:00,184.08507240212086,2025-08-18 18:55:00,160.53771741449225,207.23984820941257
2025-08-18 21:00:00,181.34030782197934,2025-08-18 19:00:00,158.14405107975804,204.1498388591892
2025-08-18 21:05:00,178.926739167202,2025-08-18 19:05:00,156.03921554037913,201.43268425706898
2025-08-18 21:10:00,176.8866125609521,2025-08-18 19:10:00,154.26005298075293,199.13594437104692
2025-08-18 21:15:00,175.2522630356563,2025-08-18 19:15:00,152.83476227779303,197.29602143148583
2025-08-18 21:20:00,174.04551020176717,2025-08-18 19:20:00,151.7823719730928,195.93747958527265
2025-08-18 21:25:00,173.2773985133262,2025-08-18 19:25:00,151.11251376257837,195.07275249120033
2025-08-18 21:30:00,172.9482758781397,2025-08-18 19:30:00,150.8254910512155,194.70223181796865
2025-08-18 21:35:00,173.04819260328708,2025-08-18 19:35:00,150.91262686715854,194.81471637026246
2025-08-18 21:40:00,173.55759192512414,2025-08-18 19:40:00,151.3568660621845,195.38818947570192
2025-08-18 21:45:00,174.44825443651536,2025-08-18 19:45:00,152.1335989319365,196.39088220498158
2025-08-18 21:50:00,175.6844515215263,2025-08-18 19:50:00,153.21166710830983,197.78257188905854
2025-08-18 21:55:00,177.22425781526866,2025-08-18 19:55:00,154.5545081351905,199.5160596641563
2025-08-18 22:00:00,179.02096996410097,2025-08-18 20:00:00,156.12139274707445,201.53876768790437
2025-08-18 22:05:00,181.02457821805595,2025-08-18 20:05:00,157.86870822184656,203.79439583310085
2025-08-18 22:10:00,183.18323901951055,2025-08-18 20:10:00,159.7512426023674,206.22457950302837
2025-08-18 22:15:00,185.44470025070981,2025-08-18 20:15:00,161.7234276325856,208.77049415091162
2025-08-18 22:20:00,187.75763602768095,2025-08-18 20:20:00,163.7405028104694,211.37435796823706
2025-08-18 22:25:00,190.07285467136626,2025-08-18 20:25:00,165.75956884077092,213.9807917981396
2025-08-18 22:30:00,192.34435119304558,2025-08-18 20:30:00,167.74050549112994,216.5380040056168
2025-08-18 22:35:00,194.53018409296865,2025-08-18 20:35:00,169.64673623447135,218.99877756253875
2025-08-18 22:40:00,196.5931648839699,2025-08-18 20:40:00,171.44582957178352,221.32124630162326
2025-08-18 22:45:00,198.50135742953734,2025-08-18 20:45:00,173.10993449705185,223.46945706275378
2025-08-18 22:50:00,200.22839202985168,2025-08-18 20:50:00,174.6160544067894,225.4137232857081
2025-08-18 22:55:00,201.7536065212174,2025-08-18 20:55:00,175.9461701506477,227.13078385750157
2025-08-18 23:00:00,203.0620325956897,2025-08-18 21:00:00,177.08722810097703,228.6037877112554
2025-08-18 23:05:00,204.14425019422396,2025-08-18 21:05:00,178.0310131713654,229.8221299044772
2025-08-18 23:10:00,204.99613603315998,2025-08-18 21:10:00,178.773929510512,230.78116851444773
2025-08-18 23:15:00,205.61853385075628,2025-08-18 21:15:00,179.31671292937827,231.48185340736921
2025-08-18 23:20:00,206.0168739793826,2025-08-18 21:20:00,179.66409913603698,231.93029795920071
2025-08-18 23:25:00,206.2007683530852,2025-08-18 21:25:00,179.8244705480931,232.13732312205283
2025-08-18 23:30:00,206.18360427385898,2025-08-18 21:30:00,179.80950202259268,232.118000093156
2025-08-18 23:35:00,205.98215630855427,2025-08-18 21:35:00,179.6338223973748,231.8912133949894
2025-08-18 23:40:00,205.61623093498181,2025-08-18 21:40:00,179.31470459248814,231.47926082390055
2025-08-18 23:45:00,205.10835322259916,2025-08-18 21:45:00,178.8717923693096,230.9075007205435
2025-08-18 23:50:00,204.48349927502065,2025-08-18 21:50:00,178.3268669978348,230.20405075820028
2025-08-18 23:55:00,203.76887268466083,2025-08-18 21:55:00,177.70365230626297,229.3995362792149
2025-08-19 00:00:00,202.99371817767422,2025-08-18 22:00:00,177.0276521636585,228.52688049963146
2025-08-19 00:05:00,202.18916119058025,2025-08-18 22:05:00,176.32601057723045,227.62112390728294
2025-08-19 00:10:00,201.38805866637674,2025-08-18 22:10:00,175.62738157395262,226.71925629058964
2025-08-19 00:15:00,200.62484391375227,2025-08-18 22:15:00,174.96179390470505,225.86004208369528
2025-08-19 00:20:00,199.93534726445785,2025-08-18 22:20:00,174.36049464236794,225.0838184655817
2025-08-19 00:25:00,199.35657432778288,2025-08-18 22:25:00,173.8557558010125,224.43224572272385
2025-08-19 00:30:00,198.92642514460016,2025-08-18 22:30:00,173.48062941452844,223.94799107748318
2025-08-19 00:35:00,198.6833401359523,2025-08-18 22:35:00,173.2686387739144,223.67433010303915
2025-08-19 00:40:00,198.6658624998555,2025-08-18 22:40:00,173.25339680036288,223.65465407714257
2025-08-19 00:45:00,198.91211137088763,2025-08-18 22:45:00,173.46814659596302,223.9318768741272
2025-08-19 00:50:00,199.4591653330992,2025-08-18 22:50:00,173.9452238149358,224.54774093421477
2025-08-19 00:55:00,200.34236166600337,2025-08-18 22:55:00,174.71544554700301,225.5420283665512
2025-08-19 01:00:00,201.59452244412915,2025-08-18 23:00:00,175.80743541089137,226.95168970522678
2025-08-19 01:05:00,203.2451243642512,2025-08-18 23:05:00,177.24689957362116,228.80990931487025
2025-08-19 01:10:00,205.3194342499028,2025-08-18 23:10:00,179.05587283749014,231.1451321563111
2025-08-19 01:15:00,207.83763667776822,2025-08-18 23:15:00,181.25195785667114,233.9800816831875
2025-08-19 01:20:00,210.81398358939632,2025-08-18 23:20:00,183.84758352686504,237.33080248925572
2025-08-19 01:25:00,214.25599799741812,2025-08-18 23:25:00,186.8493105499262,241.2057638543731
2025-08-19 01:30:00,218.16376482323133,2025-08-18 23:30:00,190.2572129844796,245.6050613816069
2025-08-19 01:35:00,222.5293414458987,2025-08-18 23:35:00,194.06436419481867,250.51975340319484
2025-08-19 01:40:00,227.33631855913737,2025-08-18 23:40:00,198.25645388114214,255.93136660080154
2025-08-19 01:45:00,232.55955871793773,2025-08-18 23:45:00,202.81156007014272,261.8116016657422
2025-08-19 01:50:00,238.16513516079968,2025-08-18 23:50:00,207.70009576283442,268.12226442609534
2025-08-19 01:55:00,244.1104879802901,2025-08-18 23:55:00,212.88494512845747,274.8154416608639
2025-08-19 02:00:00,250.34480779861133,2025-08-19 00:00:00,218.3217981019509,281.8339330354146
2025-08-19 02:05:00,256.8096499064309,2025-08-19 00:05:00,223.9596859648371,289.11194248854235
2025-08-19 02:10:00,263.4397739954663,2025-08-19 00:10:00,229.74171366289787,296.5760235891533
2025-08-19 02:15:00,270.164196732185,2025-08-19 00:15:00,235.60597773926358,304.1462645058603
2025-08-19 02:20:00,276.90743687267434,2025-08-19 00:20:00,241.48665217965055,311.73768973615796
2025-08-19 02:25:00,283.5909253248543,2025-08-19 00:25:00,247.31521810560082,319.2618475305147
2025-08-19 02:30:00,290.1345463644598,2025-08-19 00:30:00,253.02180784487624,326.62854496715124
2025-08-19 02:35:00,296.45827062711544,2025-08-19 00:35:00,258.53662903835004,333.74768634678566
2025-08-19 02:40:00,302.48383676316587,2025-08-19 00:40:00,263.79143118492783,340.5311663710816
2025-08-19 02:45:00,308.13643559558204,2025-08-19 00:45:00,268.72097436936184,346.8947661390177
2025-08-19 02:50:00,313.3463496450534,2025-08-19 00:50:00,273.2644590664849,352.75999889639195
2025-08-19 02:55:00,318.05050124332706,2025-08-19 00:55:00,277.36687622668205,358.0558528755279
2025-08-19 03:00:00,322.193864367476,2025-08-19 01:00:00,280.9802385145119,362.7203807143165
2025-08-19 03:05:00,325.730698769982,2025-08-19 01:05:00,284.06465657428294,366.7020888189043
2025-08-19 03:10:00,328.6255697889212,2025-08-19 01:10:00,286.5892283905934,369.96108544868144
2025-08-19 03:15:00,330.85412330234357,2025-08-19 01:15:00,288.5327151139457,372.46995314676036
2025-08-19 03:20:00,332.40359220281323,2025-08-19 01:20:00,289.8839827492854,374.21431892041255
2025-08-19 03:25:00,333.27301867207825,2025-08-19 01:25:00,290.6421959982698,375.1931044741164
2025-08-19 03:30:00,333.4731847688437,2025-08-19 01:30:00,290.8167577259492,375.4184480664514
2025-08-19 03:35:00,333.02625233042556,2025-08-19 01:35:00,290.42699492462106,374.9152991174953
2025-08-19 03:40:00,331.96512175433924,2025-08-19 01:40:00,289.50159951726556,373.7206963360263
2025-08-19 03:45:00,330.33252723140515,2025-08-19 01:45:00,288.0778393244634,371.88274914831896
2025-08-19 03:50:00,328.17989368849254,2025-08-19 01:50:00,286.20056122201,369.4593508636976
2025-08-19 03:55:00,325.5659873715958,2025-08-19 01:55:00,283.92101433548527,366.5166595238806
2025-08-19 04:00:00,322.55539777106964,2025-08-19 02:00:00,281.2955261509544,363.1273888801916
2025-08-19 04:05:00,319.2168932267232,2025-08-19 02:05:00,278.38406846384476,359.36895716170085
2025-08-19 04:10:00,315.62169573131735,2025-08-19 02:10:00,275.2487528620127,355.3215448783017
2025-08-19 04:15:00,311.84172252426777,2025-08-19 02:15:00,271.9522972470669,351.066115236764
2025-08-19 04:20:00,307.94784249750774,2025-08-19 02:20:00,268.5565052731451,346.68245123206594
2025-08-19 04:25:00,304.00819471275076,2025-08-19 02:25:00,265.1207999520728,342.2472626626848
2025-08-19 04:30:00,300.08661400879123,2025-08-19 02:30:00,261.7008506500721,337.8324137060338
2025-08-19 04:35:00,296.2412054635878,2025-08-19 02:35:00,258.34732989840234,333.5033180720851
2025-08-19 04:40:00,292.52310481624113,2025-08-19 02:40:00,255.10483237672113,329.31754350748463
2025-08-19 04:45:00,288.9754564759303,2025-08-19 02:45:00,252.01098365063478,325.3236612553682
2025-08-19 04:50:00,285.63263462125246,2025-08-19 02:50:00,249.09576090459385,321.56036918222696
2025-08-19 04:55:00,282.5197257409462,2025-08-19 02:55:00,246.38104167373726,318.055909231041
2025-08-19 05:00:00,279.652283923067,2025-08-19 03:00:00,243.88039043540311,314.8277919299895
2025-08-19 05:05:00,277.0363625270664,2025-08-19 03:05:00,241.59908622985455,311.88283204833925
2025-08-19 05:10:00,274.6688184247613,2025-08-19 03:10:00,239.53438798407856,309.2174911057613
2025-08-19 05:15:00,272.53787762536706,2025-08-19 03:15:00,237.67602778454605,306.81851414338695
2025-08-19 05:20:00,270.6239441205204,2025-08-19 03:20:00,236.00691625832724,304.66384030779807
2025-08-19 05:25:00,268.90062735353433,2025-08-19 03:25:00,234.5040386129866,302.7237595584651
2025-08-19 05:30:00,267.3359579067192,2025-08-19 03:30:00,233.13951481851404,300.96228126788674
2025-08-19 05:35:00,265.8937561124303,2025-08-19 03:35:00,231.88179315165084,299.3386749806649
2025-08-19 05:40:00,264.53511418476194,2025-08-19 03:40:00,230.6969427397986,297.80913897219443
2025-08-19 05:45:00,263.2199494704488,2025-08-19 03:45:00,229.5500081268784,296.3285488721495
2025-08-19 05:50:00,261.90858452829895,2025-08-19 03:50:00,228.40638723593372,294.85223649107485
2025-08-19 05:55:00,260.56330883995764,2025-08-19 03:55:00,227.23319331270372,293.3377479678411
2025-08-19 06:00:00,259.1498773417827,2025-08-19 04:00:00,226.00056177187415,291.7465307913809
2025-08-19 06:05:00,257.63890239296387,2025-08-19 04:05:00,224.68286411074072,290.0455008547578
2025-08-19 06:10:00,256.00709838978463,2025-08-19 04:10:00,223.2597933178739,288.20844362076514
2025-08-19 06:15:00,254.23834185675506,2025-08-19 04:15:00,221.71728836204423,286.21720755452
2025-08-19 06:20:00,252.32451449110076,2025-08-19 04:20:00,220.04826939815788,284.0626532086313
2025-08-19 06:25:00,250.26610213979257,2025-08-19 04:25:00,218.25316012577233,281.7453275413678
2025-08-19 06:30:00,248.0725290233173,2025-08-19 04:30:00,216.34017926042824,279.2758401801029
2025-08-19 06:35:00,245.76221346715167,2025-08-19 04:35:00,214.32538913619788,276.67492616286125
2025-08-19 06:40:00,243.3623388393361,2025-08-19 04:40:00,212.23249594391956,273.97318806373016
2025-08-19 06:45:00,240.9083412041167,2025-08-19 04:45:00,210.09240292193834,271.2105192020302
2025-08-19 06:50:00,238.44312306425394,2025-08-19 04:50:00,207.94252467304992,268.4352184867596
2025-08-19 06:55:00,236.0160104371676,2025-08-19 04:55:00,205.8258776468903,265.70281631063
2025-08-19 07:00:00,233.68147809513147,2025-08-19 05:00:00,203.78996844181304,263.07463944712697
2025-08-19 07:05:00,231.49767490873293,2025-08-19 05:05:00,201.88550777994527,260.6161509072205
2025-08-19 07:10:00,229.52478761359583,2025-08-19 05:10:00,200.16498357369403,258.39510789572984
2025-08-19 07:15:00,227.82328690274733,2025-08-19 05:15:00,198.68113137028416,256.4795872918963
2025-08-19 07:20:00,226.45210424368477,2025-08-19 05:20:00,197.48534438238877,254.93593314100042
2025-08-19 07:25:00,225.4667909446233,2025-08-19 05:25:00,196.6260680385474,253.82668416240773
2025-08-19 07:30:00,224.9177129818368,2025-08-19 05:30:00,196.14722572027512,253.2085415168463
2025-08-19 07:35:00,224.84833538836136,2025-08-19 05:35:00,196.08672260423796,253.13043740034536
2025-08-19 07:40:00,225.29364885759992,2025-08-19 05:40:00,196.47507352782247,253.63176374129392
2025-08-19 07:45:00,226.27878841273215,2025-08-19 05:45:00,197.33419835229594,254.74081712192176
2025-08-19 07:50:00,227.8178897216582,2025-08-19 05:50:00,198.67642457292564,256.47351123708603
2025-08-19 07:55:00,229.91322275220242,2025-08-19 05:55:00,200.5037317932089,258.8324015780127
2025-08-19 08:00:00,232.55463530121096,2025-08-19 06:00:00,202.8072664352875,261.8060589668052
2025-08-19 08:05:00,235.71933049803846,2025-08-19 06:05:00,205.56714770421235,265.36881907364824
2025-08-19 08:10:00,239.37199301793834,2025-08-19 06:10:00,208.75257765667078,269.4809245056992
2025-08-19 08:15:00,243.46526857855255,2025-08-19 06:15:00,212.32225936238828,274.0890646160932
2025-08-19 08:20:00,247.94059073946795,2025-08-19 06:20:00,216.22511794311248,279.1273063008418
2025-08-19 08:25:00,252.72933836120194,2025-08-19 06:25:00,220.40130997452238,284.51839704650234
2025-08-19 08:30:00,257.75429664579025,2025-08-19 06:30:00,224.78349763691295,290.17540974485905
2025-08-19 08:35:00,262.9313846911389,2025-08-19 06:35:00,229.29835528837208,296.00368754427313
2025-08-19 08:40:00,268.17160372009874,2025-08-19 06:40:00,233.86826848493777,301.9030371328887
2025-08-19 08:45:00,273.38315230621805,2025-08-19 06:45:00,238.41317863595054,307.77011002386206
2025-08-19 08:50:00,278.4736486910376,2025-08-19 06:50:00,242.8525210522683,313.5009044024312
2025-08-19 08:55:00,283.3523961050098,2025-08-19 06:55:00,247.10720049727,318.9933153857349
2025-08-19 09:00:00,287.93262436101134,2025-08-19 07:00:00,251.10154604555885,324.14965857072025
2025-08-19 09:05:00,292.133640913192,2025-08-19 07:05:00,254.76518698779861,328.87909165966374
2025-08-19 09:10:00,295.88282636300085,2025-08-19 07:10:00,258.03479308036196,333.0998609669657
2025-08-19 09:15:00,299.11741355308976,2025-08-19 07:15:00,260.85562606534575,336.74130429285276
2025-08-19 09:20:00,301.78599557007135,2025-08-19 07:20:00,263.1828547762309,339.74554860727255
2025-08-19 09:25:00,303.8497160410289,2025-08-19 07:25:00,264.98259317688394,342.0688500654899
2025-08-19 09:30:00,305.2831050071895,2025-08-19 07:30:00,266.2326293139362,343.6825350204724
2025-08-19 09:35:00,306.0745346650744,2025-08-19 07:35:00,266.92282276152565,344.5735130885377
2025-08-19 09:40:00,306.2262816327258,2025-08-19 07:40:00,267.0551589227007,344.744347247614
2025-08-19 09:45:00,305.75419497968767,2025-08-19 07:45:00,266.6434595235499,344.21288011103053
2025-08-19 09:50:00,304.6869823617244,2025-08-19 07:50:00,265.712760062436,343.01143027010727
2025-08-19 09:55:00,303.0651390848607,2025-08-19 07:55:00,264.29837586346633,341.18558665263845
2025-08-19 10:00:00,300.9395568339224,2025-08-19 08:00:00,262.4446887703761,338.79264225311204
2025-08-19 10:05:00,298.3698594792863,2025-08-19 08:05:00,260.2036958295787,335.89972061221107
2025-08-19 10:10:00,295.4225223509862,2025-08-19 08:10:00,257.6333691384785,332.5816585275429
2025-08-19 10:15:00,292.16883849946646,2025-08-19 08:15:00,254.79588225322817,328.91871650453396
2025-08-19 10:20:00,288.68280035169823,2025-08-19 08:20:00,251.75576281410244,324.9941939608615
2025-08-19 10:25:00,285.0389675438916,2025-08-19 08:25:00,248.5780331156971,320.89202886873085
2025-08-19 10:30:00,281.3103915978647,2025-08-19 08:30:00,245.3264002495938,316.6944613907772
2025-08-19 10:35:00,277.5666654959718,2025-08-19 08:35:00,242.06155516910798,312.4798381246434
2025-08-19 10:40:00,273.87216094959774,2025-08-19 08:40:00,238.83963543866537,308.3206276497873
2025-08-19 10:45:00,270.28450882195307,2025-08-19 08:45:00,235.7109000342476,304.28170981327133
2025-08-19 10:50:00,266.85336860249885,2025-08-19 08:50:00,232.7186562212512,300.41899042496794
2025-08-19 10:55:00,263.61952175154124,2025-08-19 08:55:00,229.89846887446447,296.77838056030185
2025-08-19 11:00:00,260.6143112563068,2025-08-19 09:00:00,227.2776717236714,293.3951656219973
2025-08-19 11:05:00,257.8594366973555,2025-08-19 09:05:00,224.87518863427016,290.2937746293268
2025-08-19 11:10:00,255.36710053462647,2025-08-19 09:10:00,222.70166118104956,287.4879449044564
2025-08-19 11:15:00,253.14048825284902,2025-08-19 09:15:00,220.7598673755052,284.98126261199553
2025-08-19 11:20:00,251.17455255234103,2025-08-19 09:20:00,219.0454055463907,282.7680455876799
2025-08-19 11:25:00,249.45706059895463,2025-08-19 09:25:00,217.5476076300441,280.8345223145751
2025-08-19 11:30:00,247.96985392288917,2025-08-19 09:30:00,216.250637908471,279.16025029576326
2025-08-19 11:35:00,246.69026323271137,2025-08-19 09:35:00,215.13472684656128,277.7197088279393
2025-08-19 11:40:00,245.59261529591646,2025-08-19 09:40:00,214.17748521909866,276.4839954219558
2025-08-19 11:45:00,244.64976674107524,2025-08-19 09:45:00,213.35524171566496,275.42255253123113
2025-08-19 11:50:00,243.8345997810038,2025-08-19 09:50:00,212.64434733746293,274.50485141149284
2025-08-19 11:55:00,243.121417811312,2025-08-19 09:55:00,212.02239247702,273.70196326192166
2025-08-19 12:00:00,242.4871841735678,2025-08-19 10:00:00,211.46928722420228,272.9879538036844
2025-08-19 12:05:00,241.9125551842513,2025-08-19 10:05:00,210.96816225463627,272.3410462463864
2025-08-19 12:10:00,241.38266810915866,2025-08-19 10:10:00,210.50605600988334,271.74450837627353
2025-08-19 12:15:00,240.88765610130045,2025-08-19 10:15:00,210.07436376674084,271.18723226457297
2025-08-19 12:20:00,240.4228743991603,2025-08-19 10:20:00,209.6690349012117,270.6639889176511
2025-08-19 12:25:00,239.988835049327,2025-08-19 10:25:00,209.29051596113112,270.1753547888616
2025-08-19 12:30:00,239.5908602837014,2025-08-19 10:30:00,208.9434483818407,269.7273215564914
2025-08-19 12:35:00,239.23847716640788,2025-08-19 10:35:00,208.63614056721178,269.33061462753443
2025-08-19 12:40:00,238.9445874230056,2025-08-19 10:40:00,208.3798439106623,268.9997585455163
2025-08-19 12:45:00,238.72445619826698,2025-08-19 10:45:00,208.1878709066047,268.7519385511751
2025-08-19 12:50:00,238.5945713592875,2025-08-19 10:50:00,208.07460036649832,268.605716405275
2025-08-19 12:55:00,238.57143046109312,2025-08-19 10:55:00,208.05441955049528,268.5796647750877
2025-08-19 13:00:00,238.67031558431108,2025-08-19 11:00:00,208.1406557225027,268.69098796744896
2025-08-19 13:05:00,238.90411648645255,2025-08-19 11:05:00,208.34454983879067,268.9541970524593
2025-08-19 13:10:00,239.28226026856356,2025-08-19 11:10:00,208.67432312699069,269.37990490037663
2025-08-19 13:15:00,239.80980070205257,2025-08-19 11:15:00,209.13438290224056,269.9738009612249
2025-08-19 13:20:00,240.48671311686485,2025-08-19 11:20:00,209.72470765017076,270.73585746187547
2025-08-19 13:25:00,241.30743130074057,2025-08-19 11:25:00,210.44044316397802,271.6598080550967
2025-08-19 13:30:00,242.26065180782777,2025-08-19 11:30:00,211.2717318850221,272.73292751351386
2025-08-19 13:35:00,243.32941885111626,2025-08-19 11:35:00,212.20378693619196,273.9361273000696
2025-08-19 13:40:00,244.4914900640814,2025-08-19 11:40:00,213.21721109692453,275.24436733627067
2025-08-19 13:45:00,245.71997044189283,2025-08-19 11:45:00,214.28854965343461,276.6273696824345
2025-08-19 13:50:00,246.98418927683375,2025-08-19 11:50:00,215.39105516040198,278.05060577669167
2025-08-19 13:55:00,248.25078353045484,2025-08-19 11:55:00,216.4956322329115,279.4765160769574
2025-08-19 14:00:00,249.484941172721,2025-08-19 12:00:00,217.57192184311012,280.86590979102795
2025-08-19 14:05:00,250.65175015154875,2025-08-19 12:05:00,218.58947773547797,282.17948352357604
2025-08-19 14:10:00,251.71759318351909,2025-08-19 12:10:00,219.5189828020316,283.379391507848
2025-08-19 14:15:00,252.65152565231043,2025-08-19 12:15:00,220.33345072603322,284.43079682031885
2025-08-19 14:20:00,253.4265738442942,2025-08-19 12:20:00,221.00935815298365,285.3033329122776
2025-08-19 14:25:00,254.02089340740483,2025-08-19 12:25:00,221.5276549645151,285.9724077831497
2025-08-19 14:30:00,254.41873337937815,2025-08-19 12:30:00,221.874604992366,286.4202892671154
2025-08-19 14:35:00,254.61115901939402,2025-08-19 12:35:00,222.04241638857027,286.63691878469723
2025-08-19 14:40:00,254.59649672620145,2025-08-19 12:40:00,222.02962963160797,286.62041222402945
2025-08-19 14:45:00,254.38047618994946,2025-08-19 12:45:00,221.841241494797,286.3772199729751
2025-08-19 14:50:00,253.97605793417137,2025-08-19 12:50:00,221.48855464835057,285.92193276882045
2025-08-19 14:55:00,253.40294819560307,2025-08-19 12:55:00,220.98875459364112,285.2767355582135
2025-08-19 15:00:00,252.68681685142997,2025-08-19 13:00:00,220.36422762976332,284.4705270529402
2025-08-19 15:05:00,251.8582474860346,2025-08-19 13:05:00,219.64164522313786,283.5377377329001
2025-08-19 15:10:00,250.95146080213195,2025-08-19 13:10:00,218.85085071429472,282.5168926840425
2025-08-19 15:15:00,250.00286321283014,2025-08-19 13:15:00,218.02359356767099,281.4489776279575
2025-08-19 15:20:00,249.0494808242758,2025-08-19 13:20:00,217.19216367232698,280.37567592613385
2025-08-19 15:25:00,248.1273449171921,2025-08-19 13:25:00,216.387983345604,279.3375509824935
2025-08-19 15:30:00,247.2698981751105,2025-08-19 13:30:00,215.6402174296498,278.37225200220206
2025-08-19 15:35:00,246.5064910416121,2025-08-19 13:35:00,214.9744619880458,277.51282121618704
2025-08-19 15:40:00,245.86103467282203,2025-08-19 13:40:00,214.41156956671,276.786177397933
2025-08-19 15:45:00,245.3508712787416,2025-08-19 13:45:00,213.96666403621052,276.2118441129381
2025-08-19 15:50:00,244.98591405922645,2025-08-19 13:50:00,213.64839054336088,275.8009814732449
2025-08-19 15:55:00,244.7680982338252,2025-08-19 13:55:00,213.45843676291375,275.55576811615555
2025-08-19 16:00:00,244.69117182641537,2025-08-19 14:00:00,213.39135044410838,275.4691656731281
2025-08-19 16:05:00,244.74084079539674,2025-08-19 14:05:00,213.43466597644652,275.5250821548835
2025-08-19 16:10:00,244.89526813662414,2025-08-19 14:10:00,213.56933964956696,275.6989338330111
2025-08-19 16:15:00,245.12591147400667,2025-08-19 14:15:00,213.77048010292958,275.95858818524044
2025-08-19 16:20:00,245.39866906491565,2025-08-19 14:20:00,214.00834773923825,276.2656540488672
2025-08-19 16:25:00,245.67529052240866,2025-08-19 14:25:00,214.24958499326607,276.57706978787445
2025-08-19 16:30:00,245.91499682243386,2025-08-19 14:30:00,214.45862911484403,276.84692706953143
2025-08-19 16:35:00,246.07624437945432,2025-08-19 14:35:00,214.5992505916696,277.02845683077174
2025-08-19 16:40:00,246.1185610854809,2025-08-19 14:40:00,214.63615433028002,277.0760962597555
2025-08-19 16:45:00,246.00437803290504,2025-08-19 14:45:00,214.53657707293507,276.9475509183265
2025-08-19 16:50:00,245.70077980894354,2025-08-19 14:50:00,214.27181380207406,276.6057651937731
2025-08-19 16:55:00,245.1810984709274,2025-08-19 14:55:00,213.81860782127742,276.02071676913783
2025-08-19 17:00:00,244.42628185163525,2025-08-19 15:00:00,213.16034403298403,275.1709570381242
2025-08-19 17:05:00,243.42597516423615,2025-08-19 15:05:00,212.2879921892739,274.0448287575724
2025-08-19 17:10:00,242.1792659342704,2025-08-19 15:10:00,211.20075653541772,272.64130467923223
2025-08-19 17:15:00,240.69505548433014,2025-08-19 15:15:00,209.9063997758666,270.97040576090745
2025-08-19 17:20:00,238.9920350346256,2025-08-19 15:20:00,208.4212222319289,269.05317426087936
2025-08-19 17:25:00,237.09826042140995,2025-08-19 15:25:00,206.769690960349,266.921194963132
2025-08-19 17:30:00,235.0503356627211,2025-08-19 15:30:00,204.9837277537379,264.6156760495295
2025-08-19 17:35:00,232.8922317256287,2025-08-19 15:35:00,203.10167900593268,262.18611928804376
2025-08-19 17:40:00,230.67378184937076,2025-08-19 15:40:00,201.16700350679747,259.6886260930953
2025-08-19 17:45:00,228.44890835846223,2025-08-19 15:45:00,199.22672607362114,257.183901301865
2025-08-19 17:50:00,226.2736473155416,2025-08-19 15:50:00,197.32971488170702,254.73502936201544
2025-08-19 17:55:00,224.20404617290646,2025-08-19 15:55:00,195.52484803910232,252.40510754349435
2025-08-19 18:00:00,222.2940154236035,2025-08-19 16:00:00,193.8591400450572,250.25482736381645
2025-08-19 18:05:00,220.59321788126812,2025-08-19 16:05:00,192.37590106392864,248.34009837515313
2025-08-19 18:10:00,219.14507853582373,2025-08-19 16:10:00,191.1130013514092,246.70980769367733
2025-08-19 18:15:00,217.98499387634402,2025-08-19 16:15:00,190.10130963295404,245.40380408565272
2025-08-19 18:20:00,217.13881245433248,2025-08-19 16:20:00,189.36336802674091,244.45118741137819
2025-08-19 18:25:00,216.62164829856567,2025-08-19 16:25:00,188.9123572412817,243.86897278777013
2025-08-19 18:30:00,216.43707637677952,2025-08-19 16:30:00,188.75139495012084,243.66118485279227
2025-08-19 18:35:00,216.57674470920807,2025-08-19 16:35:00,188.87319752210882,243.81842108946512
2025-08-19 18:40:00,217.02042186876443,2025-08-19 16:40:00,189.26012144556816,244.31790530076276
2025-08-19 18:45:00,217.73648194686012,2025-08-19 16:45:00,189.88458625941257,245.1240335758964
2025-08-19 18:50:00,218.68281231001126,2025-08-19 16:50:00,190.7098661935098,246.18939622728507
2025-08-19 18:55:00,219.8081132949159,2025-08-19 16:55:00,191.6912236124658,247.4562409652012
2025-08-19 19:00:00,221.0535440401819,2025-08-19 17:00:00,192.77734431977703,248.8583257471788
2025-08-19 19:05:00,222.35465549463143,2025-08-19 17:05:00,193.91202330419193,250.32309492593458
2025-08-19 19:10:00,223.64354079037324,2025-08-19 17:10:00,195.03604004649193,251.774100102853
2025-08-19 19:15:00,224.85112510714697,2025-08-19 17:15:00,196.0891554744334,253.13357801837665
2025-08-19 19:20:00,225.90951200908643,2025-08-19 17:20:00,197.01215816640396,254.32509201808668
2025-08-19 19:25:00,226.7543014682899,2025-08-19 17:25:00,197.7488858635857,255.2761416442715
2025-08-19 19:30:00,227.32679608877373,2025-08-19 17:30:00,198.24814948341788,255.92064636538547
2025-08-19 19:35:00,227.57601674728102,2025-08-19 17:35:00,198.46549092847488,256.20121475024
2025-08-19 19:40:00,227.46045631086537,2025-08-19 17:40:00,198.36471247618914,256.0711187734762
2025-08-19 19:45:00,226.9495103402378,2025-08-19 17:45:00,197.91912447290173,255.495904477095
2025-08-19 19:50:00,226.02453610055593,2025-08-19 17:50:00,197.11246888063644,254.45458418681883
2025-08-19 19:55:00,224.67950528071503,2025-08-19 17:55:00,195.93948850340234,252.94037133238427
2025-08-19 20:00:00,222.92123106774312,2025-08-19 18:00:00,194.40612501522838,250.96093608403967
2025-08-19 20:05:00,220.76916601064846,2025-08-19 18:05:00,192.52934268038067,248.5381777910976
2025-08-19 20:10:00,218.25478269062899,2025-08-19 18:10:00,190.33658824552217,245.70752775097458
2025-08-19 20:15:00,215.42056424268506,2025-08-19 18:15:00,187.86491058937278,242.51681275556658
2025-08-19 20:20:00,212.3186453211614,2025-08-19 18:20:00,185.15977552997785,239.02472511333653
2025-08-19 20:25:00,209.00915611169856,2025-08-19 18:25:00,182.27362166338688,235.29895836609285
2025-08-19 20:30:00,205.5583314640812,2025-08-19 18:30:00,179.26421136793385,231.41407858286235
2025-08-19 20:35:00,202.03645452670594,2025-08-19 18:35:00,176.1928374799637,227.44920933849733
2025-08-19 20:40:00,198.51570842907958,2025-08-19 18:40:00,173.1224497796821,223.48561317431665
2025-08-19 20:45:00,195.06801109810613,2025-08-19 18:45:00,170.1157667682456,219.6042540710529
2025-08-19 20:50:00,191.76290698190164,2025-08-19 18:50:00,167.23343707301825,215.88342398732783
2025-08-19 20:55:00,188.66558512986828,2025-08-19 18:55:00,164.5323110461491,212.39651164785832
2025-08-19 21:00:00,185.8350867285873,2025-08-19 19:00:00,162.06387758461122,209.20998461780624
2025-08-19 21:05:00,183.32275613960752,2025-08-19 19:05:00,159.87291330444194,206.38164550742633
2025-08-19 21:10:00,181.17097918487366,2025-08-19 19:10:00,157.99638221916476,203.95921155522925
2025-08-19 21:15:00,179.41224040769754,2025-08-19 19:15:00,156.4626135918018,201.97925330839323
2025-08-19 21:20:00,178.0685186115224,2025-08-19 19:20:00,155.2907747936681,200.46651413057052
2025-08-19 21:25:00,177.15102695347264,2025-08-19 19:25:00,154.49064464401425,199.43361760361972
2025-08-19 21:30:00,176.6602913999316,2025-08-19 19:30:00,154.06268182991099,198.88115585156277
2025-08-19 21:35:00,176.58654949794544,2025-08-19 19:35:00,153.99837266856412,198.79813847065913
2025-08-19 21:40:00,176.91044072048922,2025-08-19 19:40:00,154.28083314664232,199.16276970838223
2025-08-19 21:45:00,177.60395072159722,2025-08-19 19:45:00,154.88563239043324,199.9435114898091
2025-08-19 21:50:00,178.63156456056296,2025-08-19 19:50:00,155.7817983746622,201.10038169783962
2025-08-19 21:55:00,179.95157897768308,2025-08-19 19:55:00,156.93296233767916,202.58643151094256
2025-08-19 22:00:00,181.51752094209644,2025-08-19 20:00:00,158.29859587488056,204.3493423802219
2025-08-19 22:05:00,183.27961903338687,2025-08-19 20:05:00,159.83529410763165,206.33308248583688
2025-08-19 22:10:00,185.18627581005234,2025-08-19 20:10:00,161.49805971281944,208.4795643044194
2025-08-19 22:15:00,187.18549283888746,2025-08-19 20:15:00,163.24154566872727,210.73024888295174
2025-08-19 22:20:00,189.22620524983793,2025-08-19 20:20:00,165.02121909948633,213.02764825795705
2025-08-19 22:25:00,191.25948948836728,2025-08-19 20:25:00,166.79441453705732,215.31668512260268
2025-08-19 22:30:00,193.23961554464577,2025-08-19 20:30:00,168.521251553877,217.5458774084511
2025-08-19 22:35:00,195.1249235071587,2025-08-19 20:35:00,170.1653991915738,219.66832509462577
2025-08-19 22:40:00,196.87851285157163,2025-08-19 20:40:00,171.69467707902504,221.64248619750936
2025-08-19 22:45:00,198.4687415101931,2025-08-19 20:45:00,173.08149066304307,223.43273861466938
2025-08-19 22:50:00,199.86953969988744,2025-08-19 20:50:00,174.3031048927979,225.0097334269925
2025-08-19 22:55:00,201.06055076760305,2025-08-19 20:55:00,175.34176704900358,226.3505534601886
2025-08-19 23:00:00,202.02711723310694,2025-08-19 21:00:00,176.18469457200462,227.438697571938
2025-08-19 23:05:00,202.76013491329883,2025-08-19 21:05:00,176.82394784586822,228.26391642752205
2025-08-19 23:10:00,203.25580118104642,2025-08-19 21:10:00,177.2562106588449,228.82192909389485
2025-08-19 23:15:00,203.51528492582412,2025-08-19 21:15:00,177.48250238119476,229.11405148697554
2025-08-19 23:20:00,203.54434584612966,2025-08-19 21:20:00,177.50784595604816,229.14676777751643
2025-08-19 23:25:00,203.3529291831752,2025-08-19 21:25:00,177.3409144729854,228.93127414917495
2025-08-19 23:30:00,202.9547591889062,2025-08-19 21:30:00,176.9936766378433,228.48302113171354
2025-08-19 23:35:00,202.3669507429992,2025-08-19 21:35:00,176.48105806996324,227.82127636601155
2025-08-19 23:40:00,201.6096537073757,2025-08-19 21:40:00,175.82063114931546,226.96872422441683
2025-08-19 23:45:00,200.70573931238016,2025-08-19 21:45:00,175.0323415187815,225.951112749631
2025-08-19 23:50:00,199.6805323141995,2025-08-19 21:50:00,174.1382745028218,224.79695212208114
2025-08-19 23:55:00,198.56158714191054,2025-08-19 21:55:00,173.16245988881096,223.5372626500675
2025-08-20 00:00:00,197.37850125924106,2025-08-19 22:00:00,172.1307091627435,222.20536465560366
2025-08-20 00:05:00,196.1627544394264,2025-08-19 22:05:00,171.07047534334598,220.83669753277962
2025-08-20 00:10:00,194.94755927005065,2025-08-19 22:10:00,170.01072260968294,219.46865144865106
2025-08-20 00:15:00,193.7677057032121,2025-08-19 22:15:00,168.98179073578362,218.1403923404555
2025-08-20 00:20:00,192.6593814308529,2025-08-19 22:20:00,168.01523844277122,216.89265969720896
2025-08-20 00:25:00,191.65994983034312,2025-08-19 22:25:00,167.14364974867402,215.76751657461566
2025-08-20 00:30:00,190.80766883516546,2025-08-19 22:30:00,166.4003887999389,214.8080331044592
2025-08-20 00:35:00,190.1413365771543,2025-08-19 22:35:00,165.81929084156081,214.0578875646535
2025-08-20 00:40:00,189.69985349699863,2025-08-19 22:40:00,165.43428034048938,213.56087341068326
2025-08-20 00:45:00,189.5216951999966,2025-08-19 22:45:00,165.2789112713631,213.36030582556538
2025-08-20 00:50:00,189.64429569501638,2025-08-19 22:50:00,165.38582924883696,213.49832738074502
2025-08-20 00:55:00,190.103346332733,2025-08-19 22:55:00,165.7861601425648,214.01511879266903
2025-08-20 01:00:00,190.9320216337721,2025-08-19 23:00:00,166.50883493401113,214.94802737325776
2025-08-20 01:05:00,192.1601488166225,2025-08-19 23:05:00,167.57986547471032,216.33063209853276
2025-08-20 01:10:00,193.81334302173087,2025-08-19 23:10:00,169.02159032870182,218.1917700585893
2025-08-20 01:15:00,195.91213467178088,2025-08-19 23:15:00,170.85191375705463,220.55455405461817
2025-08-20 01:20:00,198.47111878794354,2025-08-19 23:20:00,173.0835638498514,223.43541491358772
2025-08-20 01:25:00,201.49815842986214,2025-08-19 23:25:00,175.72339785863656,226.8432047345067
2025-08-20 01:30:00,204.99367527292594,2025-08-19 23:30:00,178.77178351993317,230.77839823236712
2025-08-20 01:35:00,208.95005986271215,2025-08-19 23:35:00,182.22208474734998,235.23242881261044
2025-08-20 01:40:00,213.35123223215012,2025-08-19 23:40:00,186.06027845267056,240.18719392139326
2025-08-20 01:45:00,218.17238019428106,2025-08-19 23:45:00,190.26472631505527,245.61476042002056
2025-08-20 01:50:00,223.37989788052482,2025-08-19 23:50:00,194.80612118122335,251.47729539237042
2025-08-20 01:55:00,228.93154168486316,2025-08-19 23:55:00,199.64762306194032,257.727241704207
2025-08-20 02:00:00,234.7768136952062,2025-08-20 00:00:00,204.74519351652583,264.30774966370114
2025-08-20 02:05:00,240.85757557374595,2025-08-20 00:05:00,210.04813100832536,271.1533681175071
2025-08-20 02:10:00,247.10888805587763,2025-08-20 00:10:00,215.49980301861152,278.1909895443907
2025-08-20 02:15:00,253.4600633167194,2025-08-20 00:15:00,221.03856379899506,285.3410347915851
2025-08-20 02:20:00,259.83590982582115,2025-08-20 00:20:00,226.59883998977955,292.5188545110809
2025-08-20 02:25:00,266.1581422345053,2025-08-20 00:25:00,232.11236016069802,299.63631638685024
2025-08-20 02:30:00,272.34692231736966,2025-08-20 00:30:00,237.5094986419379,306.603539900621
2025-08-20 02:35:00,278.32249182045825,2025-08-20 00:35:00,242.72069950553623,313.33073456461705
2025-08-20 02:40:00,284.0068538724704,2025-08-20 00:40:00,247.67794289784226,319.73009282574225
2025-08-20 02:45:00,289.32545695151697,2025-08-20 00:45:00,252.31621360063278,325.71768584675584
2025-08-20 02:50:00,294.208834239502,2025-08-20 00:50:00,256.5749306864721,331.2153090635944
2025-08-20 02:55:00,298.5941515378768,2025-08-20 00:55:00,260.39929743187304,336.15222480263964
2025-08-20 03:00:00,302.4266189383869,2025-08-20 01:00:00,263.74153241331334,340.46675151567086
2025-08-20 03:05:00,305.6607247582404,2025-08-20 01:05:00,266.5619456028307,344.1076529231219
2025-08-20 03:10:00,308.26125521797843,2025-08-20 01:10:00,268.8298276131723,347.0352859501107
2025-08-20 03:15:00,310.2040692306348,2025-08-20 01:15:00,270.5241253793238,349.2224729709165
2025-08-20 03:20:00,311.47660471757,2025-08-20 01:20:00,271.63388370864266,350.65507181074787
2025-08-20 03:25:00,312.0781007578033,2025-08-20 01:25:00,272.1584390138223,351.3322258376872
2025-08-20 03:30:00,312.01952803095446,2025-08-20 01:30:00,272.10735865326745,351.2662856565363
2025-08-20 03:35:00,311.3232286017866,2025-08-20 01:35:00,271.5001267928185,350.4824035843722
2025-08-20 03:40:00,310.02227458047054,2025-08-20 01:40:00,270.36558510338125,349.0178116411644
2025-08-20 03:45:00,308.1595632373282,2025-08-20 01:45:00,268.74114362462336,346.9208028453208
2025-08-20 03:50:00,305.7866738628737,2025-08-20 01:50:00,266.67178385046475,344.2494442861354
2025-08-20 03:55:00,302.96251822584264,2025-08-20 01:55:00,264.20888181459594,341.0700578323572
2025-08-20 04:00:00,299.7518224461187,2025-08-20 02:00:00,261.40888415556094,337.4555110505132
2025-08-20 04:05:00,296.2234824877801,2025-08-20 02:05:00,258.33187396791953,333.48336584690855
2025-08-20 04:10:00,292.4488389125714,2025-08-20 02:10:00,255.04006624168753,329.23393621438464
2025-08-20 04:15:00,288.4999184024643,2025-08-20 02:15:00,251.59627432161787,324.7883085682823
2025-08-20 04:20:00,284.44769011841777,2025-08-20 02:20:00,248.06238930490002,320.22637878474586
2025-08-20 04:25:00,280.36038415172084,2025-08-20 02:25:00,244.49791358883104,315.6249591418029
2025-08-20 04:30:00,276.3019171025685,2025-08-20 02:30:00,240.9585878424739,311.05600586246277
2025-08-20 04:35:00,272.3304665282282,2025-08-20 02:35:00,237.49514780516145,306.5850142526728
2025-08-20 04:40:00,268.497231303291,2025-08-20 02:40:00,234.15224321602676,302.26962313594146
2025-08-20 04:45:00,264.845409653037,2025-08-20 02:45:00,230.9675465728575,298.15846434065736
2025-08-20 04:50:00,261.4094202188843,2025-08-20 02:50:00,227.97107383543616,294.2902857888002
2025-08-20 04:55:00,258.2143846120623,2025-08-20 02:55:00,225.18473316867755,290.69336896365394
2025-08-20 05:00:00,255.27588270467956,2025-08-20 03:00:00,222.62211153578994,287.3852534206467
2025-08-20 05:05:00,252.59998432440202,2025-08-20 03:05:00,220.28850233870904,284.37277246868143
2025-08-20 05:10:00,250.18355352194814,2025-08-20 03:10:00,218.1811707650298,281.65239570931465
2025-08-20 05:15:00,248.01481422211282,2025-08-20 03:15:00,216.28984708343262,279.21086583707233
2025-08-20 05:20:00,246.0741591137277,2025-08-20 03:20:00,214.59743206398787,277.02610927403055
2025-08-20 05:25:00,244.33517716210787,2025-08-20 03:25:00,213.08089305571775,275.06839292587733
2025-08-20 05:30:00,242.76586936133998,2025-08-20 03:30:00,211.71232422518432,273.3016928551918
2025-08-20 05:35:00,241.33001740485977,2025-08-20 03:35:00,210.4601401527304,271.68523510753624
2025-08-20 05:40:00,239.98866587510662,2025-08-20 03:40:00,209.29036842693495,270.17516433539737
2025-08-20 05:45:00,238.70167560257045,2025-08-20 03:45:00,208.16800430478446,268.72629254342087
2025-08-20 05:50:00,237.42930379945406,2025-08-20 03:50:00,207.05838872156832,267.29387797605295
2025-08-20 05:55:00,236.13376588430137,2025-08-20 03:55:00,205.92857033375128,265.8353833931826
2025-08-20 06:00:00,234.78073410645064,2025-08-20 04:00:00,204.74861244596048,264.3121631961002
2025-08-20 06:05:00,233.340729624297,2025-08-20 04:05:00,203.49280702070254,262.6910306055634
2025-08-20 06:10:00,231.7903672314736,2025-08-20 04:10:00,202.1407601846318,260.94565895339355
2025-08-20 06:15:00,230.11341557039168,2025-08-20 04:15:00,200.67831682422474,259.05777525287283
2025-08-20 06:20:00,228.30164030653896,2025-08-20 04:20:00,199.0982959049207,257.01810943005034
2025-08-20 06:25:00,226.35540323812714,2025-08-20 04:25:00,197.40101294529106,254.82706879120846
2025-08-20 06:30:00,224.28399666002892,2025-08-20 04:30:00,195.59457161060834,252.49511444410462
2025-08-20 06:35:00,222.10569924061488,2025-08-20 04:35:00,193.694912442163,250.04282420316534
2025-08-20 06:40:00,219.84754712081764,2025-08-20 04:40:00,191.72561323633144,247.50063489670012
2025-08-20 06:45:00,217.54482171976477,2025-08-20 04:45:00,189.7174423678654,244.90826574718153
2025-08-20 06:50:00,215.24026364100663,2025-08-20 04:50:00,187.70767324978726,242.31383340022657
2025-08-20 06:55:00,212.98302992680962,2025-08-20 04:55:00,185.73917497114005,239.7726780191889
2025-08-20 07:00:00,210.82741946922422,2025-08-20 05:00:00,183.85930074788075,237.34592837458558
2025-08-20 07:05:00,208.83139853463743,2025-08-20 05:05:00,182.11860205586441,235.09884190467903
2025-08-20 07:10:00,207.0549647157086,2025-08-20 05:10:00,180.5694018588719,233.09896288035114
2025-08-20 07:15:00,205.5583932274887,2025-08-20 05:15:00,179.26426523083717,231.4141481150576
2025-08-20 07:20:00,204.40041390322173,2025-08-20 05:20:00,178.25440954234924,230.11051465766076
2025-08-20 07:25:00,203.6363704719395,2025-08-20 05:25:00,177.58809919538288,229.25036753840686
2025-08-20 07:30:00,203.31641559216243,2025-08-20 05:30:00,177.3090715403711,228.89016776851994
2025-08-20 07:35:00,203.4837954451897,2025-08-20 05:35:00,177.4550408967971,229.07860116446045
2025-08-20 07:40:00,204.1732765517944,2025-08-20 05:40:00,178.05632660459716,229.8548072848779
2025-08-20 07:45:00,205.40976466658205,2025-08-20 05:45:00,179.13464858349474,231.24682460533492
2025-08-20 07:50:00,207.20716130373646,2025-08-20 05:50:00,180.70213012695706,233.2703032144114
2025-08-20 07:55:00,209.5674976238642,2025-08-20 05:55:00,182.7605425784355,235.92752975822322
2025-08-20 08:00:00,212.48037818436688,2025-08-20 06:00:00,185.30082023475,239.206801224038
2025-08-20 08:05:00,215.92275868247023,2025-08-20 06:05:00,188.3028665192553,243.0821747271519
2025-08-20 08:10:00,219.8590723948189,2025-08-20 06:10:00,191.73566424783712,247.51360985443802
2025-08-20 08:15:00,224.24170990301695,2025-08-20 06:15:00,195.55769399006596,252.44750873121288
2025-08-20 08:20:00,229.01184614805328,2025-08-20 06:20:00,199.71765533044808,257.8176471050627
2025-08-20 08:25:00,234.1005981121151,2025-08-20 06:25:00,204.15547646465967,263.5464776443681
2025-08-20 08:30:00,239.4304861192332,2025-08-20 06:30:00,208.8035885770232,269.5467750457537
2025-08-20 08:35:00,244.91716160937733,2025-08-20 06:35:00,213.5884326053195,275.72358113282166
2025-08-20 08:40:00,250.47135564466876,2025-08-20 06:40:00,218.4321585026324,281.9763984513549
2025-08-20 08:45:00,256.00099434071967,2025-08-20 06:45:00,223.25447007199045,288.2015717859923
2025-08-20 08:50:00,261.41342146341754,2025-08-20 06:50:00,227.97456325831985,294.2947903219429
2025-08-20 08:55:00,266.61766399046866,2025-08-20 06:55:00,232.51310190929297,300.15363817569545
2025-08-20 09:00:00,271.52667393897525,2025-08-20 07:00:00,236.79417283815556,305.680118206432
2025-08-20 09:05:00,276.05947970042865,2025-08-20 07:05:00,240.74716196938402,310.78307395242723
2025-08-20 09:10:00,280.14318175386495,2025-08-20 07:10:00,244.30849476896842,315.3804363710263
2025-08-20 09:15:00,283.71473206018277,2025-08-20 07:15:00,247.42318802641412,319.40122705054836
2025-08-20 09:20:00,286.72244226229026,2025-08-20 07:20:00,250.0461651325418,322.7872561163982
2025-08-20 09:25:00,289.12717426840453,2025-08-20 07:25:00,252.14329436859336,325.4944625695256
2025-08-20 09:30:00,290.90317634842785,2025-08-20 07:30:00,253.69211805282737,327.4938555495258
2025-08-20 09:35:00,292.0385391338842,2025-08-20 07:35:00,254.68225021094378,328.7720276916244
2025-08-20 09:40:00,292.53525812261887,2025-08-20 07:40:00,255.11543108545652,329.3312254934061
2025-08-20 09:45:00,292.40890194905046,2025-08-20 07:45:00,255.00523783936,329.18897585909883
2025-08-20 09:50:00,291.68789877426,2025-08-20 07:50:00,254.37646222806754,328.37728272965444
2025-08-20 09:55:00,290.41246556439063,2025-08-20 07:55:00,253.26417683982163,326.9414216825556
2025-08-20 10:00:00,288.633217088642,2025-08-20 08:00:00,251.7125220245635,324.93837396538106
2025-08-20 10:05:00,286.4095019322259,2025-08-20 08:05:00,249.7732547568122,322.43495320745035
2025-08-20 10:10:00,283.8075220171735,2025-08-20 08:10:00,247.5041086991221,319.50568840828464
2025-08-20 10:15:00,280.8982990905418,2025-08-20 08:15:00,244.96702080819773,316.23053464456456
2025-08-20 10:20:00,277.7555566150837,2025-08-20 08:20:00,242.2262841648185,312.692488538618
2025-08-20 10:25:00,274.4535878033376,2025-08-20 08:25:00,239.34668871965596,308.97518812740554
2025-08-20 10:30:00,271.0651805477036,2025-08-20 08:30:00,236.39171165719253,305.1605767840408
2025-08-20 10:35:00,267.6596671724557,2025-08-20 08:35:00,233.42181661490164,301.3267076617264
2025-08-20 10:40:00,264.3011619551817,2025-08-20 08:40:00,230.49291665321405,297.54575952532355
2025-08-20 10:45:00,261.04704172915615,2025-08-20 08:45:00,227.65504921257056,293.88232623930685
2025-08-20 10:50:00,257.94671558768835,2025-08-20 08:50:00,224.95130319179333,290.3920317218137
2025-08-20 10:55:00,255.04071840165082,2025-08-20 08:55:00,222.41702841887573,287.120509442072
2025-08-20 11:00:00,252.36015060379702,2025-08-20 09:00:00,220.07934709563293,284.10277173909975
2025-08-20 11:05:00,249.926473418927,2025-08-20 09:05:00,217.95697522112638,281.36297929530264
2025-08-20 11:10:00,247.75165535369126,2025-08-20 09:10:00,216.0603503431348,278.9146060522077
2025-08-20 11:15:00,245.838652530801,2025-08-20 09:15:00,214.3920504501189,276.76097996255965
2025-08-20 11:20:00,244.1821930360276,2025-08-20 09:20:00,212.94747798799338,274.8961659948524
2025-08-20 11:25:00,242.76982435706947,2025-08-20 09:25:00,211.71577331520834,273.3061453222167
2025-08-20 11:30:00,241.58317345259837,2025-08-20 09:30:00,210.68091358929047,271.970233886753
2025-08-20 11:35:00,240.59936171403234,2025-08-20 09:35:00,209.8229467329124,270.8626753394652
2025-08-20 11:40:00,239.79251201172477,2025-08-20 09:40:00,209.1193057053441,269.9543376472662
2025-08-20 11:45:00,239.1352826461623,2025-08-20 09:45:00,208.54614623734173,269.21443998918556
2025-08-20 11:50:00,238.60036322022657,2025-08-20 09:50:00,208.07965135799157,268.61223678395754
2025-08-20 11:55:00,238.16187036667756,2025-08-20 09:55:00,207.69724858685566,268.1185889763184
2025-08-20 12:00:00,237.79658665692656,2025-08-20 10:00:00,207.378690366969,267.7073587794624
2025-08-20 12:05:00,237.48499374462298,2025-08-20 10:05:00,207.1069550532306,267.35657277054656
2025-08-20 12:10:00,237.2120604666332,2025-08-20 10:10:00,206.86893420296187,267.049309121388
2025-08-20 12:15:00,236.96775790062875,2025-08-20 10:15:00,206.65588174958756,266.77427744154954
2025-08-20 12:20:00,236.7472856627548,2025-08-20 10:20:00,206.4636113532991,266.526073540412
2025-08-20 12:25:00,236.55100673752855,2025-08-20 10:25:00,206.29243956722638,266.30510605978037
2025-08-20 12:30:00,236.38410094300883,2025-08-20 10:30:00,206.14688362982307,266.1172063508568
2025-08-20 12:35:00,236.25595968015676,2025-08-20 10:35:00,206.0351336352339,265.97294709334994
2025-08-20 12:40:00,236.17935582367576,2025-08-20 10:40:00,205.96832860805745,265.8867077726803
2025-08-20 12:45:00,236.1694325759879,2025-08-20 10:45:00,205.9596746986863,265.875536348959
2025-08-20 12:50:00,236.24256282056413,2025-08-20 10:50:00,206.02345044315615,265.9578651363383
2025-08-20 12:55:00,236.415136168015,2025-08-20 10:55:00,206.17394896497993,266.15214528010017
2025-08-20 13:00:00,236.7023338234109,2025-08-20 11:00:00,206.4244095560665,266.4754675230919
2025-08-20 13:05:00,237.11695181760314,2025-08-20 11:05:00,206.78599143512943,266.9422374195319
2025-08-20 13:10:00,237.66833068024724,2025-08-20 11:10:00,207.2668403322422,267.562970379077
2025-08-20 13:15:00,238.36144483047843,2025-08-20 11:15:00,207.8712943606641,268.3432665183095
2025-08-20 13:20:00,239.19619747840187,2025-08-20 11:20:00,208.59926911143913,269.2830168728095
2025-08-20 13:25:00,240.16695753993233,2025-08-20 11:25:00,209.4458538040579,270.3758820637462
2025-08-20 13:30:00,241.26236396757557,2025-08-20 11:30:00,210.40114064638732,271.60907201679413
2025-08-20 13:35:00,242.46541065366858,2025-08-20 11:35:00,211.4502988774608,272.96344154475963
2025-08-20 13:40:00,243.75381217873303,2025-08-20 11:40:00,212.57389373090646,274.4139021008653
2025-08-20 13:45:00,245.10063775545913,2025-08-20 11:45:00,213.74843928759753,275.93013546212103
2025-08-20 13:50:00,246.47518814669118,2025-08-20 11:50:00,214.9471632221356,277.4775809486994
2025-08-20 13:55:00,247.84407901352714,2025-08-20 11:55:00,216.14095157381325,279.0186550388279
2025-08-20 14:00:00,249.17248423715404,2025-08-20 12:00:00,217.2994330281742,280.51415107939584
2025-08-20 14:05:00,250.42548484469114,2025-08-20 12:05:00,218.39215529417942,281.9247578837599
2025-08-20 14:10:00,251.56946376575956,2025-08-20 12:10:00,219.38980144963435,283.2126299250035
2025-08-20 14:15:00,252.57348367872555,2025-08-20 12:15:00,220.2653915393846,284.34293849183706
2025-08-20 14:20:00,253.4105851949855,2025-08-20 12:20:00,220.99541470156163,285.2853331624197
2025-08-20 14:25:00,254.0589452540018,2025-08-20 12:25:00,221.5608393858067,286.0152459058174
2025-08-20 14:30:00,254.5028410976589,2025-08-20 12:30:00,221.94795402025585,286.5149763079617
2025-08-20 14:35:00,254.73337301382725,2025-08-20 12:35:00,222.14899730491726,286.77450522408043
2025-08-20 14:40:00,254.74890918239413,2025-08-20 12:40:00,222.16254615494918,286.7919955788036
2025-08-20 14:45:00,254.55522774177868,2025-08-20 12:45:00,221.99363959464955,286.5739523022339
2025-08-20 14:50:00,254.16534424415318,2025-08-20 12:50:00,221.65362828384835,286.1350280819649
2025-08-20 14:55:00,253.5990264284136,2025-08-20 12:55:00,221.1597513589916,285.49747710273186
2025-08-20 15:00:00,252.8820120570008,2025-08-20 13:00:00,220.53445432084527,284.6902745003885
2025-08-20 15:05:00,252.04495886148158,2025-08-20 13:05:00,219.8044732984318,283.7479342284752
2025-08-20 15:10:00,251.12216785270965,2025-08-20 13:10:00,218.99972166775498,282.7090717824798
2025-08-20 15:15:00,250.15013179112958,2025-08-20 13:15:00,218.1520241954159,281.61477009235745
2025-08-20 15:20:00,249.16596903432045,2025-08-20 13:20:00,217.2937512215087,280.5068163746929
2025-08-20 15:25:00,248.20580889863925,2025-08-20 13:25:00,216.45641055872025,279.4258844002597
2025-08-20 15:30:00,247.30319775941956,2025-08-20 13:30:00,215.66925747719992,278.40974010869326
2025-08-20 15:35:00,246.48759525244668,2025-08-20 13:35:00,214.9579832653456,277.4915486576501
2025-08-20 15:40:00,245.78302709602826,2025-08-20 13:40:00,214.34354037696588,276.69835779277446
2025-08-20 15:45:00,245.20695527920185,2025-08-20 13:45:00,213.84115714005617,276.04982592476927
2025-08-20 15:50:00,244.76941784207887,2025-08-20 13:50:00,213.45958757266794,275.5572537087167
2025-08-20 15:55:00,244.4724797572095,2025-08-20 13:55:00,213.20063250512055,275.22296585564465
2025-08-20 16:00:00,244.3100235414095,2025-08-20 14:00:00,213.05895697584484,275.0400754068769
2025-08-20 16:05:00,244.26789423557594,2025-08-20 14:05:00,213.02221666601676,274.9926469498478
2025-08-20 16:10:00,244.32439832169837,2025-08-20 14:10:00,213.07149299729295,275.0562582904005
2025-08-20 16:15:00,244.45114115861244,2025-08-20 14:15:00,213.18202344645601,275.1989432237357
2025-08-20 16:20:00,244.61417279931345,2025-08-20 14:20:00,213.32420079480346,275.3824814760846
2025-08-20 16:25:00,244.77539854381232,2025-08-20 14:25:00,213.4648032492695,275.5639866811585
2025-08-20 16:30:00,244.89419875452273,2025-08-20 14:30:00,213.5684070581332,275.69772994080256
2025-08-20 16:35:00,244.92919275753496,2025-08-20 14:35:00,213.59892478177844,275.7371255950936
2025-08-20 16:40:00,244.8400746899103,2025-08-20 14:40:00,213.52120630645524,275.63679798804617
2025-08-20 16:45:00,244.58944503387983,2025-08-20 14:45:00,213.30263609665778,275.3546433777089
2025-08-20 16:50:00,244.1445607175243,2025-08-20 14:50:00,212.91465943060194,274.8538001697878
2025-08-20 16:55:00,243.47892889962444,2025-08-20 14:55:00,212.33417231510853,274.1044431735638
2025-08-20 17:00:00,242.5736750760886,2025-08-20 15:00:00,211.54471458985785,273.08532379287476
2025-08-20 17:05:00,241.41862449486783,2025-08-20 15:05:00,210.53741301245233,271.78498746466073
2025-08-20 17:10:00,240.01304687936278,2025-08-20 15:10:00,209.31163072007192,270.20261205592845
2025-08-20 17:15:00,238.36602771820364,2025-08-20 15:15:00,207.875291025494,268.3484258554798
2025-08-20 17:20:00,236.4964441687004,2025-08-20 15:20:00,206.24485640286852,266.24368044642506
2025-08-20 17:25:00,234.43253956787905,2025-08-20 15:25:00,204.4449574254362,263.92017169793405
2025-08-20 17:30:00,232.2111067939591,2025-08-20 15:30:00,202.50768058782367,261.41932040745604
2025-08-20 17:35:00,229.8763068399079,2025-08-20 15:35:00,200.47153800248648,258.7908422708913
2025-08-20 17:40:00,227.47816392365488,2025-08-20 15:40:00,198.3801550088236,256.0910537032278
2025-08-20 17:45:00,225.07079210341098,2025-08-20 15:45:00,196.28072363208653,253.38087539218503
2025-08-20 17:50:00,222.7104197269817,2025-08-20 15:50:00,194.22227973647054,250.7236082568013
2025-08-20 17:55:00,220.45328687983258,2025-08-20 15:55:00,192.25386942240087,248.1825664301731
2025-08-20 18:00:00,218.35349683629852,2025-08-20 16:00:00,190.42267531067913,245.81865845971552
2025-08-20 18:05:00,216.46090513488085,2025-08-20 16:05:00,188.77217563800875,243.68801086398102
2025-08-20 18:10:00,214.8191292291983,2025-08-20 16:10:00,187.34040850466596,241.8397274315021
2025-08-20 18:15:00,213.46375762892728,2025-08-20 16:15:00,186.1584100942754,240.3138731020759
2025-08-20 18:20:00,212.42083024142008,2025-08-20 16:20:00,185.24888940346278,239.1397631611661
2025-08-20 18:25:00,211.70565160990466,2025-08-20 16:25:00,184.6251932854185,238.334627203623
2025-08-20 18:30:00,211.3219861709629,2025-08-20 16:30:00,184.29060464650922,237.90270316821938
2025-08-20 18:35:00,211.26167017410108,2025-08-20 16:35:00,184.2380040073948,237.83480044329372
2025-08-20 18:40:00,211.50465899898535,2025-08-20 16:40:00,184.4499107676504,238.10835313569018
2025-08-20 18:45:00,212.01951192525814,2025-08-20 16:45:00,184.89890596595447,238.6879658163853
2025-08-20 18:50:00,212.76429970741742,2025-08-20 16:50:00,185.54842376197035,239.5264352528736
2025-08-20 18:55:00,213.68790408332507,2025-08-20 16:55:00,186.35388471742664,240.56621337377703
2025-08-20 19:00:00,214.731663431755,2025-08-20 17:00:00,187.26413094837008,241.74125992216455
2025-08-20 19:05:00,215.83130559296163,2025-08-20 17:05:00,188.22311170780517,242.97921839212304
2025-08-20 19:10:00,216.91909807797148,2025-08-20 17:10:00,189.17175854964495,244.20383669786125
2025-08-20 19:15:00,217.9261377586058,2025-08-20 17:15:00,190.04998213162935,245.3375448678514
2025-08-20 19:20:00,218.78469703275948,2025-08-20 17:20:00,190.79871826943307,246.30409631785557
2025-08-20 19:25:00,219.43054168602916,2025-08-20 17:25:00,191.361949307601,247.03117726018257
2025-08-20 19:30:00,219.80513696022712,2025-08-20 17:30:00,191.68862799745497,247.4528902581554
2025-08-20 19:35:00,219.85766303391623,2025-08-20 17:35:00,191.73443516619906,247.51202321986884
2025-08-20 19:40:00,219.54676858540995,2025-08-20 17:40:00,191.46330897183276,247.16202352963407
2025-08-20 19:45:00,218.8420013548101,2025-08-20 17:45:00,190.84869247396765,246.3686085504258
2025-08-20 19:50:00,217.72486700768633,2025-08-20 17:50:00,189.8744570523099,245.11095767463004
2025-08-20 19:55:00,216.18948171599294,2025-08-20 17:55:00,188.53547151228847,243.38244698855752
2025-08-20 20:00:00,214.24279909902063,2025-08-20 18:00:00,186.83779999671583,241.19090475871295
2025-08-20 20:05:00,211.90440795969192,2025-08-20 18:05:00,184.7985255947694,238.55838372675154
2025-08-20 20:10:00,209.20591282408108,2025-08-20 18:10:00,182.4452101201786,235.52046373139083
2025-08-20 20:15:00,206.18992434911814,2025-08-20 18:15:00,179.81501366154717,232.1251151265495
2025-08-20 20:20:00,202.90870017380544,2025-08-20 18:20:00,176.95350928992013,228.4311686747294
2025-08-20 20:25:00,199.4224888237022,2025-08-20 18:25:00,173.91323880374233,224.50645114280962
2025-08-20 20:30:00,195.79763873107072,2025-08-20 18:30:00,170.75206363485307,220.42565646904134
2025-08-20 20:35:00,192.10454178076526,2025-08-20 18:35:00,167.53137144696424,216.2680306419342
2025-08-20 20:40:00,188.41548489384004,2025-08-20 18:40:00,164.31420253526946,212.11495304956847
2025-08-20 20:45:00,184.80248476740368,2025-08-20 18:45:00,161.1633615368785,208.0474988664957
2025-08-20 20:50:00,181.3351794958332,2025-08-20 18:50:00,158.13957874659752,204.14406547670777
2025-08-20 20:55:00,178.07884659963142,2025-08-20 18:55:00,155.2997816708411,200.4781412041843
2025-08-20 21:00:00,175.09261047894904,2025-08-20 19:00:00,152.6955317758369,197.11628729451039
2025-08-20 21:05:00,172.4278933811763,2025-08-20 19:05:00,150.37167360064856,194.11639404049828
2025-08-20 21:10:00,170.1271536422982,2025-08-20 19:10:00,148.36523439716186,191.5262603157337
2025-08-20 21:15:00,168.22294288827723,2025-08-20 19:15:00,146.7046019301312,189.3825321879038
2025-08-20 21:20:00,166.7373015282372,2025-08-20 19:20:00,145.40899729622367,187.7100223752897
2025-08-20 21:25:00,165.68149880820658,2025-08-20 19:25:00,144.48824822894747,186.5214176036857
2025-08-20 21:30:00,165.05611123915835,2025-08-20 19:30:00,143.94285749452067,185.8173668993543
2025-08-20 21:35:00,164.8514213266845,2025-08-20 19:35:00,143.76435061779497,185.58693047212233
2025-08-20 21:40:00,165.0481079109786,2025-08-20 19:40:00,143.93587791697573,185.80835688840935
2025-08-20 21:45:00,165.6181903959249,2025-08-20 19:45:00,144.4330379510677,186.45014606830028
2025-08-20 21:50:00,166.5261819637681,2025-08-20 19:50:00,145.22488322038282,187.47234755503573
2025-08-20 21:55:00,167.73040186008922,2025-08-20 19:55:00,146.27506458977822,188.82803786315148
2025-08-20 22:00:00,169.18439393297726,2025-08-20 20:00:00,147.54306837451924,190.46491744578697
2025-08-20 22:05:00,170.83839802130004,2025-08-20 20:05:00,148.98549951501684,192.3269671586121
2025-08-20 22:10:00,172.6408223545264,2025-08-20 20:10:00,150.55736563372318,194.35610586254145
2025-08-20 22:15:00,174.53966858768507,2025-08-20 20:15:00,152.21331978586926,196.49379470388982
2025-08-20 22:20:00,176.48386639814717,2025-08-20 20:20:00,153.90882434048106,198.68253958076446
2025-08-20 22:25:00,178.4244812571098,2025-08-20 20:25:00,155.60120425903287,200.86725083168992
2025-08-20 22:30:00,180.31576670690282,2025-08-20 20:30:00,157.25056477005666,202.99642787152936
2025-08-20 22:35:00,182.1160409671357,2025-08-20 20:35:00,158.82055584367572,205.02314605979717
2025-08-20 22:40:00,183.78837625956533,2025-08-20 20:40:00,160.27897334105916,206.90583273088853
2025-08-20 22:45:00,185.30109795042063,2025-08-20 20:45:00,161.5981943086497,208.60882912003152
2025-08-20 22:50:00,186.62809842972396,2025-08-20 20:50:00,162.7554507074192,210.1027437232966
2025-08-20 22:55:00,187.74897803912634,2025-08-20 20:55:00,163.73295231383315,211.36461095176017
2025-08-20 23:00:00,188.64903117541877,2025-08-20 21:00:00,164.51787460094022,212.37787548707345
2025-08-20 23:05:00,189.3191005088229,2025-08-20 21:05:00,165.1022316044194,213.1322281628902
2025-08-20 23:10:00,189.75532531327195,2025-08-20 21:10:00,165.48265644534757,213.6233226393707
2025-08-20 23:15:00,189.9588115361702,2025-08-20 21:15:00,165.66011360318828,213.8524039733206
2025-08-20 23:20:00,189.93525117478396,2025-08-20 21:20:00,165.639566979885,213.82588011859556
2025-08-20 23:25:00,189.69451711143827,2025-08-20 21:25:00,165.4296265619623,213.5548657984468
2025-08-20 23:30:00,189.2502567006672,2025-08-20 21:30:00,165.04219399422524,213.05472497283694
2025-08-20 23:35:00,188.61950348674623,2025-08-20 21:35:00,164.49212396468187,212.34463371663207
2025-08-20 23:40:00,187.822321677806,2025-08-20 21:40:00,163.79691415596875,211.44717997459705
2025-08-20 23:45:00,186.88149266018587,2025-08-20 21:45:00,162.97643185941337,210.3880106445783
2025-08-20 23:50:00,185.82224727023544,2025-08-20 21:50:00,162.0526804934525,209.19553017364512
2025-08-20 23:55:00,184.6720420894145,2025-08-20 21:55:00,161.0496045140816,207.90064871491222
2025-08-21 00:00:00,183.46037292212952,2025-08-20 22:00:00,159.99292675178845,206.53657214405567
2025-08-21 00:05:00,182.21861422704018,2025-08-20 22:05:00,158.9100083821024,205.13862129380482
2025-08-21 00:10:00,180.97986975298912,2025-08-20 22:10:00,157.82971866752106,203.74406380240862
2025-08-21 00:15:00,179.77881724855217,2025-08-20 22:15:00,156.78229953113353,202.3919392902845
2025-08-21 00:20:00,178.65152897549487,2025-08-20 22:20:00,155.7992090292083,201.12285729711604
2025-08-21 00:25:00,177.63524982003952,2025-08-20 22:25:00,154.91292784549375,199.9787474832856
2025-08-21 00:30:00,176.7681163203543,2025-08-20 22:30:00,154.15671425947838,199.00254331579333
2025-08-21 00:35:00,176.08880246467214,2025-08-20 22:35:00,153.56429525246065,198.23778331379495
2025-08-21 00:40:00,175.63608197631166,2025-08-20 22:40:00,153.16948478315,197.72811827651168
2025-08-21 00:45:00,175.44830132629525,2025-08-20 22:45:00,153.0057242101993,197.5167180097858
2025-08-21 00:50:00,175.56276315391398,2025-08-20 22:50:00,153.10554458290645,197.6455771914236
2025-08-21 00:55:00,176.01502537043038,2025-08-20 22:55:00,153.49995540049713,198.1547263140476
2025-08-21 01:00:00,176.83812717114503,2025-08-20 23:00:00,154.21776962933282,199.08136034262532
2025-08-21 01:05:00,178.0617587269763,2025-08-20 23:05:00,155.28487960390146,200.45890396735106
2025-08-21 01:10:00,179.71139661480782,2025-08-20 23:10:00,156.72350304912268,202.31603828581393
2025-08-21 01:15:00,181.8074313242659,2025-08-20 23:15:00,158.55142219263098,204.6757185649453
2025-08-21 01:20:00,184.364316795706,2025-08-20 23:20:00,160.7812420901326,207.5542168053273
2025-08-21 01:25:00,187.38977402003886,2025-08-20 23:25:00,163.4196960972484,210.9602251674023
2025-08-21 01:30:00,190.88408180193252,2025-08-20 23:30:00,166.46702735517633,214.89405752473075
2025-08-21 01:35:00,194.83948722495077,2025-08-20 23:35:00,169.9164746665431,219.34698577565584
2025-08-21 01:40:00,199.23976644119463,2025-08-20 23:40:00,173.75388946690842,224.30074538774105
2025-08-21 01:45:00,204.05996314329587,2025-08-20 23:45:00,177.9575077502738,229.7272409739821
2025-08-21 01:50:00,209.26632731937468,2025-08-20 23:50:00,182.49789665823747,235.58847734417822
2025-08-21 01:55:00,214.81647137975,2025-08-20 23:55:00,187.33809063566065,241.83673526973124
2025-08-21 02:00:00,220.65975374949986,2025-08-21 00:00:00,192.43392595575028,248.4150033256355
2025-08-21 02:05:00,226.73789299077345,2025-08-21 00:05:00,197.73457628653873,255.25766925894723
2025-08-21 02:10:00,232.9858074497795,2025-08-21 00:10:00,203.18328493391232,262.29146524910425
2025-08-21 02:15:00,239.3326678324687,2025-08-21 00:15:00,208.71828277642973,269.43665287975375
2025-08-21 02:20:00,245.7031422609221,2025-08-21 00:20:00,214.27387405955824,276.60842480208925
2025-08-21 02:25:00,252.01880630509234,2025-08-21 00:25:00,219.7816660623398,283.7184921246388
2025-08-21 02:30:00,258.19968417703484,2025-08-21 00:30:00,225.17191314881657,290.6768194635562
2025-08-21 02:35:00,264.16588170147145,2025-08-21 00:35:00,230.37494085616265,297.39346331314937
2025-08-21 02:40:00,269.83926795834554,2025-08-21 00:40:00,235.32261242890027,303.78046521050913
2025-08-21 02:45:00,275.1451594083607,2025-08-21 00:45:00,239.94979751848655,309.7537476954397
2025-08-21 02:50:00,280.01395944890425,2025-08-21 00:50:00,244.19580201443526,315.2349600946728
2025-08-21 02:55:00,284.3827064927357,2025-08-21 00:55:00,248.00571809956986,320.15322132256426
2025-08-21 03:00:00,288.1964858130059,2025-08-21 01:00:00,251.33165549802087,324.4467093122395
2025-08-21 03:05:00,291.4096636795378,2025-08-21 01:05:00,254.1338177462068,328.0640503852587
2025-08-21 03:10:00,293.98690718735384,2025-08-21 01:10:00,256.38139156937,330.965467357254
2025-08-21 03:15:00,295.9039592228537,2025-08-21 01:15:00,258.05322271748,333.1236519816905
2025-08-21 03:20:00,297.1481449447856,2025-08-21 01:20:00,259.1382576593809,334.5243351375427
2025-08-21 03:25:00,297.71859411116543,2025-08-21 01:25:00,259.63573747062577,335.16653712116414
2025-08-21 03:30:00,297.62617166015264,2025-08-21 01:30:00,259.5551372941431,335.06248949541646
2025-08-21 03:35:00,296.89311767749166,2025-08-21 01:35:00,258.915852361463,334.23722977112925
2025-08-21 03:40:00,295.5524061867296,2025-08-21 01:40:00,257.7466388036784,332.7278795440169
2025-08-21 03:45:00,293.64684043965906,2025-08-21 01:45:00,256.08482466836546,330.58262598802344
2025-08-21 03:50:00,291.2279098983445,2025-08-21 01:50:00,253.9753131114557,327.85943506510006
2025-08-21 03:55:00,288.35444085774014,2025-08-21 01:55:00,251.46940562628953,324.6245324190644
2025-08-21 04:00:00,285.0910784369556,2025-08-21 02:00:00,248.62347821190053,320.9506944271475
2025-08-21 04:05:00,281.50664222901173,2025-08-21 02:05:00,245.4975473608418,316.915397018415
2025-08-21 04:10:00,277.67240116341,2025-08-21 02:10:00,242.1537655937683,312.5988735433456
2025-08-21 04:15:00,273.66031516026504,2025-08-21 02:15:00,238.65488803345994,308.0821352579153
2025-08-21 04:20:00,269.54129161928995,2025-08-21 02:20:00,235.06275191608793,303.4450085085068
2025-08-21 04:25:00,265.3835039616024,2025-08-21 02:25:00,231.4368102177777,298.7642417748311
2025-08-21 04:30:00,261.2508173551465,2025-08-21 02:30:00,227.8327587543293,294.111733378343
2025-08-21 04:35:00,257.20136322897747,2025-08-21 02:35:00,224.30129303738184,289.55292669463176
2025-08-21 04:40:00,253.2862997646792,2025-08-21 02:40:00,220.8870273183323,285.1454147357096
2025-08-21 04:45:00,249.5487900043177,2025-08-21 02:45:00,217.62760341223662,280.9377897213003
2025-08-21 04:50:00,246.02322301289024,2025-08-21 02:50:00,214.55301148574253,276.9687662767512
2025-08-21 04:55:00,242.73469650720395,2025-08-21 02:55:00,211.6851388658122,273.26659898541135
2025-08-21 05:00:00,239.69877223737478,2025-08-21 03:00:00,209.03755671174713,269.84880700127746
2025-08-21 05:05:00,236.92150774762547,2025-08-21 03:05:00,206.61554771328397,266.72220980476084
2025-08-21 05:10:00,234.39976070476695,2025-08-21 03:10:00,204.4163714907116,263.8832698105231
2025-08-21 05:15:00,232.1217546101348,2025-08-21 03:15:00,202.42975794341817,261.31872923636706
2025-08-21 05:20:00,230.06788774302441,2025-08-21 03:20:00,200.63861271683024,259.0065207980179
2025-08-21 05:25:00,228.21176072815823,2025-08-21 03:25:00,199.01991332795703,256.9169245271264
2025-08-21 05:30:00,226.5213923196804,2025-08-21 03:30:00,197.54576943162948,255.01393648024288
2025-08-21 05:35:00,224.9605881098728,2025-08-21 03:35:00,196.184616450001,253.25680960784464
2025-08-21 05:40:00,223.49042275078685,2025-08-21 03:40:00,194.90250819488972,251.60172241427708
2025-08-21 05:45:00,222.07079332536648,2025-08-21 03:45:00,193.66447153848125,250.00352771658282
2025-08-21 05:50:00,220.66199951402865,2025-08-21 03:50:00,192.43588445193143,248.4175315692024
2025-08-21 05:55:00,219.2263054050484,2025-08-21 03:55:00,191.18383803581764,246.80125152358156
2025-08-21 06:00:00,217.7294381433937,2025-08-21 04:00:00,189.8784434683885,245.1161037815782
2025-08-21 06:05:00,216.14197999521576,2025-08-21 04:05:00,188.49404600327068,243.32897035802418
2025-08-21 06:10:00,214.44061306064373,2025-08-21 04:10:00,187.0103104640628,241.41360035725077
2025-08-21 06:15:00,212.6091794761462,2025-08-21 04:15:00,185.41314583026121,239.35180353090195
2025-08-21 06:20:00,210.63952456578656,2025-08-21 04:20:00,183.69544053630526,237.13439948329838
2025-08-21 06:25:00,208.5320959138332,2025-08-21 04:25:00,181.85758491344708,234.76189209720818
2025-08-21 06:30:00,206.29627769674084,2025-08-21 04:30:00,179.9077627554522,232.2448459191134
2025-08-21 06:35:00,203.9504465207953,2025-08-21 04:35:00,177.86200001373786,229.6039490202823
2025-08-21 06:40:00,201.52174246130528,2025-08-21 04:40:00,175.7439651242269,226.86975523657983
2025-08-21 06:45:00,199.0455568211417,2025-08-21 04:45:00,173.5845222895681,224.08210749573067
2025-08-21 06:50:00,196.56474596424917,2025-08-21 04:50:00,171.42104587561622,221.28925276443772
2025-08-21 06:55:00,194.12858851172655,2025-08-21 04:55:00,169.2965109984157,218.54666807743948
2025-08-21 07:00:00,191.79151066907147,2025-08-21 05:00:00,167.25838190199306,215.91562553256966
2025-08-21 07:05:00,189.61161166944387,2025-08-21 05:05:00,165.3573260204499,213.46153225982547
2025-08-21 07:10:00,187.64902764424664,2025-08-21 05:10:00,163.64578713504227,211.25208849465352
2025-08-21 07:15:00,185.96417781392216,2025-08-21 05:15:00,162.17645590455749,209.35531316933347
2025-08-21 07:20:00,184.61594139086293,2025-08-21 05:20:00,161.00067997080765,207.83749150123617
2025-08-21 07:25:00,183.659816740822,2025-08-21 05:25:00,160.16685859203773,206.76110260800252
2025-08-21 07:30:00,183.1461163158624,2025-08-21 05:30:00,159.71886847213423,206.18278739371297
2025-08-21 07:35:00,183.118251120794,2025-08-21 05:35:00,159.6945676705906,206.15141723033716
2025-08-21 07:40:00,183.61115740257745,2025-08-21 05:40:00,160.1244235429012,206.70632275138414
2025-08-21 07:45:00,184.64991542173578,2025-08-21 05:45:00,161.03030819267556,207.8757388882148
2025-08-21 07:50:00,186.24860583539618,2025-08-21 05:50:00,162.4245011411447,209.67551740549237
2025-08-21 07:55:00,188.40944344217988,2025-08-21 05:55:00,164.30893387960532,212.1081516858909
2025-08-21 08:00:00,191.12222079445718,2025-08-21 06:00:00,166.67470465235436,215.16215035822106
2025-08-21 08:05:00,194.3640857721637,2025-08-21 06:05:00,169.50188448228712,218.81178689380997
2025-08-21 08:10:00,198.09966787671613,2025-08-21 06:10:00,172.7596273098493,223.01724178604667
2025-08-21 08:15:00,202.2815577911687,2025-08-21 06:15:00,176.4065882099617,227.7251424310619
2025-08-21 08:20:00,206.85113426338177,2025-08-21 06:20:00,180.39164450392119,232.8694940187566
2025-08-21 08:25:00,211.7397216262828,2025-08-21 06:25:00,184.65490521474686,238.37298264945335
2025-08-21 08:30:00,216.87005089087074,2025-08-21 06:30:00,189.12898526357668,244.14862020758738
2025-08-21 08:35:00,222.15798738647834,2025-08-21 06:35:00,193.74051211776526,250.10168930977335
2025-08-21 08:40:00,227.51447902673374,2025-08-21 06:40:00,198.41182484320984,256.1319366295377
2025-08-21 08:45:00,232.84767159296248,2025-08-21 06:45:00,203.06281880997776,262.13595424744904
2025-08-21 08:50:00,238.06513111213866,2025-08-21 06:50:00,207.61288379341858,268.00968156647286
2025-08-21 08:55:00,243.07610923543712,2025-08-21 06:55:00,211.98287957542868,273.65095563667336
2025-08-21 09:00:00,247.79378485011307,2025-08-21 07:00:00,216.09709081917188,278.9620347237978
2025-08-21 09:05:00,252.13741520824368,2025-08-21 07:05:00,219.88510303486825,283.85202001348176
2025-08-21 09:10:00,256.0343314434153,2025-08-21 07:10:00,223.2835428387397,288.2391021300459
2025-08-21 09:15:00,259.4217177430577,2025-08-21 07:15:00,226.23762954142362,292.0525640984942
2025-08-21 09:20:00,262.248119335303,2025-08-21 07:20:00,228.70249023976737,295.2344790105097
2025-08-21 09:25:00,264.4746328547069,2025-08-21 07:25:00,230.6441979161878,297.7410501179677
2025-08-21 09:30:00,266.07574221499635,2025-08-21 07:30:00,232.04050039024375,299.5435518442795
2025-08-21 09:35:00,267.03977439135224,2025-08-21 07:35:00,232.88121779924813,300.6288428963457
2025-08-21 09:40:00,267.36896168395026,2025-08-21 07:40:00,233.16829689733004,300.99943635979315
2025-08-21 09:45:00,267.07910978826095,2025-08-21 07:45:00,232.91552158472578,300.67312601815587
2025-08-21 09:50:00,266.19888392446705,2025-08-21 07:50:00,232.14789035238994,299.6821826894966
2025-08-21 09:55:00,264.76873790889766,2025-08-21 07:55:00,230.90068234191415,298.0721485932149
2025-08-21 10:00:00,262.83952290212744,2025-08-21 08:00:00,229.2182440564668,295.90027110228493
2025-08-21 10:05:00,260.4708232054144,2025-08-21 08:05:00,227.1525380348506,293.23362921114784
2025-08-21 10:10:00,257.72907552448305,2025-08-21 08:10:00,224.761502690813,290.14701623481955
2025-08-21 10:15:00,254.68553524713644,2025-08-21 08:15:00,222.1072787355051,286.7206502787646
2025-08-21 10:20:00,251.41415807600995,2025-08-21 08:20:00,219.25436178248185,283.0377894170265
2025-08-21 10:25:00,247.98946784076153,2025-08-21 08:25:00,216.26774290000398,279.1823313114025
2025-08-21 10:30:00,244.4844811754807,2025-08-21 08:30:00,213.21109875460974,275.23647684851534
2025-08-21 10:35:00,240.96875705295707,2025-08-21 08:35:00,210.14509064040422,271.27853433861753
2025-08-21 10:40:00,237.5066340647406,2025-08-21 08:40:00,207.12582723852228,267.3809350754193
2025-08-21 10:45:00,234.1557107658296,2025-08-21 08:45:00,204.20353934945814,263.6085225339464
2025-08-21 10:50:00,230.96561517731925,2025-08-21 08:50:00,201.42150679553774,260.0171670975195
2025-08-21 10:55:00,227.97709804641732,2025-08-21 08:55:00,198.81526766713583,256.6527452652786
2025-08-21 11:00:00,225.22147239816204,2025-08-21 09:00:00,196.41212956447978,253.55050870902534
2025-08-21 11:05:00,222.72040855033643,2025-08-21 09:05:00,194.23099083335688,250.7348535044947
2025-08-21 11:10:00,220.48608035748072,2025-08-21 09:10:00,192.28246810223416,248.21948477038057
2025-08-21 11:15:00,218.52164531667938,2025-08-21 09:15:00,190.56931497501918,246.00795716327718
2025-08-21 11:20:00,216.8220287024903,2025-08-21 09:20:00,189.08710586288845,244.09455764346535
2025-08-21 11:25:00,215.3749707589749,2025-08-21 09:25:00,187.82514922410675,242.4654843859159
2025-08-21 11:30:00,214.16228656507127,2025-08-21 09:30:00,186.76758627294765,241.10026511533016
2025-08-21 11:35:00,213.16128076958861,2025-08-21 09:35:00,185.89462474799342,239.9733497907708
2025-08-21 11:40:00,212.34625442411703,2025-08-21 09:40:00,185.18385299758845,239.055806972561
2025-08-21 11:45:00,211.69003871459967,2025-08-21 09:45:00,184.61157752319625,238.3170504712411
2025-08-21 11:50:00,211.16549063121187,2025-08-21 09:50:00,184.15412732974832,237.72652314731792
2025-08-21 11:55:00,210.746888481075,2025-08-21 09:55:00,183.789070930493,237.255267955778
2025-08-21 12:00:00,210.41117059935027,2025-08-21 10:00:00,183.4962966075996,236.87732246600012
2025-08-21 12:05:00,210.13896829296704,2025-08-21 10:05:00,183.25891322625583,236.57088173226214
2025-08-21 12:10:00,209.9153937494214,2025-08-21 10:10:00,183.0639373576292,236.31918530808565
2025-08-21 12:15:00,209.7305548857307,2025-08-21 10:15:00,182.9027422706013,236.11109685444512
2025-08-21 12:20:00,209.57978149186525,2025-08-21 10:20:00,182.77125514792402,235.94135872820294
2025-08-21 12:25:00,209.46355984302642,2025-08-21 10:25:00,182.66990006260792,235.81051836972242
2025-08-21 12:30:00,209.38718601583128,2025-08-21 10:30:00,182.60329564038008,235.72453801211623
2025-08-21 12:35:00,209.36016044875439,2025-08-21 10:35:00,182.57972706529821,235.69411308767394
2025-08-21 12:40:00,209.39535767431283,2025-08-21 10:40:00,182.61042201615297,235.7337375264562
2025-08-21 12:45:00,209.5080150069959,2025-08-21 10:45:00,182.70866871700136,235.86056523834102
2025-08-21 12:50:00,209.71459174095972,2025-08-21 10:50:00,182.8888210612884,236.09312581716267
2025-08-21 12:55:00,210.03155604626892,2025-08-21 10:55:00,183.16524068300035,236.44995884910233
2025-08-21 13:00:00,210.474159695439,2025-08-21 11:00:00,183.55122841481315,236.94823452063844
2025-08-21 13:05:00,211.05526114783322,2025-08-21 11:05:00,184.0579979183709,237.60242866694804
2025-08-21 13:10:00,211.7842550951982,2025-08-21 11:10:00,184.69374215766103,238.42311767245025
2025-08-21 13:15:00,212.66616172858517,2025-08-21 11:15:00,185.46283916291614,239.41595318297306
2025-08-21 13:20:00,213.70092150720313,2025-08-21 11:20:00,186.36523700954208,240.58086816850516
2025-08-21 13:25:00,214.8829319801714,2025-08-21 11:25:00,187.3960498876001,241.911555484991
2025-08-21 13:30:00,216.20085199224567,2025-08-21 11:30:00,188.54538735267772,243.39524745246243
2025-08-21 13:35:00,217.63768649333554,2025-08-21 11:35:00,189.7984282869447,245.01281133215306
2025-08-21 13:40:00,219.1711522000541,2025-08-21 11:40:00,191.1357397868812,246.7391609820611
2025-08-21 13:45:00,220.77431144243815,2025-08-21 11:45:00,192.53382993110583,248.54397043082201
2025-08-21 13:50:00,222.41644900744097,2025-08-21 11:50:00,193.96591246189504,250.39266101322167
2025-08-21 13:55:00,224.06415542329304,2025-08-21 11:55:00,195.4028515005602,252.2476209133321
2025-08-21 14:00:00,225.6825702025056,2025-08-21 12:00:00,196.81424576025935,254.0696047863711
2025-08-21 14:05:00,227.23673072338704,2025-08-21 12:05:00,198.16960488450712,255.81925230660545
2025-08-21 14:10:00,228.69296692773176,2025-08-21 12:10:00,199.43956574125258,257.45865829432296
2025-08-21 14:15:00,230.02027913061843,2025-08-21 12:15:00,200.59709398929195,258.9529238307042
2025-08-21 14:20:00,231.19163616815538,2025-08-21 12:20:00,201.61861617264861,260.27161769050787
2025-08-21 14:25:00,232.18513376965782,2025-08-21 12:25:00,202.4850299188625,261.3900804177953
2025-08-21 14:30:00,232.9849585072589,2025-08-21 12:30:00,203.18254458439517,262.29050952403213
2025-08-21 14:35:00,233.58211053166897,2025-08-21 12:35:00,203.703311541201,262.9627731317317
2025-08-21 14:40:00,233.97484841501154,2025-08-21 12:40:00,204.04581211721884,263.40491077096516
2025-08-21 14:45:00,234.1688312254451,2025-08-21 12:45:00,204.21498149743144,263.62329332455795
2025-08-21 14:50:00,234.17694598325758,2025-08-21 12:50:00,204.22205825101926,263.632428781091
2025-08-21 14:55:00,234.0188224715176,2025-08-21 12:55:00,204.08416120530526,263.45441601697206
2025-08-21 15:00:00,233.72005108908863,2025-08-21 13:00:00,203.82360734758046,263.1180642686421
2025-08-21 15:05:00,233.31113283453965,2025-08-21 13:05:00,203.46699612246707,262.6577110422943
2025-08-21 15:10:00,232.82620267102362,2025-08-21 13:10:00,203.04409609836165,262.1117848997351
2025-08-21 15:15:00,232.30157802945303,2025-08-21 13:15:00,202.58657913971788,261.52117138790993
2025-08-21 15:20:00,231.7741927345599,2025-08-21 13:20:00,202.1266546584152,260.9274499794582
2025-08-21 15:25:00,231.27998243352008,2025-08-21 13:25:00,201.6956615712715,260.37107641567843
2025-08-21 15:30:00,230.85229076572733,2025-08-21 13:30:00,201.32267834558843,259.889588399528
2025-08-21 15:35:00,230.5203656420236,2025-08-21 13:35:00,201.03321162774657,259.5159127323181
2025-08-21 15:40:00,230.30801218376934,2025-08-21 13:40:00,200.8480214924012,259.2768488153959
2025-08-21 15:45:00,230.23246298102694,2025-08-21 13:45:00,200.78213621228323,259.1917968059941
2025-08-21 15:50:00,230.3035180088644,2025-08-21 13:50:00,200.84410219263677,259.2717893496121
2025-08-21 15:55:00,230.5229956013422,2025-08-21 13:55:00,201.03550517420524,259.51887349585456
2025-08-21 16:00:00,230.8845232057156,2025-08-21 14:00:00,201.35078775323834,259.9258751330661
2025-08-21 16:05:00,231.37368247600304,2025-08-21 14:05:00,201.77737591532758,260.476562332206
2025-08-21 16:10:00,231.96850834530596,2025-08-21 14:10:00,202.2961142685841,261.14620719399085
2025-08-21 16:15:00,232.6403265945636,2025-08-21 14:15:00,202.88199647427226,261.90252876957373
2025-08-21 16:20:00,233.35489982798455,2025-08-21 14:20:00,203.50516463409082,262.7069831802235
2025-08-21 16:25:00,234.07383819061548,2025-08-21 14:25:00,204.13213955493805,263.51635177920525
2025-08-21 16:30:00,234.75621934537406,2025-08-21 14:30:00,204.72723350558883,264.2845648944122
2025-08-21 16:35:00,235.36035255139114,2025-08-21 14:35:00,205.2540886418729,264.9646877978042
2025-08-21 16:40:00,235.84561469736386,2025-08-21 14:40:00,205.67727818269532,265.5109876805751
2025-08-21 16:45:00,236.17428201778833,2025-08-21 14:45:00,205.96390382116329,265.88099576818024
2025-08-21 16:50:00,236.31328039034616,2025-08-21 14:50:00,206.08512213160847,266.0374777754085
2025-08-21 16:55:00,236.23577932790968,2025-08-21 14:55:00,206.01753466512682,265.9502283955114
2025-08-21 17:00:00,235.92256029304883,2025-08-21 15:00:00,205.7443812352958,265.5976117254368
2025-08-21 17:05:00,235.36309831662336,2025-08-21 15:05:00,205.25648318086067,264.9677789336715
2025-08-21 17:10:00,234.55630695943938,2025-08-21 15:10:00,204.55289303516363,264.0595069254218
2025-08-21 17:15:00,233.51090981339675,2025-08-21 15:15:00,203.64121850649406,262.88261657229646
2025-08-21 17:20:00,232.24541664371088,2025-08-21 15:20:00,202.53760167209256,261.45794585362535
2025-08-21 17:25:00,230.7876981444703,2025-08-21 15:25:00,201.26634812911237,259.8168711234878
2025-08-21 17:30:00,229.174169535679,2025-08-21 15:30:00,199.85921502234692,258.00038801812764
2025-08-21 17:35:00,227.4486093912518,2025-08-21 15:35:00,198.354380962567,256.0577817125705
2025-08-21 17:40:00,225.66065499362668,2025-08-21 15:40:00,196.79513384877097,254.0449330163993
2025-08-21 17:45:00,223.8640292214607,2025-08-21 15:45:00,195.22832456462908,252.02232223403527
2025-08-21 17:50:00,222.11456525989036,2025-08-21 15:50:00,193.70264435914282,250.05280541709482
2025-08-21 17:55:00,220.46810431164937,2025-08-21 15:55:00,192.2667914733351,248.19924764326927
2025-08-21 18:00:00,218.97834732269393,2025-08-21 16:00:00,190.9675976637102,246.52210452551762
2025-08-21 18:05:00,217.69474433974264,2025-08-21 16:05:00,189.84818754391895,245.0770460866297
2025-08-21 18:10:00,216.66050444104306,2025-08-21 16:10:00,188.94624307645265,243.91271637308066
2025-08-21 18:15:00,215.91080515499587,2025-08-21 16:15:00,188.29244203458228,243.068717648927
2025-08-21 18:20:00,215.47127310324927,2025-08-21 16:20:00,187.90913299492388,242.57389992960557
2025-08-21 18:25:00,215.35679751625077,2025-08-21 16:25:00,187.80930062287644,242.44502525789164
2025-08-21 18:30:00,215.57072579751045,2025-08-21 16:30:00,187.99586413677622,242.68586208380827
2025-08-21 18:35:00,216.10447573416695,2025-08-21 16:35:00,188.4613391227859,243.28674869786707
2025-08-21 18:40:00,216.93758311748667,2025-08-21 16:40:00,189.18787906398845,244.2246468414176
2025-08-21 18:45:00,218.03818681312524,2025-08-21 16:45:00,190.14769836258864,245.46368779050997
2025-08-21 18:50:00,219.36393664667685,2025-08-21 16:50:00,191.3038640927251,246.95619443802738
2025-08-21 18:55:00,220.86329321111302,2025-08-21 16:55:00,192.61142954224303,248.64414459482649
2025-08-21 19:00:00,222.47717383818943,2025-08-21 17:00:00,194.01886963865863,250.46102399639372
2025-08-21 19:05:00,224.14088573235054,2025-08-21 17:05:00,195.46976680505423,252.3340025921648
2025-08-21 19:10:00,225.78627648341944,2025-08-21 17:10:00,196.9046863886178,254.18635555618908
2025-08-21 19:15:00,227.34402407210183,2025-08-21 17:15:00,198.26317373868778,255.9400413364349
2025-08-21 19:20:00,228.74598335493855,2025-08-21 17:20:00,199.48580053964326,257.51834328769894
2025-08-21 19:25:00,229.92750422755415,2025-08-21 17:25:00,200.51618644487817,258.8484794204226
2025-08-21 19:30:00,230.8296380171475,2025-08-21 17:30:00,201.30292323724248,259.8640863198865
2025-08-21 19:35:00,231.4011532762304,2025-08-21 17:35:00,201.80133277128826,260.50748849256775
2025-08-21 19:40:00,231.60028965339055,2025-08-21 17:40:00,201.97499649657743,260.7316728440587
2025-08-21 19:45:00,231.39618877304176,2025-08-21 17:45:00,201.79700330557114,260.5018995391897
2025-08-21 19:50:00,230.76995340985653,2025-08-21 17:50:00,201.25087322311455,259.7968944026169
2025-08-21 19:55:00,229.7153003825546,2025-08-21 17:55:00,200.33112678491622,258.6095839355617
2025-08-21 20:00:00,228.23878780628735,2025-08-21 18:00:00,199.04348322080392,256.94735115268566
2025-08-21 20:05:00,226.3596131326711,2025-08-21 18:05:00,197.4046843285913,254.83180821898975
2025-08-21 20:10:00,224.1089940027088,2025-08-21 18:10:00,195.4419545255778,252.29809942454864
2025-08-21 20:15:00,221.52915895481564,2025-08-21 18:15:00,193.1921206607766,249.39376494074645
2025-08-21 20:20:00,218.67198858451565,2025-08-21 18:20:00,190.7004269915022,246.1772110609405
2025-08-21 20:25:00,215.59735974227664,2025-08-21 18:25:00,188.01909118415554,242.71584612650406
2025-08-21 20:30:00,212.37125485330654,2025-08-21 18:30:00,185.20565548153837,239.0839520311624
2025-08-21 20:35:00,209.06370577005316,2025-08-21 18:35:00,182.32119356872235,235.36036944505634
2025-08-21 20:40:00,205.74664562052632,2025-08-21 18:40:00,179.4284372035111,231.6260794620652
2025-08-21 20:45:00,202.49174386422166,2025-08-21 18:45:00,176.5898882025137,227.961766342533
2025-08-21 20:50:00,199.3682981865163,2025-08-21 18:50:00,173.8659799951625,224.44544424378066
2025-08-21 20:55:00,196.44125280658517,2025-08-21 18:55:00,171.31334942098798,221.15022626481323
2025-08-21 21:00:00,193.76940620586382,2025-08-21 19:00:00,168.98327371759524,218.14230673746133
2025-08-21 21:05:00,191.40386237278545,2025-08-21 19:05:00,166.92031987538053,215.47921766400842
2025-08-21 21:10:00,189.38676931372316,2025-08-21 19:10:00,165.16124451262044,213.20840855423342
2025-08-21 21:15:00,187.75037650556226,2025-08-21 19:15:00,163.73417189457683,211.3661853215237
2025-08-21 21:20:00,186.51643066001162,2025-08-21 19:20:00,162.65806698898695,209.97703004459856
2025-08-21 21:25:00,185.69591602395926,2025-08-21 19:25:00,161.94250898605833,209.05330860206004
2025-08-21 21:30:00,185.28913304983428,2025-08-21 19:30:00,161.58775990566332,208.59535923815028
2025-08-21 21:35:00,185.2860973706504,2025-08-21 19:35:00,161.58511253724487,208.59194172207975
2025-08-21 21:40:00,185.66723038284573,2025-08-21 19:40:00,161.91749268632884,209.0210147944602
2025-08-21 21:45:00,186.40430368821885,2025-08-21 19:45:00,162.56028280759014,209.85079940399694
2025-08-21 21:50:00,187.46159255332608,2025-08-21 19:50:00,163.48232791878362,211.04107725248912
2025-08-21 21:55:00,188.79718838539125,2025-08-21 19:55:00,164.64708019049243,212.54466835791936
2025-08-21 22:00:00,190.3644175037355,2025-08-21 20:00:00,166.0138362345399,214.30902828323448
2025-08-21 22:05:00,192.1133127173113,2025-08-21 20:05:00,167.5390204437803,216.27790481334165
2025-08-21 22:10:00,193.9920859327754,2025-08-21 20:10:00,169.17746923060665,218.3929957922678
2025-08-21 22:15:00,195.94855336368462,2025-08-21 20:15:00,170.88367392963764,220.5955535994679
2025-08-21 22:20:00,197.93147032175779,2025-08-21 20:20:00,172.61294484833647,222.82788783515912
2025-08-21 22:25:00,199.89173915160862,2025-08-21 20:25:00,174.322464688031,225.03472519272884
2025-08-21 22:30:00,201.78346168643984,2025-08-21 20:30:00,175.97220637409214,227.16439429548132
2025-08-21 22:35:00,203.56481600325586,2025-08-21 20:35:00,177.52569766046545,229.1698127327662
2025-08-21 22:40:00,205.19874590085706,2025-08-21 20:40:00,178.9506224126648,231.0092632625952
2025-08-21 22:45:00,206.6534601882692,2025-08-21 20:45:00,180.21925602941593,232.64695590207663
2025-08-21 22:50:00,207.902746692646,2025-08-21 20:50:00,181.3087392840455,234.05338143217912
2025-08-21 22:55:00,208.92611331846274,2025-08-21 20:55:00,182.2012013400014,235.20547019977656
2025-08-21 23:00:00,209.70877426214105,2025-08-21 21:00:00,182.88374772884234,236.08657659830635
2025-08-21 23:05:00,210.24150434709696,2025-08-21 21:05:00,183.34833331810745,236.68631508064067
2025-08-21 23:10:00,210.52038745218593,2025-08-21 21:10:00,183.59154291969128,237.00027694410213
2025-08-21 23:15:00,210.54648666319272,2025-08-21 21:15:00,183.61430363410813,237.02965899261292
2025-08-21 23:20:00,210.32546374586508,2025-08-21 21:20:00,183.42155299886616,236.78083514589858
2025-08-21 23:25:00,209.86717404891215,2025-08-21 21:25:00,183.02188570969733,236.26490038816334
2025-08-21 23:30:00,209.18526014856687,2025-08-21 21:30:00,182.4271992443249,235.49721330003953
2025-08-21 23:35:00,208.29676363401896,2025-08-21 21:35:00,181.65235530660098,234.4969590132211
2025-08-21 23:40:00,207.22176962010062,2025-08-21 21:40:00,180.7148698115701,233.2867490088824
2025-08-21 23:45:00,205.98309329795504,2025-08-21 21:45:00,179.63463953120143,231.89226824174395
2025-08-21 23:50:00,204.6060122374096,2025-08-21 21:50:00,178.433708639468,230.3419737706307
2025-08-21 23:55:00,203.1180427002228,2025-08-21 21:55:00,177.13607363862198,228.666842935724
2025-08-22 00:00:00,201.54875312580566,2025-08-21 22:00:00,175.76752070300446,226.90016338395458
